'*',    39,     1,    18,    14,     5,     5,    75,     1
'SPENVIS 4.6.13.3554          - 18-Sep-2025 21:07:33'
'PRJ_DEF', -1,'RADFX2'
'PRJ_HDR', -1,'IU ME RADFX Unit 2 HW2 P1'
'MOD_ABB', -1,'FLA'
'MIS_PLA',  1,    3,' '
'MIS_NTR',  1,    1,' '
'MIS_STA',  1,  27759.00000000,' '
'MIS_END',  1,  28489.00000000,' '
'MIS_DUR',  1, 7.300000E+02,'days'
'FLA_IEL',  1,  1,' '
'FLA_JEL',  1, 92,' '
'FLA_MOD', -1,'CREME96 (worst day)'
'FLA_OMN',  1, 0, ' '
'FLA_ABS', -1,'Energy'
'FLA_IGC',  1,  1,' '
'FLA_IGV',  1,  1,' '
'FLA_IST',  1,  0,' '
'PLT_HDR', -1,'CREME-96 (worst day): solar protons'
'SPECIES', -1,'proton'
'PS Annotation',  8,  1
'Mission start: 01/01/2026 00:00:00'
 0.05, 0.00, 0.00
'Mission end: 01/01/2028 00:00:00'
 0.95, 0.00, 1.00
'Nr. of segments:   1'
 0.05, 1.50, 0.00
'Duration: 730.00 days'
 0.95, 0.00, 1.00
'PS Annotation',  4,  0
'Solar particle model: CREME-96 (worst day)'
 0.05, 2.00, 0.00
'Magnetic shielding:    quiet magnetosphere'
 0.10, 1.50, 0.00
'Energy','MeV', 1,'Energy'
'IFlux','m!u-2!n sr!u-1!n s!u-1!n', 1,'Integral Flux'
'DFlux','m!u-2!n sr!u-1!n s!u-1!n MeV!u-1!n', 1,'Differential Flux'
'Attenuation',' ', 1,'Orbit Averaged Proton Attenuation Factor'
'Exposure','hrs', 1,'Proton Exposure Time'
  1.0000E-01,  1.3801E+09,  3.4616E+09, 0.9030, 6.5263E+02
  1.1000E-01,  1.3472E+09,  3.1250E+09, 0.9030, 6.5263E+02
  1.2000E-01,  1.3173E+09,  2.8465E+09, 0.9030, 6.5263E+02
  1.4000E-01,  1.2647E+09,  2.4125E+09, 0.9030, 6.5263E+02
  1.6000E-01,  1.2197E+09,  2.0905E+09, 0.9030, 6.5263E+02
  1.8000E-01,  1.1804E+09,  1.8423E+09, 0.9030, 6.5263E+02
  2.0000E-01,  1.1455E+09,  1.6453E+09, 0.9030, 6.5263E+02
  2.2000E-01,  1.1142E+09,  1.4854E+09, 0.9030, 6.5263E+02
  2.5000E-01,  1.0725E+09,  1.2950E+09, 0.9030, 6.5263E+02
  2.8000E-01,  1.0359E+09,  1.1467E+09, 0.9030, 6.5263E+02
  3.2000E-01,  9.9307E+08,  9.9361E+08, 0.9030, 6.5263E+02
  3.5000E-01,  9.6462E+08,  9.0251E+08, 0.9030, 6.5263E+02
  4.0000E-01,  9.2251E+08,  7.8203E+08, 0.9030, 6.5263E+02
  4.5000E-01,  8.8573E+08,  6.8918E+08, 0.9030, 6.5263E+02
  5.0000E-01,  8.5311E+08,  6.1551E+08, 0.9030, 6.5263E+02
  5.5000E-01,  8.2383E+08,  5.5567E+08, 0.9030, 6.5263E+02
  6.3000E-01,  7.8239E+08,  4.8032E+08, 0.9030, 6.5263E+02
  7.1000E-01,  7.4628E+08,  4.2249E+08, 0.9030, 6.5263E+02
  8.0000E-01,  7.1054E+08,  3.7171E+08, 0.9030, 6.5263E+02
  9.0000E-01,  6.7558E+08,  3.2758E+08, 0.9030, 6.5263E+02
  1.0000E+00,  6.4457E+08,  2.9256E+08, 0.9030, 6.5263E+02
  1.1000E+00,  6.1674E+08,  2.6412E+08, 0.9030, 6.5263E+02
  1.2000E+00,  5.9150E+08,  2.4057E+08, 0.9030, 6.5263E+02
  1.4000E+00,  5.4706E+08,  2.0389E+08, 0.9030, 6.5263E+02
  1.6000E+00,  5.0900E+08,  1.7668E+08, 0.9030, 6.5263E+02
  1.8000E+00,  4.7576E+08,  1.5570E+08, 0.9030, 6.5263E+02
  2.0000E+00,  4.4629E+08,  1.3905E+08, 0.9030, 6.5263E+02
  2.2000E+00,  4.2002E+08,  1.2363E+08, 0.9030, 6.5263E+02
  2.5000E+00,  3.8563E+08,  1.0560E+08, 0.9030, 6.5263E+02
  2.8000E+00,  3.5602E+08,  9.1826E+07, 0.9030, 6.5263E+02
  3.2000E+00,  3.2220E+08,  7.7260E+07, 0.9030, 6.5263E+02
  3.5000E+00,  3.0035E+08,  6.8410E+07, 0.9030, 6.5263E+02
  4.0000E+00,  2.6898E+08,  5.7067E+07, 0.9030, 6.5263E+02
  4.5000E+00,  2.4269E+08,  4.8091E+07, 0.9030, 6.5263E+02
  5.0000E+00,  2.2035E+08,  4.1265E+07, 0.9030, 6.5263E+02
  5.5000E+00,  2.0114E+08,  3.5571E+07, 0.9030, 6.5263E+02
  6.3000E+00,  1.7544E+08,  2.8702E+07, 0.9030, 6.5263E+02
  7.1000E+00,  1.5450E+08,  2.3628E+07, 0.9030, 6.5263E+02
  8.0000E+00,  1.3518E+08,  1.9323E+07, 0.9030, 6.5263E+02
  9.0000E+00,  1.1766E+08,  1.5711E+07, 0.9030, 6.5263E+02
  1.0000E+01,  1.0330E+08,  1.3003E+07, 0.9030, 6.5263E+02
  1.1000E+01,  9.1455E+07,  1.0692E+07, 0.9030, 6.5263E+02
  1.2000E+01,  8.1638E+07,  8.9426E+06, 0.9030, 6.5263E+02
  1.4000E+01,  6.6179E+07,  6.5166E+06, 0.9030, 6.5263E+02
  1.6000E+01,  5.4708E+07,  4.9540E+06, 0.9030, 6.5263E+02
  1.8000E+01,  4.5864E+07,  3.8899E+06, 0.9030, 6.5263E+02
  2.0000E+01,  3.8841E+07,  3.1332E+06, 0.9030, 6.5263E+02
  2.2000E+01,  3.3216E+07,  2.4920E+06, 0.9030, 6.5263E+02
  2.5000E+01,  2.6728E+07,  1.8330E+06, 0.9030, 6.5263E+02
  2.8000E+01,  2.1885E+07,  1.3961E+06, 0.9030, 6.5263E+02
  3.2000E+01,  1.7095E+07,  9.9867E+05, 0.9030, 6.5263E+02
  3.5000E+01,  1.4413E+07,  7.8949E+05, 0.9030, 6.5263E+02
  4.0000E+01,  1.1049E+07,  5.5622E+05, 0.9030, 6.5263E+02
  4.5000E+01,  8.6594E+06,  3.9946E+05, 0.9030, 6.5263E+02
  5.0000E+01,  6.9180E+06,  2.9707E+05, 0.9030, 6.5263E+02
  5.5000E+01,  5.6149E+06,  2.2418E+05, 0.9030, 6.5263E+02
  6.3000E+01,  4.1222E+06,  1.4901E+05, 0.9030, 6.5263E+02
  7.1000E+01,  3.1151E+06,  1.0276E+05, 0.9030, 6.5263E+02
  8.0000E+01,  2.3349E+06,  7.0611E+04, 0.9030, 6.5263E+02
  9.0000E+01,  1.7412E+06,  4.8127E+04, 0.9030, 6.5263E+02
  1.0000E+02,  1.3313E+06,  3.3861E+04, 0.9030, 6.5308E+02
  1.1000E+02,  1.0411E+06,  2.4167E+04, 0.9032, 6.5564E+02
  1.2000E+02,  8.3143E+05,  1.7770E+04, 0.9038, 6.5831E+02
  1.4000E+02,  5.5059E+05,  1.0315E+04, 0.9057, 6.6281E+02
  1.6000E+02,  3.8299E+05,  6.4451E+03, 0.9081, 6.6641E+02
  1.8000E+02,  2.7595E+05,  4.2589E+03, 0.9107, 6.6936E+02
  2.0000E+02,  2.0395E+05,  2.9409E+03, 0.9133, 6.7181E+02
  2.2000E+02,  1.5392E+05,  2.0617E+03, 0.9159, 6.7396E+02
  2.5000E+02,  1.0379E+05,  1.2808E+03, 0.9198, 6.7669E+02
  2.8000E+02,  7.1972E+04,  8.4003E+02, 0.9234, 6.7889E+02
  3.2000E+02,  4.5010E+04,  5.0809E+02, 0.9279, 6.8138E+02
  3.5000E+02,  3.1973E+04,  3.6103E+02, 0.9308, 6.8296E+02
  4.0000E+02,  1.7525E+04,  2.1692E+02, 0.9350, 6.8513E+02
  4.5000E+02,  8.7441E+03,  1.3430E+02, 0.9384, 6.8704E+02
  5.0000E+02,  3.2006E+03,  8.7441E+01, 0.9412, 6.8849E+02
'End of Block'
'*',    37,     1,    18,    14,     3,   185,    75,     0
'SPENVIS 4.6.13.3554          - 18-Sep-2025 21:07:33'
'PRJ_DEF', -1,'RADFX2'
'PRJ_HDR', -1,'IU ME RADFX Unit 2 HW2 P1'
'MOD_ABB', -1,'FLA'
'MIS_PLA',  1,    3,' '
'MIS_NTR',  1,    1,' '
'MIS_STA',  1,  27759.00000000,' '
'MIS_END',  1,  28489.00000000,' '
'MIS_DUR',  1, 7.300000E+02,'days'
'FLA_IEL',  1,  1,' '
'FLA_JEL',  1, 92,' '
'FLA_MOD', -1,'CREME96 (worst day)'
'FLA_OMN',  1, 0, ' '
'FLA_ABS', -1,'Energy'
'FLA_IGC',  1,  1,' '
'FLA_IGV',  1,  1,' '
'FLA_IST',  1,  0,' '
'PLT_HDR', -1,'CREME-96 (worst day): solar ions'
'SPECIES',-92,'H ','He','Li','Be','B ','C ','N ','O ','F ','Ne','Na','Mg','Al','Si','P ','S ','Cl','Ar','K ','Ca','Sc','Ti','V ','Cr','Mn','Fe','Co','Ni','Cu','Zn','Ga','Ge','As','Se','Br','Kr','Rb','Sr','Y ','Zr','Nb','Mo','Tc','Ru','Rh','Pd','Ag','Cd','In','Sn','Sb','Te','I ','Xe','Cs','Ba','La','Ce','Pr','Nd','Pm','Sm','Eu','Gd','Tb','Dy','Ho','Er','Tm','Yb','Lu','Hf','Ta','W ','Re','Os','Ir','Pt','Au','Hg','Tl','Pb','Bi','Po','At','Rn','Fr','Ra','Ac','Th','Pa','U '
'PS Annotation',  8,  1
'Mission start: 01/01/2026 00:00:00'
 0.05, 0.00, 0.00
'Mission end: 01/01/2028 00:00:00'
 0.95, 0.00, 1.00
'Nr. of segments:   1'
 0.05, 1.50, 0.00
'Duration: 730.00 days'
 0.95, 0.00, 1.00
'PS Annotation',  4,  0
'Solar particle model: CREME-96 (worst day)'
 0.05, 2.00, 0.00
'Magnetic shielding:    quiet magnetosphere'
 0.10, 1.50, 0.00
'Energy','MeV/nuc', 1,'Energy'
'IFlux','m!u-2!n sr!u-1!n s!u-1!n', 92,'Integral Flux of ','SPECIES'
'DFlux','m!u-2!n sr!u-1!n s!u-1!n (MeV/nuc)!u-1!n', 92,'Differential Flux of ','SPECIES'
  1.0000E-01,  1.3801E+09,  5.4897E+07,  0.0000E+00,  0.0000E+00,  0.0000E+00,  5.2665E+05,  1.3516E+05,  1.1346E+06,  1.9774E+01,  9.2399E+04,  7.5644E+03,  8.9415E+04,  7.9202E+03,  1.5580E+05,  9.8837E+01,  4.2307E+04,  7.2859E+01,  7.6807E+02,  1.5802E+02,  5.4753E+04,  1.2699E+02,  1.8977E+03,  1.7724E+02,  7.1537E+03,  2.4388E+03,  4.3356E+05,  5.6495E+03,  1.3753E+04,  1.3215E+02,  3.2331E+02,  2.1150E+01,  5.2895E+01,  3.1724E+00,  3.1724E+01,  4.2299E+00,  2.1150E+01,  3.1724E+00,  1.0575E+01,  2.1150E+00,  5.2895E+00,  4.2299E-01,  2.1150E+00,  0.0000E+00,  9.5168E-01,  2.1150E-01,  6.3429E-01,  2.1150E-01,  7.4012E-01,  9.5168E-02,  2.1150E+00,  1.4806E-01,  3.1724E+00,  6.3429E-01,  2.8551E+00,  2.1150E-01,  2.1150E+00,  2.1150E-01,  5.2895E-01,  8.4590E-02,  4.2299E-01,  0.0000E+00,  1.0575E-01,  4.2299E-02,  2.1150E-01,  3.1724E-02,  2.1150E-01,  4.2299E-02,  1.0575E-01,  2.1150E-02,  9.5169E-02,  2.1150E-02,  8.4591E-02,  9.5169E-03,  1.0575E-01,  2.1150E-02,  3.1725E-01,  3.1725E-01,  6.3430E-01,  1.0575E-01,  1.0575E-01,  9.5169E-02,  1.0575E+00,  6.3430E-02,  0.0000E+00,  0.0000E+00,  0.0000E+00,  0.0000E+00,  0.0000E+00,  0.0000E+00,  2.1150E-02,  0.0000E+00,  1.2691E-02,  3.4616E+09,  2.2618E+08,  0.0000E+00,  0.0000E+00,  0.0000E+00,  2.1671E+06,  5.5618E+05,  4.7578E+06,  8.1562E+01,  3.8113E+05,  3.1201E+04,  3.6882E+05,  3.2669E+04,  6.4263E+05,  4.0768E+02,  1.7451E+05,  3.0052E+02,  3.1681E+03,  6.5179E+02,  2.2960E+05,  5.2380E+02,  7.8276E+03,  7.3108E+02,  2.9507E+04,  1.0059E+04,  1.7883E+06,  2.3303E+04,  5.6727E+04,  5.4509E+02,  1.3336E+03,  8.7236E+01,  2.1818E+02,  1.3085E+01,  1.3085E+02,  1.7447E+01,  8.7236E+01,  1.3085E+01,  4.3617E+01,  8.7236E+00,  2.1818E+01,  1.7447E+00,  8.7236E+00,  0.0000E+00,  3.9254E+00,  8.7236E-01,  2.6163E+00,  8.7236E-01,  3.0528E+00,  3.9254E-01,  8.7236E+00,  6.1072E-01,  1.3085E+01,  2.6163E+00,  1.1776E+01,  8.7236E-01,  8.7236E+00,  8.7236E-01,  2.1818E+00,  3.4891E-01,  1.7447E+00,  0.0000E+00,  4.3617E-01,  1.7447E-01,  8.7236E-01,  1.3085E-01,  8.7236E-01,  1.7447E-01,  4.3617E-01,  8.7236E-02,  3.9254E-01,  8.7236E-02,  3.4891E-01,  3.9254E-02,  4.3617E-01,  8.7236E-02,  1.3085E+00,  1.3085E+00,  2.6163E+00,  4.3617E-01,  4.3617E-01,  3.9254E-01,  4.3617E+00,  2.6163E-01,  0.0000E+00,  0.0000E+00,  0.0000E+00,  0.0000E+00,  0.0000E+00,  0.0000E+00,  8.7236E-02,  0.0000E+00,  5.2345E-02
  1.1000E-01,  1.3472E+09,  5.2767E+07,  0.0000E+00,  0.0000E+00,  0.0000E+00,  5.0624E+05,  1.2992E+05,  1.0898E+06,  1.9006E+01,  8.8811E+04,  7.2706E+03,  8.5943E+04,  7.6126E+03,  1.4975E+05,  9.4998E+01,  4.0664E+04,  7.0029E+01,  7.3824E+02,  1.5188E+02,  5.2592E+04,  1.2206E+02,  1.8240E+03,  1.7036E+02,  6.8759E+03,  2.3441E+03,  4.1672E+05,  5.4301E+03,  1.3219E+04,  1.2702E+02,  3.1075E+02,  2.0328E+01,  5.0841E+01,  3.0492E+00,  3.0492E+01,  4.0656E+00,  2.0328E+01,  3.0492E+00,  1.0164E+01,  2.0328E+00,  5.0841E+00,  4.0656E-01,  2.0328E+00,  0.0000E+00,  9.1472E-01,  2.0328E-01,  6.0966E-01,  2.0328E-01,  7.1137E-01,  9.1472E-02,  2.0328E+00,  1.4231E-01,  3.0492E+00,  6.0966E-01,  2.7442E+00,  2.0328E-01,  2.0328E+00,  2.0328E-01,  5.0841E-01,  8.1305E-02,  4.0656E-01,  0.0000E+00,  1.0164E-01,  4.0656E-02,  2.0328E-01,  3.0492E-02,  2.0328E-01,  4.0657E-02,  1.0164E-01,  2.0328E-02,  9.1473E-02,  2.0328E-02,  8.1306E-02,  9.1473E-03,  1.0164E-01,  2.0329E-02,  3.0493E-01,  3.0493E-01,  6.0967E-01,  1.0164E-01,  1.0164E-01,  9.1473E-02,  1.0164E+00,  6.0967E-02,  0.0000E+00,  0.0000E+00,  0.0000E+00,  0.0000E+00,  0.0000E+00,  0.0000E+00,  2.0329E-02,  0.0000E+00,  1.2198E-02,  3.1250E+09,  1.9978E+08,  0.0000E+00,  0.0000E+00,  0.0000E+00,  1.9144E+06,  4.9132E+05,  4.1979E+06,  7.2022E+01,  3.3655E+05,  2.7552E+04,  3.2568E+05,  2.8848E+04,  5.6746E+05,  3.5999E+02,  1.5410E+05,  2.6537E+02,  2.7975E+03,  5.7555E+02,  2.0259E+05,  4.6253E+02,  6.9120E+03,  6.4557E+02,  2.6056E+04,  8.8828E+03,  1.5792E+06,  2.0577E+04,  5.0092E+04,  4.8133E+02,  1.1776E+03,  7.7032E+01,  1.9266E+02,  1.1555E+01,  1.1555E+02,  1.5406E+01,  7.7032E+01,  1.1555E+01,  3.8515E+01,  7.7032E+00,  1.9266E+01,  1.5406E+00,  7.7032E+00,  0.0000E+00,  3.4663E+00,  7.7032E-01,  2.3102E+00,  7.7032E-01,  2.6957E+00,  3.4663E-01,  7.7032E+00,  5.3928E-01,  1.1555E+01,  2.3102E+00,  1.0399E+01,  7.7032E-01,  7.7032E+00,  7.7032E-01,  1.9266E+00,  3.0810E-01,  1.5406E+00,  0.0000E+00,  3.8515E-01,  1.5406E-01,  7.7032E-01,  1.1555E-01,  7.7032E-01,  1.5406E-01,  3.8515E-01,  7.7032E-02,  3.4663E-01,  7.7032E-02,  3.0810E-01,  3.4663E-02,  3.8515E-01,  7.7032E-02,  1.1555E+00,  1.1555E+00,  2.3102E+00,  3.8515E-01,  3.8515E-01,  3.4663E-01,  3.8515E+00,  2.3102E-01,  0.0000E+00,  0.0000E+00,  0.0000E+00,  0.0000E+00,  0.0000E+00,  0.0000E+00,  7.7032E-02,  0.0000E+00,  4.6223E-02
  1.2000E-01,  1.3173E+09,  5.0876E+07,  0.0000E+00,  0.0000E+00,  0.0000E+00,  4.8812E+05,  1.2527E+05,  1.0501E+06,  1.8324E+01,  8.5626E+04,  7.0099E+03,  8.2861E+04,  7.3396E+03,  1.4438E+05,  9.1592E+01,  3.9206E+04,  6.7518E+01,  7.1177E+02,  1.4644E+02,  5.0675E+04,  1.1768E+02,  1.7586E+03,  1.6425E+02,  6.6293E+03,  2.2600E+03,  4.0178E+05,  5.2353E+03,  1.2745E+04,  1.2246E+02,  2.9961E+02,  1.9599E+01,  4.9018E+01,  2.9399E+00,  2.9399E+01,  3.9198E+00,  1.9599E+01,  2.9399E+00,  9.7994E+00,  1.9599E+00,  4.9018E+00,  3.9198E-01,  1.9599E+00,  0.0000E+00,  8.8192E-01,  1.9599E-01,  5.8779E-01,  1.9599E-01,  6.8586E-01,  8.8192E-02,  1.9599E+00,  1.3721E-01,  2.9399E+00,  5.8780E-01,  2.6458E+00,  1.9599E-01,  1.9599E+00,  1.9599E-01,  4.9018E-01,  7.8389E-02,  3.9198E-01,  0.0000E+00,  9.7995E-02,  3.9198E-02,  1.9599E-01,  2.9399E-02,  1.9599E-01,  3.9199E-02,  9.7995E-02,  1.9599E-02,  8.8193E-02,  1.9600E-02,  7.8390E-02,  8.8193E-03,  9.7996E-02,  1.9600E-02,  2.9399E-01,  2.9399E-01,  5.8780E-01,  9.7996E-02,  9.7996E-02,  8.8193E-02,  9.7996E-01,  5.8780E-02,  0.0000E+00,  0.0000E+00,  0.0000E+00,  0.0000E+00,  0.0000E+00,  0.0000E+00,  1.9600E-02,  0.0000E+00,  1.1761E-02,  2.8465E+09,  1.7839E+08,  0.0000E+00,  0.0000E+00,  0.0000E+00,  1.7095E+06,  4.3874E+05,  3.7446E+06,  6.4290E+01,  3.0042E+05,  2.4594E+04,  2.9072E+05,  2.5751E+04,  5.0655E+05,  3.2135E+02,  1.3755E+05,  2.3689E+02,  2.4972E+03,  5.1377E+02,  1.8071E+05,  4.1288E+02,  6.1700E+03,  5.7627E+02,  2.3259E+04,  7.9293E+03,  1.4096E+06,  1.8368E+04,  4.4714E+04,  4.2966E+02,  1.0512E+03,  6.8763E+01,  1.7198E+02,  1.0314E+01,  1.0314E+02,  1.3752E+01,  6.8763E+01,  1.0314E+01,  3.4381E+01,  6.8763E+00,  1.7198E+01,  1.3752E+00,  6.8763E+00,  0.0000E+00,  3.0942E+00,  6.8763E-01,  2.0622E+00,  6.8763E-01,  2.4063E+00,  3.0942E-01,  6.8763E+00,  4.8139E-01,  1.0314E+01,  2.0622E+00,  9.2825E+00,  6.8763E-01,  6.8763E+00,  6.8763E-01,  1.7198E+00,  2.7502E-01,  1.3752E+00,  0.0000E+00,  3.4381E-01,  1.3752E-01,  6.8763E-01,  1.0314E-01,  6.8763E-01,  1.3752E-01,  3.4381E-01,  6.8763E-02,  3.0942E-01,  6.8763E-02,  2.7502E-01,  3.0942E-02,  3.4381E-01,  6.8763E-02,  1.0314E+00,  1.0314E+00,  2.0622E+00,  3.4381E-01,  3.4381E-01,  3.0942E-01,  3.4381E+00,  2.0622E-01,  0.0000E+00,  0.0000E+00,  0.0000E+00,  0.0000E+00,  0.0000E+00,  0.0000E+00,  6.8763E-02,  0.0000E+00,  4.1261E-02
  1.4000E-01,  1.2647E+09,  4.7633E+07,  0.0000E+00,  0.0000E+00,  0.0000E+00,  4.5704E+05,  1.1729E+05,  9.8205E+05,  1.7156E+01,  8.0165E+04,  6.5628E+03,  7.7576E+04,  6.8716E+03,  1.3517E+05,  8.5750E+01,  3.6705E+04,  6.3212E+01,  6.6637E+02,  1.3710E+02,  4.7392E+04,  1.1018E+02,  1.6464E+03,  1.5377E+02,  6.2065E+03,  2.1159E+03,  3.7616E+05,  4.9015E+03,  1.1932E+04,  1.1465E+02,  2.8050E+02,  1.8349E+01,  4.5891E+01,  2.7524E+00,  2.7524E+01,  3.6698E+00,  1.8349E+01,  2.7524E+00,  9.1745E+00,  1.8349E+00,  4.5891E+00,  3.6698E-01,  1.8349E+00,  0.0000E+00,  8.2567E-01,  1.8349E-01,  5.5031E-01,  1.8349E-01,  6.4212E-01,  8.2567E-02,  1.8349E+00,  1.2846E-01,  2.7524E+00,  5.5031E-01,  2.4770E+00,  1.8349E-01,  1.8350E+00,  1.8350E-01,  4.5892E-01,  7.3390E-02,  3.6699E-01,  0.0000E+00,  9.1746E-02,  3.6699E-02,  1.8350E-01,  2.7524E-02,  1.8350E-01,  3.6699E-02,  9.1746E-02,  1.8350E-02,  8.2568E-02,  1.8350E-02,  7.3391E-02,  8.2568E-03,  9.1746E-02,  1.8350E-02,  2.7524E-01,  2.7524E-01,  5.5032E-01,  9.1746E-02,  9.1746E-02,  8.2569E-02,  9.1746E-01,  5.5032E-02,  0.0000E+00,  0.0000E+00,  0.0000E+00,  0.0000E+00,  0.0000E+00,  0.0000E+00,  1.8350E-02,  0.0000E+00,  1.1011E-02,  2.4125E+09,  1.4595E+08,  0.0000E+00,  0.0000E+00,  0.0000E+00,  1.3988E+06,  3.5901E+05,  3.0582E+06,  5.2574E+01,  2.4567E+05,  2.0112E+04,  2.3774E+05,  2.1058E+04,  4.1423E+05,  2.6279E+02,  1.1249E+05,  1.9372E+02,  2.0421E+03,  4.2014E+02,  1.4758E+05,  3.3764E+02,  5.0456E+03,  4.7125E+02,  1.9020E+04,  6.4842E+03,  1.1527E+06,  1.5021E+04,  3.6566E+04,  3.5136E+02,  8.5961E+02,  5.6232E+01,  1.4064E+02,  8.4347E+00,  8.4347E+01,  1.1246E+01,  5.6232E+01,  8.4347E+00,  2.8115E+01,  5.6232E+00,  1.4064E+01,  1.1246E+00,  5.6232E+00,  0.0000E+00,  2.5303E+00,  5.6232E-01,  1.6864E+00,  5.6232E-01,  1.9678E+00,  2.5303E-01,  5.6232E+00,  3.9366E-01,  8.4347E+00,  1.6864E+00,  7.5908E+00,  5.6232E-01,  5.6232E+00,  5.6232E-01,  1.4064E+00,  2.2490E-01,  1.1246E+00,  0.0000E+00,  2.8115E-01,  1.1246E-01,  5.6232E-01,  8.4347E-02,  5.6232E-01,  1.1246E-01,  2.8115E-01,  5.6232E-02,  2.5303E-01,  5.6232E-02,  2.2490E-01,  2.5303E-02,  2.8115E-01,  5.6232E-02,  8.4347E-01,  8.4347E-01,  1.6864E+00,  2.8115E-01,  2.8115E-01,  2.5303E-01,  2.8115E+00,  1.6864E-01,  0.0000E+00,  0.0000E+00,  0.0000E+00,  0.0000E+00,  0.0000E+00,  0.0000E+00,  5.6232E-02,  0.0000E+00,  3.3741E-02
  1.6000E-01,  1.2197E+09,  4.4946E+07,  0.0000E+00,  0.0000E+00,  0.0000E+00,  4.3129E+05,  1.1068E+05,  9.2580E+05,  1.6188E+01,  7.5645E+04,  6.1927E+03,  7.3202E+04,  6.4841E+03,  1.2755E+05,  8.0915E+01,  3.4636E+04,  5.9647E+01,  6.2880E+02,  1.2937E+02,  4.4678E+04,  1.0396E+02,  1.5536E+03,  1.4510E+02,  5.8565E+03,  1.9966E+03,  3.5495E+05,  4.6251E+03,  1.1259E+04,  1.0819E+02,  2.6468E+02,  1.7315E+01,  4.3304E+01,  2.5972E+00,  2.5972E+01,  3.4629E+00,  1.7315E+01,  2.5972E+00,  8.6571E+00,  1.7315E+00,  4.3304E+00,  3.4629E-01,  1.7315E+00,  0.0000E+00,  7.7911E-01,  1.7315E-01,  5.1928E-01,  1.7315E-01,  6.0591E-01,  7.7911E-02,  1.7315E+00,  1.2122E-01,  2.5972E+00,  5.1928E-01,  2.3374E+00,  1.7315E-01,  1.7315E+00,  1.7315E-01,  4.3304E-01,  6.9252E-02,  3.4629E-01,  0.0000E+00,  8.6572E-02,  3.4629E-02,  1.7315E-01,  2.5972E-02,  1.7315E-01,  3.4629E-02,  8.6572E-02,  1.7315E-02,  7.7912E-02,  1.7315E-02,  6.9252E-02,  7.7912E-03,  8.6573E-02,  1.7315E-02,  2.5972E-01,  2.5972E-01,  5.1928E-01,  8.6573E-02,  8.6573E-02,  7.7913E-02,  8.6573E-01,  5.1929E-02,  0.0000E+00,  0.0000E+00,  0.0000E+00,  0.0000E+00,  0.0000E+00,  0.0000E+00,  1.7315E-02,  0.0000E+00,  1.0390E-02,  2.0905E+09,  1.2266E+08,  0.0000E+00,  0.0000E+00,  0.0000E+00,  1.1758E+06,  3.0176E+05,  2.5662E+06,  4.4166E+01,  2.0638E+05,  1.6895E+04,  1.9972E+05,  1.7690E+04,  3.4798E+05,  2.2076E+02,  9.4495E+04,  1.6273E+02,  1.7155E+03,  3.5294E+02,  1.2384E+05,  2.8364E+02,  4.2386E+03,  3.9588E+02,  1.5978E+04,  5.4472E+03,  9.6839E+05,  1.2618E+04,  3.0718E+04,  2.9516E+02,  7.2213E+02,  4.7238E+01,  1.1814E+02,  7.0857E+00,  7.0857E+01,  9.4476E+00,  4.7238E+01,  7.0857E+00,  2.3619E+01,  4.7238E+00,  1.1814E+01,  9.4476E-01,  4.7238E+00,  0.0000E+00,  2.1256E+00,  4.7238E-01,  1.4167E+00,  4.7238E-01,  1.6531E+00,  2.1256E-01,  4.7238E+00,  3.3070E-01,  7.0857E+00,  1.4167E+00,  6.3768E+00,  4.7238E-01,  4.7238E+00,  4.7238E-01,  1.1814E+00,  1.8893E-01,  9.4476E-01,  0.0000E+00,  2.3619E-01,  9.4476E-02,  4.7238E-01,  7.0857E-02,  4.7238E-01,  9.4476E-02,  2.3619E-01,  4.7238E-02,  2.1256E-01,  4.7238E-02,  1.8893E-01,  2.1256E-02,  2.3619E-01,  4.7238E-02,  7.0857E-01,  7.0857E-01,  1.4167E+00,  2.3619E-01,  2.3619E-01,  2.1256E-01,  2.3619E+00,  1.4167E-01,  0.0000E+00,  0.0000E+00,  0.0000E+00,  0.0000E+00,  0.0000E+00,  0.0000E+00,  4.7238E-02,  0.0000E+00,  2.8345E-02
  1.8000E-01,  1.1804E+09,  4.2668E+07,  0.0000E+00,  0.0000E+00,  0.0000E+00,  4.0945E+05,  1.0508E+05,  8.7816E+05,  1.5368E+01,  7.1811E+04,  5.8789E+03,  6.9492E+04,  6.1555E+03,  1.2108E+05,  7.6814E+01,  3.2880E+04,  5.6625E+01,  5.9693E+02,  1.2281E+02,  4.2379E+04,  9.8694E+01,  1.4749E+03,  1.3775E+02,  5.5597E+03,  1.8954E+03,  3.3696E+05,  4.3907E+03,  1.0688E+04,  1.0271E+02,  2.5127E+02,  1.6437E+01,  4.1109E+01,  2.4655E+00,  2.4656E+01,  3.2874E+00,  1.6437E+01,  2.4656E+00,  8.2184E+00,  1.6437E+00,  4.1109E+00,  3.2874E-01,  1.6437E+00,  0.0000E+00,  7.3963E-01,  1.6437E-01,  4.9296E-01,  1.6437E-01,  5.7521E-01,  7.3963E-02,  1.6437E+00,  1.1507E-01,  2.4656E+00,  4.9296E-01,  2.2189E+00,  1.6437E-01,  1.6437E+00,  1.6437E-01,  4.1110E-01,  6.5742E-02,  3.2874E-01,  0.0000E+00,  8.2185E-02,  3.2874E-02,  1.6437E-01,  2.4656E-02,  1.6437E-01,  3.2874E-02,  8.2185E-02,  1.6437E-02,  7.3964E-02,  1.6437E-02,  6.5743E-02,  7.3964E-03,  8.2185E-02,  1.6437E-02,  2.4656E-01,  2.4656E-01,  4.9297E-01,  8.2186E-02,  8.2186E-02,  7.3964E-02,  8.2186E-01,  4.9297E-02,  0.0000E+00,  0.0000E+00,  0.0000E+00,  0.0000E+00,  0.0000E+00,  0.0000E+00,  1.6438E-02,  0.0000E+00,  9.8633E-03,  1.8423E+09,  1.0522E+08,  0.0000E+00,  0.0000E+00,  0.0000E+00,  1.0087E+06,  2.5889E+05,  2.1984E+06,  3.7873E+01,  1.7697E+05,  1.4488E+04,  1.7126E+05,  1.5170E+04,  2.9840E+05,  1.8930E+02,  8.1031E+04,  1.3955E+02,  1.4711E+03,  3.0265E+02,  1.0609E+05,  2.4322E+02,  3.6347E+03,  3.3947E+02,  1.3701E+04,  4.6710E+03,  8.3040E+05,  1.0820E+04,  2.6341E+04,  2.5311E+02,  6.1923E+02,  4.0508E+01,  1.0131E+02,  6.0761E+00,  6.0761E+01,  8.1014E+00,  4.0508E+01,  6.0761E+00,  2.0253E+01,  4.0508E+00,  1.0131E+01,  8.1014E-01,  4.0508E+00,  0.0000E+00,  1.8227E+00,  4.0508E-01,  1.2148E+00,  4.0508E-01,  1.4175E+00,  1.8227E-01,  4.0508E+00,  2.8358E-01,  6.0761E+00,  1.2148E+00,  5.4682E+00,  4.0508E-01,  4.0508E+00,  4.0508E-01,  1.0131E+00,  1.6201E-01,  8.1014E-01,  0.0000E+00,  2.0253E-01,  8.1014E-02,  4.0508E-01,  6.0761E-02,  4.0508E-01,  8.1014E-02,  2.0253E-01,  4.0508E-02,  1.8227E-01,  4.0508E-02,  1.6201E-01,  1.8227E-02,  2.0253E-01,  4.0508E-02,  6.0761E-01,  6.0761E-01,  1.2148E+00,  2.0253E-01,  2.0253E-01,  1.8227E-01,  2.0253E+00,  1.2148E-01,  0.0000E+00,  0.0000E+00,  0.0000E+00,  0.0000E+00,  0.0000E+00,  0.0000E+00,  4.0508E-02,  0.0000E+00,  2.4306E-02
  2.0000E-01,  1.1455E+09,  4.0698E+07,  0.0000E+00,  0.0000E+00,  0.0000E+00,  3.9057E+05,  1.0023E+05,  8.3703E+05,  1.4659E+01,  6.8499E+04,  5.6078E+03,  6.6287E+04,  5.8716E+03,  1.1550E+05,  7.3271E+01,  3.1364E+04,  5.4013E+01,  5.6940E+02,  1.1715E+02,  4.0394E+04,  9.4142E+01,  1.4068E+03,  1.3140E+02,  5.3033E+03,  1.8080E+03,  3.2142E+05,  4.1882E+03,  1.0195E+04,  9.7968E+01,  2.3968E+02,  1.5679E+01,  3.9213E+01,  2.3518E+00,  2.3518E+01,  3.1358E+00,  1.5679E+01,  2.3518E+00,  7.8394E+00,  1.5679E+00,  3.9213E+00,  3.1358E-01,  1.5679E+00,  0.0000E+00,  7.0552E-01,  1.5679E-01,  4.7022E-01,  1.5679E-01,  5.4868E-01,  7.0552E-02,  1.5679E+00,  1.0977E-01,  2.3519E+00,  4.7023E-01,  2.1166E+00,  1.5679E-01,  1.5679E+00,  1.5679E-01,  3.9214E-01,  6.2710E-02,  3.1358E-01,  0.0000E+00,  7.8394E-02,  3.1358E-02,  1.5679E-01,  2.3519E-02,  1.5679E-01,  3.1358E-02,  7.8395E-02,  1.5679E-02,  7.0553E-02,  1.5679E-02,  6.2711E-02,  7.0553E-03,  7.8395E-02,  1.5679E-02,  2.3519E-01,  2.3519E-01,  4.7023E-01,  7.8395E-02,  7.8395E-02,  7.0553E-02,  7.8395E-01,  4.7023E-02,  0.0000E+00,  0.0000E+00,  0.0000E+00,  0.0000E+00,  0.0000E+00,  0.0000E+00,  1.5680E-02,  0.0000E+00,  9.4084E-03,  1.6453E+09,  9.1737E+07,  0.0000E+00,  0.0000E+00,  0.0000E+00,  8.7950E+05,  2.2572E+05,  1.9143E+06,  3.3007E+01,  1.5424E+05,  1.2627E+04,  1.4926E+05,  1.3221E+04,  2.6006E+05,  1.6498E+02,  7.0621E+04,  1.2162E+02,  1.2821E+03,  2.6377E+02,  9.2380E+04,  2.1198E+02,  3.1677E+03,  2.9586E+02,  1.1941E+04,  4.0709E+03,  7.2372E+05,  9.4303E+03,  2.2957E+04,  2.2059E+02,  5.3968E+02,  3.5303E+01,  8.8294E+01,  5.2955E+00,  5.2955E+01,  7.0606E+00,  3.5303E+01,  5.2955E+00,  1.7651E+01,  3.5303E+00,  8.8294E+00,  7.0606E-01,  3.5303E+00,  0.0000E+00,  1.5886E+00,  3.5303E-01,  1.0588E+00,  3.5303E-01,  1.2354E+00,  1.5886E-01,  3.5303E+00,  2.4715E-01,  5.2955E+00,  1.0588E+00,  4.7657E+00,  3.5303E-01,  3.5303E+00,  3.5303E-01,  8.8294E-01,  1.4120E-01,  7.0606E-01,  0.0000E+00,  1.7651E-01,  7.0606E-02,  3.5303E-01,  5.2955E-02,  3.5303E-01,  7.0606E-02,  1.7651E-01,  3.5303E-02,  1.5886E-01,  3.5303E-02,  1.4120E-01,  1.5886E-02,  1.7651E-01,  3.5303E-02,  5.2955E-01,  5.2955E-01,  1.0588E+00,  1.7651E-01,  1.7651E-01,  1.5886E-01,  1.7651E+00,  1.0588E-01,  0.0000E+00,  0.0000E+00,  0.0000E+00,  0.0000E+00,  0.0000E+00,  0.0000E+00,  3.5303E-02,  0.0000E+00,  2.1184E-02
  2.2000E-01,  1.1142E+09,  3.8970E+07,  0.0000E+00,  0.0000E+00,  0.0000E+00,  3.7400E+05,  9.5981E+04,  8.0100E+05,  1.4038E+01,  6.5595E+04,  5.3700E+03,  6.3476E+04,  5.6226E+03,  1.1060E+05,  7.0165E+01,  3.0034E+04,  5.1723E+01,  5.4526E+02,  1.1218E+02,  3.8655E+04,  9.0151E+01,  1.3472E+03,  1.2583E+02,  5.0785E+03,  1.7313E+03,  3.0779E+05,  4.0106E+03,  9.7632E+03,  9.3814E+01,  2.2952E+02,  1.5014E+01,  3.7550E+01,  2.2521E+00,  2.2521E+01,  3.0028E+00,  1.5014E+01,  2.2521E+00,  7.5070E+00,  1.5014E+00,  3.7551E+00,  3.0028E-01,  1.5014E+00,  0.0000E+00,  6.7560E-01,  1.5014E-01,  4.5029E-01,  1.5014E-01,  5.2541E-01,  6.7561E-02,  1.5014E+00,  1.0511E-01,  2.2522E+00,  4.5029E-01,  2.0268E+00,  1.5014E-01,  1.5014E+00,  1.5014E-01,  3.7551E-01,  6.0051E-02,  3.0029E-01,  0.0000E+00,  7.5071E-02,  3.0029E-02,  1.5014E-01,  2.2522E-02,  1.5015E-01,  3.0029E-02,  7.5071E-02,  1.5014E-02,  6.7561E-02,  1.5015E-02,  6.0052E-02,  6.7561E-03,  7.5071E-02,  1.5015E-02,  2.2522E-01,  2.2522E-01,  4.5030E-01,  7.5071E-02,  7.5071E-02,  6.7562E-02,  7.5072E-01,  4.5030E-02,  0.0000E+00,  0.0000E+00,  0.0000E+00,  0.0000E+00,  0.0000E+00,  0.0000E+00,  1.5015E-02,  0.0000E+00,  9.0095E-03,  1.4854E+09,  8.1032E+07,  0.0000E+00,  0.0000E+00,  0.0000E+00,  7.7693E+05,  1.9940E+05,  1.6890E+06,  2.9147E+01,  1.3620E+05,  1.1150E+04,  1.3180E+05,  1.1674E+04,  2.2965E+05,  1.4569E+02,  6.2361E+04,  1.0739E+02,  1.1321E+03,  2.3292E+02,  8.1510E+04,  1.8718E+02,  2.7972E+03,  2.6125E+02,  1.0545E+04,  3.5948E+03,  6.3907E+05,  8.3273E+03,  2.0272E+04,  1.9479E+02,  4.7656E+02,  3.1174E+01,  7.7966E+01,  4.6761E+00,  4.6761E+01,  6.2348E+00,  3.1174E+01,  4.6761E+00,  1.5587E+01,  3.1174E+00,  7.7966E+00,  6.2348E-01,  3.1174E+00,  0.0000E+00,  1.4028E+00,  3.1174E-01,  9.3493E-01,  3.1174E-01,  1.0909E+00,  1.4028E-01,  3.1174E+00,  2.1824E-01,  4.6761E+00,  9.3493E-01,  4.2083E+00,  3.1174E-01,  3.1174E+00,  3.1174E-01,  7.7966E-01,  1.2468E-01,  6.2348E-01,  0.0000E+00,  1.5587E-01,  6.2348E-02,  3.1174E-01,  4.6761E-02,  3.1174E-01,  6.2348E-02,  1.5587E-01,  3.1174E-02,  1.4028E-01,  3.1174E-02,  1.2468E-01,  1.4028E-02,  1.5587E-01,  3.1174E-02,  4.6761E-01,  4.6761E-01,  9.3493E-01,  1.5587E-01,  1.5587E-01,  1.4028E-01,  1.5587E+00,  9.3493E-02,  0.0000E+00,  0.0000E+00,  0.0000E+00,  0.0000E+00,  0.0000E+00,  0.0000E+00,  3.1174E-02,  0.0000E+00,  1.8706E-02
  2.5000E-01,  1.0725E+09,  3.6726E+07,  0.0000E+00,  0.0000E+00,  0.0000E+00,  3.5248E+05,  9.0457E+04,  7.5424E+05,  1.3230E+01,  6.1823E+04,  5.0612E+03,  5.9826E+04,  5.2993E+03,  1.0424E+05,  6.6130E+01,  2.8307E+04,  4.8748E+01,  5.1390E+02,  1.0573E+02,  3.6399E+04,  8.4967E+01,  1.2697E+03,  1.1859E+02,  4.7864E+03,  1.6318E+03,  2.9009E+05,  3.7800E+03,  9.2017E+03,  8.8420E+01,  2.1632E+02,  1.4151E+01,  3.5391E+01,  2.1226E+00,  2.1226E+01,  2.8301E+00,  1.4151E+01,  2.1226E+00,  7.0753E+00,  1.4151E+00,  3.5391E+00,  2.8301E-01,  1.4151E+00,  0.0000E+00,  6.3675E-01,  1.4151E-01,  4.2439E-01,  1.4151E-01,  4.9520E-01,  6.3676E-02,  1.4151E+00,  9.9067E-02,  2.1227E+00,  4.2440E-01,  1.9103E+00,  1.4151E-01,  1.4151E+00,  1.4151E-01,  3.5392E-01,  5.6598E-02,  2.8302E-01,  0.0000E+00,  7.0754E-02,  2.8302E-02,  1.4151E-01,  2.1227E-02,  1.4151E-01,  2.8302E-02,  7.0754E-02,  1.4151E-02,  6.3676E-02,  1.4151E-02,  5.6599E-02,  6.3677E-03,  7.0754E-02,  1.4151E-02,  2.1227E-01,  2.1227E-01,  4.2440E-01,  7.0754E-02,  7.0755E-02,  6.3677E-02,  7.0755E-01,  4.2440E-02,  0.0000E+00,  0.0000E+00,  0.0000E+00,  0.0000E+00,  0.0000E+00,  0.0000E+00,  1.4151E-02,  0.0000E+00,  8.4914E-03,  1.2950E+09,  6.8609E+07,  0.0000E+00,  0.0000E+00,  0.0000E+00,  6.5789E+05,  1.6885E+05,  1.4279E+06,  2.4668E+01,  1.1527E+05,  9.4366E+03,  1.1155E+05,  9.8805E+03,  1.9436E+05,  1.2330E+02,  5.2778E+04,  9.0891E+01,  9.5816E+02,  1.9713E+02,  6.8911E+04,  1.5842E+02,  2.3674E+03,  2.2111E+02,  8.9242E+03,  3.0424E+03,  5.4087E+05,  7.0477E+03,  1.7157E+04,  1.6486E+02,  4.0333E+02,  2.6384E+01,  6.5986E+01,  3.9576E+00,  3.9576E+01,  5.2767E+00,  2.6384E+01,  3.9576E+00,  1.3192E+01,  2.6384E+00,  6.5986E+00,  5.2767E-01,  2.6384E+00,  0.0000E+00,  1.1872E+00,  2.6384E-01,  7.9127E-01,  2.6384E-01,  9.2328E-01,  1.1872E-01,  2.6384E+00,  1.8471E-01,  3.9576E+00,  7.9127E-01,  3.5616E+00,  2.6384E-01,  2.6384E+00,  2.6384E-01,  6.5986E-01,  1.0552E-01,  5.2767E-01,  0.0000E+00,  1.3192E-01,  5.2767E-02,  2.6384E-01,  3.9576E-02,  2.6384E-01,  5.2767E-02,  1.3192E-01,  2.6384E-02,  1.1872E-01,  2.6384E-02,  1.0552E-01,  1.1872E-02,  1.3192E-01,  2.6384E-02,  3.9576E-01,  3.9576E-01,  7.9127E-01,  1.3192E-01,  1.3192E-01,  1.1872E-01,  1.3192E+00,  7.9127E-02,  0.0000E+00,  0.0000E+00,  0.0000E+00,  0.0000E+00,  0.0000E+00,  0.0000E+00,  2.6384E-02,  0.0000E+00,  1.5831E-02
  2.8000E-01,  1.0359E+09,  3.4809E+07,  0.0000E+00,  0.0000E+00,  0.0000E+00,  3.3410E+05,  8.5739E+04,  7.1437E+05,  1.2541E+01,  5.8602E+04,  4.7976E+03,  5.6710E+04,  5.0232E+03,  9.8812E+04,  6.2685E+01,  2.6832E+04,  4.6209E+01,  4.8714E+02,  1.0022E+02,  3.4475E+04,  8.0541E+01,  1.2036E+03,  1.1241E+02,  4.5371E+03,  1.5468E+03,  2.7498E+05,  3.5831E+03,  8.7224E+03,  8.3814E+01,  2.0505E+02,  1.3414E+01,  3.3548E+01,  2.0120E+00,  2.0121E+01,  2.6827E+00,  1.3414E+01,  2.0121E+00,  6.7068E+00,  1.3414E+00,  3.3548E+00,  2.6827E-01,  1.3414E+00,  0.0000E+00,  6.0359E-01,  1.3414E-01,  4.0229E-01,  1.3414E-01,  4.6941E-01,  6.0359E-02,  1.3414E+00,  9.3907E-02,  2.0121E+00,  4.0229E-01,  1.8108E+00,  1.3414E-01,  1.3414E+00,  1.3414E-01,  3.3548E-01,  5.3650E-02,  2.6828E-01,  0.0000E+00,  6.7068E-02,  2.6828E-02,  1.3414E-01,  2.0121E-02,  1.3414E-01,  2.6828E-02,  6.7069E-02,  1.3414E-02,  6.0360E-02,  1.3414E-02,  5.3651E-02,  6.0360E-03,  6.7069E-02,  1.3414E-02,  2.0121E-01,  2.0121E-01,  4.0230E-01,  6.7069E-02,  6.7069E-02,  6.0360E-02,  6.7069E-01,  4.0230E-02,  0.0000E+00,  0.0000E+00,  0.0000E+00,  0.0000E+00,  0.0000E+00,  0.0000E+00,  1.3414E-02,  0.0000E+00,  8.0491E-03,  1.1467E+09,  5.9198E+07,  0.0000E+00,  0.0000E+00,  0.0000E+00,  5.6770E+05,  1.4570E+05,  1.2304E+06,  2.1276E+01,  9.9420E+04,  8.1391E+03,  9.6210E+04,  8.5220E+03,  1.6764E+05,  1.0635E+02,  4.5522E+04,  7.8395E+01,  8.2643E+02,  1.7003E+02,  5.9380E+04,  1.3664E+02,  2.0419E+03,  1.9071E+02,  7.6972E+03,  2.6241E+03,  4.6650E+05,  6.0787E+03,  1.4798E+04,  1.4219E+02,  3.4787E+02,  2.2756E+01,  5.6914E+01,  3.4134E+00,  3.4134E+01,  4.5512E+00,  2.2756E+01,  3.4134E+00,  1.1378E+01,  2.2756E+00,  5.6914E+00,  4.5512E-01,  2.2756E+00,  0.0000E+00,  1.0240E+00,  2.2756E-01,  6.8248E-01,  2.2756E-01,  7.9634E-01,  1.0240E-01,  2.2756E+00,  1.5931E-01,  3.4134E+00,  6.8248E-01,  3.0719E+00,  2.2756E-01,  2.2756E+00,  2.2756E-01,  5.6914E-01,  9.1016E-02,  4.5512E-01,  0.0000E+00,  1.1378E-01,  4.5512E-02,  2.2756E-01,  3.4134E-02,  2.2756E-01,  4.5512E-02,  1.1378E-01,  2.2756E-02,  1.0240E-01,  2.2756E-02,  9.1016E-02,  1.0240E-02,  1.1378E-01,  2.2756E-02,  3.4134E-01,  3.4134E-01,  6.8248E-01,  1.1378E-01,  1.1378E-01,  1.0240E-01,  1.1378E+00,  6.8248E-02,  0.0000E+00,  0.0000E+00,  0.0000E+00,  0.0000E+00,  0.0000E+00,  0.0000E+00,  2.2756E-02,  0.0000E+00,  1.3655E-02
  3.2000E-01,  9.9307E+08,  3.2630E+07,  0.0000E+00,  0.0000E+00,  0.0000E+00,  3.1320E+05,  8.0376E+04,  6.6911E+05,  1.1758E+01,  5.4944E+04,  4.4980E+03,  5.3169E+04,  4.7096E+03,  9.2642E+04,  5.8772E+01,  2.5157E+04,  4.3324E+01,  4.5672E+02,  9.3963E+01,  3.2290E+04,  7.5512E+01,  1.1284E+03,  1.0539E+02,  4.2538E+03,  1.4502E+03,  2.5781E+05,  3.3594E+03,  8.1778E+03,  7.8581E+01,  1.9225E+02,  1.2576E+01,  3.1453E+01,  1.8864E+00,  1.8864E+01,  2.5152E+00,  1.2576E+01,  1.8864E+00,  6.2880E+00,  1.2576E+00,  3.1453E+00,  2.5152E-01,  1.2576E+00,  0.0000E+00,  5.6590E-01,  1.2576E-01,  3.7717E-01,  1.2576E-01,  4.4010E-01,  5.6590E-02,  1.2576E+00,  8.8044E-02,  1.8865E+00,  3.7718E-01,  1.6977E+00,  1.2576E-01,  1.2577E+00,  1.2577E-01,  3.1454E-01,  5.0301E-02,  2.5153E-01,  0.0000E+00,  6.2881E-02,  2.5153E-02,  1.2577E-01,  1.8865E-02,  1.2577E-01,  2.5153E-02,  6.2882E-02,  1.2577E-02,  5.6591E-02,  1.2577E-02,  5.0301E-02,  5.6591E-03,  6.2882E-02,  1.2577E-02,  1.8865E-01,  1.8865E-01,  3.7718E-01,  6.2882E-02,  6.2882E-02,  5.6592E-02,  6.2882E-01,  3.7718E-02,  0.0000E+00,  0.0000E+00,  0.0000E+00,  0.0000E+00,  0.0000E+00,  0.0000E+00,  1.2577E-02,  0.0000E+00,  7.5466E-03,  9.9361E+08,  4.9751E+07,  0.0000E+00,  0.0000E+00,  0.0000E+00,  4.7716E+05,  1.2247E+05,  1.0325E+06,  1.7873E+01,  8.3520E+04,  6.8374E+03,  8.0823E+04,  7.1591E+03,  1.4083E+05,  8.9338E+01,  3.8241E+04,  6.5857E+01,  6.9425E+02,  1.4283E+02,  4.9827E+04,  1.1479E+02,  1.7153E+03,  1.6021E+02,  6.4662E+03,  2.2044E+03,  3.9190E+05,  5.1065E+03,  1.2431E+04,  1.1945E+02,  2.9224E+02,  1.9117E+01,  4.7811E+01,  2.8675E+00,  2.8675E+01,  3.8233E+00,  1.9117E+01,  2.8675E+00,  9.5582E+00,  1.9117E+00,  4.7811E+00,  3.8233E-01,  1.9117E+00,  0.0000E+00,  8.6021E-01,  1.9117E-01,  5.7333E-01,  1.9117E-01,  6.6898E-01,  8.6021E-02,  1.9117E+00,  1.3383E-01,  2.8675E+00,  5.7333E-01,  2.5806E+00,  1.9117E-01,  1.9117E+00,  1.9117E-01,  4.7811E-01,  7.6460E-02,  3.8233E-01,  0.0000E+00,  9.5582E-02,  3.8233E-02,  1.9117E-01,  2.8675E-02,  1.9117E-01,  3.8233E-02,  9.5582E-02,  1.9117E-02,  8.6021E-02,  1.9117E-02,  7.6460E-02,  8.6021E-03,  9.5582E-02,  1.9117E-02,  2.8675E-01,  2.8675E-01,  5.7333E-01,  9.5582E-02,  9.5582E-02,  8.6021E-02,  9.5582E-01,  5.7333E-02,  0.0000E+00,  0.0000E+00,  0.0000E+00,  0.0000E+00,  0.0000E+00,  0.0000E+00,  1.9117E-02,  0.0000E+00,  1.1471E-02
  3.5000E-01,  9.6462E+08,  3.1219E+07,  0.0000E+00,  0.0000E+00,  0.0000E+00,  2.9967E+05,  7.6904E+04,  6.3985E+05,  1.1252E+01,  5.2576E+04,  4.3042E+03,  5.0878E+04,  4.5067E+03,  8.8651E+04,  5.6239E+01,  2.4073E+04,  4.1458E+01,  4.3704E+02,  8.9914E+01,  3.0879E+04,  7.2259E+01,  1.0798E+03,  1.0085E+02,  4.0706E+03,  1.3877E+03,  2.4670E+05,  3.2146E+03,  7.8255E+03,  7.5196E+01,  1.8397E+02,  1.2034E+01,  3.0098E+01,  1.8052E+00,  1.8052E+01,  2.4069E+00,  1.2035E+01,  1.8052E+00,  6.0171E+00,  1.2034E+00,  3.0098E+00,  2.4069E-01,  1.2034E+00,  0.0000E+00,  5.4152E-01,  1.2034E-01,  3.6092E-01,  1.2034E-01,  4.2114E-01,  5.4152E-02,  1.2035E+00,  8.4251E-02,  1.8052E+00,  3.6092E-01,  1.6246E+00,  1.2035E-01,  1.2035E+00,  1.2035E-01,  3.0099E-01,  4.8133E-02,  2.4069E-01,  0.0000E+00,  6.0172E-02,  2.4069E-02,  1.2035E-01,  1.8052E-02,  1.2035E-01,  2.4069E-02,  6.0172E-02,  1.2035E-02,  5.4153E-02,  1.2035E-02,  4.8134E-02,  5.4153E-03,  6.0173E-02,  1.2035E-02,  1.8052E-01,  1.8052E-01,  3.6093E-01,  6.0173E-02,  6.0173E-02,  5.4154E-02,  6.0173E-01,  3.6093E-02,  0.0000E+00,  0.0000E+00,  0.0000E+00,  0.0000E+00,  0.0000E+00,  0.0000E+00,  1.2035E-02,  0.0000E+00,  7.2215E-03,  9.0251E+08,  4.4273E+07,  0.0000E+00,  0.0000E+00,  0.0000E+00,  4.2465E+05,  1.0899E+05,  9.1785E+05,  1.5901E+01,  7.4301E+04,  6.0827E+03,  7.1902E+04,  6.3689E+03,  1.2528E+05,  7.9478E+01,  3.4020E+04,  5.8588E+01,  6.1763E+02,  1.2707E+02,  4.4294E+04,  1.0212E+02,  1.5260E+03,  1.4253E+02,  5.7525E+03,  1.9611E+03,  3.4864E+05,  4.5429E+03,  1.1059E+04,  1.0627E+02,  2.5998E+02,  1.7007E+01,  4.2534E+01,  2.5510E+00,  2.5510E+01,  3.4013E+00,  1.7007E+01,  2.5510E+00,  8.5033E+00,  1.7007E+00,  4.2534E+00,  3.4013E-01,  1.7007E+00,  0.0000E+00,  7.6526E-01,  1.7007E-01,  5.1005E-01,  1.7007E-01,  5.9514E-01,  7.6526E-02,  1.7007E+00,  1.1906E-01,  2.5510E+00,  5.1005E-01,  2.2958E+00,  1.7007E-01,  1.7007E+00,  1.7007E-01,  4.2534E-01,  6.8020E-02,  3.4013E-01,  0.0000E+00,  8.5033E-02,  3.4013E-02,  1.7007E-01,  2.5510E-02,  1.7007E-01,  3.4013E-02,  8.5033E-02,  1.7007E-02,  7.6526E-02,  1.7007E-02,  6.8020E-02,  7.6526E-03,  8.5033E-02,  1.7007E-02,  2.5510E-01,  2.5510E-01,  5.1005E-01,  8.5033E-02,  8.5033E-02,  7.6526E-02,  8.5033E-01,  5.1005E-02,  0.0000E+00,  0.0000E+00,  0.0000E+00,  0.0000E+00,  0.0000E+00,  0.0000E+00,  1.7007E-02,  0.0000E+00,  1.0205E-02
  4.0000E-01,  9.2251E+08,  2.9182E+07,  0.0000E+00,  0.0000E+00,  0.0000E+00,  2.8013E+05,  7.1889E+04,  5.9765E+05,  1.0520E+01,  4.9158E+04,  4.0244E+03,  4.7571E+04,  4.2137E+03,  8.2887E+04,  5.2583E+01,  2.2508E+04,  3.8762E+01,  4.0863E+02,  8.4069E+01,  2.8842E+04,  6.7561E+01,  1.0096E+03,  9.4297E+01,  3.8059E+03,  1.2975E+03,  2.3066E+05,  3.0056E+03,  7.3168E+03,  7.0307E+01,  1.7201E+02,  1.1252E+01,  2.8141E+01,  1.6878E+00,  1.6878E+01,  2.2504E+00,  1.1252E+01,  1.6878E+00,  5.6259E+00,  1.1252E+00,  2.8141E+00,  2.2504E-01,  1.1252E+00,  0.0000E+00,  5.0632E-01,  1.1252E-01,  3.3746E-01,  1.1252E-01,  3.9376E-01,  5.0632E-02,  1.1252E+00,  7.8774E-02,  1.6878E+00,  3.3746E-01,  1.5190E+00,  1.1252E-01,  1.1252E+00,  1.1252E-01,  2.8142E-01,  4.5004E-02,  2.2504E-01,  0.0000E+00,  5.6260E-02,  2.2504E-02,  1.1252E-01,  1.6878E-02,  1.1252E-01,  2.2504E-02,  5.6261E-02,  1.1252E-02,  5.0633E-02,  1.1252E-02,  4.5005E-02,  5.0633E-03,  5.6261E-02,  1.1252E-02,  1.6879E-01,  1.6879E-01,  3.3747E-01,  5.6261E-02,  5.6261E-02,  5.0633E-02,  5.6261E-01,  3.3747E-02,  0.0000E+00,  0.0000E+00,  0.0000E+00,  0.0000E+00,  0.0000E+00,  0.0000E+00,  1.1253E-02,  0.0000E+00,  6.7520E-03,  7.8203E+08,  3.7208E+07,  0.0000E+00,  0.0000E+00,  0.0000E+00,  3.5693E+05,  9.1609E+04,  7.7019E+05,  1.3358E+01,  6.2418E+04,  5.1099E+03,  6.0402E+04,  5.3503E+03,  1.0525E+05,  6.6767E+01,  2.8579E+04,  4.9218E+01,  5.1885E+02,  1.0675E+02,  3.7169E+04,  8.5784E+01,  1.2819E+03,  1.1973E+02,  4.8325E+03,  1.6475E+03,  2.9288E+05,  3.8163E+03,  9.2903E+03,  8.9270E+01,  2.1840E+02,  1.4287E+01,  3.5731E+01,  2.1430E+00,  2.1430E+01,  2.8574E+00,  1.4287E+01,  2.1430E+00,  7.1433E+00,  1.4287E+00,  3.5731E+00,  2.8574E-01,  1.4287E+00,  0.0000E+00,  6.4287E-01,  1.4287E-01,  4.2847E-01,  1.4287E-01,  4.9996E-01,  6.4287E-02,  1.4287E+00,  1.0002E-01,  2.1430E+00,  4.2847E-01,  1.9286E+00,  1.4287E-01,  1.4287E+00,  1.4287E-01,  3.5731E-01,  5.7142E-02,  2.8574E-01,  0.0000E+00,  7.1433E-02,  2.8574E-02,  1.4287E-01,  2.1430E-02,  1.4287E-01,  2.8574E-02,  7.1433E-02,  1.4287E-02,  6.4287E-02,  1.4287E-02,  5.7142E-02,  6.4287E-03,  7.1433E-02,  1.4287E-02,  2.1430E-01,  2.1430E-01,  4.2847E-01,  7.1433E-02,  7.1433E-02,  6.4287E-02,  7.1433E-01,  4.2847E-02,  0.0000E+00,  0.0000E+00,  0.0000E+00,  0.0000E+00,  0.0000E+00,  0.0000E+00,  1.4287E-02,  0.0000E+00,  8.5727E-03
  4.5000E-01,  8.8573E+08,  2.7454E+07,  0.0000E+00,  0.0000E+00,  0.0000E+00,  2.6355E+05,  6.7634E+04,  5.6190E+05,  9.8998E+00,  4.6260E+04,  3.7871E+03,  4.4766E+04,  3.9653E+03,  7.8000E+04,  4.9483E+01,  2.1181E+04,  3.6477E+01,  3.8454E+02,  7.9112E+01,  2.7117E+04,  6.3578E+01,  9.5009E+02,  8.8737E+01,  3.5815E+03,  1.2210E+03,  2.1706E+05,  2.8284E+03,  6.8853E+03,  6.6162E+01,  1.6187E+02,  1.0589E+01,  2.6482E+01,  1.5883E+00,  1.5883E+01,  2.1177E+00,  1.0589E+01,  1.5883E+00,  5.2942E+00,  1.0589E+00,  2.6482E+00,  2.1177E-01,  1.0589E+00,  0.0000E+00,  4.7646E-01,  1.0589E-01,  3.1756E-01,  1.0589E-01,  3.7054E-01,  4.7647E-02,  1.0589E+00,  7.4129E-02,  1.5883E+00,  3.1756E-01,  1.4294E+00,  1.0589E-01,  1.0589E+00,  1.0589E-01,  2.6483E-01,  4.2351E-02,  2.1177E-01,  0.0000E+00,  5.2943E-02,  2.1177E-02,  1.0589E-01,  1.5883E-02,  1.0589E-01,  2.1178E-02,  5.2943E-02,  1.0589E-02,  4.7647E-02,  1.0589E-02,  4.2351E-02,  4.7647E-03,  5.2944E-02,  1.0589E-02,  1.5883E-01,  1.5883E-01,  3.1757E-01,  5.2944E-02,  5.2944E-02,  4.7648E-02,  5.2944E-01,  3.1757E-02,  0.0000E+00,  0.0000E+00,  0.0000E+00,  0.0000E+00,  0.0000E+00,  0.0000E+00,  1.0589E-02,  0.0000E+00,  6.3539E-03,  6.8918E+08,  3.1919E+07,  0.0000E+00,  0.0000E+00,  0.0000E+00,  3.0622E+05,  7.8594E+04,  6.5980E+05,  1.1454E+01,  5.3524E+04,  4.3818E+03,  5.1796E+04,  4.5879E+03,  9.0249E+04,  5.7253E+01,  2.4507E+04,  4.2205E+01,  4.4492E+02,  9.1535E+01,  3.1841E+04,  7.3561E+01,  1.0993E+03,  1.0267E+02,  4.1439E+03,  1.4127E+03,  2.5115E+05,  3.2726E+03,  7.9666E+03,  7.6550E+01,  1.8728E+02,  1.2251E+01,  3.0640E+01,  1.8377E+00,  1.8377E+01,  2.4502E+00,  1.2251E+01,  1.8377E+00,  6.1255E+00,  1.2251E+00,  3.0640E+00,  2.4502E-01,  1.2251E+00,  0.0000E+00,  5.5127E-01,  1.2251E-01,  3.6742E-01,  1.2251E-01,  4.2872E-01,  5.5127E-02,  1.2251E+00,  8.5767E-02,  1.8377E+00,  3.6742E-01,  1.6538E+00,  1.2251E-01,  1.2251E+00,  1.2251E-01,  3.0640E-01,  4.9000E-02,  2.4502E-01,  0.0000E+00,  6.1255E-02,  2.4502E-02,  1.2251E-01,  1.8377E-02,  1.2251E-01,  2.4502E-02,  6.1255E-02,  1.2251E-02,  5.5127E-02,  1.2251E-02,  4.9000E-02,  5.5127E-03,  6.1255E-02,  1.2251E-02,  1.8377E-01,  1.8377E-01,  3.6742E-01,  6.1255E-02,  6.1255E-02,  5.5127E-02,  6.1255E-01,  3.6742E-02,  0.0000E+00,  0.0000E+00,  0.0000E+00,  0.0000E+00,  0.0000E+00,  0.0000E+00,  1.2251E-02,  0.0000E+00,  7.3512E-03
  5.0000E-01,  8.5311E+08,  2.5960E+07,  0.0000E+00,  0.0000E+00,  0.0000E+00,  2.4922E+05,  6.3956E+04,  5.3105E+05,  9.3639E+00,  4.3755E+04,  3.5821E+03,  4.2342E+04,  3.7506E+03,  7.3778E+04,  4.6804E+01,  2.0034E+04,  3.4502E+01,  3.6372E+02,  7.4829E+01,  2.5628E+04,  6.0136E+01,  8.9866E+02,  8.3933E+01,  3.3876E+03,  1.1549E+03,  2.0531E+05,  2.6753E+03,  6.5126E+03,  6.2580E+01,  1.5310E+02,  1.0015E+01,  2.5049E+01,  1.5023E+00,  1.5023E+01,  2.0031E+00,  1.0015E+01,  1.5023E+00,  5.0076E+00,  1.0015E+00,  2.5049E+00,  2.0031E-01,  1.0015E+00,  0.0000E+00,  4.5067E-01,  1.0015E-01,  3.0037E-01,  1.0015E-01,  3.5049E-01,  4.5067E-02,  1.0016E+00,  7.0116E-02,  1.5023E+00,  3.0037E-01,  1.3520E+00,  1.0016E-01,  1.0016E+00,  1.0016E-01,  2.5049E-01,  4.0058E-02,  2.0031E-01,  0.0000E+00,  5.0077E-02,  2.0031E-02,  1.0016E-01,  1.5023E-02,  1.0016E-01,  2.0031E-02,  5.0077E-02,  1.0016E-02,  4.5068E-02,  1.0016E-02,  4.0059E-02,  4.5068E-03,  5.0078E-02,  1.0016E-02,  1.5024E-01,  1.5024E-01,  3.0038E-01,  5.0078E-02,  5.0078E-02,  4.5069E-02,  5.0078E-01,  3.0038E-02,  0.0000E+00,  0.0000E+00,  0.0000E+00,  0.0000E+00,  0.0000E+00,  0.0000E+00,  1.0016E-02,  0.0000E+00,  6.0100E-03,  6.1551E+08,  2.7828E+07,  0.0000E+00,  0.0000E+00,  0.0000E+00,  2.6699E+05,  6.8526E+04,  5.7452E+05,  9.9828E+00,  4.6648E+04,  3.8189E+03,  4.5141E+04,  3.9985E+03,  7.8655E+04,  4.9898E+01,  2.1359E+04,  3.6783E+01,  3.8776E+02,  7.9776E+01,  2.7726E+04,  6.4110E+01,  9.5805E+02,  8.9480E+01,  3.6115E+03,  1.2312E+03,  2.1888E+05,  2.8521E+03,  6.9431E+03,  6.6716E+01,  1.6322E+02,  1.0677E+01,  2.6704E+01,  1.6016E+00,  1.6016E+01,  2.1354E+00,  1.0677E+01,  1.6016E+00,  5.3385E+00,  1.0677E+00,  2.6704E+00,  2.1354E-01,  1.0677E+00,  0.0000E+00,  4.8045E-01,  1.0677E-01,  3.2022E-01,  1.0677E-01,  3.7364E-01,  4.8045E-02,  1.0677E+00,  7.4749E-02,  1.6016E+00,  3.2022E-01,  1.4413E+00,  1.0677E-01,  1.0677E+00,  1.0677E-01,  2.6704E-01,  4.2705E-02,  2.1354E-01,  0.0000E+00,  5.3385E-02,  2.1354E-02,  1.0677E-01,  1.6016E-02,  1.0677E-01,  2.1354E-02,  5.3385E-02,  1.0677E-02,  4.8045E-02,  1.0677E-02,  4.2705E-02,  4.8045E-03,  5.3385E-02,  1.0677E-02,  1.6016E-01,  1.6016E-01,  3.2022E-01,  5.3385E-02,  5.3385E-02,  4.8045E-02,  5.3385E-01,  3.2022E-02,  0.0000E+00,  0.0000E+00,  0.0000E+00,  0.0000E+00,  0.0000E+00,  0.0000E+00,  1.0677E-02,  0.0000E+00,  6.4068E-03
  5.5000E-01,  8.2383E+08,  2.4650E+07,  0.0000E+00,  0.0000E+00,  0.0000E+00,  2.3665E+05,  6.0729E+04,  5.0401E+05,  8.8939E+00,  4.1559E+04,  3.4023E+03,  4.0217E+04,  3.5624E+03,  7.0075E+04,  4.4455E+01,  1.9029E+04,  3.2771E+01,  3.4547E+02,  7.1074E+01,  2.4323E+04,  5.7118E+01,  8.5356E+02,  7.9721E+01,  3.2176E+03,  1.0969E+03,  1.9501E+05,  2.5410E+03,  6.1857E+03,  5.9439E+01,  1.4542E+02,  9.5128E+00,  2.3791E+01,  1.4269E+00,  1.4269E+01,  1.9025E+00,  9.5129E+00,  1.4269E+00,  4.7563E+00,  9.5128E-01,  2.3791E+00,  1.9025E-01,  9.5128E-01,  0.0000E+00,  4.2805E-01,  9.5128E-02,  2.8530E-01,  9.5128E-02,  3.3290E-01,  4.2805E-02,  9.5129E-01,  6.6598E-02,  1.4269E+00,  2.8530E-01,  1.2842E+00,  9.5130E-02,  9.5130E-01,  9.5130E-02,  2.3792E-01,  3.8048E-02,  1.9026E-01,  0.0000E+00,  4.7564E-02,  1.9026E-02,  9.5130E-02,  1.4269E-02,  9.5131E-02,  1.9026E-02,  4.7564E-02,  9.5130E-03,  4.2806E-02,  9.5131E-03,  3.8048E-02,  4.2806E-03,  4.7565E-02,  9.5131E-03,  1.4270E-01,  1.4270E-01,  2.8530E-01,  4.7565E-02,  4.7565E-02,  4.2807E-02,  4.7565E-01,  2.8531E-02,  0.0000E+00,  0.0000E+00,  0.0000E+00,  0.0000E+00,  0.0000E+00,  0.0000E+00,  9.5133E-03,  0.0000E+00,  5.7084E-03,  5.5567E+08,  2.4580E+07,  0.0000E+00,  0.0000E+00,  0.0000E+00,  2.3585E+05,  6.0535E+04,  5.0692E+05,  8.8151E+00,  4.1192E+04,  3.3722E+03,  3.9861E+04,  3.5308E+03,  6.9455E+04,  4.4061E+01,  1.8860E+04,  3.2480E+01,  3.4240E+02,  7.0445E+01,  2.4463E+04,  5.6612E+01,  8.4600E+02,  7.9014E+01,  3.1891E+03,  1.0872E+03,  1.9328E+05,  2.5185E+03,  6.1310E+03,  5.8912E+01,  1.4413E+02,  9.4284E+00,  2.3580E+01,  1.4142E+00,  1.4142E+01,  1.8857E+00,  9.4284E+00,  1.4142E+00,  4.7141E+00,  9.4284E-01,  2.3580E+00,  1.8857E-01,  9.4284E-01,  0.0000E+00,  4.2425E-01,  9.4284E-02,  2.8276E-01,  9.4284E-02,  3.2994E-01,  4.2425E-02,  9.4284E-01,  6.6006E-02,  1.4142E+00,  2.8276E-01,  1.2728E+00,  9.4284E-02,  9.4284E-01,  9.4284E-02,  2.3580E-01,  3.7710E-02,  1.8857E-01,  0.0000E+00,  4.7141E-02,  1.8857E-02,  9.4284E-02,  1.4142E-02,  9.4284E-02,  1.8857E-02,  4.7141E-02,  9.4284E-03,  4.2425E-02,  9.4284E-03,  3.7710E-02,  4.2425E-03,  4.7141E-02,  9.4284E-03,  1.4142E-01,  1.4142E-01,  2.8276E-01,  4.7141E-02,  4.7141E-02,  4.2425E-02,  4.7141E-01,  2.8276E-02,  0.0000E+00,  0.0000E+00,  0.0000E+00,  0.0000E+00,  0.0000E+00,  0.0000E+00,  9.4284E-03,  0.0000E+00,  5.6574E-03
  6.3000E-01,  7.8239E+08,  2.2843E+07,  0.0000E+00,  0.0000E+00,  0.0000E+00,  2.1931E+05,  5.6279E+04,  4.6677E+05,  8.2460E+00,  3.8532E+04,  3.1545E+03,  3.7287E+04,  3.3028E+03,  6.4970E+04,  4.1216E+01,  1.7643E+04,  3.0383E+01,  3.2030E+02,  6.5896E+01,  2.2526E+04,  5.2957E+01,  7.9138E+02,  7.3913E+01,  2.9832E+03,  1.0170E+03,  1.8080E+05,  2.3559E+03,  5.7351E+03,  5.5109E+01,  1.3483E+02,  8.8197E+00,  2.2058E+01,  1.3230E+00,  1.3230E+01,  1.7639E+00,  8.8198E+00,  1.3230E+00,  4.4098E+00,  8.8198E-01,  2.2058E+00,  1.7639E-01,  8.8198E-01,  0.0000E+00,  3.9687E-01,  8.8198E-02,  2.6451E-01,  8.8198E-02,  3.0864E-01,  3.9687E-02,  8.8199E-01,  6.1746E-02,  1.3230E+00,  2.6452E-01,  1.1906E+00,  8.8200E-02,  8.8200E-01,  8.8200E-02,  2.2059E-01,  3.5276E-02,  1.7640E-01,  0.0000E+00,  4.4099E-02,  1.7640E-02,  8.8200E-02,  1.3230E-02,  8.8200E-02,  1.7640E-02,  4.4099E-02,  8.8200E-03,  3.9688E-02,  8.8200E-03,  3.5277E-02,  3.9688E-03,  4.4099E-02,  8.8201E-03,  1.3230E-01,  1.3230E-01,  2.6452E-01,  4.4100E-02,  4.4100E-02,  3.9688E-02,  4.4100E-01,  2.6452E-02,  0.0000E+00,  0.0000E+00,  0.0000E+00,  0.0000E+00,  0.0000E+00,  0.0000E+00,  8.8203E-03,  0.0000E+00,  5.2925E-03,  4.8032E+08,  2.0597E+07,  0.0000E+00,  0.0000E+00,  0.0000E+00,  1.9766E+05,  5.0731E+04,  4.2410E+05,  7.3834E+00,  3.4501E+04,  2.8245E+03,  3.3387E+04,  2.9574E+03,  5.8174E+04,  3.6905E+01,  1.5797E+04,  2.7205E+01,  2.8679E+02,  5.9003E+01,  2.0467E+04,  4.7417E+01,  7.0859E+02,  6.6181E+01,  2.6711E+03,  9.1063E+02,  1.6189E+05,  2.1095E+03,  5.1352E+03,  4.9344E+01,  1.2072E+02,  7.8970E+00,  1.9750E+01,  1.1845E+00,  1.1845E+01,  1.5794E+00,  7.8970E+00,  1.1845E+00,  3.9484E+00,  7.8970E-01,  1.9750E+00,  1.5794E-01,  7.8970E-01,  0.0000E+00,  3.5535E-01,  7.8970E-02,  2.3684E-01,  7.8970E-02,  2.7635E-01,  3.5535E-02,  7.8970E-01,  5.5285E-02,  1.1845E+00,  2.3684E-01,  1.0660E+00,  7.8970E-02,  7.8970E-01,  7.8970E-02,  1.9750E-01,  3.1585E-02,  1.5794E-01,  0.0000E+00,  3.9484E-02,  1.5794E-02,  7.8970E-02,  1.1845E-02,  7.8970E-02,  1.5794E-02,  3.9484E-02,  7.8970E-03,  3.5535E-02,  7.8970E-03,  3.1585E-02,  3.5535E-03,  3.9484E-02,  7.8970E-03,  1.1845E-01,  1.1845E-01,  2.3684E-01,  3.9484E-02,  3.9484E-02,  3.5535E-02,  3.9484E-01,  2.3684E-02,  0.0000E+00,  0.0000E+00,  0.0000E+00,  0.0000E+00,  0.0000E+00,  0.0000E+00,  7.8970E-03,  0.0000E+00,  4.7386E-03
  7.1000E-01,  7.4628E+08,  2.1314E+07,  0.0000E+00,  0.0000E+00,  0.0000E+00,  2.0464E+05,  5.2512E+04,  4.3531E+05,  7.6980E+00,  3.5971E+04,  2.9448E+03,  3.4809E+04,  3.0833E+03,  6.0652E+04,  3.8477E+01,  1.6470E+04,  2.8364E+01,  2.9901E+02,  6.1517E+01,  2.1007E+04,  4.9437E+01,  7.3878E+02,  6.9001E+01,  2.7850E+03,  9.4944E+02,  1.6879E+05,  2.1994E+03,  5.3540E+03,  5.1447E+01,  1.2587E+02,  8.2336E+00,  2.0592E+01,  1.2350E+00,  1.2350E+01,  1.6467E+00,  8.2337E+00,  1.2350E+00,  4.1168E+00,  8.2336E-01,  2.0592E+00,  1.6467E-01,  8.2336E-01,  0.0000E+00,  3.7049E-01,  8.2337E-02,  2.4693E-01,  8.2337E-02,  2.8813E-01,  3.7050E-02,  8.2338E-01,  5.7643E-02,  1.2351E+00,  2.4694E-01,  1.1115E+00,  8.2338E-02,  8.2339E-01,  8.2339E-02,  2.0593E-01,  3.2932E-02,  1.6467E-01,  0.0000E+00,  4.1168E-02,  1.6467E-02,  8.2339E-02,  1.2351E-02,  8.2339E-02,  1.6468E-02,  4.1169E-02,  8.2339E-03,  3.7051E-02,  8.2339E-03,  3.2932E-02,  3.7051E-03,  4.1169E-02,  8.2339E-03,  1.2351E-01,  1.2351E-01,  2.4694E-01,  4.1169E-02,  4.1169E-02,  3.7051E-02,  4.1169E-01,  2.4694E-02,  0.0000E+00,  0.0000E+00,  0.0000E+00,  0.0000E+00,  0.0000E+00,  0.0000E+00,  8.2341E-03,  0.0000E+00,  4.9408E-03,  4.2249E+08,  1.7629E+07,  0.0000E+00,  0.0000E+00,  0.0000E+00,  1.6919E+05,  4.3424E+04,  3.6247E+05,  6.3168E+00,  2.9517E+04,  2.4165E+03,  2.8564E+04,  2.5301E+03,  4.9770E+04,  3.1574E+01,  1.3515E+04,  2.3275E+01,  2.4536E+02,  5.0480E+01,  1.7493E+04,  4.0567E+01,  6.0623E+02,  5.6621E+01,  2.2853E+03,  7.7908E+02,  1.3850E+05,  1.8047E+03,  4.3934E+03,  4.2216E+01,  1.0328E+02,  6.7563E+00,  1.6897E+01,  1.0134E+00,  1.0134E+01,  1.3512E+00,  6.7563E+00,  1.0134E+00,  3.3781E+00,  6.7563E-01,  1.6897E+00,  1.3512E-01,  6.7563E-01,  0.0000E+00,  3.0401E-01,  6.7563E-02,  2.0262E-01,  6.7563E-02,  2.3643E-01,  3.0401E-02,  6.7563E-01,  4.7299E-02,  1.0134E+00,  2.0262E-01,  9.1204E-01,  6.7563E-02,  6.7563E-01,  6.7563E-02,  1.6897E-01,  2.7022E-02,  1.3512E-01,  0.0000E+00,  3.3781E-02,  1.3512E-02,  6.7563E-02,  1.0134E-02,  6.7563E-02,  1.3512E-02,  3.3781E-02,  6.7563E-03,  3.0401E-02,  6.7563E-03,  2.7022E-02,  3.0401E-03,  3.3781E-02,  6.7563E-03,  1.0134E-01,  1.0134E-01,  2.0262E-01,  3.3781E-02,  3.3781E-02,  3.0401E-02,  3.3781E-01,  2.0262E-02,  0.0000E+00,  0.0000E+00,  0.0000E+00,  0.0000E+00,  0.0000E+00,  0.0000E+00,  6.7563E-03,  0.0000E+00,  4.0540E-03
  8.0000E-01,  7.1054E+08,  1.9842E+07,  0.0000E+00,  0.0000E+00,  0.0000E+00,  1.9051E+05,  4.8885E+04,  4.0505E+05,  7.1704E+00,  3.3506E+04,  2.7430E+03,  3.2424E+04,  2.8721E+03,  5.6496E+04,  3.5840E+01,  1.5341E+04,  2.6420E+01,  2.7852E+02,  5.7301E+01,  1.9547E+04,  4.6049E+01,  6.8816E+02,  6.4273E+01,  2.5941E+03,  8.8437E+02,  1.5722E+05,  2.0486E+03,  4.9871E+03,  4.7921E+01,  1.1724E+02,  7.6694E+00,  1.9181E+01,  1.1504E+00,  1.1504E+01,  1.5339E+00,  7.6695E+00,  1.1504E+00,  3.8347E+00,  7.6694E-01,  1.9181E+00,  1.5339E-01,  7.6694E-01,  0.0000E+00,  3.4511E-01,  7.6694E-02,  2.3001E-01,  7.6695E-02,  2.6839E-01,  3.4511E-02,  7.6696E-01,  5.3693E-02,  1.1504E+00,  2.3002E-01,  1.0353E+00,  7.6696E-02,  7.6697E-01,  7.6697E-02,  1.9182E-01,  3.0675E-02,  1.5339E-01,  0.0000E+00,  3.8347E-02,  1.5339E-02,  7.6697E-02,  1.1504E-02,  7.6697E-02,  1.5339E-02,  3.8348E-02,  7.6697E-03,  3.4512E-02,  7.6697E-03,  3.0676E-02,  3.4512E-03,  3.8348E-02,  7.6697E-03,  1.1505E-01,  1.1505E-01,  2.3002E-01,  3.8348E-02,  3.8348E-02,  3.4512E-02,  3.8348E-01,  2.3002E-02,  0.0000E+00,  0.0000E+00,  0.0000E+00,  0.0000E+00,  0.0000E+00,  0.0000E+00,  7.6699E-03,  0.0000E+00,  4.6023E-03,  3.7171E+08,  1.5092E+07,  0.0000E+00,  0.0000E+00,  0.0000E+00,  1.4485E+05,  3.7179E+04,  3.0988E+05,  5.4057E+00,  2.5260E+04,  2.0679E+03,  2.4444E+04,  2.1652E+03,  4.2592E+04,  2.7020E+01,  1.1566E+04,  1.9918E+01,  2.0997E+02,  4.3199E+01,  1.4955E+04,  3.4716E+01,  5.1879E+02,  4.8454E+01,  1.9557E+03,  6.6671E+02,  1.1853E+05,  1.5444E+03,  3.7597E+03,  3.6127E+01,  8.8385E+01,  5.7818E+00,  1.4460E+01,  8.6726E-01,  8.6726E+00,  1.1563E+00,  5.7818E+00,  8.6726E-01,  2.8908E+00,  5.7818E-01,  1.4460E+00,  1.1563E-01,  5.7818E-01,  0.0000E+00,  2.6016E-01,  5.7818E-02,  1.7340E-01,  5.7818E-02,  2.0233E-01,  2.6016E-02,  5.7818E-01,  4.0477E-02,  8.6726E-01,  1.7340E-01,  7.8049E-01,  5.7818E-02,  5.7818E-01,  5.7818E-02,  1.4460E-01,  2.3125E-02,  1.1563E-01,  0.0000E+00,  2.8908E-02,  1.1563E-02,  5.7818E-02,  8.6726E-03,  5.7818E-02,  1.1563E-02,  2.8908E-02,  5.7818E-03,  2.6016E-02,  5.7818E-03,  2.3125E-02,  2.6016E-03,  2.8908E-02,  5.7818E-03,  8.6726E-02,  8.6726E-02,  1.7340E-01,  2.8908E-02,  2.8908E-02,  2.6016E-02,  2.8908E-01,  1.7340E-02,  0.0000E+00,  0.0000E+00,  0.0000E+00,  0.0000E+00,  0.0000E+00,  0.0000E+00,  5.7818E-03,  0.0000E+00,  3.4693E-03
  9.0000E-01,  6.7558E+08,  1.8440E+07,  0.0000E+00,  0.0000E+00,  0.0000E+00,  1.7705E+05,  4.5431E+04,  3.7628E+05,  6.6684E+00,  3.1160E+04,  2.5510E+03,  3.0154E+04,  2.6710E+03,  5.2540E+04,  3.3331E+01,  1.4267E+04,  2.4570E+01,  2.5902E+02,  5.3289E+01,  1.8159E+04,  4.2825E+01,  6.3997E+02,  5.9773E+01,  2.4125E+03,  8.2245E+02,  1.4621E+05,  1.9052E+03,  4.6379E+03,  4.4566E+01,  1.0903E+02,  7.1324E+00,  1.7838E+01,  1.0699E+00,  1.0699E+01,  1.4265E+00,  7.1325E+00,  1.0699E+00,  3.5662E+00,  7.1324E-01,  1.7838E+00,  1.4265E-01,  7.1325E-01,  0.0000E+00,  3.2094E-01,  7.1325E-02,  2.1391E-01,  7.1325E-02,  2.4960E-01,  3.2095E-02,  7.1326E-01,  4.9933E-02,  1.0699E+00,  2.1391E-01,  9.6285E-01,  7.1326E-02,  7.1327E-01,  7.1327E-02,  1.7839E-01,  2.8527E-02,  1.4265E-01,  0.0000E+00,  3.5663E-02,  1.4265E-02,  7.1327E-02,  1.0699E-02,  7.1327E-02,  1.4265E-02,  3.5663E-02,  7.1327E-03,  3.2095E-02,  7.1327E-03,  2.8528E-02,  3.2095E-03,  3.5663E-02,  7.1327E-03,  1.0699E-01,  1.0699E-01,  2.1392E-01,  3.5663E-02,  3.5663E-02,  3.2096E-02,  3.5663E-01,  2.1392E-02,  0.0000E+00,  0.0000E+00,  0.0000E+00,  0.0000E+00,  0.0000E+00,  0.0000E+00,  7.1329E-03,  0.0000E+00,  4.2801E-03,  3.2758E+08,  1.2946E+07,  0.0000E+00,  0.0000E+00,  0.0000E+00,  1.2427E+05,  3.1897E+04,  2.6547E+05,  4.6355E+00,  2.1661E+04,  1.7733E+03,  2.0961E+04,  1.8567E+03,  3.6523E+04,  2.3170E+01,  9.9178E+03,  1.7080E+01,  1.8005E+02,  3.7043E+01,  1.2811E+04,  2.9769E+01,  4.4487E+02,  4.1550E+01,  1.6770E+03,  5.7171E+02,  1.0164E+05,  1.3244E+03,  3.2240E+03,  3.0979E+01,  7.5791E+01,  4.9579E+00,  1.2400E+01,  7.4368E-01,  7.4368E+00,  9.9157E-01,  4.9579E+00,  7.4368E-01,  2.4789E+00,  4.9579E-01,  1.2400E+00,  9.9157E-02,  4.9579E-01,  0.0000E+00,  2.2309E-01,  4.9579E-02,  1.4869E-01,  4.9579E-02,  1.7350E-01,  2.2309E-02,  4.9579E-01,  3.4709E-02,  7.4368E-01,  1.4869E-01,  6.6928E-01,  4.9579E-02,  4.9579E-01,  4.9579E-02,  1.2400E-01,  1.9830E-02,  9.9157E-02,  0.0000E+00,  2.4789E-02,  9.9157E-03,  4.9579E-02,  7.4368E-03,  4.9579E-02,  9.9157E-03,  2.4789E-02,  4.9579E-03,  2.2309E-02,  4.9579E-03,  1.9830E-02,  2.2309E-03,  2.4789E-02,  4.9579E-03,  7.4368E-02,  7.4368E-02,  1.4869E-01,  2.4789E-02,  2.4789E-02,  2.2309E-02,  2.4789E-01,  1.4869E-02,  0.0000E+00,  0.0000E+00,  0.0000E+00,  0.0000E+00,  0.0000E+00,  0.0000E+00,  4.9579E-03,  0.0000E+00,  2.9750E-03
  1.0000E+00,  6.4457E+08,  1.7228E+07,  0.0000E+00,  0.0000E+00,  0.0000E+00,  1.6542E+05,  4.2446E+04,  3.5145E+05,  6.2346E+00,  2.9133E+04,  2.3850E+03,  2.8192E+04,  2.4972E+03,  4.9122E+04,  3.1163E+01,  1.3339E+04,  2.2972E+01,  2.4217E+02,  4.9823E+01,  1.6961E+04,  4.0040E+01,  5.9835E+02,  5.5885E+01,  2.2556E+03,  7.6895E+02,  1.3670E+05,  1.7813E+03,  4.3362E+03,  4.1667E+01,  1.0194E+02,  6.6685E+00,  1.6678E+01,  1.0003E+00,  1.0003E+01,  1.3337E+00,  6.6686E+00,  1.0003E+00,  3.3342E+00,  6.6685E-01,  1.6678E+00,  1.3337E-01,  6.6685E-01,  0.0000E+00,  3.0007E-01,  6.6685E-02,  1.9999E-01,  6.6685E-02,  2.3336E-01,  3.0007E-02,  6.6686E-01,  4.6685E-02,  1.0003E+00,  2.0000E-01,  9.0022E-01,  6.6687E-02,  6.6688E-01,  6.6687E-02,  1.6678E-01,  2.6672E-02,  1.3337E-01,  0.0000E+00,  3.3343E-02,  1.3337E-02,  6.6688E-02,  1.0003E-02,  6.6688E-02,  1.3337E-02,  3.3343E-02,  6.6687E-03,  3.0008E-02,  6.6688E-03,  2.6672E-02,  3.0008E-03,  3.3343E-02,  6.6688E-03,  1.0003E-01,  1.0003E-01,  2.0000E-01,  3.3343E-02,  3.3344E-02,  3.0008E-02,  3.3344E-01,  2.0000E-02,  0.0000E+00,  0.0000E+00,  0.0000E+00,  0.0000E+00,  0.0000E+00,  0.0000E+00,  6.6690E-03,  0.0000E+00,  4.0017E-03,  2.9256E+08,  1.1287E+07,  0.0000E+00,  0.0000E+00,  0.0000E+00,  1.0835E+05,  2.7811E+04,  2.3116E+05,  4.0399E+00,  1.8878E+04,  1.5455E+03,  1.8268E+04,  1.6182E+03,  3.1831E+04,  2.0193E+01,  8.6436E+03,  1.4886E+01,  1.5692E+02,  3.2284E+01,  1.1155E+04,  2.5945E+01,  3.8771E+02,  3.6212E+01,  1.4615E+03,  4.9826E+02,  8.8580E+04,  1.1542E+03,  2.8098E+03,  2.6999E+01,  6.6054E+01,  4.3210E+00,  1.0807E+01,  6.4814E-01,  6.4814E+00,  8.6419E-01,  4.3210E+00,  6.4814E-01,  2.1604E+00,  4.3210E-01,  1.0807E+00,  8.6419E-02,  4.3210E-01,  0.0000E+00,  1.9443E-01,  4.3210E-02,  1.2959E-01,  4.3210E-02,  1.5121E-01,  1.9443E-02,  4.3210E-01,  3.0250E-02,  6.4814E-01,  1.2959E-01,  5.8330E-01,  4.3210E-02,  4.3210E-01,  4.3210E-02,  1.0807E-01,  1.7282E-02,  8.6419E-02,  0.0000E+00,  2.1604E-02,  8.6419E-03,  4.3210E-02,  6.4814E-03,  4.3210E-02,  8.6419E-03,  2.1604E-02,  4.3210E-03,  1.9443E-02,  4.3210E-03,  1.7282E-02,  1.9443E-03,  2.1604E-02,  4.3210E-03,  6.4814E-02,  6.4814E-02,  1.2959E-01,  2.1604E-02,  2.1604E-02,  1.9443E-02,  2.1604E-01,  1.2959E-02,  0.0000E+00,  0.0000E+00,  0.0000E+00,  0.0000E+00,  0.0000E+00,  0.0000E+00,  4.3210E-03,  0.0000E+00,  2.5928E-03
  1.1000E+00,  6.1674E+08,  1.6165E+07,  0.0000E+00,  0.0000E+00,  0.0000E+00,  1.5521E+05,  3.9827E+04,  3.2970E+05,  5.8543E+00,  2.7356E+04,  2.2395E+03,  2.6472E+04,  2.3449E+03,  4.6125E+04,  2.9262E+01,  1.2525E+04,  2.1571E+01,  2.2740E+02,  4.6783E+01,  1.5911E+04,  3.7597E+01,  5.6184E+02,  5.2475E+01,  2.1179E+03,  7.2204E+02,  1.2836E+05,  1.6726E+03,  4.0717E+03,  3.9125E+01,  9.5720E+01,  6.2616E+00,  1.5660E+01,  9.3924E-01,  9.3925E+00,  1.2523E+00,  6.2617E+00,  9.3925E-01,  3.1308E+00,  6.2617E-01,  1.5660E+00,  1.2523E-01,  6.2617E-01,  0.0000E+00,  2.8176E-01,  6.2617E-02,  1.8779E-01,  6.2617E-02,  2.1913E-01,  2.8176E-02,  6.2618E-01,  4.3837E-02,  9.3928E-01,  1.8780E-01,  8.4531E-01,  6.2619E-02,  6.2619E-01,  6.2619E-02,  1.5661E-01,  2.5045E-02,  1.2524E-01,  0.0000E+00,  3.1309E-02,  1.2524E-02,  6.2619E-02,  9.3928E-03,  6.2619E-02,  1.2524E-02,  3.1309E-02,  6.2619E-03,  2.8177E-02,  6.2619E-03,  2.5045E-02,  2.8177E-03,  3.1309E-02,  6.2620E-03,  9.3930E-02,  9.3929E-02,  1.8780E-01,  3.1309E-02,  3.1309E-02,  2.8178E-02,  3.1310E-01,  1.8780E-02,  0.0000E+00,  0.0000E+00,  0.0000E+00,  0.0000E+00,  0.0000E+00,  0.0000E+00,  6.2622E-03,  0.0000E+00,  3.7576E-03,  2.6412E+08,  9.9698E+06,  0.0000E+00,  0.0000E+00,  0.0000E+00,  9.5718E+04,  2.4568E+04,  2.0396E+05,  3.5674E+00,  1.6670E+04,  1.3647E+03,  1.6132E+04,  1.4289E+03,  2.8108E+04,  1.7831E+01,  7.6326E+03,  1.3144E+01,  1.3857E+02,  2.8508E+01,  9.8427E+03,  2.2910E+01,  3.4237E+02,  3.1976E+01,  1.2906E+03,  4.3998E+02,  7.8219E+04,  1.0192E+03,  2.4811E+03,  2.3841E+01,  5.8328E+01,  3.8156E+00,  9.5427E+00,  5.7233E-01,  5.7233E+00,  7.6311E-01,  3.8156E+00,  5.7233E-01,  1.9077E+00,  3.8156E-01,  9.5427E-01,  7.6311E-02,  3.8156E-01,  0.0000E+00,  1.7169E-01,  3.8156E-02,  1.1443E-01,  3.8156E-02,  1.3352E-01,  1.7169E-02,  3.8156E-01,  2.6712E-02,  5.7233E-01,  1.1443E-01,  5.1507E-01,  3.8156E-02,  3.8156E-01,  3.8156E-02,  9.5427E-02,  1.5261E-02,  7.6311E-02,  0.0000E+00,  1.9077E-02,  7.6311E-03,  3.8156E-02,  5.7233E-03,  3.8156E-02,  7.6311E-03,  1.9077E-02,  3.8156E-03,  1.7169E-02,  3.8156E-03,  1.5261E-02,  1.7169E-03,  1.9077E-02,  3.8156E-03,  5.7233E-02,  5.7233E-02,  1.1443E-01,  1.9077E-02,  1.9077E-02,  1.7169E-02,  1.9077E-01,  1.1443E-02,  0.0000E+00,  0.0000E+00,  0.0000E+00,  0.0000E+00,  0.0000E+00,  0.0000E+00,  3.8156E-03,  0.0000E+00,  2.2895E-03
  1.2000E+00,  5.9150E+08,  1.5222E+07,  0.0000E+00,  0.0000E+00,  0.0000E+00,  1.4615E+05,  3.7502E+04,  3.1040E+05,  5.5167E+00,  2.5778E+04,  2.1104E+03,  2.4946E+04,  2.2096E+03,  4.3465E+04,  2.7574E+01,  1.1803E+04,  2.0327E+01,  2.1429E+02,  4.4085E+01,  1.4980E+04,  3.5429E+01,  5.2944E+02,  4.9449E+01,  1.9958E+03,  6.8041E+02,  1.2096E+05,  1.5761E+03,  3.8369E+03,  3.6869E+01,  9.0200E+01,  5.9006E+00,  1.4757E+01,  8.8508E-01,  8.8509E+00,  1.1801E+00,  5.9007E+00,  8.8509E-01,  2.9503E+00,  5.9006E-01,  1.4757E+00,  1.1801E-01,  5.9006E-01,  0.0000E+00,  2.6551E-01,  5.9006E-02,  1.7696E-01,  5.9006E-02,  2.0649E-01,  2.6552E-02,  5.9007E-01,  4.1310E-02,  8.8512E-01,  1.7697E-01,  7.9656E-01,  5.9008E-02,  5.9008E-01,  5.9008E-02,  1.4758E-01,  2.3601E-02,  1.1801E-01,  0.0000E+00,  2.9503E-02,  1.1801E-02,  5.9009E-02,  8.8512E-03,  5.9009E-02,  1.1802E-02,  2.9504E-02,  5.9008E-03,  2.6552E-02,  5.9009E-03,  2.3601E-02,  2.6552E-03,  2.9504E-02,  5.9009E-03,  8.8513E-02,  8.8513E-02,  1.7697E-01,  2.9504E-02,  2.9504E-02,  2.6553E-02,  2.9504E-01,  1.7697E-02,  0.0000E+00,  0.0000E+00,  0.0000E+00,  0.0000E+00,  0.0000E+00,  0.0000E+00,  5.9011E-03,  0.0000E+00,  3.5409E-03,  2.4057E+08,  8.9021E+06,  0.0000E+00,  0.0000E+00,  0.0000E+00,  8.5473E+04,  2.1938E+04,  1.8193E+05,  3.1844E+00,  1.4880E+04,  1.2182E+03,  1.4400E+04,  1.2755E+03,  2.5090E+04,  1.5917E+01,  6.8133E+03,  1.1733E+01,  1.2369E+02,  2.5448E+01,  8.7797E+03,  2.0451E+01,  3.0561E+02,  2.8544E+01,  1.1521E+03,  3.9275E+02,  6.9822E+04,  9.0981E+02,  2.2148E+03,  2.1282E+01,  5.2067E+01,  3.4060E+00,  8.5183E+00,  5.1089E-01,  5.1089E+00,  6.8119E-01,  3.4060E+00,  5.1089E-01,  1.7029E+00,  3.4060E-01,  8.5183E-01,  6.8119E-02,  3.4060E-01,  0.0000E+00,  1.5326E-01,  3.4060E-02,  1.0215E-01,  3.4060E-02,  1.1919E-01,  1.5326E-02,  3.4060E-01,  2.3844E-02,  5.1089E-01,  1.0215E-01,  4.5978E-01,  3.4060E-02,  3.4060E-01,  3.4060E-02,  8.5183E-02,  1.3622E-02,  6.8119E-02,  0.0000E+00,  1.7029E-02,  6.8119E-03,  3.4060E-02,  5.1089E-03,  3.4060E-02,  6.8119E-03,  1.7029E-02,  3.4060E-03,  1.5326E-02,  3.4060E-03,  1.3622E-02,  1.5326E-03,  1.7029E-02,  3.4060E-03,  5.1089E-02,  5.1089E-02,  1.0215E-01,  1.7029E-02,  1.7029E-02,  1.5326E-02,  1.7029E-01,  1.0215E-02,  0.0000E+00,  0.0000E+00,  0.0000E+00,  0.0000E+00,  0.0000E+00,  0.0000E+00,  3.4060E-03,  0.0000E+00,  2.0437E-03
  1.4000E+00,  5.4706E+08,  1.3603E+07,  0.0000E+00,  0.0000E+00,  0.0000E+00,  1.3061E+05,  3.3513E+04,  2.7735E+05,  4.9378E+00,  2.3073E+04,  1.8889E+03,  2.2328E+04,  1.9778E+03,  3.8905E+04,  2.4681E+01,  1.0565E+04,  1.8194E+01,  1.9180E+02,  3.9459E+01,  1.3385E+04,  3.1711E+01,  4.7389E+02,  4.4261E+01,  1.7864E+03,  6.0901E+02,  1.0827E+05,  1.4108E+03,  3.4343E+03,  3.3000E+01,  8.0736E+01,  5.2814E+00,  1.3209E+01,  7.9221E-01,  7.9222E+00,  1.0563E+00,  5.2815E+00,  7.9222E-01,  2.6407E+00,  5.2815E-01,  1.3209E+00,  1.0563E-01,  5.2815E-01,  0.0000E+00,  2.3765E-01,  5.2815E-02,  1.5840E-01,  5.2815E-02,  1.8482E-01,  2.3766E-02,  5.2816E-01,  3.6975E-02,  7.9225E-01,  1.5840E-01,  7.1299E-01,  5.2817E-02,  5.2817E-01,  5.2817E-02,  1.3209E-01,  2.1124E-02,  1.0563E-01,  0.0000E+00,  2.6408E-02,  1.0563E-02,  5.2817E-02,  7.9225E-03,  5.2817E-02,  1.0563E-02,  2.6408E-02,  5.2817E-03,  2.3767E-02,  5.2817E-03,  2.1125E-02,  2.3767E-03,  2.6408E-02,  5.2818E-03,  7.9227E-02,  7.9226E-02,  1.5840E-01,  2.6408E-02,  2.6409E-02,  2.3767E-02,  2.6409E-01,  1.5841E-02,  0.0000E+00,  0.0000E+00,  0.0000E+00,  0.0000E+00,  0.0000E+00,  0.0000E+00,  5.2820E-03,  0.0000E+00,  3.1694E-03,  2.0389E+08,  7.2834E+06,  0.0000E+00,  0.0000E+00,  0.0000E+00,  6.9940E+04,  1.7952E+04,  1.4858E+05,  2.6041E+00,  1.2169E+04,  9.9619E+02,  1.1776E+04,  1.0431E+03,  2.0518E+04,  1.3016E+01,  5.5716E+03,  9.5951E+00,  1.0115E+02,  2.0810E+01,  7.1704E+03,  1.6724E+01,  2.4992E+02,  2.3342E+01,  9.4211E+02,  3.2118E+02,  5.7098E+04,  7.4400E+02,  1.8112E+03,  1.7404E+01,  4.2578E+01,  2.7853E+00,  6.9659E+00,  4.1779E-01,  4.1779E+00,  5.5705E-01,  2.7853E+00,  4.1779E-01,  1.3926E+00,  2.7853E-01,  6.9659E-01,  5.5705E-02,  2.7853E-01,  0.0000E+00,  1.2533E-01,  2.7853E-02,  8.3532E-02,  2.7853E-02,  9.7468E-02,  1.2533E-02,  2.7853E-01,  1.9499E-02,  4.1779E-01,  8.3532E-02,  3.7599E-01,  2.7853E-02,  2.7853E-01,  2.7853E-02,  6.9659E-02,  1.1140E-02,  5.5705E-02,  0.0000E+00,  1.3926E-02,  5.5705E-03,  2.7853E-02,  4.1779E-03,  2.7853E-02,  5.5705E-03,  1.3926E-02,  2.7853E-03,  1.2533E-02,  2.7853E-03,  1.1140E-02,  1.2533E-03,  1.3926E-02,  2.7853E-03,  4.1779E-02,  4.1779E-02,  8.3532E-02,  1.3926E-02,  1.3926E-02,  1.2533E-02,  1.3926E-01,  8.3532E-03,  0.0000E+00,  0.0000E+00,  0.0000E+00,  0.0000E+00,  0.0000E+00,  0.0000E+00,  2.7853E-03,  0.0000E+00,  1.6713E-03
  1.6000E+00,  5.0900E+08,  1.2263E+07,  0.0000E+00,  0.0000E+00,  0.0000E+00,  1.1774E+05,  3.0209E+04,  2.5002E+05,  4.4586E+00,  2.0834E+04,  1.7056E+03,  2.0161E+04,  1.7859E+03,  3.5129E+04,  2.2286E+01,  9.5393E+03,  1.6428E+01,  1.7319E+02,  3.5630E+01,  1.2066E+04,  2.8634E+01,  4.2790E+02,  3.9966E+01,  1.6130E+03,  5.4991E+02,  9.7761E+04,  1.2739E+03,  3.1010E+03,  2.9798E+01,  7.2901E+01,  4.7689E+00,  1.1927E+01,  7.1534E-01,  7.1535E+00,  9.5378E-01,  4.7690E+00,  7.1535E-01,  2.3845E+00,  4.7690E-01,  1.1927E+00,  9.5378E-02,  4.7690E-01,  0.0000E+00,  2.1459E-01,  4.7690E-02,  1.4303E-01,  4.7690E-02,  1.6689E-01,  2.1459E-02,  4.7691E-01,  3.3387E-02,  7.1538E-01,  1.4303E-01,  6.4380E-01,  4.7692E-02,  4.7692E-01,  4.7692E-02,  1.1928E-01,  1.9074E-02,  9.5382E-02,  0.0000E+00,  2.3845E-02,  9.5382E-03,  4.7692E-02,  7.1538E-03,  4.7692E-02,  9.5384E-03,  2.3846E-02,  4.7692E-03,  2.1460E-02,  4.7692E-03,  1.9075E-02,  2.1460E-03,  2.3846E-02,  4.7693E-03,  7.1539E-02,  7.1539E-02,  1.4303E-01,  2.3846E-02,  2.3846E-02,  2.1461E-02,  2.3846E-01,  1.4304E-02,  0.0000E+00,  0.0000E+00,  0.0000E+00,  0.0000E+00,  0.0000E+00,  0.0000E+00,  4.7695E-03,  0.0000E+00,  2.8619E-03,  1.7668E+08,  6.1212E+06,  0.0000E+00,  0.0000E+00,  0.0000E+00,  5.8787E+04,  1.5089E+04,  1.2468E+05,  2.1876E+00,  1.0222E+04,  8.3687E+02,  9.8923E+03,  8.7624E+02,  1.7236E+04,  1.0935E+01,  4.6805E+03,  8.0606E+00,  8.4973E+01,  1.7482E+01,  6.0169E+03,  1.4049E+01,  2.0995E+02,  1.9609E+01,  7.9143E+02,  2.6981E+02,  4.7966E+04,  6.2501E+02,  1.5215E+03,  1.4620E+01,  3.5768E+01,  2.3398E+00,  5.8519E+00,  3.5097E-01,  3.5097E+00,  4.6796E-01,  2.3398E+00,  3.5097E-01,  1.1699E+00,  2.3398E-01,  5.8519E-01,  4.6796E-02,  2.3398E-01,  0.0000E+00,  1.0529E-01,  2.3398E-02,  7.0172E-02,  2.3398E-02,  8.1880E-02,  1.0529E-02,  2.3398E-01,  1.6380E-02,  3.5097E-01,  7.0172E-02,  3.1586E-01,  2.3398E-02,  2.3398E-01,  2.3398E-02,  5.8519E-02,  9.3583E-03,  4.6796E-02,  0.0000E+00,  1.1699E-02,  4.6796E-03,  2.3398E-02,  3.5097E-03,  2.3398E-02,  4.6796E-03,  1.1699E-02,  2.3398E-03,  1.0529E-02,  2.3398E-03,  9.3583E-03,  1.0529E-03,  1.1699E-02,  2.3398E-03,  3.5097E-02,  3.5097E-02,  7.0172E-02,  1.1699E-02,  1.1699E-02,  1.0529E-02,  1.1699E-01,  7.0172E-03,  0.0000E+00,  0.0000E+00,  0.0000E+00,  0.0000E+00,  0.0000E+00,  0.0000E+00,  2.3398E-03,  0.0000E+00,  1.4040E-03
  1.8000E+00,  4.7576E+08,  1.1125E+07,  0.0000E+00,  0.0000E+00,  0.0000E+00,  1.0682E+05,  2.7405E+04,  2.2688E+05,  4.0523E+00,  1.8935E+04,  1.5502E+03,  1.8324E+04,  1.6231E+03,  3.1927E+04,  2.0255E+01,  8.6699E+03,  1.4931E+01,  1.5740E+02,  3.2383E+01,  1.0949E+04,  2.6024E+01,  3.8891E+02,  3.6323E+01,  1.4660E+03,  4.9980E+02,  8.8851E+04,  1.1578E+03,  2.8184E+03,  2.7082E+01,  6.6257E+01,  4.3343E+00,  1.0840E+01,  6.5015E-01,  6.5016E+00,  8.6686E-01,  4.3344E+00,  6.5015E-01,  2.1671E+00,  4.3343E-01,  1.0840E+00,  8.6686E-02,  4.3343E-01,  0.0000E+00,  1.9504E-01,  4.3344E-02,  1.2999E-01,  4.3344E-02,  1.5168E-01,  1.9504E-02,  4.3345E-01,  3.0345E-02,  6.5018E-01,  1.2999E-01,  5.8513E-01,  4.3345E-02,  4.3346E-01,  4.3346E-02,  1.0841E-01,  1.7336E-02,  8.6689E-02,  0.0000E+00,  2.1672E-02,  8.6690E-03,  4.3346E-02,  6.5018E-03,  4.3346E-02,  8.6691E-03,  2.1673E-02,  4.3346E-03,  1.9505E-02,  4.3346E-03,  1.7337E-02,  1.9505E-03,  2.1673E-02,  4.3346E-03,  6.5020E-02,  6.5020E-02,  1.3000E-01,  2.1673E-02,  2.1673E-02,  1.9505E-02,  2.1673E-01,  1.3000E-02,  0.0000E+00,  0.0000E+00,  0.0000E+00,  0.0000E+00,  0.0000E+00,  0.0000E+00,  4.3348E-03,  0.0000E+00,  2.6011E-03,  1.5570E+08,  5.2510E+06,  0.0000E+00,  0.0000E+00,  0.0000E+00,  5.0434E+04,  1.2945E+04,  1.0681E+05,  1.8759E+00,  8.7658E+03,  7.1762E+02,  8.4828E+03,  7.5138E+02,  1.4780E+04,  9.3765E+00,  4.0136E+03,  6.9120E+00,  7.2866E+01,  1.4991E+01,  5.1544E+03,  1.2047E+01,  1.8003E+02,  1.6815E+01,  6.7866E+02,  2.3137E+02,  4.1131E+04,  5.3596E+02,  1.3047E+03,  1.2537E+01,  3.0672E+01,  2.0064E+00,  5.0180E+00,  3.0096E-01,  3.0096E+00,  4.0128E-01,  2.0064E+00,  3.0096E-01,  1.0032E+00,  2.0064E-01,  5.0180E-01,  4.0128E-02,  2.0064E-01,  0.0000E+00,  9.0284E-02,  2.0064E-02,  6.0174E-02,  2.0064E-02,  7.0213E-02,  9.0284E-03,  2.0064E-01,  1.4046E-02,  3.0096E-01,  6.0174E-02,  2.7085E-01,  2.0064E-02,  2.0064E-01,  2.0064E-02,  5.0180E-02,  8.0248E-03,  4.0128E-02,  0.0000E+00,  1.0032E-02,  4.0128E-03,  2.0064E-02,  3.0096E-03,  2.0064E-02,  4.0128E-03,  1.0032E-02,  2.0064E-03,  9.0284E-03,  2.0064E-03,  8.0248E-03,  9.0284E-04,  1.0032E-02,  2.0064E-03,  3.0096E-02,  3.0096E-02,  6.0174E-02,  1.0032E-02,  1.0032E-02,  9.0284E-03,  1.0032E-01,  6.0174E-03,  0.0000E+00,  0.0000E+00,  0.0000E+00,  0.0000E+00,  0.0000E+00,  0.0000E+00,  2.0064E-03,  0.0000E+00,  1.2039E-03
  2.0000E+00,  4.4629E+08,  1.0142E+07,  0.0000E+00,  0.0000E+00,  0.0000E+00,  9.7378E+04,  2.4982E+04,  2.0689E+05,  3.7012E+00,  1.7295E+04,  1.4159E+03,  1.6736E+04,  1.4825E+03,  2.9161E+04,  1.8500E+01,  7.9188E+03,  1.3637E+01,  1.4377E+02,  2.9577E+01,  9.9845E+03,  2.3770E+01,  3.5521E+02,  3.3176E+01,  1.3390E+03,  4.5649E+02,  8.1153E+04,  1.0575E+03,  2.5742E+03,  2.4736E+01,  6.0517E+01,  3.9588E+00,  9.9010E+00,  5.9382E-01,  5.9383E+00,  7.9176E-01,  3.9589E+00,  5.9383E-01,  1.9794E+00,  3.9588E-01,  9.9010E-01,  7.9176E-02,  3.9588E-01,  0.0000E+00,  1.7814E-01,  3.9588E-02,  1.1873E-01,  3.9589E-02,  1.3854E-01,  1.7814E-02,  3.9590E-01,  2.7716E-02,  5.9386E-01,  1.1873E-01,  5.3444E-01,  3.9590E-02,  3.9591E-01,  3.9591E-02,  9.9015E-02,  1.5834E-02,  7.9179E-02,  0.0000E+00,  1.9795E-02,  7.9180E-03,  3.9591E-02,  5.9386E-03,  3.9591E-02,  7.9181E-03,  1.9795E-02,  3.9591E-03,  1.7815E-02,  3.9591E-03,  1.5835E-02,  1.7815E-03,  1.9795E-02,  3.9591E-03,  5.9387E-02,  5.9387E-02,  1.1874E-01,  1.9795E-02,  1.9796E-02,  1.7815E-02,  1.9796E-01,  1.1874E-02,  0.0000E+00,  0.0000E+00,  0.0000E+00,  0.0000E+00,  0.0000E+00,  0.0000E+00,  3.9593E-03,  0.0000E+00,  2.3758E-03,  1.3905E+08,  4.5780E+06,  0.0000E+00,  0.0000E+00,  0.0000E+00,  4.3974E+04,  1.1287E+04,  9.3004E+04,  1.6349E+00,  7.6397E+03,  6.2543E+02,  7.3930E+03,  6.5485E+02,  1.2882E+04,  8.1719E+00,  3.4980E+03,  6.0240E+00,  6.3504E+01,  1.3065E+01,  4.4883E+03,  1.0500E+01,  1.5690E+02,  1.4654E+01,  5.9147E+02,  2.0164E+02,  3.5847E+04,  4.6710E+02,  1.1371E+03,  1.0926E+01,  2.6731E+01,  1.7486E+00,  4.3734E+00,  2.6230E-01,  2.6230E+00,  3.4973E-01,  1.7486E+00,  2.6230E-01,  8.7431E-01,  1.7486E-01,  4.3734E-01,  3.4973E-02,  1.7486E-01,  0.0000E+00,  7.8685E-02,  1.7486E-02,  5.2443E-02,  1.7486E-02,  6.1193E-02,  7.8685E-03,  1.7486E-01,  1.2242E-02,  2.6230E-01,  5.2443E-02,  2.3605E-01,  1.7486E-02,  1.7486E-01,  1.7486E-02,  4.3734E-02,  6.9939E-03,  3.4973E-02,  0.0000E+00,  8.7431E-03,  3.4973E-03,  1.7486E-02,  2.6230E-03,  1.7486E-02,  3.4973E-03,  8.7431E-03,  1.7486E-03,  7.8685E-03,  1.7486E-03,  6.9939E-03,  7.8685E-04,  8.7431E-03,  1.7486E-03,  2.6230E-02,  2.6230E-02,  5.2443E-02,  8.7431E-03,  8.7431E-03,  7.8685E-03,  8.7431E-02,  5.2443E-03,  0.0000E+00,  0.0000E+00,  0.0000E+00,  0.0000E+00,  0.0000E+00,  0.0000E+00,  1.7486E-03,  0.0000E+00,  1.0493E-03
  2.2000E+00,  4.2002E+08,  9.2892E+06,  0.0000E+00,  0.0000E+00,  0.0000E+00,  8.9183E+04,  2.2879E+04,  1.8955E+05,  3.3965E+00,  1.5871E+04,  1.2993E+03,  1.5358E+04,  1.3604E+03,  2.6760E+04,  1.6977E+01,  7.2668E+03,  1.2515E+01,  1.3193E+02,  2.7142E+01,  9.1475E+03,  2.1813E+01,  3.2597E+02,  3.0445E+01,  1.2288E+03,  4.1891E+02,  7.4472E+04,  9.7040E+02,  2.3623E+03,  2.2699E+01,  5.5534E+01,  3.6329E+00,  9.0859E+00,  5.4493E-01,  5.4494E+00,  7.2658E-01,  3.6330E+00,  5.4494E-01,  1.8164E+00,  3.6329E-01,  9.0859E-01,  7.2657E-02,  3.6329E-01,  0.0000E+00,  1.6347E-01,  3.6329E-02,  1.0895E-01,  3.6329E-02,  1.2713E-01,  1.6348E-02,  3.6330E-01,  2.5434E-02,  5.4497E-01,  1.0896E-01,  4.9044E-01,  3.6331E-02,  3.6332E-01,  3.6331E-02,  9.0864E-02,  1.4531E-02,  7.2661E-02,  0.0000E+00,  1.8165E-02,  7.2661E-03,  3.6332E-02,  5.4497E-03,  3.6332E-02,  7.2663E-03,  1.8166E-02,  3.6332E-03,  1.6348E-02,  3.6332E-03,  1.4531E-02,  1.6348E-03,  1.8166E-02,  3.6332E-03,  5.4498E-02,  5.4498E-02,  1.0896E-01,  1.8166E-02,  1.8166E-02,  1.6349E-02,  1.8166E-01,  1.0896E-02,  0.0000E+00,  0.0000E+00,  0.0000E+00,  0.0000E+00,  0.0000E+00,  0.0000E+00,  3.6334E-03,  0.0000E+00,  2.1802E-03,  1.2363E+08,  3.9546E+06,  0.0000E+00,  0.0000E+00,  0.0000E+00,  3.7977E+04,  9.7479E+03,  8.0422E+04,  1.4123E+00,  6.5995E+03,  5.4027E+02,  6.3864E+03,  5.6569E+02,  1.1128E+04,  7.0593E+00,  3.0217E+03,  5.2038E+00,  5.4858E+01,  1.1286E+01,  3.8811E+03,  9.0700E+00,  1.3554E+02,  1.2659E+01,  5.1094E+02,  1.7419E+02,  3.0966E+04,  4.0350E+02,  9.8227E+02,  9.4386E+00,  2.3092E+01,  1.5106E+00,  3.7779E+00,  2.2658E-01,  2.2658E+00,  3.0211E-01,  1.5106E+00,  2.2658E-01,  7.5527E-01,  1.5106E-01,  3.7779E-01,  3.0211E-02,  1.5106E-01,  0.0000E+00,  6.7971E-02,  1.5106E-02,  4.5303E-02,  1.5106E-02,  5.2861E-02,  6.7971E-03,  1.5106E-01,  1.0575E-02,  2.2658E-01,  4.5303E-02,  2.0391E-01,  1.5106E-02,  1.5106E-01,  1.5106E-02,  3.7779E-02,  6.0416E-03,  3.0211E-02,  0.0000E+00,  7.5527E-03,  3.0211E-03,  1.5106E-02,  2.2658E-03,  1.5106E-02,  3.0211E-03,  7.5527E-03,  1.5106E-03,  6.7971E-03,  1.5106E-03,  6.0416E-03,  6.7971E-04,  7.5527E-03,  1.5106E-03,  2.2658E-02,  2.2658E-02,  4.5303E-02,  7.5527E-03,  7.5527E-03,  6.7971E-03,  7.5527E-02,  4.5303E-03,  0.0000E+00,  0.0000E+00,  0.0000E+00,  0.0000E+00,  0.0000E+00,  0.0000E+00,  1.5106E-03,  0.0000E+00,  9.0640E-04
  2.5000E+00,  3.8563E+08,  8.2086E+06,  0.0000E+00,  0.0000E+00,  0.0000E+00,  7.8807E+04,  2.0215E+04,  1.6756E+05,  3.0105E+00,  1.4067E+04,  1.1517E+03,  1.3613E+04,  1.2058E+03,  2.3720E+04,  1.5048E+01,  6.4411E+03,  1.1093E+01,  1.1694E+02,  2.4058E+01,  8.0863E+03,  1.9334E+01,  2.8893E+02,  2.6986E+01,  1.0892E+03,  3.7131E+02,  6.6010E+04,  8.6014E+02,  2.0938E+03,  2.0120E+01,  4.9224E+01,  3.2201E+00,  8.0535E+00,  4.8302E-01,  4.8303E+00,  6.4402E-01,  3.2202E+00,  4.8302E-01,  1.6100E+00,  3.2201E-01,  8.0535E-01,  6.4402E-02,  3.2201E-01,  0.0000E+00,  1.4490E-01,  3.2201E-02,  9.6575E-02,  3.2202E-02,  1.1269E-01,  1.4490E-02,  3.2203E-01,  2.2544E-02,  4.8305E-01,  9.6578E-02,  4.3472E-01,  3.2203E-02,  3.2204E-01,  3.2204E-02,  8.0540E-02,  1.2880E-02,  6.4405E-02,  0.0000E+00,  1.6101E-02,  6.4406E-03,  3.2204E-02,  4.8305E-03,  3.2204E-02,  6.4407E-03,  1.6102E-02,  3.2204E-03,  1.4491E-02,  3.2204E-03,  1.2880E-02,  1.4491E-03,  1.6102E-02,  3.2204E-03,  4.8307E-02,  4.8307E-02,  9.6584E-02,  1.6102E-02,  1.6102E-02,  1.4491E-02,  1.6102E-01,  9.6585E-03,  0.0000E+00,  0.0000E+00,  0.0000E+00,  0.0000E+00,  0.0000E+00,  0.0000E+00,  3.2206E-03,  0.0000E+00,  1.9325E-03,  1.0560E+08,  3.2497E+06,  0.0000E+00,  0.0000E+00,  0.0000E+00,  3.1197E+04,  8.0080E+03,  6.6178E+04,  1.1606E+00,  5.4232E+03,  4.4398E+02,  5.2481E+03,  4.6486E+02,  9.1443E+03,  5.8010E+00,  2.4831E+03,  4.2763E+00,  4.5080E+01,  9.2746E+00,  3.1937E+03,  7.4534E+00,  1.1138E+02,  1.0403E+01,  4.1987E+02,  1.4314E+02,  2.5447E+04,  3.3158E+02,  8.0719E+02,  7.7563E+00,  1.8976E+01,  1.2413E+00,  3.1045E+00,  1.8620E-01,  1.8620E+00,  2.4826E-01,  1.2413E+00,  1.8620E-01,  6.2065E-01,  1.2413E-01,  3.1045E-01,  2.4826E-02,  1.2413E-01,  0.0000E+00,  5.5856E-02,  1.2413E-02,  3.7228E-02,  1.2413E-02,  4.3439E-02,  5.5856E-03,  1.2413E-01,  8.6902E-03,  1.8620E-01,  3.7228E-02,  1.6757E-01,  1.2413E-02,  1.2413E-01,  1.2413E-02,  3.1045E-02,  4.9648E-03,  2.4826E-02,  0.0000E+00,  6.2065E-03,  2.4826E-03,  1.2413E-02,  1.8620E-03,  1.2413E-02,  2.4826E-03,  6.2065E-03,  1.2413E-03,  5.5856E-03,  1.2413E-03,  4.9648E-03,  5.5856E-04,  6.2065E-03,  1.2413E-03,  1.8620E-02,  1.8620E-02,  3.7228E-02,  6.2065E-03,  6.2065E-03,  5.5856E-03,  6.2065E-02,  3.7228E-03,  0.0000E+00,  0.0000E+00,  0.0000E+00,  0.0000E+00,  0.0000E+00,  0.0000E+00,  1.2413E-03,  0.0000E+00,  7.4485E-04
  2.8000E+00,  3.5602E+08,  7.3115E+06,  0.0000E+00,  0.0000E+00,  0.0000E+00,  7.0196E+04,  1.8005E+04,  1.4928E+05,  2.6902E+00,  1.2570E+04,  1.0291E+03,  1.2165E+04,  1.0775E+03,  2.1195E+04,  1.3446E+01,  5.7556E+03,  9.9122E+00,  1.0450E+02,  2.1498E+01,  7.2043E+03,  1.7277E+01,  2.5818E+02,  2.4114E+01,  9.7326E+02,  3.3180E+02,  5.8985E+04,  7.6861E+02,  1.8710E+03,  1.7979E+01,  4.3986E+01,  2.8774E+00,  7.1965E+00,  4.3162E-01,  4.3163E+00,  5.7549E-01,  2.8775E+00,  4.3162E-01,  1.4387E+00,  2.8775E-01,  7.1966E-01,  5.7549E-02,  2.8775E-01,  0.0000E+00,  1.2948E-01,  2.8775E-02,  8.6299E-02,  2.8775E-02,  1.0070E-01,  1.2948E-02,  2.8776E-01,  2.0145E-02,  4.3166E-01,  8.6302E-02,  3.8847E-01,  2.8777E-02,  2.8777E-01,  2.8777E-02,  7.1970E-02,  1.1509E-02,  5.7552E-02,  0.0000E+00,  1.4388E-02,  5.7553E-03,  2.8777E-02,  4.3165E-03,  2.8777E-02,  5.7554E-03,  1.4388E-02,  2.8777E-03,  1.2949E-02,  2.8777E-03,  1.1510E-02,  1.2949E-03,  1.4389E-02,  2.8778E-03,  4.3167E-02,  4.3167E-02,  8.6307E-02,  1.4389E-02,  1.4389E-02,  1.2950E-02,  1.4389E-01,  8.6308E-03,  0.0000E+00,  0.0000E+00,  0.0000E+00,  0.0000E+00,  0.0000E+00,  0.0000E+00,  2.8780E-03,  0.0000E+00,  1.7269E-03,  9.1826E+07,  2.7306E+06,  0.0000E+00,  0.0000E+00,  0.0000E+00,  2.6206E+04,  6.7270E+03,  5.5674E+04,  9.7521E-01,  4.5570E+03,  3.7306E+02,  4.4098E+03,  3.9061E+02,  7.6837E+03,  4.8744E+00,  2.0865E+03,  3.5933E+00,  3.7880E+01,  7.7932E+00,  2.6868E+03,  6.2629E+00,  9.3591E+01,  8.7412E+00,  3.5281E+02,  1.2028E+02,  2.1382E+04,  2.7862E+02,  6.7826E+02,  6.5174E+00,  1.5945E+01,  1.0430E+00,  2.6087E+00,  1.5646E-01,  1.5646E+00,  2.0861E-01,  1.0430E+00,  1.5646E-01,  5.2151E-01,  1.0430E-01,  2.6087E-01,  2.0861E-02,  1.0430E-01,  0.0000E+00,  4.6934E-02,  1.0430E-02,  3.1282E-02,  1.0430E-02,  3.6501E-02,  4.6934E-03,  1.0430E-01,  7.3021E-03,  1.5646E-01,  3.1282E-02,  1.4080E-01,  1.0430E-02,  1.0430E-01,  1.0430E-02,  2.6087E-02,  4.1718E-03,  2.0861E-02,  0.0000E+00,  5.2151E-03,  2.0861E-03,  1.0430E-02,  1.5646E-03,  1.0430E-02,  2.0861E-03,  5.2151E-03,  1.0430E-03,  4.6934E-03,  1.0430E-03,  4.1718E-03,  4.6934E-04,  5.2151E-03,  1.0430E-03,  1.5646E-02,  1.5646E-02,  3.1282E-02,  5.2151E-03,  5.2151E-03,  4.6934E-03,  5.2151E-02,  3.1282E-03,  0.0000E+00,  0.0000E+00,  0.0000E+00,  0.0000E+00,  0.0000E+00,  0.0000E+00,  1.0430E-03,  0.0000E+00,  6.2587E-04
  3.2000E+00,  3.2220E+08,  6.3251E+06,  0.0000E+00,  0.0000E+00,  0.0000E+00,  6.0732E+04,  1.5575E+04,  1.2916E+05,  2.3378E+00,  1.0924E+04,  8.9432E+02,  1.0571E+04,  9.3639E+02,  1.8419E+04,  1.1685E+01,  5.0017E+03,  8.6139E+00,  9.0811E+01,  1.8682E+01,  6.2333E+03,  1.5014E+01,  2.2437E+02,  2.0956E+01,  8.4578E+02,  2.8834E+02,  5.1260E+04,  6.6794E+02,  1.6260E+03,  1.5624E+01,  3.8225E+01,  2.5006E+00,  6.2540E+00,  3.7509E-01,  3.7510E+00,  5.0012E-01,  2.5007E+00,  3.7510E-01,  1.2503E+00,  2.5006E-01,  6.2540E-01,  5.0012E-02,  2.5006E-01,  0.0000E+00,  1.1252E-01,  2.5006E-02,  7.4996E-02,  2.5006E-02,  8.7510E-02,  1.1252E-02,  2.5007E-01,  1.7507E-02,  3.7513E-01,  7.5000E-02,  3.3759E-01,  2.5008E-02,  2.5009E-01,  2.5008E-02,  6.2545E-02,  1.0002E-02,  5.0015E-02,  0.0000E+00,  1.2504E-02,  5.0015E-03,  2.5009E-02,  3.7512E-03,  2.5009E-02,  5.0017E-03,  1.2504E-02,  2.5009E-03,  1.1253E-02,  2.5009E-03,  1.0003E-02,  1.1253E-03,  1.2504E-02,  2.5009E-03,  3.7514E-02,  3.7514E-02,  7.5005E-02,  1.2504E-02,  1.2505E-02,  1.1254E-02,  1.2505E-01,  7.5006E-03,  0.0000E+00,  0.0000E+00,  0.0000E+00,  0.0000E+00,  0.0000E+00,  0.0000E+00,  2.5011E-03,  0.0000E+00,  1.5008E-03,  7.7260E+07,  2.2014E+06,  0.0000E+00,  0.0000E+00,  0.0000E+00,  2.1117E+04,  5.4216E+03,  4.4926E+04,  7.8655E-01,  3.6754E+03,  3.0089E+02,  3.5567E+03,  3.1504E+02,  6.1972E+03,  3.9315E+00,  1.6829E+03,  2.8981E+00,  3.0552E+01,  6.2855E+00,  2.1681E+03,  5.0513E+00,  7.5485E+01,  7.0502E+00,  2.8455E+02,  9.7008E+01,  1.7246E+04,  2.2472E+02,  5.4705E+02,  5.2566E+00,  1.2860E+01,  8.4126E-01,  2.1040E+00,  1.2619E-01,  1.2619E+00,  1.6825E-01,  8.4126E-01,  1.2619E-01,  4.2062E-01,  8.4126E-02,  2.1040E-01,  1.6825E-02,  8.4126E-02,  0.0000E+00,  3.7855E-02,  8.4126E-03,  2.5230E-02,  8.4126E-03,  2.9439E-02,  3.7855E-03,  8.4126E-02,  5.8895E-03,  1.2619E-01,  2.5230E-02,  1.1356E-01,  8.4126E-03,  8.4126E-02,  8.4126E-03,  2.1040E-02,  3.3647E-03,  1.6825E-02,  0.0000E+00,  4.2062E-03,  1.6825E-03,  8.4126E-03,  1.2619E-03,  8.4126E-03,  1.6825E-03,  4.2062E-03,  8.4126E-04,  3.7855E-03,  8.4126E-04,  3.3647E-03,  3.7855E-04,  4.2062E-03,  8.4126E-04,  1.2619E-02,  1.2619E-02,  2.5230E-02,  4.2062E-03,  4.2062E-03,  3.7855E-03,  4.2062E-02,  2.5230E-03,  0.0000E+00,  0.0000E+00,  0.0000E+00,  0.0000E+00,  0.0000E+00,  0.0000E+00,  8.4126E-04,  0.0000E+00,  5.0479E-04
  3.5000E+00,  3.0035E+08,  5.7113E+06,  0.0000E+00,  0.0000E+00,  0.0000E+00,  5.4845E+04,  1.4064E+04,  1.1663E+05,  2.1184E+00,  9.8988E+03,  8.1039E+02,  9.5792E+03,  8.4851E+02,  1.6691E+04,  1.0589E+01,  4.5324E+03,  7.8055E+00,  8.2289E+01,  1.6929E+01,  5.6286E+03,  1.3605E+01,  2.0331E+02,  1.8989E+01,  7.6641E+02,  2.6129E+02,  4.6450E+04,  6.0526E+02,  1.4734E+03,  1.4158E+01,  3.4638E+01,  2.2659E+00,  5.6671E+00,  3.3989E-01,  3.3990E+00,  4.5319E-01,  2.2660E+00,  3.3990E-01,  1.1330E+00,  2.2660E-01,  5.6672E-01,  4.5319E-02,  2.2660E-01,  0.0000E+00,  1.0196E-01,  2.2660E-02,  6.7959E-02,  2.2660E-02,  7.9299E-02,  1.0197E-02,  2.2661E-01,  1.5864E-02,  3.3993E-01,  6.7962E-02,  3.0592E-01,  2.2662E-02,  2.2662E-01,  2.2662E-02,  5.6676E-02,  9.0635E-03,  4.5322E-02,  0.0000E+00,  1.1331E-02,  4.5323E-03,  2.2662E-02,  3.3993E-03,  2.2662E-02,  4.5324E-03,  1.1331E-02,  2.2662E-03,  1.0198E-02,  2.2662E-03,  9.0641E-03,  1.0198E-03,  1.1331E-02,  2.2663E-03,  3.3994E-02,  3.3994E-02,  6.7968E-02,  1.1331E-02,  1.1331E-02,  1.0198E-02,  1.1332E-01,  6.7969E-03,  0.0000E+00,  0.0000E+00,  0.0000E+00,  0.0000E+00,  0.0000E+00,  0.0000E+00,  2.2665E-03,  0.0000E+00,  1.3600E-03,  6.8410E+07,  1.8911E+06,  0.0000E+00,  0.0000E+00,  0.0000E+00,  1.8131E+04,  4.6560E+03,  3.8602E+04,  6.7603E-01,  3.1590E+03,  2.5861E+02,  3.0569E+03,  2.7078E+02,  5.3264E+03,  3.3790E+00,  1.4464E+03,  2.4909E+00,  2.6259E+01,  5.4024E+00,  1.8629E+03,  4.3415E+00,  6.4879E+01,  6.0595E+00,  2.4457E+02,  8.3378E+01,  1.4823E+04,  1.9314E+02,  4.7018E+02,  4.5180E+00,  1.1053E+01,  7.2306E-01,  1.8084E+00,  1.0846E-01,  1.0846E+00,  1.4461E-01,  7.2306E-01,  1.0846E-01,  3.6152E-01,  7.2306E-02,  1.8084E-01,  1.4461E-02,  7.2306E-02,  0.0000E+00,  3.2536E-02,  7.2306E-03,  2.1685E-02,  7.2306E-03,  2.5303E-02,  3.2536E-03,  7.2306E-02,  5.0619E-03,  1.0846E-01,  2.1685E-02,  9.7607E-02,  7.2306E-03,  7.2306E-02,  7.2306E-03,  1.8084E-02,  2.8919E-03,  1.4461E-02,  0.0000E+00,  3.6152E-03,  1.4461E-03,  7.2306E-03,  1.0846E-03,  7.2306E-03,  1.4461E-03,  3.6152E-03,  7.2306E-04,  3.2536E-03,  7.2306E-04,  2.8919E-03,  3.2536E-04,  3.6152E-03,  7.2306E-04,  1.0846E-02,  1.0846E-02,  2.1685E-02,  3.6152E-03,  3.6152E-03,  3.2536E-03,  3.6152E-02,  2.1685E-03,  0.0000E+00,  0.0000E+00,  0.0000E+00,  0.0000E+00,  0.0000E+00,  0.0000E+00,  7.2306E-04,  0.0000E+00,  4.3386E-04
  4.0000E+00,  2.6898E+08,  4.8615E+06,  0.0000E+00,  0.0000E+00,  0.0000E+00,  4.6700E+04,  1.1972E+04,  9.9286E+04,  1.8146E+00,  8.4788E+03,  6.9414E+02,  8.2050E+03,  7.2680E+02,  1.4296E+04,  9.0697E+00,  3.8822E+03,  6.6859E+00,  7.0486E+01,  1.4500E+01,  4.7914E+03,  1.1653E+01,  1.7415E+02,  1.6265E+01,  6.5648E+02,  2.2381E+02,  3.9787E+04,  5.1844E+02,  1.2620E+03,  1.2127E+01,  2.9670E+01,  1.9409E+00,  4.8543E+00,  2.9114E-01,  2.9115E+00,  3.8819E-01,  1.9410E+00,  2.9115E-01,  9.7047E-01,  1.9410E-01,  4.8543E-01,  3.8818E-02,  1.9410E-01,  0.0000E+00,  8.7339E-02,  1.9410E-02,  5.8212E-02,  1.9410E-02,  6.7925E-02,  8.7341E-03,  1.9411E-01,  1.3589E-02,  2.9118E-01,  5.8215E-02,  2.6204E-01,  1.9411E-02,  1.9412E-01,  1.9412E-02,  4.8548E-02,  7.7636E-03,  3.8822E-02,  0.0000E+00,  9.7056E-03,  3.8822E-03,  1.9412E-02,  2.9118E-03,  1.9412E-02,  3.8824E-03,  9.7059E-03,  1.9412E-03,  8.7350E-03,  1.9412E-03,  7.7642E-03,  8.7351E-04,  9.7061E-03,  1.9413E-03,  2.9119E-02,  2.9119E-02,  5.8220E-02,  9.7062E-03,  9.7063E-03,  8.7355E-03,  9.7065E-02,  5.8221E-03,  0.0000E+00,  0.0000E+00,  0.0000E+00,  0.0000E+00,  0.0000E+00,  0.0000E+00,  1.9414E-03,  0.0000E+00,  1.1650E-03,  5.7067E+07,  1.5079E+06,  0.0000E+00,  0.0000E+00,  0.0000E+00,  1.4447E+04,  3.7111E+03,  3.0791E+04,  5.3948E-01,  2.5209E+03,  2.0638E+02,  2.4395E+03,  2.1608E+02,  4.2506E+03,  2.6965E+00,  1.1542E+03,  1.9878E+00,  2.0955E+01,  4.3112E+00,  1.4859E+03,  3.4646E+00,  5.1774E+01,  4.8356E+00,  1.9517E+02,  6.6537E+01,  1.1829E+04,  1.5413E+02,  3.7521E+02,  3.6054E+00,  8.8207E+00,  5.7701E-01,  1.4431E+00,  8.6551E-02,  8.6551E-01,  1.1540E-01,  5.7701E-01,  8.6551E-02,  2.8850E-01,  5.7701E-02,  1.4431E-01,  1.1540E-02,  5.7701E-02,  0.0000E+00,  2.5964E-02,  5.7701E-03,  1.7305E-02,  5.7701E-03,  2.0192E-02,  2.5964E-03,  5.7701E-02,  4.0395E-03,  8.6551E-02,  1.7305E-02,  7.7892E-02,  5.7701E-03,  5.7701E-02,  5.7701E-03,  1.4431E-02,  2.3078E-03,  1.1540E-02,  0.0000E+00,  2.8850E-03,  1.1540E-03,  5.7701E-03,  8.6551E-04,  5.7701E-03,  1.1540E-03,  2.8850E-03,  5.7701E-04,  2.5964E-03,  5.7701E-04,  2.3078E-03,  2.5964E-04,  2.8850E-03,  5.7701E-04,  8.6551E-03,  8.6551E-03,  1.7305E-02,  2.8850E-03,  2.8850E-03,  2.5964E-03,  2.8850E-02,  1.7305E-03,  0.0000E+00,  0.0000E+00,  0.0000E+00,  0.0000E+00,  0.0000E+00,  0.0000E+00,  5.7701E-04,  0.0000E+00,  3.4623E-04
  4.5000E+00,  2.4269E+08,  4.1806E+06,  0.0000E+00,  0.0000E+00,  0.0000E+00,  4.0167E+04,  1.0295E+04,  8.5379E+04,  1.5710E+00,  7.3405E+03,  6.0096E+02,  7.1035E+03,  6.2922E+02,  1.2377E+04,  7.8521E+00,  3.3610E+03,  5.7883E+00,  6.1024E+01,  1.2554E+01,  4.1203E+03,  1.0089E+01,  1.5077E+02,  1.4082E+01,  5.6835E+02,  1.9376E+02,  3.4445E+04,  4.4884E+02,  1.0926E+03,  1.0499E+01,  2.5687E+01,  1.6804E+00,  4.2026E+00,  2.5206E-01,  2.5207E+00,  3.3608E-01,  1.6805E+00,  2.5206E-01,  8.4020E-01,  1.6804E-01,  4.2027E-01,  3.3607E-02,  1.6804E-01,  0.0000E+00,  7.5615E-02,  1.6804E-02,  5.0398E-02,  1.6804E-02,  5.8807E-02,  7.5617E-03,  1.6805E-01,  1.1765E-02,  2.5210E-01,  5.0401E-02,  2.2687E-01,  1.6806E-02,  1.6806E-01,  1.6806E-02,  4.2031E-02,  6.7215E-03,  3.3611E-02,  0.0000E+00,  8.4029E-03,  3.3611E-03,  1.6807E-02,  2.5209E-03,  1.6807E-02,  3.3613E-03,  8.4031E-03,  1.6806E-03,  7.5626E-03,  1.6807E-03,  6.7221E-03,  7.5627E-04,  8.4034E-03,  1.6807E-03,  2.5211E-02,  2.5211E-02,  5.0406E-02,  8.4034E-03,  8.4036E-03,  7.5631E-03,  8.4038E-02,  5.0407E-03,  0.0000E+00,  0.0000E+00,  0.0000E+00,  0.0000E+00,  0.0000E+00,  0.0000E+00,  1.6809E-03,  0.0000E+00,  1.0086E-03,  4.8091E+07,  1.2155E+06,  0.0000E+00,  0.0000E+00,  0.0000E+00,  1.1683E+04,  2.9961E+03,  2.4839E+04,  4.3493E-01,  2.0323E+03,  1.6638E+02,  1.9667E+03,  1.7421E+02,  3.4268E+03,  2.1739E+00,  9.3055E+02,  1.6025E+00,  1.6894E+01,  3.4756E+00,  1.1987E+03,  2.7931E+00,  4.1740E+01,  3.8984E+00,  1.5735E+02,  5.3641E+01,  9.5362E+03,  1.2426E+02,  3.0249E+02,  2.9066E+00,  7.1112E+00,  4.6518E-01,  1.1634E+00,  6.9777E-02,  6.9777E-01,  9.3035E-02,  4.6518E-01,  6.9777E-02,  2.3259E-01,  4.6518E-02,  1.1634E-01,  9.3035E-03,  4.6518E-02,  0.0000E+00,  2.0932E-02,  4.6518E-03,  1.3951E-02,  4.6518E-03,  1.6279E-02,  2.0932E-03,  4.6518E-02,  3.2566E-03,  6.9777E-02,  1.3951E-02,  6.2796E-02,  4.6518E-03,  4.6518E-02,  4.6518E-03,  1.1634E-02,  1.8605E-03,  9.3035E-03,  0.0000E+00,  2.3259E-03,  9.3035E-04,  4.6518E-03,  6.9777E-04,  4.6518E-03,  9.3035E-04,  2.3259E-03,  4.6518E-04,  2.0932E-03,  4.6518E-04,  1.8605E-03,  2.0932E-04,  2.3259E-03,  4.6518E-04,  6.9777E-03,  6.9777E-03,  1.3951E-02,  2.3259E-03,  2.3259E-03,  2.0932E-03,  2.3259E-02,  1.3951E-03,  0.0000E+00,  0.0000E+00,  0.0000E+00,  0.0000E+00,  0.0000E+00,  0.0000E+00,  4.6518E-04,  0.0000E+00,  2.7913E-04
  5.0000E+00,  2.2035E+08,  3.6262E+06,  0.0000E+00,  0.0000E+00,  0.0000E+00,  3.4831E+04,  8.9276E+03,  7.4045E+04,  1.3726E+00,  6.4134E+03,  5.2506E+02,  6.2063E+03,  5.4975E+02,  1.0814E+04,  6.8604E+00,  2.9365E+03,  5.0573E+00,  5.3317E+01,  1.0968E+01,  3.5733E+03,  8.8148E+00,  1.3173E+02,  1.2304E+01,  4.9657E+02,  1.6929E+02,  3.0095E+04,  3.9216E+02,  9.5461E+02,  9.1733E+00,  2.2443E+01,  1.4682E+00,  3.6719E+00,  2.2023E-01,  2.2024E+00,  2.9364E-01,  1.4683E+00,  2.2023E-01,  7.3410E-01,  1.4682E-01,  3.6720E-01,  2.9363E-02,  1.4682E-01,  0.0000E+00,  6.6066E-02,  1.4682E-02,  4.4033E-02,  1.4682E-02,  5.1381E-02,  6.6069E-03,  1.4683E-01,  1.0279E-02,  2.2027E-01,  4.4037E-02,  1.9822E-01,  1.4684E-02,  1.4684E-01,  1.4684E-02,  3.6724E-02,  5.8728E-03,  2.9367E-02,  0.0000E+00,  7.3418E-03,  2.9367E-03,  1.4685E-02,  2.2026E-03,  1.4685E-02,  2.9369E-03,  7.3421E-03,  1.4684E-03,  6.6078E-03,  1.4685E-03,  5.8733E-03,  6.6078E-04,  7.3424E-03,  1.4685E-03,  2.2028E-02,  2.2028E-02,  4.4042E-02,  7.3424E-03,  7.3426E-03,  6.6082E-03,  7.3427E-02,  4.4043E-03,  0.0000E+00,  0.0000E+00,  0.0000E+00,  0.0000E+00,  0.0000E+00,  0.0000E+00,  1.4687E-03,  0.0000E+00,  8.8128E-04,  4.1265E+07,  1.0023E+06,  0.0000E+00,  0.0000E+00,  0.0000E+00,  9.6616E+03,  2.4741E+03,  2.0497E+04,  3.5869E-01,  1.6761E+03,  1.3722E+02,  1.6220E+03,  1.4367E+02,  2.8261E+03,  1.7929E+00,  7.6744E+02,  1.3216E+00,  1.3933E+01,  2.8664E+00,  9.8916E+02,  2.3036E+00,  3.4424E+01,  3.2151E+00,  1.2977E+02,  4.4239E+01,  7.8647E+03,  1.0248E+02,  2.4947E+02,  2.3972E+00,  5.8647E+00,  3.8365E-01,  9.5950E-01,  5.7546E-02,  5.7546E-01,  7.6728E-02,  3.8365E-01,  5.7546E-02,  1.9182E-01,  3.8365E-02,  9.5950E-02,  7.6728E-03,  3.8365E-02,  0.0000E+00,  1.7263E-02,  3.8365E-03,  1.1506E-02,  3.8365E-03,  1.3425E-02,  1.7263E-03,  3.8365E-02,  2.6858E-03,  5.7546E-02,  1.1506E-02,  5.1789E-02,  3.8365E-03,  3.8365E-02,  3.8365E-03,  9.5950E-03,  1.5344E-03,  7.6728E-03,  0.0000E+00,  1.9182E-03,  7.6728E-04,  3.8365E-03,  5.7546E-04,  3.8365E-03,  7.6728E-04,  1.9182E-03,  3.8365E-04,  1.7263E-03,  3.8365E-04,  1.5344E-03,  1.7263E-04,  1.9182E-03,  3.8365E-04,  5.7546E-03,  5.7546E-03,  1.1506E-02,  1.9182E-03,  1.9182E-03,  1.7263E-03,  1.9182E-02,  1.1506E-03,  0.0000E+00,  0.0000E+00,  0.0000E+00,  0.0000E+00,  0.0000E+00,  0.0000E+00,  3.8365E-04,  0.0000E+00,  2.3020E-04
  5.5000E+00,  2.0114E+08,  3.1670E+06,  0.0000E+00,  0.0000E+00,  0.0000E+00,  3.0409E+04,  7.7941E+03,  6.4653E+04,  1.2082E+00,  5.6457E+03,  4.6220E+02,  5.4634E+03,  4.8394E+02,  9.5193E+03,  6.0391E+00,  2.5850E+03,  4.4519E+00,  4.6935E+01,  9.6552E+00,  3.1201E+03,  7.7596E+00,  1.1596E+02,  1.0831E+01,  4.3713E+02,  1.4903E+02,  2.6493E+04,  3.4522E+02,  8.4033E+02,  8.0752E+00,  1.9756E+01,  1.2924E+00,  3.2324E+00,  1.9387E-01,  1.9388E+00,  2.5849E-01,  1.2925E+00,  1.9387E-01,  6.4623E-01,  1.2925E-01,  3.2324E-01,  2.5849E-02,  1.2925E-01,  0.0000E+00,  5.8158E-02,  1.2925E-02,  3.8763E-02,  1.2925E-02,  4.5232E-02,  5.8161E-03,  1.2926E-01,  9.0492E-03,  1.9391E-01,  3.8766E-02,  1.7450E-01,  1.2927E-02,  1.2927E-01,  1.2927E-02,  3.2329E-02,  5.1699E-03,  2.5852E-02,  0.0000E+00,  6.4632E-03,  2.5853E-03,  1.2927E-02,  1.9390E-03,  1.2927E-02,  2.5854E-03,  6.4635E-03,  1.2927E-03,  5.8170E-03,  1.2927E-03,  5.1705E-03,  5.8171E-04,  6.4637E-03,  1.2928E-03,  1.9392E-02,  1.9392E-02,  3.8772E-02,  6.4638E-03,  6.4639E-03,  5.8174E-03,  6.4641E-02,  3.8773E-03,  0.0000E+00,  0.0000E+00,  0.0000E+00,  0.0000E+00,  0.0000E+00,  0.0000E+00,  1.2930E-03,  0.0000E+00,  7.7584E-04,  3.5571E+07,  8.3458E+05,  0.0000E+00,  0.0000E+00,  0.0000E+00,  8.0293E+03,  2.0599E+03,  1.7072E+04,  2.9852E-01,  1.3949E+03,  1.1420E+02,  1.3499E+03,  1.1957E+02,  2.3520E+03,  1.4921E+00,  6.3870E+02,  1.0999E+00,  1.1595E+01,  2.3856E+00,  8.2387E+02,  1.9171E+00,  2.8649E+01,  2.6758E+00,  1.0800E+02,  3.6818E+01,  6.5453E+03,  8.5288E+01,  2.0762E+02,  1.9950E+00,  4.8809E+00,  3.1929E-01,  7.9853E-01,  4.7893E-02,  4.7893E-01,  6.3856E-02,  3.1929E-01,  4.7893E-02,  1.5964E-01,  3.1929E-02,  7.9853E-02,  6.3856E-03,  3.1929E-02,  0.0000E+00,  1.4367E-02,  3.1929E-03,  9.5756E-03,  3.1929E-03,  1.1173E-02,  1.4367E-03,  3.1929E-02,  2.2352E-03,  4.7893E-02,  9.5756E-03,  4.3101E-02,  3.1929E-03,  3.1929E-02,  3.1929E-03,  7.9853E-03,  1.2770E-03,  6.3856E-03,  0.0000E+00,  1.5964E-03,  6.3856E-04,  3.1929E-03,  4.7893E-04,  3.1929E-03,  6.3856E-04,  1.5964E-03,  3.1929E-04,  1.4367E-03,  3.1929E-04,  1.2770E-03,  1.4367E-04,  1.5964E-03,  3.1929E-04,  4.7893E-03,  4.7893E-03,  9.5756E-03,  1.5964E-03,  1.5964E-03,  1.4367E-03,  1.5964E-02,  9.5756E-04,  0.0000E+00,  0.0000E+00,  0.0000E+00,  0.0000E+00,  0.0000E+00,  0.0000E+00,  3.1929E-04,  0.0000E+00,  1.9158E-04
  6.3000E+00,  1.7544E+08,  2.5772E+06,  0.0000E+00,  0.0000E+00,  0.0000E+00,  2.4739E+04,  6.3390E+03,  5.2590E+04,  9.9740E-01,  4.6604E+03,  3.8155E+02,  4.5099E+03,  3.9949E+02,  7.8580E+03,  4.9852E+00,  2.1338E+03,  3.6750E+00,  3.8745E+01,  7.9703E+00,  2.5379E+03,  6.4056E+00,  9.5727E+01,  8.9409E+00,  3.6085E+02,  1.2302E+02,  2.1870E+04,  2.8498E+02,  6.9369E+02,  6.6662E+00,  1.6309E+01,  1.0669E+00,  2.6684E+00,  1.6004E-01,  1.6005E+00,  2.1339E-01,  1.0670E+00,  1.6005E-01,  5.3348E-01,  1.0670E-01,  2.6684E-01,  2.1339E-02,  1.0670E-01,  0.0000E+00,  4.8011E-02,  1.0670E-02,  3.2000E-02,  1.0670E-02,  3.7340E-02,  4.8014E-03,  1.0671E-01,  7.4705E-03,  1.6008E-01,  3.2003E-02,  1.4406E-01,  1.0671E-02,  1.0672E-01,  1.0672E-02,  2.6689E-02,  4.2679E-03,  2.1342E-02,  0.0000E+00,  5.3357E-03,  2.1342E-03,  1.0672E-02,  1.6008E-03,  1.0672E-02,  2.1344E-03,  5.3360E-03,  1.0672E-03,  4.8023E-03,  1.0672E-03,  4.2685E-03,  4.8023E-04,  5.3362E-03,  1.0673E-03,  1.6009E-02,  1.6009E-02,  3.2009E-02,  5.3363E-03,  5.3364E-03,  4.8027E-03,  5.3366E-02,  3.2010E-03,  0.0000E+00,  0.0000E+00,  0.0000E+00,  0.0000E+00,  0.0000E+00,  0.0000E+00,  1.0674E-03,  0.0000E+00,  6.4052E-04,  2.8702E+07,  6.3992E+05,  0.0000E+00,  0.0000E+00,  0.0000E+00,  6.1445E+03,  1.5779E+03,  1.3085E+04,  2.2859E-01,  1.0682E+03,  8.7447E+01,  1.0337E+03,  9.1561E+01,  1.8011E+03,  1.1426E+00,  4.8909E+02,  8.4227E-01,  8.8791E+00,  1.8268E+00,  6.3145E+02,  1.4680E+00,  2.1938E+01,  2.0490E+00,  8.2699E+01,  2.8193E+01,  5.0121E+03,  6.5310E+01,  1.5899E+02,  1.5277E+00,  3.7376E+00,  2.4449E-01,  6.1148E-01,  3.6674E-02,  3.6674E-01,  4.8898E-02,  2.4449E-01,  3.6674E-02,  1.2224E-01,  2.4449E-02,  6.1148E-02,  4.8898E-03,  2.4449E-02,  0.0000E+00,  1.1002E-02,  2.4449E-03,  7.3325E-03,  2.4449E-03,  8.5559E-03,  1.1002E-03,  2.4449E-02,  1.7116E-03,  3.6674E-02,  7.3325E-03,  3.3005E-02,  2.4449E-03,  2.4449E-02,  2.4449E-03,  6.1148E-03,  9.7788E-04,  4.8898E-03,  0.0000E+00,  1.2224E-03,  4.8898E-04,  2.4449E-03,  3.6674E-04,  2.4449E-03,  4.8898E-04,  1.2224E-03,  2.4449E-04,  1.1002E-03,  2.4449E-04,  9.7788E-04,  1.1002E-04,  1.2224E-03,  2.4449E-04,  3.6674E-03,  3.6674E-03,  7.3325E-03,  1.2224E-03,  1.2224E-03,  1.1002E-03,  1.2224E-02,  7.3325E-04,  0.0000E+00,  0.0000E+00,  0.0000E+00,  0.0000E+00,  0.0000E+00,  0.0000E+00,  2.4449E-04,  0.0000E+00,  1.4671E-04
  7.1000E+00,  1.5450E+08,  2.1204E+06,  0.0000E+00,  0.0000E+00,  0.0000E+00,  2.0353E+04,  5.2138E+03,  4.3255E+04,  8.3434E-01,  3.8985E+03,  3.1917E+02,  3.7726E+03,  3.3418E+02,  6.5733E+03,  4.1702E+00,  1.7850E+03,  3.0742E+00,  3.2412E+01,  6.6672E+00,  2.0875E+03,  5.3584E+00,  8.0078E+01,  7.4794E+00,  3.0186E+02,  1.0291E+02,  1.8294E+04,  2.3839E+02,  5.8028E+02,  5.5764E+00,  1.3643E+01,  8.9251E-01,  2.2322E+00,  1.3388E-01,  1.3389E+00,  1.7851E-01,  8.9261E-01,  1.3389E-01,  4.4628E-01,  8.9255E-02,  2.2323E-01,  1.7850E-02,  8.9255E-02,  0.0000E+00,  4.0163E-02,  8.9256E-03,  2.6769E-02,  8.9257E-03,  3.1237E-02,  4.0166E-03,  8.9267E-02,  6.2495E-03,  1.3392E-01,  2.6773E-02,  1.2052E-01,  8.9274E-03,  8.9280E-02,  8.9277E-03,  2.2327E-02,  3.5704E-03,  1.7854E-02,  0.0000E+00,  4.4637E-03,  1.7854E-03,  8.9281E-03,  1.3392E-03,  8.9281E-03,  1.7856E-03,  4.4640E-03,  8.9279E-04,  4.0175E-03,  8.9282E-04,  3.5710E-03,  4.0176E-04,  4.4642E-03,  8.9285E-04,  1.3393E-02,  1.3393E-02,  2.6778E-02,  4.4643E-03,  4.4644E-03,  4.0179E-03,  4.4646E-02,  2.6779E-03,  0.0000E+00,  0.0000E+00,  0.0000E+00,  0.0000E+00,  0.0000E+00,  0.0000E+00,  8.9304E-04,  0.0000E+00,  5.3587E-04,  2.3628E+07,  5.0210E+05,  0.0000E+00,  0.0000E+00,  0.0000E+00,  4.8199E+03,  1.2352E+03,  1.0252E+04,  1.7905E-01,  8.3669E+02,  6.8496E+01,  8.0967E+02,  7.1719E+01,  1.4108E+03,  8.9498E-01,  3.8310E+02,  6.5974E-01,  6.9549E+00,  1.4309E+00,  4.9476E+02,  1.1499E+00,  1.7184E+01,  1.6049E+00,  6.4778E+01,  2.2084E+01,  3.9260E+03,  5.1156E+01,  1.2453E+02,  1.1966E+00,  2.9276E+00,  1.9151E-01,  4.7897E-01,  2.8726E-02,  2.8726E-01,  3.8302E-02,  1.9151E-01,  2.8726E-02,  9.5753E-02,  1.9151E-02,  4.7897E-02,  3.8302E-03,  1.9151E-02,  0.0000E+00,  8.6175E-03,  1.9151E-03,  5.7435E-03,  1.9151E-03,  6.7018E-03,  8.6175E-04,  1.9151E-02,  1.3407E-03,  2.8726E-02,  5.7435E-03,  2.5852E-02,  1.9151E-03,  1.9151E-02,  1.9151E-03,  4.7897E-03,  7.6596E-04,  3.8302E-03,  0.0000E+00,  9.5753E-04,  3.8302E-04,  1.9151E-03,  2.8726E-04,  1.9151E-03,  3.8302E-04,  9.5753E-04,  1.9151E-04,  8.6175E-04,  1.9151E-04,  7.6596E-04,  8.6175E-05,  9.5753E-04,  1.9151E-04,  2.8726E-03,  2.8726E-03,  5.7435E-03,  9.5753E-04,  9.5753E-04,  8.6175E-04,  9.5753E-03,  5.7435E-04,  0.0000E+00,  0.0000E+00,  0.0000E+00,  0.0000E+00,  0.0000E+00,  0.0000E+00,  1.9151E-04,  0.0000E+00,  1.1491E-04
  8.0000E+00,  1.3518E+08,  1.7189E+06,  0.0000E+00,  0.0000E+00,  0.0000E+00,  1.6498E+04,  4.2272E+03,  3.5058E+04,  6.9113E-01,  3.2293E+03,  2.6438E+02,  3.1250E+03,  2.7682E+02,  5.4449E+03,  3.4544E+00,  1.4786E+03,  2.5465E+00,  2.6849E+01,  5.5228E+00,  1.6919E+03,  4.4387E+00,  6.6334E+01,  6.1957E+00,  2.5005E+02,  8.5249E+01,  1.5154E+04,  1.9748E+02,  4.8068E+02,  4.6193E+00,  1.1301E+01,  7.3934E-01,  1.8491E+00,  1.1090E-01,  1.1091E+00,  1.4787E-01,  7.3944E-01,  1.1091E-01,  3.6970E-01,  7.3938E-02,  1.8492E-01,  1.4787E-02,  7.3938E-02,  0.0000E+00,  3.3271E-02,  7.3938E-03,  2.2176E-02,  7.3939E-03,  2.5877E-02,  3.3274E-03,  7.3950E-02,  5.1772E-03,  1.1094E-01,  2.2179E-02,  9.9839E-02,  7.3956E-03,  7.3962E-02,  7.3960E-03,  1.8496E-02,  2.9578E-03,  1.4791E-02,  0.0000E+00,  3.6978E-03,  1.4791E-03,  7.3963E-03,  1.1094E-03,  7.3964E-03,  1.4793E-03,  3.6981E-03,  7.3961E-04,  3.3283E-03,  7.3964E-04,  2.9584E-03,  3.3283E-04,  3.6983E-03,  7.3968E-04,  1.1096E-02,  1.1095E-02,  2.2184E-02,  3.6984E-03,  3.6985E-03,  3.3287E-03,  3.6987E-02,  2.2185E-03,  0.0000E+00,  0.0000E+00,  0.0000E+00,  0.0000E+00,  0.0000E+00,  0.0000E+00,  7.3986E-04,  0.0000E+00,  4.4396E-04,  1.9323E+07,  3.9008E+05,  0.0000E+00,  0.0000E+00,  0.0000E+00,  3.7473E+03,  9.5713E+02,  7.9640E+03,  1.3919E-01,  6.5043E+02,  5.3248E+01,  6.2943E+02,  5.5753E+01,  1.0967E+03,  6.9574E-01,  2.9781E+02,  5.1288E-01,  5.4067E+00,  1.1123E+00,  3.8434E+02,  8.9392E-01,  1.3359E+01,  1.2477E+00,  5.0357E+01,  1.7167E+01,  3.0520E+03,  3.9768E+01,  9.6810E+01,  9.3025E-01,  2.2759E+00,  1.4888E-01,  3.7234E-01,  2.2331E-02,  2.2331E-01,  2.9775E-02,  1.4888E-01,  2.2331E-02,  7.4437E-02,  1.4888E-02,  3.7234E-02,  2.9775E-03,  1.4888E-02,  0.0000E+00,  6.6991E-03,  1.4888E-03,  4.4649E-03,  1.4888E-03,  5.2099E-03,  6.6991E-04,  1.4888E-02,  1.0423E-03,  2.2331E-02,  4.4649E-03,  2.0097E-02,  1.4888E-03,  1.4888E-02,  1.4888E-03,  3.7234E-03,  5.9545E-04,  2.9775E-03,  0.0000E+00,  7.4437E-04,  2.9775E-04,  1.4888E-03,  2.2331E-04,  1.4888E-03,  2.9775E-04,  7.4437E-04,  1.4888E-04,  6.6991E-04,  1.4888E-04,  5.9545E-04,  6.6991E-05,  7.4437E-04,  1.4888E-04,  2.2331E-03,  2.2331E-03,  4.4649E-03,  7.4437E-04,  7.4437E-04,  6.6991E-04,  7.4437E-03,  4.4649E-04,  0.0000E+00,  0.0000E+00,  0.0000E+00,  0.0000E+00,  0.0000E+00,  0.0000E+00,  1.4888E-04,  0.0000E+00,  8.9333E-05
  9.0000E+00,  1.1766E+08,  1.3731E+06,  0.0000E+00,  0.0000E+00,  0.0000E+00,  1.3175E+04,  3.3771E+03,  2.7997E+04,  5.6759E-01,  2.6520E+03,  2.1712E+02,  2.5663E+03,  2.2733E+02,  4.4715E+03,  2.8369E+00,  1.2142E+03,  2.0913E+00,  2.2050E+01,  4.5355E+00,  1.3511E+03,  3.6453E+00,  5.4477E+01,  5.0883E+00,  2.0536E+02,  7.0012E+01,  1.2446E+04,  1.6218E+02,  3.9475E+02,  3.7937E+00,  9.2811E+00,  6.0720E-01,  1.5187E+00,  9.1083E-02,  9.1093E-01,  1.2145E-01,  6.0730E-01,  9.1090E-02,  3.0363E-01,  6.0724E-02,  1.5187E-01,  1.2144E-02,  6.0724E-02,  0.0000E+00,  2.7325E-02,  6.0724E-03,  1.8213E-02,  6.0725E-03,  2.1252E-02,  2.7328E-03,  6.0736E-02,  4.2521E-03,  9.1122E-02,  1.8216E-02,  8.2001E-02,  6.0742E-03,  6.0748E-02,  6.0746E-03,  1.5192E-02,  2.4293E-03,  1.2148E-02,  0.0000E+00,  3.0371E-03,  1.2148E-03,  6.0749E-03,  9.1120E-04,  6.0750E-03,  1.2150E-03,  3.0374E-03,  6.0747E-04,  2.7337E-03,  6.0750E-04,  2.4299E-03,  2.7337E-04,  3.0376E-03,  6.0754E-04,  9.1135E-03,  9.1133E-03,  1.8221E-02,  3.0377E-03,  3.0378E-03,  2.7341E-03,  3.0380E-02,  1.8222E-03,  0.0000E+00,  0.0000E+00,  0.0000E+00,  0.0000E+00,  0.0000E+00,  0.0000E+00,  6.0772E-04,  0.0000E+00,  3.6467E-04,  1.5711E+07,  3.0159E+05,  0.0000E+00,  0.0000E+00,  0.0000E+00,  2.8985E+03,  7.4313E+02,  6.1581E+03,  1.0790E-01,  5.0418E+02,  4.1275E+01,  4.8790E+02,  4.3217E+01,  8.5012E+02,  5.3931E-01,  2.3085E+02,  3.9755E-01,  4.1910E+00,  8.6223E-01,  2.9718E+02,  6.9292E-01,  1.0355E+01,  9.6712E-01,  3.9034E+01,  1.3307E+01,  2.3657E+03,  3.0826E+01,  7.5042E+01,  7.2108E-01,  1.7641E+00,  1.1540E-01,  2.8862E-01,  1.7310E-02,  1.7310E-01,  2.3080E-02,  1.1540E-01,  1.7310E-02,  5.7700E-02,  1.1540E-02,  2.8862E-02,  2.3080E-03,  1.1540E-02,  0.0000E+00,  5.1928E-03,  1.1540E-03,  3.4610E-03,  1.1540E-03,  4.0384E-03,  5.1928E-04,  1.1540E-02,  8.0790E-04,  1.7310E-02,  3.4610E-03,  1.5578E-02,  1.1540E-03,  1.1540E-02,  1.1540E-03,  2.8862E-03,  4.6156E-04,  2.3080E-03,  0.0000E+00,  5.7700E-04,  2.3080E-04,  1.1540E-03,  1.7310E-04,  1.1540E-03,  2.3080E-04,  5.7700E-04,  1.1540E-04,  5.1928E-04,  1.1540E-04,  4.6156E-04,  5.1928E-05,  5.7700E-04,  1.1540E-04,  1.7310E-03,  1.7310E-03,  3.4610E-03,  5.7700E-04,  5.7700E-04,  5.1928E-04,  5.7700E-03,  3.4610E-04,  0.0000E+00,  0.0000E+00,  0.0000E+00,  0.0000E+00,  0.0000E+00,  0.0000E+00,  1.1540E-04,  0.0000E+00,  6.9246E-05
  1.0000E+01,  1.0330E+08,  1.1031E+06,  0.0000E+00,  0.0000E+00,  0.0000E+00,  1.0584E+04,  2.7125E+03,  2.2489E+04,  4.7122E-01,  2.2017E+03,  1.8026E+02,  2.1306E+03,  1.8873E+02,  3.7122E+03,  2.3552E+00,  1.0081E+03,  1.7362E+00,  1.8307E+01,  3.7654E+00,  1.0853E+03,  3.0264E+00,  4.5229E+01,  4.2245E+00,  1.7049E+02,  5.8127E+01,  1.0333E+04,  1.3465E+02,  3.2773E+02,  3.1496E+00,  7.7055E+00,  5.0413E-01,  1.2609E+00,  7.5623E-02,  7.5633E-01,  1.0083E-01,  5.0423E-01,  7.5630E-02,  2.5209E-01,  5.0417E-02,  1.2609E-01,  1.0083E-02,  5.0417E-02,  0.0000E+00,  2.2687E-02,  5.0418E-03,  1.5121E-02,  5.0419E-03,  1.7646E-02,  2.2690E-03,  5.0429E-02,  3.5305E-03,  7.5662E-02,  1.5125E-02,  6.8087E-02,  5.0435E-03,  5.0441E-02,  5.0439E-03,  1.2614E-02,  2.0170E-03,  1.0087E-02,  0.0000E+00,  2.5218E-03,  1.0087E-03,  5.0442E-03,  7.5660E-04,  5.0443E-03,  1.0088E-03,  2.5221E-03,  5.0441E-04,  2.2699E-03,  5.0443E-04,  2.0176E-03,  2.2699E-04,  2.5223E-03,  5.0447E-04,  7.5675E-03,  7.5673E-03,  1.5130E-02,  2.5224E-03,  2.5225E-03,  2.2703E-03,  2.5227E-02,  1.5131E-03,  0.0000E+00,  0.0000E+00,  0.0000E+00,  0.0000E+00,  0.0000E+00,  0.0000E+00,  5.0465E-04,  0.0000E+00,  3.0283E-04,  1.3003E+07,  2.3838E+05,  0.0000E+00,  0.0000E+00,  0.0000E+00,  2.2845E+03,  5.8602E+02,  4.8579E+03,  8.4834E-02,  3.9642E+02,  3.2453E+01,  3.8361E+02,  3.3980E+01,  6.6841E+02,  4.2403E-01,  1.8151E+02,  3.1258E-01,  3.2952E+00,  6.7794E-01,  2.3444E+02,  5.4481E-01,  8.1416E+00,  7.6041E-01,  3.0691E+01,  1.0463E+01,  1.8601E+03,  2.4237E+01,  5.9003E+01,  5.6696E-01,  1.3871E+00,  9.0736E-02,  2.2693E-01,  1.3610E-02,  1.3610E-01,  1.8147E-02,  9.0736E-02,  1.3610E-02,  4.5367E-02,  9.0736E-03,  2.2693E-02,  1.8147E-03,  9.0736E-03,  0.0000E+00,  4.0829E-03,  9.0736E-04,  2.7212E-03,  9.0736E-04,  3.1752E-03,  4.0829E-04,  9.0736E-03,  6.3522E-04,  1.3610E-02,  2.7212E-03,  1.2249E-02,  9.0736E-04,  9.0736E-03,  9.0736E-04,  2.2693E-03,  3.6291E-04,  1.8147E-03,  0.0000E+00,  4.5367E-04,  1.8147E-04,  9.0736E-04,  1.3610E-04,  9.0736E-04,  1.8147E-04,  4.5367E-04,  9.0736E-05,  4.0829E-04,  9.0736E-05,  3.6291E-04,  4.0829E-05,  4.5367E-04,  9.0736E-05,  1.3610E-03,  1.3610E-03,  2.7212E-03,  4.5367E-04,  4.5367E-04,  4.0829E-04,  4.5367E-03,  2.7212E-04,  0.0000E+00,  0.0000E+00,  0.0000E+00,  0.0000E+00,  0.0000E+00,  0.0000E+00,  9.0736E-05,  0.0000E+00,  5.4445E-05
  1.1000E+01,  9.1455E+07,  8.9432E+05,  0.0000E+00,  0.0000E+00,  0.0000E+00,  8.5826E+03,  2.1993E+03,  1.8234E+04,  3.9542E-01,  1.8475E+03,  1.5126E+02,  1.7878E+03,  1.5837E+02,  3.1150E+03,  1.9763E+00,  8.4588E+02,  1.4569E+00,  1.5363E+01,  3.1596E+00,  8.7996E+02,  2.5396E+00,  3.7954E+01,  3.5451E+00,  1.4307E+02,  4.8778E+01,  8.6706E+03,  1.1299E+02,  2.7501E+02,  2.6431E+00,  6.4662E+00,  4.2306E-01,  1.0581E+00,  6.3462E-02,  6.3472E-01,  8.4618E-02,  4.2315E-01,  6.3469E-02,  2.1156E-01,  4.2309E-02,  1.0582E-01,  8.4614E-03,  4.2310E-02,  0.0000E+00,  1.9039E-02,  4.2310E-03,  1.2690E-02,  4.2311E-03,  1.4809E-02,  1.9042E-03,  4.2322E-02,  2.9630E-03,  6.3501E-02,  1.2693E-02,  5.7143E-02,  4.2328E-03,  4.2334E-02,  4.2331E-03,  1.0586E-02,  1.6928E-03,  8.4651E-03,  0.0000E+00,  2.1164E-03,  8.4654E-04,  4.2335E-03,  6.3498E-04,  4.2336E-03,  8.4670E-04,  2.1167E-03,  4.2333E-04,  1.9051E-03,  4.2336E-04,  1.6934E-03,  1.9051E-04,  2.1169E-03,  4.2339E-04,  6.3514E-03,  6.3512E-03,  1.2699E-02,  2.1170E-03,  2.1171E-03,  1.9055E-03,  2.1173E-02,  1.2700E-03,  0.0000E+00,  0.0000E+00,  0.0000E+00,  0.0000E+00,  0.0000E+00,  0.0000E+00,  4.2358E-04,  0.0000E+00,  2.5418E-04,  1.0692E+07,  1.7917E+05,  0.0000E+00,  0.0000E+00,  0.0000E+00,  1.7177E+03,  4.4049E+02,  3.6517E+03,  6.6768E-02,  3.1200E+02,  2.5542E+01,  3.0192E+02,  2.6743E+01,  5.2607E+02,  3.3373E-01,  1.4285E+02,  2.4601E-01,  2.5935E+00,  5.3357E-01,  1.7623E+02,  4.2879E-01,  6.4078E+00,  5.9847E-01,  2.4155E+01,  8.2348E+00,  1.4640E+03,  1.9076E+01,  4.6438E+01,  4.4622E-01,  1.0917E+00,  7.1413E-02,  1.7860E-01,  1.0712E-02,  1.0712E-01,  1.4282E-02,  7.1413E-02,  1.0712E-02,  3.5706E-02,  7.1413E-03,  1.7860E-02,  1.4282E-03,  7.1413E-03,  0.0000E+00,  3.2134E-03,  7.1413E-04,  2.1417E-03,  7.1413E-04,  2.4990E-03,  3.2134E-04,  7.1413E-03,  4.9994E-04,  1.0712E-02,  2.1417E-03,  9.6402E-03,  7.1413E-04,  7.1413E-03,  7.1413E-04,  1.7860E-03,  2.8562E-04,  1.4282E-03,  0.0000E+00,  3.5706E-04,  1.4282E-04,  7.1413E-04,  1.0712E-04,  7.1413E-04,  1.4282E-04,  3.5706E-04,  7.1413E-05,  3.2134E-04,  7.1413E-05,  2.8562E-04,  3.2134E-05,  3.5706E-04,  7.1413E-05,  1.0712E-03,  1.0712E-03,  2.1417E-03,  3.5706E-04,  3.5706E-04,  3.2134E-04,  3.5706E-03,  2.1417E-04,  0.0000E+00,  0.0000E+00,  0.0000E+00,  0.0000E+00,  0.0000E+00,  0.0000E+00,  7.1413E-05,  0.0000E+00,  4.2851E-05
  1.2000E+01,  8.1638E+07,  7.3570E+05,  0.0000E+00,  0.0000E+00,  0.0000E+00,  7.0618E+03,  1.8093E+03,  1.5001E+04,  3.3521E-01,  1.5661E+03,  1.2823E+02,  1.5155E+03,  1.3426E+02,  2.6406E+03,  1.6753E+00,  7.1705E+02,  1.2351E+00,  1.3024E+01,  2.6785E+00,  7.2395E+02,  2.1529E+00,  3.2175E+01,  3.0054E+00,  1.2129E+02,  4.1351E+01,  7.3504E+03,  9.5786E+01,  2.3313E+02,  2.2407E+00,  5.4817E+00,  3.5866E-01,  8.9705E-01,  5.3802E-02,  5.3811E-01,  7.1738E-02,  3.5875E-01,  5.3809E-02,  1.7936E-01,  3.5869E-02,  8.9709E-02,  7.1734E-03,  3.5870E-02,  0.0000E+00,  1.6141E-02,  3.5870E-03,  1.0759E-02,  3.5871E-03,  1.2555E-02,  1.6144E-03,  3.5881E-02,  2.5121E-03,  5.3841E-02,  1.0762E-02,  4.8449E-02,  3.5888E-03,  3.5894E-02,  3.5891E-03,  8.9755E-03,  1.4352E-03,  7.1771E-03,  0.0000E+00,  1.7944E-03,  7.1774E-04,  3.5895E-03,  5.3838E-04,  3.5895E-03,  7.1790E-04,  1.7947E-03,  3.5893E-04,  1.6153E-03,  3.5896E-04,  1.4358E-03,  1.6153E-04,  1.7949E-03,  3.5899E-04,  5.3854E-03,  5.3852E-03,  1.0767E-02,  1.7950E-03,  1.7951E-03,  1.6157E-03,  1.7953E-02,  1.0768E-03,  0.0000E+00,  0.0000E+00,  0.0000E+00,  0.0000E+00,  0.0000E+00,  0.0000E+00,  3.5918E-04,  0.0000E+00,  2.1553E-04,  8.9426E+06,  1.3806E+05,  0.0000E+00,  0.0000E+00,  0.0000E+00,  1.3240E+03,  3.3943E+02,  2.8140E+03,  5.3657E-02,  2.5073E+02,  2.0526E+01,  2.4263E+02,  2.1492E+01,  4.2276E+02,  2.6820E-01,  1.1480E+02,  1.9770E-01,  2.0842E+00,  4.2879E-01,  1.3580E+02,  3.4459E-01,  5.1495E+00,  4.8095E-01,  1.9412E+01,  6.6177E+00,  1.1765E+03,  1.5330E+01,  3.7318E+01,  3.5859E-01,  8.7730E-01,  5.7389E-02,  1.4353E-01,  8.6083E-03,  8.6083E-02,  1.1478E-02,  5.7389E-02,  8.6083E-03,  2.8694E-02,  5.7389E-03,  1.4353E-02,  1.1478E-03,  5.7389E-03,  0.0000E+00,  2.5824E-03,  5.7389E-04,  1.7211E-03,  5.7389E-04,  2.0083E-03,  2.5824E-04,  5.7389E-03,  4.0177E-04,  8.6083E-03,  1.7211E-03,  7.7471E-03,  5.7389E-04,  5.7389E-03,  5.7389E-04,  1.4353E-03,  2.2953E-04,  1.1478E-03,  0.0000E+00,  2.8694E-04,  1.1478E-04,  5.7389E-04,  8.6083E-05,  5.7389E-04,  1.1478E-04,  2.8694E-04,  5.7389E-05,  2.5824E-04,  5.7389E-05,  2.2953E-04,  2.5824E-05,  2.8694E-04,  5.7389E-05,  8.6083E-04,  8.6083E-04,  1.7211E-03,  2.8694E-04,  2.8694E-04,  2.5824E-04,  2.8694E-03,  1.7211E-04,  0.0000E+00,  0.0000E+00,  0.0000E+00,  0.0000E+00,  0.0000E+00,  0.0000E+00,  5.7389E-05,  0.0000E+00,  3.4436E-05
  1.4000E+01,  6.6179E+07,  5.1064E+05,  0.0000E+00,  0.0000E+00,  0.0000E+00,  4.9031E+03,  1.2560E+03,  1.0414E+04,  2.4513E-01,  1.1452E+03,  9.3766E+01,  1.1082E+03,  9.8174E+01,  1.9308E+03,  1.2251E+00,  5.2431E+02,  9.0314E-01,  9.5248E+00,  1.9586E+00,  5.0256E+02,  1.5744E+00,  2.3530E+01,  2.1979E+00,  8.8697E+01,  3.0241E+01,  5.3752E+03,  7.0050E+01,  1.7048E+02,  1.6386E+00,  4.0088E+00,  2.6231E-01,  6.5608E-01,  3.9349E-02,  3.9359E-01,  5.2469E-02,  2.6240E-01,  3.9357E-02,  1.3118E-01,  2.6234E-02,  6.5612E-02,  5.2465E-03,  2.6235E-02,  0.0000E+00,  1.1806E-02,  2.6235E-03,  7.8690E-03,  2.6236E-03,  9.1832E-03,  1.1808E-03,  2.6246E-02,  1.8376E-03,  3.9388E-02,  7.8724E-03,  3.5443E-02,  2.6253E-03,  2.6259E-02,  2.6256E-03,  6.5658E-03,  1.0498E-03,  5.2501E-03,  0.0000E+00,  1.3127E-03,  5.2504E-04,  2.6260E-03,  3.9386E-04,  2.6261E-03,  5.2520E-04,  1.3130E-03,  2.6258E-04,  1.1817E-03,  2.6261E-04,  1.0504E-03,  1.1818E-04,  1.3132E-03,  2.6264E-04,  3.9401E-03,  3.9400E-03,  7.8778E-03,  1.3133E-03,  1.3134E-03,  1.1822E-03,  1.3136E-02,  7.8788E-04,  0.0000E+00,  0.0000E+00,  0.0000E+00,  0.0000E+00,  0.0000E+00,  0.0000E+00,  2.6283E-04,  0.0000E+00,  1.5772E-04,  6.5166E+06,  8.7001E+04,  0.0000E+00,  0.0000E+00,  0.0000E+00,  8.3477E+02,  2.1391E+02,  1.7736E+03,  3.6426E-02,  1.7021E+02,  1.3935E+01,  1.6472E+02,  1.4590E+01,  2.8700E+02,  1.8207E-01,  7.7936E+01,  1.3422E-01,  1.4149E+00,  2.9109E-01,  8.5590E+01,  2.3393E-01,  3.4958E+00,  3.2651E-01,  1.3178E+01,  4.4926E+00,  7.9868E+02,  1.0407E+01,  2.5335E+01,  2.4344E-01,  5.9558E-01,  3.8960E-02,  9.7439E-02,  5.8440E-03,  5.8440E-02,  7.7920E-03,  3.8960E-02,  5.8440E-03,  1.9480E-02,  3.8960E-03,  9.7439E-03,  7.7920E-04,  3.8960E-03,  0.0000E+00,  1.7531E-03,  3.8960E-04,  1.1684E-03,  3.8960E-04,  1.3634E-03,  1.7531E-04,  3.8960E-03,  2.7275E-04,  5.8440E-03,  1.1684E-03,  5.2593E-03,  3.8960E-04,  3.8960E-03,  3.8960E-04,  9.7439E-04,  1.5582E-04,  7.7920E-04,  0.0000E+00,  1.9480E-04,  7.7920E-05,  3.8960E-04,  5.8440E-05,  3.8960E-04,  7.7920E-05,  1.9480E-04,  3.8960E-05,  1.7531E-04,  3.8960E-05,  1.5582E-04,  1.7531E-05,  1.9480E-04,  3.8960E-05,  5.8440E-04,  5.8440E-04,  1.1684E-03,  1.9480E-04,  1.9480E-04,  1.7531E-04,  1.9480E-03,  1.1684E-04,  0.0000E+00,  0.0000E+00,  0.0000E+00,  0.0000E+00,  0.0000E+00,  0.0000E+00,  3.8960E-05,  0.0000E+00,  2.3378E-05
  1.6000E+01,  5.4708E+07,  3.6532E+05,  0.0000E+00,  0.0000E+00,  0.0000E+00,  3.5085E+03,  8.9866E+02,  7.4513E+03,  1.8266E-01,  8.5325E+02,  6.9869E+01,  8.2571E+02,  7.3152E+01,  1.4386E+03,  9.1283E-01,  3.9065E+02,  6.7296E-01,  7.0983E+00,  1.4594E+00,  3.5959E+02,  1.1732E+00,  1.7535E+01,  1.6380E+00,  6.6096E+01,  2.2536E+01,  4.0055E+03,  5.2202E+01,  1.2703E+02,  1.2211E+00,  2.9874E+00,  1.9549E-01,  4.8898E-01,  2.9327E-02,  2.9337E-01,  3.9105E-02,  1.9559E-01,  2.9334E-02,  9.7776E-02,  1.9553E-02,  4.8901E-02,  3.9102E-03,  1.9553E-02,  0.0000E+00,  8.7990E-03,  1.9553E-03,  5.8652E-03,  1.9554E-03,  6.8450E-03,  8.8017E-04,  1.9565E-02,  1.3698E-03,  2.9366E-02,  5.8685E-03,  2.6423E-02,  1.9571E-03,  1.9577E-02,  1.9575E-03,  4.8947E-03,  7.8260E-04,  3.9138E-03,  0.0000E+00,  9.7862E-04,  3.9141E-04,  1.9578E-03,  2.9364E-04,  1.9579E-03,  3.9157E-04,  9.7891E-04,  1.9576E-04,  8.8107E-04,  1.9579E-04,  7.8320E-04,  8.8113E-05,  9.7913E-04,  1.9583E-04,  2.9379E-03,  2.9377E-03,  5.8740E-03,  9.7921E-04,  9.7934E-04,  8.8151E-04,  9.7952E-03,  5.8749E-04,  0.0000E+00,  0.0000E+00,  0.0000E+00,  0.0000E+00,  0.0000E+00,  0.0000E+00,  1.9601E-04,  0.0000E+00,  1.1763E-04,  4.9540E+06,  5.8318E+04,  0.0000E+00,  0.0000E+00,  0.0000E+00,  5.5982E+02,  1.4340E+02,  1.1890E+03,  2.6044E-02,  1.2170E+02,  9.9630E+00,  1.1777E+02,  1.0432E+01,  2.0520E+02,  1.3018E-01,  5.5722E+01,  9.5961E-02,  1.0116E+00,  2.0812E-01,  5.7380E+01,  1.6726E-01,  2.4994E+00,  2.3344E-01,  9.4220E+00,  3.2121E+00,  5.7104E+02,  7.4408E+00,  1.8114E+01,  1.7405E-01,  4.2583E-01,  2.7856E-02,  6.9667E-02,  4.1783E-03,  4.1783E-02,  5.5711E-03,  2.7856E-02,  4.1783E-03,  1.3928E-02,  2.7856E-03,  6.9667E-03,  5.5711E-04,  2.7856E-03,  0.0000E+00,  1.2534E-03,  2.7856E-04,  8.3541E-04,  2.7856E-04,  9.7479E-04,  1.2534E-04,  2.7856E-03,  1.9501E-04,  4.1783E-03,  8.3541E-04,  3.7603E-03,  2.7856E-04,  2.7856E-03,  2.7856E-04,  6.9667E-04,  1.1141E-04,  5.5711E-04,  0.0000E+00,  1.3928E-04,  5.5711E-05,  2.7856E-04,  4.1783E-05,  2.7856E-04,  5.5711E-05,  1.3928E-04,  2.7856E-05,  1.2534E-04,  2.7856E-05,  1.1141E-04,  1.2534E-05,  1.3928E-04,  2.7856E-05,  4.1783E-04,  4.1783E-04,  8.3541E-04,  1.3928E-04,  1.3928E-04,  1.2534E-04,  1.3928E-03,  8.3541E-05,  0.0000E+00,  0.0000E+00,  0.0000E+00,  0.0000E+00,  0.0000E+00,  0.0000E+00,  2.7857E-05,  0.0000E+00,  1.6715E-05
  1.8000E+01,  4.5864E+07,  2.6603E+05,  0.0000E+00,  0.0000E+00,  0.0000E+00,  2.5551E+03,  6.5449E+02,  5.4267E+03,  1.3724E-01,  6.4103E+02,  5.2495E+01,  6.2034E+02,  5.4961E+01,  1.0808E+03,  6.8583E-01,  2.9348E+02,  5.0562E-01,  5.3342E+00,  1.0964E+00,  2.6189E+02,  8.8152E-01,  1.3176E+01,  1.2309E+00,  4.9666E+01,  1.6935E+01,  3.0097E+03,  3.9226E+01,  9.5444E+01,  9.1761E-01,  2.2448E+00,  1.4691E-01,  3.6749E-01,  2.2041E-02,  2.2050E-01,  2.9390E-02,  1.4701E-01,  2.2048E-02,  7.3489E-02,  1.4695E-02,  3.6752E-02,  2.9387E-03,  1.4695E-02,  0.0000E+00,  6.6132E-03,  1.4696E-03,  4.4083E-03,  1.4697E-03,  5.1451E-03,  6.6160E-04,  1.4707E-02,  1.0298E-03,  2.2080E-02,  4.4117E-03,  1.9866E-02,  1.4714E-03,  1.4719E-02,  1.4717E-03,  3.6799E-03,  5.8831E-04,  2.9423E-03,  0.0000E+00,  7.3574E-04,  2.9426E-04,  1.4720E-03,  2.2077E-04,  1.4721E-03,  2.9442E-04,  7.3603E-04,  1.4719E-04,  6.6249E-04,  1.4722E-04,  5.8890E-04,  6.6254E-05,  7.3624E-04,  1.4725E-04,  2.2092E-03,  2.2091E-03,  4.4170E-03,  7.3632E-04,  7.3644E-04,  6.6291E-04,  7.3662E-03,  4.4179E-04,  0.0000E+00,  0.0000E+00,  0.0000E+00,  0.0000E+00,  0.0000E+00,  0.0000E+00,  1.4743E-04,  0.0000E+00,  8.8472E-05,  3.8899E+06,  4.0979E+04,  0.0000E+00,  0.0000E+00,  0.0000E+00,  3.9355E+02,  1.0077E+02,  8.3560E+02,  1.9372E-02,  9.0523E+01,  7.4108E+00,  8.7600E+01,  7.7594E+00,  1.5263E+02,  9.6830E-02,  4.1448E+01,  7.1379E-02,  7.5247E-01,  1.5481E-01,  4.0325E+01,  1.2441E-01,  1.8592E+00,  1.7364E-01,  7.0084E+00,  2.3893E+00,  4.2476E+02,  5.5347E+00,  1.3474E+01,  1.2947E-01,  3.1674E-01,  2.0720E-02,  5.1820E-02,  3.1080E-03,  3.1080E-02,  4.1439E-03,  2.0720E-02,  3.1080E-03,  1.0360E-02,  2.0720E-03,  5.1820E-03,  4.1439E-04,  2.0720E-03,  0.0000E+00,  9.3234E-04,  2.0720E-04,  6.2140E-04,  2.0720E-04,  7.2508E-04,  9.3234E-05,  2.0720E-03,  1.4506E-04,  3.1082E-03,  6.2141E-04,  2.7971E-03,  2.0720E-04,  2.0721E-03,  2.0721E-04,  5.1822E-04,  8.2872E-05,  4.1440E-04,  0.0000E+00,  1.0360E-04,  4.1440E-05,  2.0722E-04,  3.1081E-05,  2.0722E-04,  4.1443E-05,  1.0361E-04,  2.0721E-05,  9.3244E-05,  2.0722E-05,  8.2881E-05,  9.3245E-06,  1.0361E-04,  2.0723E-05,  3.1085E-04,  3.1085E-04,  6.2152E-04,  1.0361E-04,  1.0362E-04,  9.3258E-05,  1.0363E-03,  6.2155E-05,  0.0000E+00,  0.0000E+00,  0.0000E+00,  0.0000E+00,  0.0000E+00,  0.0000E+00,  2.0730E-05,  0.0000E+00,  1.2440E-05
  2.0000E+01,  3.8841E+07,  1.9516E+05,  0.0000E+00,  0.0000E+00,  0.0000E+00,  1.8745E+03,  4.8022E+02,  3.9816E+03,  1.0300E-01,  4.8103E+02,  3.9397E+01,  4.6551E+02,  4.1247E+01,  8.1100E+02,  5.1469E-01,  2.2023E+02,  3.7946E-01,  4.0043E+00,  8.2280E-01,  1.9215E+02,  6.6164E-01,  9.8901E+00,  9.2401E-01,  3.7279E+01,  1.2712E+01,  2.2590E+03,  2.9444E+01,  7.1631E+01,  6.8879E-01,  1.6850E+00,  1.1029E-01,  2.7590E-01,  1.6548E-02,  1.6557E-01,  2.2066E-02,  1.1039E-01,  1.6555E-02,  5.5179E-02,  1.1033E-02,  2.7593E-02,  2.2062E-03,  1.1033E-02,  0.0000E+00,  4.9654E-03,  1.1034E-03,  3.3100E-03,  1.1035E-03,  3.8636E-03,  4.9680E-04,  1.1045E-02,  7.7337E-04,  1.6585E-02,  3.3133E-03,  1.4921E-02,  1.1051E-03,  1.1056E-02,  1.1054E-03,  2.7638E-03,  4.4183E-04,  2.2098E-03,  0.0000E+00,  5.5261E-04,  2.2101E-04,  1.1057E-03,  1.6583E-04,  1.1058E-03,  2.2115E-04,  5.5287E-04,  1.1056E-04,  4.9765E-04,  1.1058E-04,  4.4238E-04,  4.9769E-05,  5.5307E-04,  1.1061E-04,  1.6597E-03,  1.6595E-03,  3.3182E-03,  5.5314E-04,  5.5325E-04,  4.9802E-04,  5.5341E-03,  3.3190E-04,  0.0000E+00,  0.0000E+00,  0.0000E+00,  0.0000E+00,  0.0000E+00,  0.0000E+00,  1.1077E-04,  0.0000E+00,  6.6476E-05,  3.1332E+06,  2.9888E+04,  0.0000E+00,  0.0000E+00,  0.0000E+00,  2.8714E+02,  7.3500E+01,  6.0949E+02,  1.4867E-02,  6.9469E+01,  5.6871E+00,  6.7226E+01,  5.9547E+00,  1.1713E+02,  7.4309E-02,  3.1808E+01,  5.4778E-02,  5.7746E-01,  1.1880E-01,  2.9413E+01,  9.5475E-02,  1.4268E+00,  1.3326E-01,  5.3784E+00,  1.8336E+00,  3.2597E+02,  4.2474E+00,  1.0340E+01,  9.9355E-02,  2.4307E-01,  1.5901E-02,  3.9768E-02,  2.3851E-03,  2.3853E-02,  3.1802E-03,  1.5902E-02,  2.3852E-03,  7.9506E-03,  1.5901E-03,  3.9769E-03,  3.1802E-04,  1.5901E-03,  0.0000E+00,  7.1552E-04,  1.5901E-04,  4.7690E-04,  1.5901E-04,  5.5649E-04,  7.1557E-05,  1.5904E-03,  1.1134E-04,  2.3864E-03,  4.7700E-04,  2.1474E-03,  1.5907E-04,  1.5910E-03,  1.5908E-04,  3.9782E-04,  6.3612E-05,  3.1811E-04,  0.0000E+00,  7.9535E-05,  3.1812E-05,  1.5910E-04,  2.3863E-05,  1.5911E-04,  3.1821E-05,  7.9550E-05,  1.5909E-05,  7.1598E-05,  1.5911E-05,  6.3642E-05,  7.1601E-06,  7.9563E-05,  1.5913E-05,  2.3872E-04,  2.3871E-04,  4.7729E-04,  7.9568E-05,  7.9576E-05,  7.1624E-05,  7.9587E-04,  4.7735E-05,  0.0000E+00,  0.0000E+00,  0.0000E+00,  0.0000E+00,  0.0000E+00,  0.0000E+00,  1.5925E-05,  0.0000E+00,  9.5563E-06
  2.2000E+01,  3.3216E+07,  1.4513E+05,  0.0000E+00,  0.0000E+00,  0.0000E+00,  1.3938E+03,  3.5717E+02,  2.9613E+03,  7.7718E-02,  3.6289E+02,  2.9725E+01,  3.5118E+02,  3.1120E+01,  6.1179E+02,  3.8831E-01,  1.6613E+02,  2.8630E-01,  3.0221E+00,  6.2075E-01,  1.4291E+02,  4.9927E-01,  7.4636E+00,  6.9737E-01,  2.8132E+01,  9.5937E+00,  1.7046E+03,  2.2220E+01,  5.4046E+01,  5.1981E-01,  1.2716E+00,  8.3250E-02,  2.0826E-01,  1.2491E-02,  1.2500E-01,  1.6657E-02,  8.3339E-02,  1.2498E-02,  4.1655E-02,  8.3283E-03,  2.0829E-02,  1.6654E-03,  8.3288E-03,  0.0000E+00,  3.7483E-03,  8.3291E-04,  2.4989E-03,  8.3302E-04,  2.9170E-03,  3.7508E-04,  8.3395E-03,  5.8395E-04,  1.2525E-02,  2.5018E-03,  1.1268E-02,  8.3449E-04,  8.3496E-03,  8.3476E-04,  2.0870E-03,  3.3362E-04,  1.6686E-03,  0.0000E+00,  4.1730E-04,  1.6689E-04,  8.3504E-04,  1.2523E-04,  8.3510E-04,  1.6702E-04,  4.1753E-04,  8.3491E-05,  3.7583E-04,  8.3514E-05,  3.3410E-04,  3.7587E-05,  4.1770E-04,  8.3538E-05,  1.2535E-03,  1.2533E-03,  2.5061E-03,  4.1776E-04,  4.1785E-04,  3.7616E-04,  4.1799E-03,  2.5068E-04,  0.0000E+00,  0.0000E+00,  0.0000E+00,  0.0000E+00,  0.0000E+00,  0.0000E+00,  8.3673E-05,  0.0000E+00,  5.0215E-05,  2.4920E+06,  2.0137E+04,  0.0000E+00,  0.0000E+00,  0.0000E+00,  1.9348E+02,  4.9543E+01,  4.1079E+02,  1.0417E-02,  4.8677E+01,  3.9850E+00,  4.7105E+01,  4.1724E+00,  8.2076E+01,  5.2068E-02,  2.2288E+01,  3.8382E-02,  4.0465E-01,  8.3245E-02,  1.9824E+01,  6.6899E-02,  9.9974E-01,  9.3378E-02,  3.7687E+00,  1.2848E+00,  2.2840E+02,  2.9762E+00,  7.2451E+00,  6.9620E-02,  1.7032E-01,  1.1143E-02,  2.7871E-02,  1.6716E-03,  1.6720E-02,  2.2289E-03,  1.1147E-02,  1.6719E-03,  5.5728E-03,  1.1144E-03,  2.7872E-03,  2.2288E-04,  1.1145E-03,  0.0000E+00,  5.0151E-04,  1.1145E-04,  3.3428E-04,  1.1145E-04,  3.9012E-04,  5.0164E-05,  1.1151E-03,  7.8071E-05,  1.6737E-03,  3.3447E-04,  1.5059E-03,  1.1154E-04,  1.1158E-03,  1.1156E-04,  2.7897E-04,  4.4603E-05,  2.2306E-04,  0.0000E+00,  5.5775E-05,  2.2308E-05,  1.1159E-04,  1.6736E-05,  1.1159E-04,  2.2318E-05,  5.5793E-05,  1.1157E-05,  5.0217E-05,  1.1159E-05,  4.4639E-05,  5.0220E-06,  5.5806E-05,  1.1161E-05,  1.6745E-04,  1.6744E-04,  3.3480E-04,  5.5811E-05,  5.5819E-05,  5.0244E-05,  5.5831E-04,  3.3485E-05,  0.0000E+00,  0.0000E+00,  0.0000E+00,  0.0000E+00,  0.0000E+00,  0.0000E+00,  1.1173E-05,  0.0000E+00,  6.7048E-06
  2.5000E+01,  2.6728E+07,  9.7140E+04,  0.0000E+00,  0.0000E+00,  0.0000E+00,  9.3269E+02,  2.3908E+02,  1.9821E+03,  5.2393E-02,  2.4456E+02,  2.0038E+01,  2.3667E+02,  2.0977E+01,  4.1227E+02,  2.6173E-01,  1.1195E+02,  1.9299E-01,  2.0382E+00,  4.1839E-01,  9.5655E+01,  3.3662E-01,  5.0329E+00,  4.7032E-01,  1.8969E+01,  6.4698E+00,  1.1493E+03,  1.4984E+01,  3.6433E+01,  3.5054E-01,  8.5748E-01,  5.6153E-02,  1.4048E-01,  8.4258E-03,  8.4335E-02,  1.1237E-02,  5.6228E-02,  8.4316E-03,  2.8102E-02,  5.6181E-03,  1.4051E-02,  1.1234E-03,  5.6185E-03,  0.0000E+00,  2.5287E-03,  5.6188E-04,  1.6859E-03,  5.6197E-04,  1.9681E-03,  2.5308E-04,  5.6274E-03,  3.9406E-04,  8.4533E-03,  1.6883E-03,  7.6044E-03,  5.6317E-04,  5.6354E-03,  5.6338E-04,  1.4085E-03,  2.2513E-04,  1.1261E-03,  0.0000E+00,  2.8163E-04,  1.1262E-04,  5.6360E-04,  8.4519E-05,  5.6364E-04,  1.1273E-04,  2.8181E-04,  5.6349E-05,  2.5367E-04,  5.6367E-05,  2.2551E-04,  2.5370E-05,  2.8194E-04,  5.6386E-05,  8.4611E-04,  8.4600E-04,  1.6917E-03,  2.8198E-04,  2.8206E-04,  2.5392E-04,  2.8216E-03,  1.6922E-04,  0.0000E+00,  0.0000E+00,  0.0000E+00,  0.0000E+00,  0.0000E+00,  0.0000E+00,  5.6489E-05,  0.0000E+00,  3.3902E-05,  1.8330E+06,  1.1858E+04,  0.0000E+00,  0.0000E+00,  0.0000E+00,  1.1394E+02,  2.9189E+01,  2.4200E+02,  6.4659E-03,  3.0210E+01,  2.4734E+00,  2.9234E+01,  2.5896E+00,  5.0937E+01,  3.2316E-02,  1.3832E+01,  2.3823E-02,  2.5130E-01,  5.1665E-02,  1.1678E+01,  4.1530E-02,  6.2073E-01,  5.7989E-02,  2.3398E+00,  7.9782E-01,  1.4179E+02,  1.8480E+00,  4.4969E+00,  4.3229E-02,  1.0575E-01,  6.9215E-03,  1.7314E-02,  1.0384E-03,  1.0390E-02,  1.3847E-03,  6.9268E-03,  1.0388E-03,  3.4625E-03,  6.9235E-04,  1.7316E-03,  1.3845E-04,  6.9237E-04,  0.0000E+00,  3.1159E-04,  6.9239E-05,  2.0771E-04,  6.9245E-05,  2.4244E-04,  3.1174E-05,  6.9304E-04,  4.8526E-05,  1.0406E-03,  2.0790E-04,  9.3621E-04,  6.9339E-05,  6.9371E-04,  6.9357E-05,  1.7342E-04,  2.7723E-05,  1.3866E-04,  0.0000E+00,  3.4673E-05,  1.3867E-05,  6.9376E-05,  1.0405E-05,  6.9380E-05,  1.3876E-05,  3.4689E-05,  6.9367E-06,  3.1223E-05,  6.9383E-06,  2.7756E-05,  3.1226E-06,  3.4700E-05,  6.9400E-06,  1.0413E-04,  1.0412E-04,  2.0819E-04,  3.4704E-05,  3.4711E-05,  3.1246E-05,  3.4721E-04,  2.0824E-05,  0.0000E+00,  0.0000E+00,  0.0000E+00,  0.0000E+00,  0.0000E+00,  0.0000E+00,  6.9496E-06,  0.0000E+00,  4.1706E-06
  2.8000E+01,  2.1885E+07,  6.8230E+04,  0.0000E+00,  0.0000E+00,  0.0000E+00,  6.5487E+02,  1.6790E+02,  1.3920E+03,  3.6336E-02,  1.6955E+02,  1.3896E+01,  1.6409E+02,  1.4546E+01,  2.8580E+02,  1.8149E-01,  7.7610E+01,  1.3383E-01,  1.4140E+00,  2.9010E-01,  6.7177E+01,  2.3348E-01,  3.4912E+00,  3.2628E-01,  1.3158E+01,  4.4881E+00,  7.9718E+02,  1.0394E+01,  2.5266E+01,  2.4317E-01,  5.9481E-01,  3.8959E-02,  9.7475E-02,  5.8462E-03,  5.8523E-02,  7.7969E-03,  3.9019E-02,  5.8509E-03,  1.9501E-02,  3.8982E-03,  9.7496E-03,  7.7944E-04,  3.8985E-03,  0.0000E+00,  1.7547E-03,  3.8988E-04,  1.1699E-03,  3.8995E-04,  1.3658E-03,  1.7563E-04,  3.9055E-03,  2.7349E-04,  5.8677E-03,  1.1718E-03,  5.2783E-03,  3.9088E-04,  3.9117E-03,  3.9105E-04,  9.7758E-04,  1.5625E-04,  7.8155E-04,  0.0000E+00,  1.9548E-04,  7.8170E-05,  3.9121E-04,  5.8666E-05,  3.9125E-04,  7.8248E-05,  1.9561E-04,  3.9113E-05,  1.7609E-04,  3.9127E-05,  1.5654E-04,  1.7611E-05,  1.9571E-04,  3.9141E-05,  5.8736E-04,  5.8728E-04,  1.1743E-03,  1.9575E-04,  1.9580E-04,  1.7627E-04,  1.9588E-03,  1.1747E-04,  0.0000E+00,  0.0000E+00,  0.0000E+00,  0.0000E+00,  0.0000E+00,  0.0000E+00,  3.9218E-05,  0.0000E+00,  2.3537E-05,  1.3961E+06,  7.4159E+03,  0.0000E+00,  0.0000E+00,  0.0000E+00,  7.1270E+01,  1.8264E+01,  1.5141E+02,  4.2391E-03,  1.9796E+01,  1.6214E+00,  1.9158E+01,  1.6975E+00,  3.3376E+01,  2.1181E-02,  9.0634E+00,  1.5617E-02,  1.6484E-01,  3.3861E-02,  7.3067E+00,  2.7232E-02,  4.0709E-01,  3.8037E-02,  1.5344E+00,  5.2328E-01,  9.2977E+01,  1.2120E+00,  2.9480E+00,  2.8353E-02,  6.9358E-02,  4.5407E-03,  1.1359E-02,  6.8129E-04,  6.8178E-03,  9.0853E-04,  4.5455E-03,  6.8166E-04,  2.2720E-03,  4.5425E-04,  1.1361E-03,  9.0833E-05,  4.5427E-04,  0.0000E+00,  2.0445E-04,  4.5429E-05,  1.3629E-04,  4.5435E-05,  1.5910E-04,  2.0458E-05,  4.5486E-04,  3.1850E-05,  6.8315E-04,  1.3646E-04,  6.1458E-04,  4.5516E-05,  4.5542E-04,  4.5531E-05,  1.1383E-04,  1.8196E-05,  9.1012E-05,  0.0000E+00,  2.2761E-05,  9.1026E-06,  4.5547E-05,  6.8305E-06,  4.5550E-05,  9.1098E-06,  2.2774E-05,  4.5539E-06,  2.0500E-05,  4.5552E-06,  1.8223E-05,  2.0502E-06,  2.2784E-05,  4.5566E-06,  6.8372E-05,  6.8364E-05,  1.3670E-04,  2.2787E-05,  2.2792E-05,  2.0518E-05,  2.2800E-04,  1.3674E-05,  0.0000E+00,  0.0000E+00,  0.0000E+00,  0.0000E+00,  0.0000E+00,  0.0000E+00,  4.5641E-06,  0.0000E+00,  2.7391E-06
  3.2000E+01,  1.7095E+07,  4.4853E+04,  0.0000E+00,  0.0000E+00,  0.0000E+00,  4.3028E+02,  1.1033E+02,  9.1480E+02,  2.2957E-02,  1.0708E+02,  8.7786E+00,  1.0364E+02,  9.1890E+00,  1.8049E+02,  1.1465E-01,  4.9012E+01,  8.4550E-02,  8.9370E-01,  1.8325E-01,  4.4147E+01,  1.4753E-01,  2.2062E+00,  2.0622E-01,  8.3149E+00,  2.8364E+00,  5.0373E+02,  6.5686E+00,  1.5962E+01,  1.5368E-01,  3.7590E-01,  2.4626E-02,  6.1616E-02,  3.6955E-03,  3.6999E-02,  4.9288E-03,  2.4668E-02,  3.6989E-03,  1.2328E-02,  2.4642E-03,  6.1631E-03,  4.9269E-04,  2.4644E-03,  0.0000E+00,  1.1092E-03,  2.4646E-04,  7.3958E-04,  2.4651E-04,  8.6352E-04,  1.1104E-04,  2.4694E-03,  1.7293E-04,  3.7106E-03,  7.4091E-04,  3.3377E-03,  2.4717E-04,  2.4736E-03,  2.4728E-04,  6.1816E-04,  9.8795E-05,  4.9419E-04,  0.0000E+00,  1.2361E-04,  4.9429E-05,  2.4740E-04,  3.7098E-05,  2.4742E-04,  4.9482E-05,  1.2370E-04,  2.4734E-05,  1.1136E-04,  2.4743E-05,  9.8995E-05,  1.1137E-05,  1.2377E-04,  2.4753E-05,  3.7146E-04,  3.7141E-04,  7.4267E-04,  1.2379E-04,  1.2383E-04,  1.1148E-04,  1.2388E-03,  7.4295E-05,  0.0000E+00,  0.0000E+00,  0.0000E+00,  0.0000E+00,  0.0000E+00,  0.0000E+00,  2.4805E-05,  0.0000E+00,  1.4887E-05,  9.9867E+05,  4.2723E+03,  0.0000E+00,  0.0000E+00,  0.0000E+00,  4.1026E+01,  1.0519E+01,  8.7200E+01,  2.4502E-03,  1.1436E+01,  9.3706E-01,  1.1068E+01,  9.8097E-01,  1.9279E+01,  1.2240E-02,  5.2353E+00,  9.0253E-03,  9.5322E-02,  1.9566E-02,  4.2082E+00,  1.5742E-02,  2.3537E-01,  2.1996E-02,  8.8713E-01,  3.0257E-01,  5.3750E+01,  7.0074E-01,  1.7038E+00,  1.6394E-02,  4.0101E-02,  2.6261E-03,  6.5703E-03,  3.9406E-04,  3.9444E-03,  5.2554E-04,  2.6298E-03,  3.9435E-04,  1.3144E-03,  2.6276E-04,  6.5716E-04,  5.2538E-05,  2.6277E-04,  0.0000E+00,  1.1827E-04,  2.6279E-05,  7.8850E-05,  2.6283E-05,  9.2053E-05,  1.1837E-05,  2.6321E-04,  1.8431E-05,  3.9541E-04,  7.8968E-05,  3.5570E-04,  2.6342E-05,  2.6360E-04,  2.6352E-05,  6.5880E-05,  1.0530E-05,  5.2670E-05,  0.0000E+00,  1.3173E-05,  5.2679E-06,  2.6363E-05,  3.9534E-06,  2.6365E-05,  5.2728E-06,  1.3182E-05,  2.6358E-06,  1.1866E-05,  2.6366E-06,  1.0548E-05,  1.1867E-06,  1.3188E-05,  2.6375E-06,  3.9578E-05,  3.9573E-05,  7.9129E-05,  1.3190E-05,  1.3194E-05,  1.1878E-05,  1.3199E-04,  7.9155E-06,  0.0000E+00,  0.0000E+00,  0.0000E+00,  0.0000E+00,  0.0000E+00,  0.0000E+00,  2.6424E-06,  0.0000E+00,  1.5859E-06
  3.5000E+01,  1.4413E+07,  3.4014E+04,  0.0000E+00,  0.0000E+00,  0.0000E+00,  3.2624E+02,  8.3651E+01,  6.9364E+02,  1.6829E-02,  7.8484E+01,  6.4351E+00,  7.5958E+01,  6.7357E+00,  1.3228E+02,  8.4037E-02,  3.5920E+01,  6.1978E-02,  6.5526E-01,  1.3432E-01,  3.3474E+01,  1.0816E-01,  1.6175E+00,  1.5120E-01,  6.0961E+00,  2.0796E+00,  3.6929E+02,  4.8158E+00,  1.1701E+01,  1.1267E-01,  2.7559E-01,  1.8056E-02,  4.5180E-02,  2.7098E-03,  2.7132E-02,  3.6141E-03,  1.8090E-02,  2.7124E-03,  9.0399E-03,  1.8069E-03,  4.5192E-03,  3.6127E-04,  1.8071E-03,  0.0000E+00,  8.1338E-04,  1.8072E-04,  5.4233E-04,  1.8076E-04,  6.3324E-04,  8.1427E-05,  1.8109E-03,  1.2682E-04,  2.7214E-03,  5.4336E-04,  2.4478E-03,  1.8127E-04,  1.8142E-03,  1.8135E-04,  4.5334E-04,  7.2452E-05,  3.6242E-04,  0.0000E+00,  9.0652E-05,  3.6250E-05,  1.8144E-04,  2.7208E-05,  1.8146E-04,  3.6291E-05,  9.0724E-05,  1.8140E-05,  8.1670E-05,  1.8147E-05,  7.2605E-05,  8.1682E-06,  9.0776E-05,  1.8155E-05,  2.7244E-04,  2.7240E-04,  5.4470E-04,  9.0794E-05,  9.0823E-05,  8.1767E-05,  9.0863E-04,  5.4491E-05,  0.0000E+00,  0.0000E+00,  0.0000E+00,  0.0000E+00,  0.0000E+00,  0.0000E+00,  1.8194E-05,  0.0000E+00,  1.0919E-05,  7.8949E+05,  2.9537E+03,  0.0000E+00,  0.0000E+00,  0.0000E+00,  2.8331E+01,  7.2670E+00,  6.0242E+01,  1.6351E-03,  7.6299E+00,  6.2531E-01,  7.3840E+00,  6.5458E-01,  1.2861E+01,  8.1672E-03,  3.4925E+00,  6.0226E-03,  6.3634E-02,  1.3055E-02,  2.9072E+00,  1.0507E-02,  1.5711E-01,  1.4683E-02,  5.9213E-01,  2.0197E-01,  3.5874E+01,  4.6774E-01,  1.1370E+00,  1.0943E-02,  2.6767E-02,  1.7533E-03,  4.3867E-03,  2.6310E-04,  2.6338E-03,  3.5089E-04,  1.7560E-03,  2.6331E-04,  8.7760E-04,  1.7544E-04,  4.3877E-04,  3.5077E-05,  1.7545E-04,  0.0000E+00,  7.8966E-05,  1.7546E-05,  5.2649E-05,  1.7549E-05,  6.1468E-05,  7.9040E-06,  1.7576E-04,  1.2308E-05,  2.6408E-04,  5.2735E-05,  2.3755E-04,  1.7592E-05,  1.7604E-04,  1.7599E-05,  4.3996E-05,  7.0319E-06,  3.5173E-05,  0.0000E+00,  8.7973E-06,  3.5180E-06,  1.7607E-05,  2.6403E-06,  1.7608E-05,  3.5215E-06,  8.8036E-06,  1.7603E-06,  7.9248E-06,  1.7609E-06,  7.0451E-06,  7.9259E-07,  8.8082E-06,  1.7616E-06,  2.6435E-05,  2.6431E-05,  5.2851E-05,  8.8097E-06,  8.8123E-06,  7.9335E-06,  8.8159E-05,  5.2870E-06,  0.0000E+00,  0.0000E+00,  0.0000E+00,  0.0000E+00,  0.0000E+00,  0.0000E+00,  1.7651E-06,  0.0000E+00,  1.0594E-06
  4.0000E+01,  1.1049E+07,  2.2367E+04,  0.0000E+00,  0.0000E+00,  0.0000E+00,  2.1460E+02,  5.5008E+01,  4.5619E+02,  1.0503E-02,  4.8967E+01,  4.0157E+00,  4.7392E+01,  4.2032E+00,  8.2525E+01,  5.2439E-02,  2.2410E+01,  3.8676E-02,  4.0902E-01,  8.3809E-02,  2.2015E+01,  6.7502E-02,  1.0096E+00,  9.4379E-02,  3.8049E+00,  1.2981E+00,  2.3048E+02,  3.0059E+00,  7.3020E+00,  7.0327E-02,  1.7202E-01,  1.1272E-02,  2.8205E-02,  1.6916E-03,  1.6939E-02,  2.2562E-03,  1.1294E-02,  1.6934E-03,  5.6437E-03,  1.1280E-03,  2.8213E-03,  2.2553E-04,  1.1281E-03,  0.0000E+00,  5.0779E-04,  1.1282E-04,  3.3859E-04,  1.1285E-04,  3.9536E-04,  5.0838E-05,  1.1307E-03,  7.9182E-05,  1.6993E-03,  3.3926E-04,  1.5284E-03,  1.1318E-04,  1.1328E-03,  1.1324E-04,  2.8306E-04,  4.5238E-05,  2.2629E-04,  0.0000E+00,  5.6603E-05,  2.2634E-05,  1.1330E-04,  1.6989E-05,  1.1331E-04,  2.2661E-05,  5.6650E-05,  1.1327E-05,  5.0997E-05,  1.1331E-05,  4.5337E-05,  5.1005E-06,  5.6684E-05,  1.1336E-05,  1.7012E-04,  1.7010E-04,  3.4013E-04,  5.6695E-05,  5.6714E-05,  5.1060E-05,  5.6739E-04,  3.4027E-05,  0.0000E+00,  0.0000E+00,  0.0000E+00,  0.0000E+00,  0.0000E+00,  0.0000E+00,  1.1362E-05,  0.0000E+00,  6.8188E-06,  5.5622E+05,  1.7052E+03,  0.0000E+00,  0.0000E+00,  0.0000E+00,  1.6326E+01,  4.1903E+00,  3.4738E+01,  8.9550E-04,  4.1768E+00,  3.4243E-01,  4.0423E+00,  3.5843E-01,  7.0400E+00,  4.4720E-03,  1.9117E+00,  3.2980E-03,  3.4862E-02,  7.1477E-03,  1.6764E+00,  5.7548E-03,  8.6062E-02,  8.0441E-03,  3.2435E-01,  1.1064E-01,  1.9649E+01,  2.5623E-01,  6.2264E-01,  5.9946E-03,  1.4663E-02,  9.6061E-04,  2.4035E-03,  1.4416E-04,  1.4433E-03,  1.9226E-04,  9.6230E-04,  1.4429E-04,  4.8090E-04,  9.6126E-05,  2.4041E-04,  1.9219E-05,  9.6134E-05,  0.0000E+00,  4.3270E-05,  9.6141E-06,  2.8850E-05,  9.6161E-06,  3.3685E-05,  4.3316E-06,  9.6331E-05,  6.7460E-06,  1.4476E-04,  2.8904E-05,  1.3021E-04,  9.6425E-06,  9.6504E-05,  9.6470E-06,  2.4115E-05,  3.8541E-06,  1.9279E-05,  0.0000E+00,  4.8222E-06,  1.9283E-06,  9.6517E-06,  1.4473E-06,  9.6527E-06,  1.9305E-06,  4.8260E-06,  9.6495E-07,  4.3444E-06,  9.6533E-07,  3.8622E-06,  4.3451E-07,  4.8288E-06,  9.6573E-07,  1.4493E-05,  1.4490E-05,  2.8975E-05,  4.8298E-06,  4.8313E-06,  4.3497E-06,  4.8335E-05,  2.8987E-06,  0.0000E+00,  0.0000E+00,  0.0000E+00,  0.0000E+00,  0.0000E+00,  0.0000E+00,  9.6786E-07,  0.0000E+00,  5.8088E-07
  4.5000E+01,  8.6594E+06,  1.5482E+04,  0.0000E+00,  0.0000E+00,  0.0000E+00,  1.4865E+02,  3.8090E+01,  3.1589E+02,  6.9473E-03,  3.2385E+01,  2.6562E+00,  3.1344E+01,  2.7802E+00,  5.4577E+01,  3.4684E-02,  1.4820E+01,  2.5582E-02,  2.7060E-01,  5.5432E-02,  1.5244E+01,  4.4653E-02,  6.6789E-01,  6.2438E-02,  2.5170E+00,  8.5875E-01,  1.5247E+02,  1.9885E+00,  4.8300E+00,  4.6525E-02,  1.1380E-01,  7.4573E-03,  1.8660E-02,  1.1192E-03,  1.1207E-02,  1.4928E-03,  7.4725E-03,  1.1204E-03,  3.7340E-03,  7.4633E-04,  1.8666E-03,  1.4921E-04,  7.4640E-04,  0.0000E+00,  3.3597E-04,  7.4647E-05,  2.2402E-04,  7.4664E-05,  2.6159E-04,  3.3637E-05,  7.4811E-04,  5.2392E-05,  1.1244E-03,  2.2448E-04,  1.0113E-03,  7.4890E-05,  7.4954E-04,  7.4927E-05,  1.8729E-04,  2.9932E-05,  1.4973E-04,  0.0000E+00,  3.7453E-05,  1.4976E-05,  7.4965E-05,  1.1241E-05,  7.4973E-05,  1.4994E-05,  3.7484E-05,  7.4947E-06,  3.3743E-05,  7.4977E-06,  2.9998E-05,  3.3749E-06,  3.7506E-05,  7.5009E-06,  1.1257E-04,  1.1255E-04,  2.2506E-04,  3.7514E-05,  3.7526E-05,  3.3785E-05,  3.7543E-04,  2.2515E-05,  0.0000E+00,  0.0000E+00,  0.0000E+00,  0.0000E+00,  0.0000E+00,  0.0000E+00,  7.5175E-06,  0.0000E+00,  4.5118E-06,  3.9946E+05,  1.0487E+03,  0.0000E+00,  0.0000E+00,  0.0000E+00,  1.0054E+01,  2.5766E+00,  2.1382E+01,  5.2667E-04,  2.4560E+00,  2.0138E-01,  2.3769E+00,  2.1079E-01,  4.1392E+00,  2.6298E-03,  1.1240E+00,  1.9396E-03,  2.0509E-02,  4.2032E-03,  1.0319E+00,  3.3849E-03,  5.0624E-02,  4.7322E-03,  1.9079E-01,  6.5087E-02,  1.1557E+01,  1.5072E-01,  3.6618E-01,  3.5263E-03,  8.6252E-03,  5.6515E-04,  1.4142E-03,  8.4817E-05,  8.4929E-04,  1.1313E-04,  5.6626E-04,  8.4903E-05,  2.8297E-04,  5.6559E-05,  1.4145E-04,  1.1308E-05,  5.6564E-05,  0.0000E+00,  2.5460E-05,  5.6568E-06,  1.6976E-05,  5.6581E-06,  1.9823E-05,  2.5490E-06,  5.6690E-05,  3.9701E-06,  8.5202E-05,  1.7010E-05,  7.6636E-05,  5.6750E-06,  5.6799E-05,  5.6778E-06,  1.4193E-05,  2.2682E-06,  1.1346E-05,  0.0000E+00,  2.8381E-06,  1.1349E-06,  5.6807E-06,  8.5183E-07,  5.6813E-06,  1.1362E-06,  2.8405E-06,  5.6793E-07,  2.5570E-06,  5.6817E-07,  2.2732E-06,  2.5574E-07,  2.8422E-06,  5.6842E-07,  8.5304E-06,  8.5290E-06,  1.7055E-05,  2.8428E-06,  2.8438E-06,  2.5603E-06,  2.8451E-05,  1.7062E-06,  0.0000E+00,  0.0000E+00,  0.0000E+00,  0.0000E+00,  0.0000E+00,  0.0000E+00,  5.6973E-07,  0.0000E+00,  3.4194E-07
  5.0000E+01,  6.9180E+06,  1.1163E+04,  0.0000E+00,  0.0000E+00,  0.0000E+00,  1.0723E+02,  2.7478E+01,  2.2779E+02,  4.8114E-03,  2.2426E+01,  1.8395E+00,  2.1705E+01,  1.9253E+00,  3.7793E+01,  2.4020E-02,  1.0263E+01,  1.7717E-02,  1.8742E-01,  3.8387E-02,  1.0993E+01,  3.0926E-02,  4.6258E-01,  4.3246E-02,  1.7433E+00,  5.9478E-01,  1.0560E+02,  1.3773E+00,  3.3450E+00,  3.2223E-02,  7.8815E-02,  5.1651E-03,  1.2925E-02,  7.7519E-04,  7.7627E-03,  1.0339E-03,  5.1757E-03,  7.7601E-04,  2.5863E-03,  5.1693E-04,  1.2929E-03,  1.0335E-04,  5.1698E-04,  0.0000E+00,  2.3270E-04,  5.1703E-05,  1.5516E-04,  5.1715E-05,  1.8118E-04,  2.3298E-05,  5.1817E-04,  3.6288E-05,  7.7876E-04,  1.5548E-04,  7.0047E-04,  5.1871E-05,  5.1915E-04,  5.1896E-05,  1.2973E-04,  2.0732E-05,  1.0371E-04,  0.0000E+00,  2.5941E-05,  1.0373E-05,  5.1922E-05,  7.7859E-06,  5.1928E-05,  1.0385E-05,  2.5962E-05,  5.1910E-06,  2.3371E-05,  5.1931E-06,  2.0777E-05,  2.3375E-06,  2.5977E-05,  5.1953E-06,  7.7965E-05,  7.7953E-05,  1.5588E-04,  2.5982E-05,  2.5991E-05,  2.3399E-05,  2.6002E-04,  1.5594E-05,  0.0000E+00,  0.0000E+00,  0.0000E+00,  0.0000E+00,  0.0000E+00,  0.0000E+00,  5.2065E-06,  0.0000E+00,  3.1247E-06,  2.9707E+05,  6.7911E+02,  0.0000E+00,  0.0000E+00,  0.0000E+00,  6.5176E+00,  1.6681E+00,  1.3856E+01,  3.2768E-04,  1.5277E+00,  1.2529E-01,  1.4785E+00,  1.3114E-01,  2.5746E+00,  1.6360E-03,  6.9915E-01,  1.2067E-03,  1.2763E-02,  2.6147E-03,  6.6866E-01,  2.1061E-03,  3.1502E-02,  2.9449E-03,  1.1872E-01,  4.0503E-02,  7.1912E+00,  9.3790E-02,  2.2782E-01,  2.1944E-03,  5.3672E-03,  3.5173E-04,  8.8013E-04,  5.2788E-05,  5.2862E-04,  7.0408E-05,  3.5245E-04,  5.2844E-05,  1.7612E-04,  3.5201E-05,  8.8039E-05,  7.0377E-06,  3.5205E-05,  0.0000E+00,  1.5846E-05,  3.5208E-06,  1.0566E-05,  3.5216E-06,  1.2338E-05,  1.5866E-06,  3.5287E-05,  2.4713E-06,  5.3038E-05,  1.0588E-05,  4.7705E-05,  3.5325E-06,  3.5357E-05,  3.5344E-06,  8.8347E-06,  1.4119E-06,  7.0627E-06,  0.0000E+00,  1.7667E-06,  7.0644E-07,  3.5363E-06,  5.3026E-07,  3.5367E-06,  7.0731E-07,  1.7682E-06,  3.5354E-07,  1.5918E-06,  3.5369E-07,  1.4151E-06,  1.5920E-07,  1.7693E-06,  3.5385E-07,  5.3104E-06,  5.3095E-06,  1.0617E-05,  1.7697E-06,  1.7703E-06,  1.5939E-06,  1.7712E-05,  1.0622E-06,  0.0000E+00,  0.0000E+00,  0.0000E+00,  0.0000E+00,  0.0000E+00,  0.0000E+00,  3.5469E-07,  0.0000E+00,  2.1287E-07
  5.5000E+01,  5.6149E+06,  8.3181E+03,  0.0000E+00,  0.0000E+00,  0.0000E+00,  7.9924E+01,  2.0487E+01,  1.6976E+02,  3.4588E-03,  1.6121E+01,  1.3224E+00,  1.5603E+01,  1.3841E+00,  2.7167E+01,  1.7267E-02,  7.3771E+00,  1.2736E-02,  1.3474E-01,  2.7595E-02,  8.1924E+00,  2.2233E-02,  3.3255E-01,  3.1090E-02,  1.2532E+00,  4.2759E-01,  7.5912E+01,  9.9012E-01,  2.4047E+00,  2.3166E-02,  5.6660E-02,  3.7132E-03,  9.2917E-03,  5.5729E-04,  5.5806E-03,  7.4330E-04,  3.7208E-03,  5.5788E-04,  1.8593E-03,  3.7162E-04,  9.2944E-04,  7.4298E-05,  3.7166E-04,  0.0000E+00,  1.6729E-04,  3.7169E-05,  1.1155E-04,  3.7178E-05,  1.3025E-04,  1.6749E-05,  3.7250E-04,  2.6087E-05,  5.5981E-04,  1.1177E-04,  5.0354E-04,  3.7288E-05,  3.7319E-04,  3.7306E-05,  9.3256E-05,  1.4904E-05,  7.4553E-05,  0.0000E+00,  1.8648E-05,  7.4569E-06,  3.7324E-05,  5.5969E-06,  3.7328E-05,  7.4654E-06,  1.8663E-05,  3.7316E-06,  1.6800E-05,  3.7330E-06,  1.4935E-05,  1.6803E-06,  1.8673E-05,  3.7346E-06,  5.6043E-05,  5.6035E-05,  1.1205E-04,  1.8677E-05,  1.8683E-05,  1.6820E-05,  1.8691E-04,  1.1209E-05,  0.0000E+00,  0.0000E+00,  0.0000E+00,  0.0000E+00,  0.0000E+00,  0.0000E+00,  3.7423E-06,  0.0000E+00,  2.2460E-06,  2.2418E+05,  4.5869E+02,  0.0000E+00,  0.0000E+00,  0.0000E+00,  4.4028E+00,  1.1283E+00,  9.3578E+00,  2.1333E-04,  9.9437E-01,  8.1562E-02,  9.6238E-01,  8.5366E-02,  1.6757E+00,  1.0650E-03,  4.5505E-01,  7.8553E-04,  8.3100E-03,  1.7020E-03,  4.5160E-01,  1.3712E-03,  2.0510E-02,  1.9175E-03,  7.7294E-02,  2.6372E-02,  4.6819E+00,  6.1065E-02,  1.4831E-01,  1.4287E-03,  3.4945E-03,  2.2902E-04,  5.7310E-04,  3.4373E-05,  3.4422E-04,  4.5846E-05,  2.2951E-04,  3.4411E-05,  1.1468E-04,  2.2921E-05,  5.7327E-05,  4.5825E-06,  2.2924E-05,  0.0000E+00,  1.0318E-05,  2.2926E-06,  6.8804E-06,  2.2931E-06,  8.0345E-06,  1.0331E-06,  2.2979E-05,  1.6093E-06,  3.4540E-05,  6.8953E-06,  3.1067E-05,  2.3005E-06,  2.3026E-05,  2.3017E-06,  5.7533E-06,  9.1941E-07,  4.5993E-06,  0.0000E+00,  1.1505E-06,  4.6004E-07,  2.3029E-06,  3.4532E-07,  2.3032E-06,  4.6062E-07,  1.1515E-06,  2.3023E-07,  1.0366E-06,  2.3033E-07,  9.2158E-07,  1.0368E-07,  1.1522E-06,  2.3044E-07,  3.4583E-06,  3.4577E-06,  6.9143E-06,  1.1525E-06,  1.1529E-06,  1.0380E-06,  1.1535E-05,  6.9172E-07,  0.0000E+00,  0.0000E+00,  0.0000E+00,  0.0000E+00,  0.0000E+00,  0.0000E+00,  2.3099E-07,  0.0000E+00,  1.3863E-07
  6.3000E+01,  4.1222E+06,  5.4337E+03,  0.0000E+00,  0.0000E+00,  0.0000E+00,  5.2229E+01,  1.3390E+01,  1.1092E+02,  2.1426E-03,  9.9858E+00,  8.1916E-01,  9.6647E+00,  8.5736E-01,  1.6828E+01,  1.0696E-02,  4.5695E+00,  7.8894E-03,  8.3460E-02,  1.7094E-02,  5.3530E+00,  1.3772E-02,  2.0599E-01,  1.9258E-02,  7.7631E-01,  2.6486E-01,  4.7023E+01,  6.1331E-01,  1.4895E+00,  1.4349E-02,  3.5097E-02,  2.3000E-03,  5.7553E-03,  3.4519E-04,  3.4564E-03,  4.6040E-04,  2.3045E-03,  3.4554E-04,  1.1516E-03,  2.3018E-04,  5.7569E-04,  4.6020E-05,  2.3020E-04,  0.0000E+00,  1.0362E-04,  2.3022E-05,  6.9090E-05,  2.3027E-05,  8.0672E-05,  1.0373E-05,  2.3070E-04,  1.6156E-05,  3.4667E-04,  6.9222E-05,  3.1183E-04,  2.3092E-05,  2.3110E-04,  2.3103E-05,  5.7753E-05,  9.2302E-06,  4.6171E-05,  0.0000E+00,  1.1548E-05,  4.6181E-06,  2.3113E-05,  3.4660E-06,  2.3116E-05,  4.6230E-06,  1.1557E-05,  2.3108E-06,  1.0403E-05,  2.3117E-06,  9.2486E-06,  1.0405E-06,  1.1563E-05,  2.3126E-06,  3.4703E-05,  3.4698E-05,  6.9382E-05,  1.1565E-05,  1.1569E-05,  1.0415E-05,  1.1573E-04,  6.9406E-06,  0.0000E+00,  0.0000E+00,  0.0000E+00,  0.0000E+00,  0.0000E+00,  0.0000E+00,  2.3170E-06,  0.0000E+00,  1.3905E-06,  1.4901E+05,  2.6243E+02,  0.0000E+00,  0.0000E+00,  0.0000E+00,  2.5211E+00,  6.4604E-01,  5.3518E+00,  1.1575E-04,  5.3943E-01,  4.4252E-02,  5.2209E-01,  4.6315E-02,  9.0902E-01,  5.7780E-04,  2.4685E-01,  4.2620E-04,  4.5095E-03,  9.2340E-04,  2.5827E-01,  7.4402E-04,  1.1129E-02,  1.0405E-03,  4.1941E-02,  1.4310E-02,  2.5404E+00,  3.3136E-02,  8.0468E-02,  7.7529E-04,  1.8962E-03,  1.2428E-04,  3.1101E-04,  1.8653E-05,  1.8681E-04,  2.4880E-05,  1.2456E-04,  1.8675E-05,  6.2239E-05,  1.2439E-05,  3.1111E-05,  2.4869E-06,  1.2440E-05,  0.0000E+00,  5.5998E-06,  1.2442E-06,  3.7340E-06,  1.2445E-06,  4.3604E-06,  5.6070E-07,  1.2471E-05,  8.7339E-07,  1.8745E-05,  3.7422E-06,  1.6860E-05,  1.2485E-06,  1.2496E-05,  1.2491E-06,  3.1224E-06,  4.9898E-07,  2.4961E-06,  0.0000E+00,  6.2438E-07,  2.4967E-07,  1.2498E-06,  1.8741E-07,  1.2499E-06,  2.4998E-07,  6.2493E-07,  1.2495E-07,  5.6257E-07,  1.2500E-07,  5.0014E-07,  5.6267E-08,  6.2532E-07,  1.2506E-07,  1.8768E-06,  1.8765E-06,  3.7523E-06,  6.2545E-07,  6.2566E-07,  5.6329E-07,  6.2595E-06,  3.7538E-07,  0.0000E+00,  0.0000E+00,  0.0000E+00,  0.0000E+00,  0.0000E+00,  0.0000E+00,  1.2534E-07,  0.0000E+00,  7.5225E-08
  7.1000E+01,  3.1151E+06,  3.7416E+03,  0.0000E+00,  0.0000E+00,  0.0000E+00,  3.5964E+01,  9.2255E+00,  7.6420E+01,  1.4092E-03,  6.5683E+00,  5.3880E-01,  6.3571E+00,  5.6393E-01,  1.1069E+01,  7.0353E-03,  3.0057E+00,  5.1892E-03,  5.4889E-02,  1.1243E-02,  3.6879E+00,  9.0579E-03,  1.3548E-01,  1.2665E-02,  5.1058E-01,  1.7419E-01,  3.0928E+01,  4.0337E-01,  9.7974E-01,  9.4375E-03,  2.3083E-02,  1.5126E-03,  3.7848E-03,  2.2700E-04,  2.2728E-03,  3.0276E-04,  1.5154E-03,  2.2722E-04,  7.5729E-04,  1.5137E-04,  3.7858E-04,  3.0264E-05,  1.5138E-04,  0.0000E+00,  6.8138E-05,  1.5140E-05,  4.5432E-05,  1.5143E-05,  5.3046E-05,  6.8211E-06,  1.5169E-04,  1.0623E-05,  2.2791E-04,  4.5513E-05,  2.0502E-04,  1.5183E-05,  1.5194E-04,  1.5189E-05,  3.7971E-05,  6.0689E-06,  3.0357E-05,  0.0000E+00,  7.5927E-06,  3.0363E-06,  1.5196E-05,  2.2787E-06,  1.5197E-05,  3.0393E-06,  7.5980E-06,  1.5193E-06,  6.8394E-06,  1.5198E-06,  6.0801E-06,  6.8403E-07,  7.6017E-06,  1.5203E-06,  2.2813E-05,  2.2810E-05,  4.5611E-05,  7.6030E-06,  7.6050E-06,  6.8463E-06,  7.6077E-05,  4.5626E-06,  0.0000E+00,  0.0000E+00,  0.0000E+00,  0.0000E+00,  0.0000E+00,  0.0000E+00,  1.5230E-06,  0.0000E+00,  9.1401E-07,  1.0276E+05,  1.6057E+02,  0.0000E+00,  0.0000E+00,  0.0000E+00,  1.5450E+00,  3.9513E-01,  3.2738E+00,  6.7584E-05,  3.1494E-01,  2.5838E-02,  3.0482E-01,  2.7042E-02,  5.3071E-01,  3.3736E-04,  1.4411E-01,  2.4885E-04,  2.6332E-03,  5.3913E-04,  1.5799E-01,  4.3444E-04,  6.4987E-03,  6.0759E-04,  2.4490E-02,  8.3562E-03,  1.4834E+00,  1.9349E-02,  4.6984E-02,  4.5271E-04,  1.1073E-03,  7.2573E-05,  1.8161E-04,  1.0892E-05,  1.0908E-04,  1.4528E-05,  7.2730E-05,  1.0904E-05,  3.6342E-05,  7.2635E-06,  1.8166E-05,  1.4521E-06,  7.2643E-06,  0.0000E+00,  3.2698E-06,  7.2650E-07,  2.1804E-06,  7.2668E-07,  2.5460E-06,  3.2739E-07,  7.2816E-06,  5.0995E-07,  1.0944E-05,  2.1849E-06,  9.8436E-06,  7.2893E-07,  7.2955E-06,  7.2929E-07,  1.8230E-06,  2.9134E-07,  1.4574E-06,  0.0000E+00,  3.6454E-07,  1.4577E-07,  7.2966E-07,  1.0941E-07,  7.2973E-07,  1.4594E-07,  3.6484E-07,  7.2948E-08,  3.2843E-07,  7.2978E-08,  2.9198E-07,  3.2848E-08,  3.6505E-07,  7.3008E-08,  1.0956E-06,  1.0954E-06,  2.1905E-06,  3.6512E-07,  3.6524E-07,  3.2882E-07,  3.6540E-06,  2.1913E-07,  0.0000E+00,  0.0000E+00,  0.0000E+00,  0.0000E+00,  0.0000E+00,  0.0000E+00,  7.3161E-08,  0.0000E+00,  4.3908E-08
  8.0000E+01,  2.3349E+06,  2.5781E+03,  0.0000E+00,  0.0000E+00,  0.0000E+00,  2.4768E+01,  6.3575E+00,  5.2660E+01,  9.2711E-04,  4.3216E+00,  3.5447E-01,  4.1827E+00,  3.7101E-01,  7.2827E+00,  4.6286E-03,  1.9776E+00,  3.4140E-03,  3.6104E-02,  7.3974E-03,  2.5413E+00,  5.9588E-03,  8.9122E-02,  8.3309E-03,  3.3587E-01,  1.1458E-01,  2.0346E+01,  2.6534E-01,  6.4456E-01,  6.2080E-03,  1.5185E-02,  9.9489E-04,  2.4893E-03,  1.4930E-04,  1.4947E-03,  1.9913E-04,  9.9659E-04,  1.4943E-04,  4.9805E-04,  9.9557E-05,  2.4899E-04,  1.9905E-05,  9.9565E-05,  0.0000E+00,  4.4814E-05,  9.9573E-06,  2.9879E-05,  9.9592E-06,  3.4885E-05,  4.4858E-06,  9.9753E-05,  6.9854E-06,  1.4986E-04,  2.9928E-05,  1.3481E-04,  9.9835E-06,  9.9901E-05,  9.9874E-06,  2.4968E-05,  3.9908E-06,  1.9962E-05,  0.0000E+00,  4.9925E-06,  1.9965E-06,  9.9912E-06,  1.4983E-06,  9.9920E-06,  1.9984E-06,  4.9957E-06,  9.9894E-07,  4.4969E-06,  9.9925E-07,  3.9976E-06,  4.4975E-07,  4.9980E-06,  9.9957E-07,  1.4999E-05,  1.4997E-05,  2.9988E-05,  4.9988E-06,  5.0000E-06,  4.5010E-06,  5.0016E-05,  2.9997E-06,  0.0000E+00,  0.0000E+00,  0.0000E+00,  0.0000E+00,  0.0000E+00,  0.0000E+00,  1.0012E-06,  0.0000E+00,  6.0086E-07,  7.0611E+04,  9.7990E+01,  0.0000E+00,  0.0000E+00,  0.0000E+00,  9.4292E-01,  2.4220E-01,  2.0060E+00,  3.9555E-05,  1.8432E-01,  1.5123E-02,  1.7840E-01,  1.5827E-02,  3.1060E-01,  1.9745E-04,  8.4343E-02,  1.4565E-04,  1.5411E-03,  3.1554E-04,  9.6808E-02,  2.5427E-04,  3.8035E-03,  3.5559E-04,  1.4333E-02,  4.8905E-03,  8.6819E-01,  1.1324E-02,  2.7499E-02,  2.6495E-04,  6.4804E-04,  4.2471E-05,  1.0628E-04,  6.3742E-06,  6.3829E-05,  8.5018E-06,  4.2558E-05,  6.3809E-06,  2.1266E-05,  4.2506E-06,  1.0631E-05,  8.4981E-07,  4.2510E-06,  0.0000E+00,  1.9134E-06,  4.2514E-07,  1.2759E-06,  4.2523E-07,  1.4898E-06,  1.9157E-07,  4.2605E-06,  2.9837E-07,  6.4023E-06,  1.2784E-06,  5.7589E-06,  4.2647E-07,  4.2680E-06,  4.2666E-07,  1.0666E-06,  1.7046E-07,  8.5267E-07,  0.0000E+00,  2.1327E-07,  8.5285E-08,  4.2686E-07,  6.4010E-08,  4.2690E-07,  8.5377E-08,  2.1344E-07,  4.2676E-08,  1.9213E-07,  4.2692E-08,  1.7080E-07,  1.9216E-08,  2.1355E-07,  4.2709E-08,  6.4089E-07,  6.4081E-07,  1.2814E-06,  2.1359E-07,  2.1365E-07,  1.9234E-07,  2.1373E-06,  1.2818E-07,  0.0000E+00,  0.0000E+00,  0.0000E+00,  0.0000E+00,  0.0000E+00,  0.0000E+00,  4.2791E-08,  0.0000E+00,  2.5681E-08
  9.0000E+01,  1.7412E+06,  1.7852E+03,  0.0000E+00,  0.0000E+00,  0.0000E+00,  1.7145E+01,  4.3994E+00,  3.6459E+01,  6.1276E-04,  2.8568E+00,  2.3430E-01,  2.7649E+00,  2.4523E-01,  4.8144E+00,  3.0595E-03,  1.3073E+00,  2.2565E-03,  2.3858E-02,  4.8897E-03,  1.7595E+00,  3.9382E-03,  5.8897E-02,  5.5052E-03,  2.2197E-01,  7.5722E-02,  1.3447E+01,  1.7535E-01,  4.2603E-01,  4.1025E-03,  1.0035E-02,  6.5740E-04,  1.6448E-03,  9.8652E-05,  9.8757E-04,  1.3157E-04,  6.5844E-04,  9.8733E-05,  3.2907E-04,  6.5782E-05,  1.6452E-04,  1.3153E-05,  6.5787E-05,  0.0000E+00,  2.9609E-05,  6.5791E-06,  1.9741E-05,  6.5803E-06,  2.3048E-05,  2.9637E-06,  6.5901E-05,  4.6147E-06,  9.8990E-05,  1.9771E-05,  8.9052E-05,  6.5951E-06,  6.5991E-05,  6.5975E-06,  1.6494E-05,  2.6364E-06,  1.3187E-05,  0.0000E+00,  3.2980E-06,  1.3189E-06,  6.5998E-06,  9.8974E-07,  6.6003E-06,  1.3200E-06,  3.3000E-06,  6.5987E-07,  2.9704E-06,  6.6006E-07,  2.6406E-06,  2.9708E-07,  3.3013E-06,  6.6026E-07,  9.9070E-06,  9.9060E-06,  1.9808E-05,  3.3018E-06,  3.3026E-06,  2.9729E-06,  3.3036E-05,  1.9813E-06,  0.0000E+00,  0.0000E+00,  0.0000E+00,  0.0000E+00,  0.0000E+00,  0.0000E+00,  6.6125E-07,  0.0000E+00,  3.9683E-07,  4.8127E+04,  6.0600E+01,  0.0000E+00,  0.0000E+00,  0.0000E+00,  5.8187E-01,  1.4941E-01,  1.2343E+00,  2.3314E-05,  1.0865E-01,  8.9133E-03,  1.0515E-01,  9.3289E-03,  1.8308E-01,  1.1638E-04,  4.9716E-02,  8.5845E-05,  9.0813E-04,  1.8599E-04,  5.9564E-02,  1.4985E-04,  2.2415E-03,  2.0954E-04,  8.4472E-03,  2.8820E-03,  5.1167E-01,  6.6736E-03,  1.6208E-02,  1.5614E-04,  3.8190E-04,  2.5026E-05,  6.2621E-05,  3.7558E-06,  3.7606E-05,  5.0093E-06,  2.5073E-05,  3.7595E-06,  1.2530E-05,  2.5045E-06,  6.2638E-06,  5.0073E-07,  2.5047E-06,  0.0000E+00,  1.1274E-06,  2.5049E-07,  7.5170E-07,  2.5055E-07,  8.7769E-07,  1.1286E-07,  2.5099E-06,  1.7576E-07,  3.7711E-06,  7.5306E-07,  3.3923E-06,  2.5121E-07,  2.5140E-06,  2.5132E-07,  6.2827E-07,  1.0042E-07,  5.0229E-07,  0.0000E+00,  1.2563E-07,  5.0239E-08,  2.5143E-07,  3.7704E-08,  2.5145E-07,  5.0288E-08,  1.2572E-07,  2.5138E-08,  1.1317E-07,  2.5146E-08,  1.0060E-07,  1.1318E-08,  1.2578E-07,  2.5155E-08,  3.7747E-07,  3.7742E-07,  7.5469E-07,  1.2580E-07,  1.2583E-07,  1.1328E-07,  1.2588E-06,  7.5493E-08,  0.0000E+00,  0.0000E+00,  0.0000E+00,  0.0000E+00,  0.0000E+00,  0.0000E+00,  2.5200E-08,  0.0000E+00,  1.5123E-08
  1.0000E+02,  1.3313E+06,  1.2857E+03,  0.0000E+00,  0.0000E+00,  0.0000E+00,  1.2350E+01,  3.1682E+00,  2.6274E+01,  4.2377E-04,  1.9760E+00,  1.6204E-01,  1.9124E+00,  1.6961E-01,  3.3301E+00,  2.1160E-03,  9.0430E-01,  1.5606E-03,  1.6497E-02,  3.3819E-03,  1.2680E+00,  2.7234E-03,  4.0728E-02,  3.8067E-03,  1.5350E-01,  5.2361E-02,  9.2988E+00,  1.2126E-01,  2.9464E-01,  2.8369E-03,  6.9391E-03,  4.5455E-04,  1.1373E-03,  6.8209E-05,  6.8277E-04,  9.0968E-05,  4.5522E-04,  6.8261E-05,  2.2751E-04,  4.5481E-05,  1.1375E-04,  9.0939E-06,  4.5485E-05,  0.0000E+00,  2.0472E-05,  4.5488E-06,  1.3649E-05,  4.5495E-06,  1.5934E-05,  2.0489E-06,  4.5558E-05,  3.1902E-06,  6.8427E-05,  1.3668E-05,  6.1559E-05,  4.5591E-06,  4.5617E-05,  4.5606E-06,  1.1402E-05,  1.8226E-06,  9.1161E-06,  0.0000E+00,  2.2798E-06,  9.1175E-07,  4.5621E-06,  6.8417E-07,  4.5624E-06,  9.1246E-07,  2.2811E-06,  4.5614E-07,  2.0533E-06,  4.5626E-07,  1.8253E-06,  2.0535E-07,  2.2820E-06,  4.5639E-07,  6.8478E-06,  6.8472E-06,  1.3691E-05,  2.2823E-06,  2.2828E-06,  2.0549E-06,  2.2834E-05,  1.3695E-06,  0.0000E+00,  0.0000E+00,  0.0000E+00,  0.0000E+00,  0.0000E+00,  0.0000E+00,  4.5703E-07,  0.0000E+00,  2.7427E-07,  3.3861E+04,  3.9295E+01,  0.0000E+00,  0.0000E+00,  0.0000E+00,  3.7712E-01,  9.6841E-02,  8.0267E-01,  1.4485E-05,  6.7512E-02,  5.5380E-03,  6.5341E-02,  5.7963E-03,  1.1377E-01,  7.2312E-05,  3.0894E-02,  5.3337E-05,  5.6411E-04,  1.1557E-04,  3.8736E-02,  9.3098E-05,  1.3924E-03,  1.3016E-04,  5.2476E-03,  1.7903E-03,  3.1788E-01,  4.1457E-03,  1.0070E-02,  9.6995E-05,  2.3724E-04,  1.5545E-05,  3.8895E-05,  2.3328E-06,  2.3355E-05,  3.1113E-06,  1.5572E-05,  2.3349E-06,  7.7820E-06,  1.5556E-06,  3.8905E-06,  3.1101E-07,  1.5557E-06,  0.0000E+00,  7.0020E-07,  1.5558E-07,  4.6686E-07,  1.5561E-07,  5.4508E-07,  7.0091E-08,  1.5587E-06,  1.0915E-07,  2.3416E-06,  4.6764E-07,  2.1064E-06,  1.5600E-07,  1.5610E-06,  1.5606E-07,  3.9014E-07,  6.2357E-08,  3.1191E-07,  0.0000E+00,  7.8011E-08,  3.1197E-08,  1.5612E-07,  2.3412E-08,  1.5613E-07,  3.1225E-08,  7.8061E-08,  1.5609E-08,  7.0267E-08,  1.5614E-08,  6.2465E-08,  7.0275E-09,  7.8097E-08,  1.5619E-08,  2.3437E-07,  2.3434E-07,  4.6858E-07,  7.8109E-08,  7.8128E-08,  7.0332E-08,  7.8154E-07,  4.6872E-08,  0.0000E+00,  0.0000E+00,  0.0000E+00,  0.0000E+00,  0.0000E+00,  0.0000E+00,  1.5645E-08,  0.0000E+00,  9.3889E-09
  1.1000E+02,  1.0411E+06,  9.5642E+02,  0.0000E+00,  0.0000E+00,  0.0000E+00,  9.1892E+00,  2.3568E+00,  1.9548E+01,  3.0420E-04,  1.4186E+00,  1.1632E-01,  1.3730E+00,  1.2176E-01,  2.3909E+00,  1.5191E-03,  6.4924E-01,  1.1203E-03,  1.1841E-02,  2.4279E-03,  9.4337E-01,  1.9549E-03,  2.9233E-02,  2.7322E-03,  1.1018E-01,  3.7582E-02,  6.6747E+00,  8.7035E-02,  2.1151E-01,  2.0362E-03,  4.9807E-03,  3.2623E-04,  8.1621E-04,  4.8953E-05,  4.8999E-04,  6.5286E-05,  3.2669E-04,  4.8988E-05,  1.6328E-04,  3.2642E-05,  8.1637E-05,  6.5267E-06,  3.2644E-05,  0.0000E+00,  1.4692E-05,  3.2646E-06,  9.7951E-06,  3.2651E-06,  1.1435E-05,  1.4704E-06,  3.2693E-05,  2.2893E-06,  4.9100E-05,  9.8081E-06,  4.4173E-05,  3.2715E-06,  3.2733E-05,  3.2725E-06,  8.1819E-06,  1.3079E-06,  6.5416E-06,  0.0000E+00,  1.6360E-06,  6.5426E-07,  3.2736E-06,  4.9093E-07,  3.2738E-06,  6.5474E-07,  1.6368E-06,  3.2731E-07,  1.4733E-06,  3.2739E-07,  1.3097E-06,  1.4735E-07,  1.6374E-06,  3.2748E-07,  4.9135E-06,  4.9131E-06,  9.8239E-06,  1.6376E-06,  1.6379E-06,  1.4744E-06,  1.6384E-05,  9.8262E-07,  0.0000E+00,  0.0000E+00,  0.0000E+00,  0.0000E+00,  0.0000E+00,  0.0000E+00,  3.2791E-07,  0.0000E+00,  1.9678E-07,  2.4167E+04,  2.6555E+01,  0.0000E+00,  0.0000E+00,  0.0000E+00,  2.5495E-01,  6.5444E-02,  5.4255E-01,  9.4299E-06,  4.3960E-02,  3.6055E-03,  4.2546E-02,  3.7738E-03,  7.4081E-02,  4.7081E-05,  2.0117E-02,  3.4726E-05,  3.6719E-04,  7.5245E-05,  2.6183E-02,  6.0607E-05,  9.0643E-04,  8.4727E-05,  3.4161E-03,  1.1654E-03,  2.0694E-01,  2.6987E-03,  6.5561E-03,  6.3139E-05,  1.5444E-04,  1.0118E-05,  2.5316E-05,  1.5183E-06,  1.5200E-05,  2.0250E-06,  1.0134E-05,  1.5196E-06,  5.0648E-06,  1.0124E-06,  2.5321E-06,  2.0243E-07,  1.0125E-06,  0.0000E+00,  4.5572E-07,  1.0126E-07,  3.0385E-07,  1.0128E-07,  3.5474E-07,  4.5615E-08,  1.0143E-06,  7.1030E-08,  1.5237E-06,  3.0432E-07,  1.3707E-06,  1.0151E-07,  1.0158E-06,  1.0155E-07,  2.5388E-07,  4.0580E-08,  2.0298E-07,  0.0000E+00,  5.0764E-08,  2.0301E-08,  1.0159E-07,  1.5234E-08,  1.0159E-07,  2.0318E-08,  5.0795E-08,  1.0157E-08,  4.5722E-08,  1.0160E-08,  4.0646E-08,  4.5728E-09,  5.0816E-08,  1.0163E-08,  1.5250E-07,  1.5248E-07,  3.0489E-07,  5.0824E-08,  5.0835E-08,  4.5762E-08,  5.0851E-07,  3.0498E-08,  0.0000E+00,  0.0000E+00,  0.0000E+00,  0.0000E+00,  0.0000E+00,  0.0000E+00,  1.0179E-08,  0.0000E+00,  6.1086E-09
  1.2000E+02,  8.3143E+05,  7.3082E+02,  0.0000E+00,  0.0000E+00,  0.0000E+00,  7.0229E+00,  1.8008E+00,  1.4938E+01,  2.2519E-04,  1.0503E+00,  8.6111E-02,  1.0165E+00,  9.0136E-02,  1.7701E+00,  1.1246E-03,  4.8068E-01,  8.2936E-04,  8.7643E-03,  1.7974E-03,  7.2091E-01,  1.4471E-03,  2.1639E-02,  2.0224E-03,  8.1556E-02,  2.7819E-02,  4.9409E+00,  6.4424E-02,  1.5658E-01,  1.5072E-03,  3.6868E-03,  2.4147E-04,  6.0412E-04,  3.6233E-05,  3.6265E-04,  4.8321E-05,  2.4178E-04,  3.6257E-05,  1.2085E-04,  2.4159E-05,  6.0423E-05,  4.8307E-06,  2.4161E-05,  0.0000E+00,  1.0874E-05,  2.4162E-06,  7.2495E-06,  2.4166E-06,  8.4629E-06,  1.0882E-06,  2.4196E-05,  1.6942E-06,  3.6336E-05,  7.2587E-06,  3.2690E-05,  2.4211E-06,  2.4223E-05,  2.4218E-06,  6.0551E-06,  9.6794E-07,  4.8412E-06,  0.0000E+00,  1.2107E-06,  4.8419E-07,  2.4226E-06,  3.6331E-07,  2.4227E-06,  4.8453E-07,  1.2113E-06,  2.4222E-07,  1.0903E-06,  2.4228E-07,  9.6921E-07,  1.0904E-07,  1.2117E-06,  2.4234E-07,  3.6361E-06,  3.6357E-06,  7.2698E-06,  1.2119E-06,  1.2121E-06,  1.0911E-06,  1.2124E-05,  7.2714E-07,  0.0000E+00,  0.0000E+00,  0.0000E+00,  0.0000E+00,  0.0000E+00,  0.0000E+00,  2.4265E-07,  0.0000E+00,  1.4561E-07,  1.7770E+04,  1.8566E+01,  0.0000E+00,  0.0000E+00,  0.0000E+00,  1.7831E-01,  4.5754E-02,  3.7940E-01,  6.3720E-06,  2.9709E-02,  2.4364E-03,  2.8753E-02,  2.5502E-03,  5.0067E-02,  3.1816E-05,  1.3596E-02,  2.3466E-05,  2.4808E-04,  5.0849E-05,  1.8309E-02,  4.0951E-05,  6.1244E-04,  5.7244E-05,  2.3081E-03,  7.8738E-04,  1.3983E-01,  1.8234E-03,  4.4302E-03,  4.2659E-05,  1.0435E-04,  6.8356E-06,  1.7103E-05,  1.0258E-06,  1.0268E-05,  1.3680E-06,  6.8460E-06,  1.0266E-06,  3.4215E-06,  6.8398E-07,  1.7106E-06,  1.3676E-07,  6.8403E-07,  0.0000E+00,  3.0787E-07,  6.8407E-08,  2.0526E-07,  6.8419E-08,  2.3963E-07,  3.0814E-08,  6.8518E-07,  4.7979E-08,  1.0292E-06,  2.0556E-07,  9.2585E-07,  6.8568E-08,  6.8609E-07,  6.8592E-08,  1.7149E-07,  2.7411E-08,  1.3710E-07,  0.0000E+00,  3.4289E-08,  1.3713E-08,  6.8616E-08,  1.0290E-08,  6.8620E-08,  1.3724E-08,  3.4308E-08,  6.8604E-09,  3.0882E-08,  6.8623E-09,  2.7453E-08,  3.0885E-09,  3.4322E-08,  6.8643E-09,  1.0300E-07,  1.0299E-07,  2.0593E-07,  3.4327E-08,  3.4334E-08,  3.0907E-08,  3.4345E-07,  2.0598E-08,  0.0000E+00,  0.0000E+00,  0.0000E+00,  0.0000E+00,  0.0000E+00,  0.0000E+00,  6.8743E-09,  0.0000E+00,  4.1255E-09
  1.4000E+02,  5.5059E+05,  4.4672E+02,  0.0000E+00,  0.0000E+00,  0.0000E+00,  4.2938E+00,  1.1006E+00,  9.1319E+00,  1.2966E-04,  6.0485E-01,  4.9583E-02,  5.8538E-01,  5.1903E-02,  1.0195E+00,  6.4757E-04,  2.7683E-01,  4.7755E-04,  5.0454E-03,  1.0351E-03,  4.4069E-01,  8.3316E-04,  1.2458E-02,  1.1642E-03,  4.6953E-02,  1.6015E-02,  2.8447E+00,  3.7089E-02,  9.0156E-02,  8.6770E-04,  2.1225E-03,  1.3900E-04,  3.4774E-04,  2.0856E-05,  2.0873E-04,  2.7814E-05,  1.3916E-04,  2.0869E-05,  6.9557E-05,  1.3906E-05,  3.4780E-05,  2.7807E-06,  1.3907E-05,  0.0000E+00,  6.2590E-06,  1.3908E-06,  4.1727E-06,  1.3910E-06,  4.8709E-06,  6.2633E-07,  1.3925E-05,  9.7507E-07,  2.0910E-05,  4.1775E-06,  1.8813E-05,  1.3933E-06,  1.3940E-05,  1.3937E-06,  3.4847E-06,  5.5707E-07,  2.7862E-06,  0.0000E+00,  6.9674E-07,  2.7865E-07,  1.3941E-06,  2.0908E-07,  1.3942E-06,  2.7883E-07,  6.9706E-07,  1.3939E-07,  6.2742E-07,  1.3942E-07,  5.5773E-07,  6.2747E-08,  6.9728E-07,  1.3945E-07,  2.0923E-06,  2.0921E-06,  4.1833E-06,  6.9735E-07,  6.9747E-07,  6.2782E-07,  6.9764E-06,  4.1842E-07,  0.0000E+00,  0.0000E+00,  0.0000E+00,  0.0000E+00,  0.0000E+00,  0.0000E+00,  1.3962E-07,  0.0000E+00,  8.3784E-08,  1.0315E+04,  9.8445E+00,  0.0000E+00,  0.0000E+00,  0.0000E+00,  9.4605E-02,  2.4261E-02,  2.0125E-01,  3.1810E-06,  1.4834E-02,  1.2163E-03,  1.4357E-02,  1.2732E-03,  2.5001E-02,  1.5884E-05,  6.7890E-03,  1.1715E-05,  1.2381E-04,  2.5388E-05,  9.7121E-03,  2.0442E-05,  3.0569E-04,  2.8570E-05,  1.1521E-03,  3.9299E-04,  6.9796E-02,  9.1010E-04,  2.2117E-03,  2.1292E-05,  5.2082E-05,  3.4113E-06,  8.5348E-06,  5.1189E-07,  5.1236E-06,  6.8267E-07,  3.4160E-06,  5.1225E-07,  1.7073E-06,  3.4132E-07,  8.5365E-07,  6.8247E-08,  3.4134E-07,  0.0000E+00,  1.5363E-07,  3.4136E-08,  1.0242E-07,  3.4142E-08,  1.1957E-07,  1.5375E-08,  3.4186E-07,  2.3938E-08,  5.1342E-07,  1.0256E-07,  4.6190E-07,  3.4209E-08,  3.4227E-07,  3.4219E-08,  8.5555E-08,  1.3676E-08,  6.8403E-08,  0.0000E+00,  1.7106E-08,  6.8413E-09,  3.4230E-08,  5.1335E-09,  3.4232E-08,  6.8463E-09,  1.7115E-08,  3.4225E-09,  1.5406E-08,  3.4234E-09,  1.3695E-08,  1.5407E-09,  1.7122E-08,  3.4243E-09,  5.1378E-08,  5.1373E-08,  1.0272E-07,  1.7124E-08,  1.7127E-08,  1.5417E-08,  1.7132E-07,  1.0275E-08,  0.0000E+00,  0.0000E+00,  0.0000E+00,  0.0000E+00,  0.0000E+00,  0.0000E+00,  3.4288E-09,  0.0000E+00,  2.0577E-09
  1.6000E+02,  3.8299E+05,  2.9147E+02,  0.0000E+00,  0.0000E+00,  0.0000E+00,  2.8016E+00,  7.1800E-01,  5.9577E+00,  8.0431E-05,  3.7525E-01,  3.0758E-02,  3.6317E-01,  3.2198E-02,  6.3250E-01,  4.0172E-04,  1.7175E-01,  2.9624E-04,  3.1293E-03,  6.4212E-04,  2.8751E-01,  5.1680E-04,  7.7271E-03,  7.2208E-04,  2.9124E-02,  9.9331E-03,  1.7645E+00,  2.3005E-02,  5.5926E-02,  5.3819E-04,  1.3165E-03,  8.6207E-05,  2.1567E-04,  1.2935E-05,  1.2944E-04,  1.7250E-05,  8.6302E-05,  1.2942E-05,  4.3137E-05,  8.6245E-06,  2.1570E-05,  1.7245E-06,  8.6249E-06,  0.0000E+00,  3.8816E-06,  8.6253E-07,  2.5877E-06,  8.6264E-07,  3.0206E-06,  3.8841E-07,  8.6354E-06,  6.0465E-07,  1.2966E-05,  2.5905E-06,  1.1665E-05,  8.6400E-07,  8.6437E-06,  8.6421E-07,  2.1608E-06,  3.4544E-07,  1.7277E-06,  0.0000E+00,  4.3204E-07,  1.7279E-07,  8.6443E-07,  1.2964E-07,  8.6448E-07,  1.7289E-07,  4.3222E-07,  8.6433E-08,  3.8903E-07,  8.6450E-08,  3.4582E-07,  3.8906E-08,  4.3235E-07,  8.6468E-08,  1.2973E-06,  1.2972E-06,  2.5938E-06,  4.3239E-07,  4.3246E-07,  3.8927E-07,  4.3255E-06,  2.5943E-07,  0.0000E+00,  0.0000E+00,  0.0000E+00,  0.0000E+00,  0.0000E+00,  0.0000E+00,  8.6561E-08,  0.0000E+00,  5.1946E-08,  6.4451E+03,  5.6805E+00,  0.0000E+00,  0.0000E+00,  0.0000E+00,  5.4618E-02,  1.3999E-02,  1.1616E-01,  1.7421E-06,  8.1256E-03,  6.6617E-04,  7.8641E-03,  6.9731E-04,  1.3695E-02,  8.7000E-06,  3.7189E-03,  6.4161E-06,  6.7796E-05,  1.3906E-05,  5.6059E-03,  1.1194E-05,  1.6739E-04,  1.5644E-05,  6.3089E-04,  2.1519E-04,  3.8222E-02,  4.9836E-04,  1.2113E-03,  1.1659E-05,  2.8520E-05,  1.8678E-06,  4.6729E-06,  2.8027E-07,  2.8051E-06,  3.7377E-07,  1.8702E-06,  2.8045E-07,  9.3474E-07,  1.8688E-07,  4.6738E-07,  3.7367E-08,  1.8689E-07,  0.0000E+00,  8.4110E-08,  1.8690E-08,  5.6075E-08,  1.8692E-08,  6.5459E-08,  8.4172E-09,  1.8715E-07,  1.3104E-08,  2.8104E-07,  5.6143E-08,  2.5284E-07,  1.8726E-08,  1.8735E-07,  1.8731E-08,  4.6833E-08,  7.4866E-09,  3.7445E-08,  0.0000E+00,  9.3641E-09,  3.7450E-09,  1.8737E-08,  2.8100E-09,  1.8738E-08,  3.7475E-09,  9.3686E-09,  1.8734E-09,  8.4327E-09,  1.8739E-09,  7.4961E-09,  8.4334E-10,  9.3717E-09,  1.8743E-09,  2.8122E-08,  2.8119E-08,  5.6226E-08,  9.3727E-09,  9.3744E-09,  8.4384E-09,  9.3768E-08,  5.6238E-09,  0.0000E+00,  0.0000E+00,  0.0000E+00,  0.0000E+00,  0.0000E+00,  0.0000E+00,  1.8766E-09,  0.0000E+00,  1.1262E-09
  1.8000E+02,  2.7595E+05,  1.9969E+02,  0.0000E+00,  0.0000E+00,  0.0000E+00,  1.9191E+00,  4.9183E-01,  4.0808E+00,  5.2769E-05,  2.4622E-01,  2.0180E-02,  2.3829E-01,  2.1125E-02,  4.1502E-01,  2.6358E-04,  1.1270E-01,  1.9437E-04,  2.0528E-03,  4.2131E-04,  1.9694E-01,  3.3905E-04,  5.0692E-03,  4.7369E-04,  1.9106E-02,  6.5164E-03,  1.1576E+00,  1.5092E-02,  3.6693E-02,  3.5307E-04,  8.6367E-04,  5.6551E-05,  1.4147E-04,  8.4850E-06,  8.4908E-05,  1.1315E-05,  5.6609E-05,  8.4895E-06,  2.8296E-05,  5.6574E-06,  1.4149E-05,  1.1313E-06,  5.6577E-06,  0.0000E+00,  2.5462E-06,  5.6579E-07,  1.6974E-06,  5.6586E-07,  1.9813E-06,  2.5477E-07,  5.6641E-06,  3.9660E-07,  8.5040E-06,  1.6991E-06,  7.6513E-06,  5.6669E-07,  5.6692E-06,  5.6683E-07,  1.4173E-06,  2.2658E-07,  1.1332E-06,  0.0000E+00,  2.8337E-07,  1.1333E-07,  5.6696E-07,  8.5031E-08,  5.6699E-07,  1.1340E-07,  2.8348E-07,  5.6690E-08,  2.5516E-07,  5.6701E-08,  2.2682E-07,  2.5518E-08,  2.8356E-07,  5.6712E-08,  8.5086E-07,  8.5080E-07,  1.7012E-06,  2.8359E-07,  2.8363E-07,  2.5530E-07,  2.8369E-06,  1.7015E-07,  0.0000E+00,  0.0000E+00,  0.0000E+00,  0.0000E+00,  0.0000E+00,  0.0000E+00,  5.6769E-08,  0.0000E+00,  3.4067E-08,  4.2589E+03,  3.4967E+00,  0.0000E+00,  0.0000E+00,  0.0000E+00,  3.3636E-02,  8.6173E-03,  7.1524E-02,  1.0241E-06,  4.7773E-03,  3.9162E-04,  4.6235E-03,  4.0994E-04,  8.0520E-03,  5.1146E-06,  2.1865E-03,  3.7718E-06,  3.9848E-05,  8.1751E-06,  3.4517E-03,  6.5803E-06,  9.8392E-05,  9.1949E-06,  3.7084E-04,  1.2649E-04,  2.2468E-02,  2.9293E-04,  7.1207E-04,  6.8531E-06,  1.6764E-05,  1.0978E-06,  2.7464E-06,  1.6472E-07,  1.6485E-06,  2.1967E-07,  1.0991E-06,  1.6482E-07,  5.4935E-07,  1.0983E-07,  2.7469E-07,  2.1961E-08,  1.0984E-07,  0.0000E+00,  4.9433E-08,  1.0984E-08,  3.2955E-08,  1.0986E-08,  3.8469E-08,  4.9466E-09,  1.0998E-07,  7.7008E-09,  1.6514E-07,  3.2992E-08,  1.4858E-07,  1.1004E-08,  1.1009E-07,  1.1007E-08,  2.7521E-08,  4.3995E-09,  2.2004E-08,  0.0000E+00,  5.5026E-09,  2.2007E-09,  1.1010E-08,  1.6512E-09,  1.1011E-08,  2.2021E-09,  5.5051E-09,  1.1009E-09,  4.9551E-09,  1.1011E-09,  4.4047E-09,  4.9555E-10,  5.5068E-09,  1.1013E-09,  1.6524E-08,  1.6523E-08,  3.3038E-08,  5.5074E-09,  5.5083E-09,  4.9582E-09,  5.5096E-08,  3.3044E-09,  0.0000E+00,  0.0000E+00,  0.0000E+00,  0.0000E+00,  0.0000E+00,  0.0000E+00,  1.1026E-09,  0.0000E+00,  6.6168E-10
  2.0000E+02,  2.0395E+05,  1.4208E+02,  0.0000E+00,  0.0000E+00,  0.0000E+00,  1.3647E+00,  3.4984E-01,  2.9022E+00,  3.6162E-05,  1.6875E-01,  1.3830E-02,  1.6331E-01,  1.4477E-02,  2.8444E-01,  1.8063E-04,  7.7241E-02,  1.3320E-04,  1.4067E-03,  2.8873E-04,  1.4005E-01,  2.3234E-04,  3.4737E-03,  3.2459E-04,  1.3093E-02,  4.4653E-03,  7.9329E-01,  1.0342E-02,  2.5146E-02,  2.4194E-04,  5.9183E-04,  3.8750E-05,  9.6938E-05,  5.8140E-06,  5.8178E-05,  7.7532E-06,  3.8787E-05,  5.8169E-06,  1.9388E-05,  3.8765E-06,  9.6951E-06,  7.7516E-07,  3.8767E-06,  0.0000E+00,  1.7447E-06,  3.8768E-07,  1.1631E-06,  3.8772E-07,  1.3576E-06,  1.7456E-07,  3.8808E-06,  2.7173E-07,  5.8263E-06,  1.1642E-06,  5.2422E-06,  3.8827E-07,  3.8842E-06,  3.8835E-07,  9.7104E-07,  1.5524E-07,  7.7641E-07,  0.0000E+00,  1.9415E-07,  7.7649E-08,  3.8844E-07,  5.8258E-08,  3.8846E-07,  7.7690E-08,  1.9422E-07,  3.8840E-08,  1.7481E-07,  3.8847E-08,  1.5540E-07,  1.7483E-08,  1.9427E-07,  3.8854E-08,  5.8293E-07,  5.8289E-07,  1.1655E-06,  1.9429E-07,  1.9432E-07,  1.7491E-07,  1.9436E-06,  1.1657E-07,  0.0000E+00,  0.0000E+00,  0.0000E+00,  0.0000E+00,  0.0000E+00,  0.0000E+00,  3.8892E-08,  0.0000E+00,  2.3339E-08,  2.9409E+03,  2.2650E+00,  0.0000E+00,  0.0000E+00,  0.0000E+00,  2.1797E-02,  5.5820E-03,  4.6343E-02,  6.3661E-07,  2.9701E-03,  2.4345E-04,  2.8744E-03,  2.5484E-04,  5.0062E-03,  3.1796E-06,  1.3594E-03,  2.3448E-06,  2.4768E-05,  5.0823E-06,  2.2365E-03,  4.0905E-06,  6.1160E-05,  5.7153E-06,  2.3051E-04,  7.8621E-05,  1.3966E-02,  1.8208E-04,  4.4266E-04,  4.2598E-06,  1.0420E-05,  6.8233E-07,  1.7070E-06,  1.0238E-07,  1.0246E-06,  1.3653E-07,  6.8308E-07,  1.0244E-07,  3.4143E-07,  6.8263E-08,  1.7073E-07,  1.3650E-08,  6.8267E-08,  0.0000E+00,  3.0724E-08,  6.8270E-09,  2.0482E-08,  6.8279E-09,  2.3908E-08,  3.0743E-09,  6.8350E-08,  4.7859E-09,  1.0263E-07,  2.0504E-08,  9.2333E-08,  6.8386E-09,  6.8416E-08,  6.8403E-09,  1.7103E-08,  2.7342E-09,  1.3675E-08,  0.0000E+00,  3.4196E-09,  1.3676E-09,  6.8421E-09,  1.0261E-09,  6.8424E-09,  1.3685E-09,  3.4211E-09,  6.8413E-10,  3.0793E-09,  6.8427E-10,  2.7372E-09,  3.0795E-10,  3.4221E-09,  6.8441E-10,  1.0268E-08,  1.0268E-08,  2.0530E-08,  3.4224E-09,  3.4230E-09,  3.0811E-09,  3.4237E-08,  2.0534E-09,  0.0000E+00,  0.0000E+00,  0.0000E+00,  0.0000E+00,  0.0000E+00,  0.0000E+00,  6.8515E-10,  0.0000E+00,  4.1116E-10
  2.2000E+02,  1.5392E+05,  1.0413E+02,  0.0000E+00,  0.0000E+00,  0.0000E+00,  9.9958E-01,  2.5632E-01,  2.1259E+00,  2.5652E-05,  1.1971E-01,  9.8102E-03,  1.1585E-01,  1.0270E-02,  2.0179E-01,  1.2814E-04,  5.4795E-02,  9.4487E-05,  9.9775E-04,  2.0482E-04,  1.0259E-01,  1.6481E-04,  2.4640E-03,  2.3023E-04,  9.2871E-03,  3.1673E-03,  5.6271E-01,  7.3356E-03,  1.7837E-02,  1.7161E-04,  4.1980E-04,  2.7485E-05,  6.8756E-05,  4.1237E-06,  4.1263E-05,  5.4991E-06,  2.7510E-05,  4.1257E-06,  1.3751E-05,  2.7495E-06,  6.8765E-06,  5.4980E-07,  2.7496E-06,  0.0000E+00,  1.2374E-06,  2.7497E-07,  8.2491E-07,  2.7500E-07,  9.6285E-07,  1.2381E-07,  2.7524E-06,  1.9272E-07,  4.1321E-06,  8.2566E-07,  3.7179E-06,  2.7537E-07,  2.7547E-06,  2.7543E-07,  6.8869E-07,  1.1010E-07,  5.5066E-07,  0.0000E+00,  1.3770E-07,  5.5071E-08,  2.7549E-07,  4.1317E-08,  2.7550E-07,  5.5099E-08,  1.3774E-07,  2.7546E-08,  1.2398E-07,  2.7551E-08,  1.1021E-07,  1.2399E-08,  1.3778E-07,  2.7556E-08,  4.1342E-07,  4.1339E-07,  8.2657E-07,  1.3779E-07,  1.3781E-07,  1.2404E-07,  1.3784E-06,  8.2671E-08,  0.0000E+00,  0.0000E+00,  0.0000E+00,  0.0000E+00,  0.0000E+00,  0.0000E+00,  2.7581E-08,  0.0000E+00,  1.6551E-08,  2.0617E+03,  1.5302E+00,  0.0000E+00,  0.0000E+00,  0.0000E+00,  1.4716E-02,  3.7697E-03,  3.1287E-02,  4.1445E-07,  1.9338E-03,  1.5850E-04,  1.8715E-03,  1.6592E-04,  3.2595E-03,  2.0701E-06,  8.8512E-04,  1.5265E-06,  1.6123E-05,  3.3089E-06,  1.5099E-03,  2.6629E-06,  3.9814E-05,  3.7205E-06,  1.5006E-04,  5.1180E-05,  9.0921E-03,  1.1853E-04,  2.8819E-04,  2.7730E-06,  6.7834E-06,  4.4416E-07,  1.1112E-06,  6.6643E-08,  6.6690E-07,  8.8873E-08,  4.4463E-07,  6.6679E-08,  2.2224E-07,  4.4435E-08,  1.1113E-07,  8.8853E-09,  4.4437E-08,  0.0000E+00,  1.9999E-08,  4.4439E-09,  1.3332E-08,  4.4444E-09,  1.5562E-08,  2.0011E-09,  4.4488E-08,  3.1150E-09,  6.6795E-08,  1.3346E-08,  6.0097E-08,  4.4511E-09,  4.4529E-08,  4.4521E-09,  1.1132E-08,  1.7796E-09,  8.9007E-09,  0.0000E+00,  2.2257E-09,  8.9017E-10,  4.4532E-09,  6.6788E-10,  4.4534E-09,  8.9067E-10,  2.2266E-09,  4.4527E-10,  2.0041E-09,  4.4536E-10,  1.7815E-09,  2.0043E-10,  2.2272E-09,  4.4545E-10,  6.6831E-09,  6.6826E-09,  1.3362E-08,  2.2275E-09,  2.2278E-09,  2.0053E-09,  2.2283E-08,  1.3364E-09,  0.0000E+00,  0.0000E+00,  0.0000E+00,  0.0000E+00,  0.0000E+00,  0.0000E+00,  4.4590E-10,  0.0000E+00,  2.6758E-10
  2.5000E+02,  1.0379E+05,  6.7611E+01,  0.0000E+00,  0.0000E+00,  0.0000E+00,  6.4853E-01,  1.6638E-01,  1.3795E+00,  1.5940E-05,  7.4392E-02,  6.0960E-03,  7.1995E-02,  6.3816E-03,  1.2540E-01,  7.9626E-05,  3.4052E-02,  5.8714E-05,  6.1994E-04,  1.2728E-04,  6.6573E-02,  1.0241E-04,  1.5310E-03,  1.4305E-04,  5.7706E-03,  1.9680E-03,  3.4965E-01,  4.5580E-03,  1.1084E-02,  1.0663E-04,  2.6084E-04,  1.7077E-05,  4.2719E-05,  2.5621E-06,  2.5636E-05,  3.4166E-06,  1.7092E-05,  2.5633E-06,  8.5436E-06,  1.7083E-06,  4.2724E-06,  3.4160E-07,  1.7084E-06,  0.0000E+00,  7.6882E-07,  1.7084E-07,  5.1251E-07,  1.7086E-07,  5.9820E-07,  7.6921E-08,  1.7100E-06,  1.1973E-07,  2.5671E-06,  5.1295E-07,  2.3097E-06,  1.7107E-07,  1.7113E-06,  1.7111E-07,  4.2785E-07,  6.8403E-08,  3.4210E-07,  0.0000E+00,  8.5544E-08,  3.4213E-08,  1.7114E-07,  2.5668E-08,  1.7115E-07,  3.4230E-08,  8.5573E-08,  1.7113E-08,  7.7021E-08,  1.7116E-08,  6.8465E-08,  7.7026E-09,  8.5593E-08,  1.7119E-08,  2.5683E-07,  2.5681E-07,  5.1349E-07,  8.5600E-08,  8.5611E-08,  7.7059E-08,  8.5627E-07,  5.1357E-08,  0.0000E+00,  0.0000E+00,  0.0000E+00,  0.0000E+00,  0.0000E+00,  0.0000E+00,  1.7134E-08,  0.0000E+00,  1.0282E-08,  1.2808E+03,  9.0412E-01,  0.0000E+00,  0.0000E+00,  0.0000E+00,  8.6877E-03,  2.2264E-03,  1.8470E-02,  2.3303E-07,  1.0874E-03,  8.9117E-05,  1.0524E-03,  9.3290E-05,  1.8329E-03,  1.1640E-06,  4.9773E-04,  8.5832E-07,  9.0644E-06,  1.8606E-06,  8.9133E-04,  1.4972E-06,  2.2384E-05,  2.0916E-06,  8.4369E-05,  2.8774E-05,  5.1119E-03,  6.6641E-05,  1.6204E-04,  1.5590E-06,  3.8137E-06,  2.4970E-07,  6.2465E-07,  3.7464E-08,  3.7489E-07,  4.9961E-08,  2.4994E-07,  3.7483E-08,  1.2493E-07,  2.4979E-08,  6.2474E-08,  4.9950E-09,  2.4981E-08,  0.0000E+00,  1.1242E-08,  2.4982E-09,  7.4945E-09,  2.4984E-09,  8.7479E-09,  1.1249E-09,  2.5007E-08,  1.7510E-09,  3.7544E-08,  7.5016E-09,  3.3780E-08,  2.5019E-09,  2.5029E-08,  2.5025E-09,  6.2572E-09,  1.0004E-09,  5.0031E-09,  0.0000E+00,  1.2511E-09,  5.0036E-10,  2.5031E-09,  3.7540E-10,  2.5032E-09,  5.0062E-10,  1.2515E-09,  2.5028E-10,  1.1265E-09,  2.5032E-10,  1.0013E-09,  1.1265E-10,  1.2519E-09,  2.5037E-10,  3.7563E-09,  3.7561E-09,  7.5102E-09,  1.2520E-09,  1.2521E-09,  1.1271E-09,  1.2524E-08,  7.5115E-10,  0.0000E+00,  0.0000E+00,  0.0000E+00,  0.0000E+00,  0.0000E+00,  0.0000E+00,  2.5061E-10,  0.0000E+00,  1.5039E-10
  2.8000E+02,  7.1972E+04,  4.5544E+01,  0.0000E+00,  0.0000E+00,  0.0000E+00,  4.3655E-01,  1.1205E-01,  9.2885E-01,  1.0346E-05,  4.8291E-02,  3.9570E-03,  4.6735E-02,  4.1424E-03,  8.1404E-02,  5.1687E-05,  2.2105E-02,  3.8112E-05,  4.0238E-04,  8.2621E-05,  4.4825E-02,  6.6471E-05,  9.9374E-04,  9.2851E-05,  3.7456E-03,  1.2774E-03,  2.2695E-01,  2.9585E-03,  7.1947E-03,  6.9210E-05,  1.6931E-04,  1.1084E-05,  2.7726E-05,  1.6629E-06,  1.6639E-05,  2.2175E-06,  1.1093E-05,  1.6637E-06,  5.5451E-06,  1.1087E-06,  2.7730E-06,  2.2171E-07,  1.1088E-06,  0.0000E+00,  4.9899E-07,  1.1088E-07,  3.3264E-07,  1.1089E-07,  3.8825E-07,  4.9923E-08,  1.1098E-06,  7.7706E-08,  1.6660E-06,  3.3291E-07,  1.4990E-06,  1.1103E-07,  1.1107E-06,  1.1105E-07,  2.7768E-07,  4.4394E-08,  2.2203E-07,  0.0000E+00,  5.5518E-08,  2.2205E-08,  1.1107E-07,  1.6659E-08,  1.1108E-07,  2.2215E-08,  5.5536E-08,  1.1106E-08,  4.9986E-08,  1.1108E-08,  4.4433E-08,  4.9989E-09,  5.5549E-08,  1.1110E-08,  1.6667E-07,  1.6666E-07,  3.3324E-07,  5.5553E-08,  5.5560E-08,  5.0009E-08,  5.5570E-07,  3.3329E-08,  0.0000E+00,  0.0000E+00,  0.0000E+00,  0.0000E+00,  0.0000E+00,  0.0000E+00,  1.1119E-08,  0.0000E+00,  6.6725E-09,  8.4003E+02,  5.6699E-01,  0.0000E+00,  0.0000E+00,  0.0000E+00,  5.4441E-03,  1.3956E-03,  1.1574E-02,  1.3985E-07,  6.5266E-04,  5.3484E-05,  6.3163E-04,  5.5990E-05,  1.1001E-03,  6.9860E-07,  2.9874E-04,  5.1513E-07,  5.4395E-06,  1.1167E-06,  5.5854E-04,  8.9851E-07,  1.3433E-05,  1.2552E-06,  5.0631E-05,  1.7267E-05,  3.0678E-03,  3.9992E-05,  9.7247E-05,  9.3558E-07,  2.2886E-06,  1.4984E-07,  3.7484E-07,  2.2481E-08,  2.2495E-07,  2.9980E-08,  1.4998E-07,  2.2492E-08,  7.4968E-08,  1.4989E-08,  3.7489E-08,  2.9974E-09,  1.4990E-08,  0.0000E+00,  6.7461E-09,  1.4991E-09,  4.4971E-09,  1.4992E-09,  5.2491E-09,  6.7497E-10,  1.5005E-08,  1.0506E-09,  2.2526E-08,  4.5011E-09,  2.0268E-08,  1.5012E-09,  1.5017E-08,  1.5015E-09,  3.7544E-09,  6.0024E-10,  3.0020E-09,  0.0000E+00,  7.5066E-10,  3.0022E-10,  1.5018E-09,  2.2524E-10,  1.5019E-09,  3.0037E-10,  7.5092E-10,  1.5017E-10,  6.7588E-10,  1.5019E-10,  6.0080E-10,  6.7592E-11,  7.5111E-10,  1.5022E-10,  2.2537E-09,  2.2536E-09,  4.5060E-09,  7.5117E-10,  7.5127E-10,  6.7622E-10,  7.5141E-09,  4.5068E-10,  0.0000E+00,  0.0000E+00,  0.0000E+00,  0.0000E+00,  0.0000E+00,  0.0000E+00,  1.5036E-10,  0.0000E+00,  9.0229E-11
  3.2000E+02,  4.5010E+04,  2.7662E+01,  0.0000E+00,  0.0000E+00,  0.0000E+00,  2.6493E-01,  6.8047E-02,  5.6394E-01,  6.0181E-06,  2.8091E-02,  2.3016E-03,  2.7185E-02,  2.4095E-03,  4.7353E-02,  3.0065E-05,  1.2859E-02,  2.2168E-05,  2.3403E-04,  4.8059E-05,  2.7215E-02,  3.8663E-05,  5.7799E-04,  5.4004E-05,  2.1786E-03,  7.4294E-04,  1.3201E-01,  1.7207E-03,  4.1849E-03,  4.0255E-05,  9.8474E-05,  6.4464E-06,  1.6126E-05,  9.6717E-07,  9.6769E-06,  1.2897E-06,  6.4516E-06,  9.6757E-07,  3.2250E-06,  6.4485E-07,  1.6128E-06,  1.2895E-07,  6.4487E-07,  0.0000E+00,  2.9021E-07,  6.4489E-08,  1.9346E-07,  6.4495E-08,  2.2580E-07,  2.9035E-08,  6.4544E-07,  4.5192E-08,  9.6887E-07,  1.9361E-07,  8.7176E-07,  6.4570E-08,  6.4590E-07,  6.4582E-08,  1.6149E-07,  2.5818E-08,  1.2912E-07,  0.0000E+00,  3.2287E-08,  1.2913E-08,  6.4594E-08,  9.6879E-09,  6.4596E-08,  1.2919E-08,  3.2297E-08,  6.4588E-09,  2.9069E-08,  6.4598E-09,  2.5840E-08,  2.9071E-09,  3.2304E-08,  6.4608E-09,  9.6928E-08,  9.6923E-08,  1.9379E-07,  3.2306E-08,  3.2310E-08,  2.9082E-08,  3.2316E-07,  1.9382E-08,  0.0000E+00,  0.0000E+00,  0.0000E+00,  0.0000E+00,  0.0000E+00,  0.0000E+00,  6.4660E-09,  0.0000E+00,  3.8802E-09,  5.0809E+02,  3.2712E-01,  0.0000E+00,  0.0000E+00,  0.0000E+00,  3.1367E-03,  8.0464E-04,  6.6716E-03,  7.6568E-08,  3.5736E-04,  2.9283E-05,  3.4585E-04,  3.0655E-05,  6.0240E-04,  3.8250E-07,  1.6358E-04,  2.8204E-07,  2.9779E-06,  6.1142E-07,  3.2196E-04,  4.9192E-07,  7.3542E-06,  6.8716E-07,  2.7719E-05,  9.4532E-06,  1.6796E-03,  2.1895E-05,  5.3244E-05,  5.1220E-07,  1.2530E-06,  8.2028E-08,  2.0520E-07,  1.2307E-08,  1.2314E-07,  1.6412E-08,  8.2098E-08,  1.2312E-08,  4.1039E-08,  8.2056E-09,  2.0522E-08,  1.6409E-09,  8.2059E-09,  0.0000E+00,  3.6929E-09,  8.2062E-10,  2.4618E-09,  8.2070E-10,  2.8734E-09,  3.6948E-10,  8.2137E-09,  5.7510E-10,  1.2330E-08,  2.4639E-09,  1.1094E-08,  8.2172E-10,  8.2200E-09,  8.2188E-10,  2.0551E-09,  3.2856E-10,  1.6432E-09,  0.0000E+00,  4.1089E-10,  1.6434E-10,  8.2205E-10,  1.2329E-10,  8.2208E-10,  1.6441E-10,  4.1103E-10,  8.2197E-11,  3.6995E-10,  8.2211E-11,  3.2885E-10,  3.6997E-11,  4.1112E-10,  8.2224E-11,  1.2336E-09,  1.2335E-09,  2.4664E-09,  4.1116E-10,  4.1121E-10,  3.7013E-10,  4.1128E-09,  2.4668E-10,  0.0000E+00,  0.0000E+00,  0.0000E+00,  0.0000E+00,  0.0000E+00,  0.0000E+00,  8.2295E-11,  0.0000E+00,  4.9385E-11
  3.5000E+02,  3.1973E+04,  1.9363E+01,  0.0000E+00,  0.0000E+00,  0.0000E+00,  1.8540E-01,  4.7640E-02,  3.9473E-01,  4.1034E-06,  1.9154E-02,  1.5694E-03,  1.8537E-02,  1.6429E-03,  3.2288E-02,  2.0500E-05,  8.7679E-03,  1.5115E-05,  1.5957E-04,  3.2769E-05,  1.9049E-02,  2.6362E-05,  3.9409E-04,  3.6821E-05,  1.4854E-03,  5.0655E-04,  9.0006E-02,  1.1732E-03,  2.8534E-03,  2.7447E-05,  6.7142E-05,  4.3952E-06,  1.0995E-05,  6.5942E-07,  6.5976E-06,  8.7934E-07,  4.3986E-06,  6.5968E-07,  2.1988E-06,  4.3966E-07,  1.0996E-06,  8.7919E-08,  4.3968E-07,  0.0000E+00,  1.9787E-07,  4.3969E-08,  1.3190E-07,  4.3973E-08,  1.5395E-07,  1.9796E-08,  4.4005E-07,  3.0811E-08,  6.6055E-07,  1.3200E-07,  5.9435E-07,  4.4022E-08,  4.4036E-07,  4.4030E-08,  1.1010E-07,  1.7603E-08,  8.8033E-08,  0.0000E+00,  2.2013E-08,  8.8041E-09,  4.4038E-08,  6.6050E-09,  4.4040E-08,  8.8078E-09,  2.2019E-08,  4.4035E-09,  1.9818E-08,  4.4041E-09,  1.7617E-08,  1.9820E-09,  2.2024E-08,  4.4048E-09,  6.6083E-08,  6.6079E-08,  1.3212E-07,  2.2026E-08,  2.2028E-08,  1.9827E-08,  2.2032E-07,  1.3214E-08,  0.0000E+00,  0.0000E+00,  0.0000E+00,  0.0000E+00,  0.0000E+00,  0.0000E+00,  4.4083E-09,  0.0000E+00,  2.6453E-09,  3.6103E+02,  2.2613E-01,  0.0000E+00,  0.0000E+00,  0.0000E+00,  2.1655E-03,  5.5586E-04,  4.6093E-03,  5.1079E-08,  2.3841E-04,  1.9535E-05,  2.3073E-04,  2.0451E-05,  4.0189E-04,  2.5517E-07,  1.0913E-04,  1.8816E-07,  1.9865E-06,  4.0790E-07,  2.2244E-04,  3.2816E-07,  4.9059E-06,  4.5838E-07,  1.8491E-05,  6.3060E-06,  1.1204E-03,  1.4605E-05,  3.5520E-05,  3.4168E-07,  8.3583E-07,  5.4718E-08,  1.3688E-07,  8.2095E-09,  8.2140E-08,  1.0947E-08,  5.4763E-08,  8.2130E-09,  2.7375E-08,  5.4736E-09,  1.3689E-08,  1.0945E-09,  5.4738E-09,  0.0000E+00,  2.4634E-09,  5.4740E-10,  1.6421E-09,  5.4745E-10,  1.9167E-09,  2.4646E-10,  5.4788E-09,  3.8361E-10,  8.2244E-09,  1.6434E-09,  7.4000E-09,  5.4810E-10,  5.4828E-09,  5.4821E-10,  1.3708E-09,  2.1916E-10,  1.0961E-09,  0.0000E+00,  2.7407E-10,  1.0962E-10,  5.4831E-10,  8.2237E-11,  5.4834E-10,  1.0967E-10,  2.7416E-10,  5.4826E-11,  2.4676E-10,  5.4835E-11,  2.1935E-10,  2.4677E-11,  2.7422E-10,  5.4844E-11,  8.2280E-10,  8.2275E-10,  1.6451E-09,  2.7424E-10,  2.7427E-10,  2.4687E-10,  2.7432E-09,  1.6453E-10,  0.0000E+00,  0.0000E+00,  0.0000E+00,  0.0000E+00,  0.0000E+00,  0.0000E+00,  5.4890E-11,  0.0000E+00,  3.2939E-11
  4.0000E+02,  1.7525E+04,  1.0450E+01,  0.0000E+00,  0.0000E+00,  0.0000E+00,  1.0009E-01,  2.5736E-02,  2.1309E-01,  2.1279E-06,  9.9331E-03,  8.1382E-04,  9.6128E-03,  8.5198E-04,  1.6745E-02,  1.0631E-05,  4.5470E-03,  7.8384E-06,  8.2741E-05,  1.6994E-05,  1.0283E-02,  1.3670E-05,  2.0435E-04,  1.9093E-05,  7.7026E-04,  2.6267E-04,  4.6673E-02,  6.0838E-04,  1.4797E-03,  1.4232E-05,  3.4816E-05,  2.2791E-06,  5.7010E-06,  3.4193E-07,  3.4210E-06,  4.5596E-07,  2.2808E-06,  3.4206E-07,  1.1401E-06,  2.2797E-07,  5.7016E-07,  4.5588E-08,  2.2798E-07,  0.0000E+00,  1.0260E-07,  2.2799E-08,  6.8392E-08,  2.2801E-08,  7.9823E-08,  1.0264E-08,  2.2817E-07,  1.5976E-08,  3.4249E-07,  6.8442E-08,  3.0817E-07,  2.2826E-08,  2.2832E-07,  2.2830E-08,  5.7086E-08,  9.1270E-09,  4.5645E-08,  0.0000E+00,  1.1413E-08,  4.5649E-09,  2.2834E-08,  3.4246E-09,  2.2834E-08,  4.5668E-09,  1.1417E-08,  2.2832E-09,  1.0276E-08,  2.2835E-09,  9.1341E-09,  1.0276E-09,  1.1419E-08,  2.2838E-09,  3.4263E-08,  3.4261E-08,  6.8504E-08,  1.1420E-08,  1.1421E-08,  1.0280E-08,  1.1423E-07,  6.8513E-09,  0.0000E+00,  0.0000E+00,  0.0000E+00,  0.0000E+00,  0.0000E+00,  0.0000E+00,  2.2856E-09,  0.0000E+00,  1.3715E-09,  2.1692E+02,  1.3042E-01,  0.0000E+00,  0.0000E+00,  0.0000E+00,  1.2467E-03,  3.2030E-04,  2.6564E-03,  2.7941E-08,  1.3043E-04,  1.0686E-05,  1.2622E-04,  1.1187E-05,  2.1986E-04,  1.3959E-07,  5.9703E-05,  1.0293E-07,  1.0866E-06,  2.2314E-07,  1.2819E-04,  1.7950E-07,  2.6835E-06,  2.5073E-07,  1.0115E-05,  3.4493E-06,  6.1288E-04,  7.9891E-06,  1.9430E-05,  1.8689E-07,  4.5719E-07,  2.9929E-08,  7.4867E-08,  4.4903E-09,  4.4926E-08,  5.9878E-09,  2.9952E-08,  4.4921E-09,  1.4973E-08,  2.9938E-09,  7.4876E-09,  5.9868E-10,  2.9939E-09,  0.0000E+00,  1.3474E-09,  2.9940E-10,  8.9816E-10,  2.9943E-10,  1.0483E-09,  1.3480E-10,  2.9965E-09,  2.0981E-10,  4.4980E-09,  8.9884E-10,  4.0472E-09,  2.9977E-10,  2.9986E-09,  2.9982E-10,  7.4971E-10,  1.1986E-10,  5.9946E-10,  0.0000E+00,  1.4989E-10,  5.9951E-11,  2.9988E-10,  4.4976E-11,  2.9989E-10,  5.9977E-11,  1.4994E-10,  2.9985E-11,  1.3495E-10,  2.9990E-11,  1.1996E-10,  1.3496E-11,  1.4997E-10,  2.9994E-11,  4.4999E-10,  4.4996E-10,  8.9969E-10,  1.4998E-10,  1.5000E-10,  1.3501E-10,  1.5002E-09,  8.9982E-11,  0.0000E+00,  0.0000E+00,  0.0000E+00,  0.0000E+00,  0.0000E+00,  0.0000E+00,  3.0018E-11,  0.0000E+00,  1.8013E-11
  4.5000E+02,  8.7441E+03,  5.1853E+00,  0.0000E+00,  0.0000E+00,  0.0000E+00,  4.9736E-02,  1.2795E-02,  1.0582E-01,  1.0191E-06,  4.7576E-03,  3.8978E-04,  4.6042E-03,  4.0806E-04,  8.0201E-03,  5.0916E-06,  2.1779E-03,  3.7542E-06,  3.9627E-05,  8.1392E-06,  5.1068E-03,  6.5471E-06,  9.7871E-05,  9.1441E-06,  3.6890E-04,  1.2580E-04,  2.2353E-02,  2.9137E-04,  7.0870E-04,  6.8163E-06,  1.6675E-05,  1.0915E-06,  2.7303E-06,  1.6375E-07,  1.6383E-06,  2.1837E-07,  1.0923E-06,  1.6382E-07,  5.4602E-07,  1.0918E-07,  2.7306E-07,  2.1833E-08,  1.0918E-07,  0.0000E+00,  4.9135E-08,  1.0919E-08,  3.2754E-08,  1.0920E-08,  3.8228E-08,  4.9156E-09,  1.0927E-07,  7.6507E-09,  1.6402E-07,  3.2777E-08,  1.4758E-07,  1.0931E-08,  1.0934E-07,  1.0933E-08,  2.7338E-08,  4.3709E-09,  2.1860E-08,  0.0000E+00,  5.4659E-09,  2.1861E-09,  1.0935E-08,  1.6400E-09,  1.0935E-08,  2.1870E-09,  5.4674E-09,  1.0934E-09,  4.9209E-09,  1.0935E-09,  4.3742E-09,  4.9212E-10,  5.4685E-09,  1.0937E-09,  1.6408E-08,  1.6407E-08,  3.2806E-08,  5.4689E-09,  5.4695E-09,  4.9230E-09,  5.4703E-08,  3.2810E-09,  0.0000E+00,  0.0000E+00,  0.0000E+00,  0.0000E+00,  0.0000E+00,  0.0000E+00,  1.0945E-09,  0.0000E+00,  6.5680E-10,  1.3430E+02,  8.0154E-02,  0.0000E+00,  0.0000E+00,  0.0000E+00,  7.6757E-04,  1.9734E-04,  1.6343E-03,  1.6408E-08,  7.6594E-05,  6.2754E-06,  7.4125E-05,  6.5696E-06,  1.2912E-04,  8.1973E-08,  3.5062E-05,  6.0442E-08,  6.3802E-07,  1.3104E-07,  7.8867E-05,  1.0541E-07,  1.5758E-06,  1.4723E-07,  5.9395E-06,  2.0255E-06,  3.5990E-04,  4.6913E-06,  1.1410E-05,  1.0975E-07,  2.6847E-07,  1.7574E-08,  4.3961E-08,  2.6366E-09,  2.6379E-08,  3.5159E-09,  1.7587E-08,  2.6376E-09,  8.7915E-09,  1.7579E-09,  4.3966E-09,  3.5153E-10,  1.7580E-09,  0.0000E+00,  7.9114E-10,  1.7580E-10,  5.2738E-10,  1.7582E-10,  6.1552E-10,  7.9148E-11,  1.7594E-09,  1.2319E-10,  2.6410E-09,  5.2776E-10,  2.3763E-09,  1.7601E-10,  1.7606E-09,  1.7604E-10,  4.4020E-10,  7.0379E-11,  3.5198E-10,  0.0000E+00,  8.8010E-11,  3.5200E-11,  1.7607E-10,  2.6408E-11,  1.7608E-10,  3.5215E-11,  8.8036E-11,  1.7606E-11,  7.9237E-11,  1.7608E-11,  7.0434E-11,  7.9241E-12,  8.8054E-11,  1.7611E-11,  2.6420E-10,  2.6419E-10,  5.2824E-10,  8.8060E-11,  8.8070E-11,  7.9270E-11,  8.8084E-10,  5.2831E-11,  0.0000E+00,  0.0000E+00,  0.0000E+00,  0.0000E+00,  0.0000E+00,  0.0000E+00,  1.7624E-11,  0.0000E+00,  1.0576E-11
  5.0000E+02,  3.2006E+03,  1.8851E+00,  0.0000E+00,  0.0000E+00,  0.0000E+00,  1.8113E-02,  4.6626E-03,  3.8510E-02,  3.5415E-07,  1.6533E-03,  1.3545E-04,  1.6000E-03,  1.4180E-04,  2.7872E-03,  1.7694E-06,  7.5685E-04,  1.3046E-06,  1.3770E-05,  2.8284E-06,  1.8584E-03,  2.2751E-06,  3.4009E-05,  3.1774E-06,  1.2819E-04,  4.3714E-05,  7.7677E-03,  1.0125E-04,  2.4627E-04,  2.3686E-06,  5.7942E-06,  3.7927E-07,  9.4872E-07,  5.6901E-08,  5.6927E-07,  7.5876E-08,  3.7953E-07,  5.6921E-08,  1.8973E-07,  3.7937E-08,  9.4881E-08,  7.5865E-09,  3.7939E-08,  0.0000E+00,  1.7073E-08,  3.7940E-09,  1.1381E-08,  3.7943E-09,  1.3283E-08,  1.7080E-09,  3.7968E-08,  2.6583E-09,  5.6988E-08,  1.1389E-08,  5.1277E-08,  3.7981E-09,  3.7992E-08,  3.7987E-09,  9.4989E-09,  1.5187E-09,  7.5953E-09,  0.0000E+00,  1.8991E-09,  7.5959E-10,  3.7993E-09,  5.6984E-10,  3.7995E-09,  7.5988E-10,  1.8997E-09,  3.7990E-10,  1.7098E-09,  3.7995E-10,  1.5198E-09,  1.7099E-10,  1.9000E-09,  3.8001E-10,  5.7009E-09,  5.7006E-09,  1.1398E-08,  1.9002E-09,  1.9004E-09,  1.7105E-09,  1.9006E-08,  1.1400E-09,  0.0000E+00,  0.0000E+00,  0.0000E+00,  0.0000E+00,  0.0000E+00,  0.0000E+00,  3.8028E-10,  0.0000E+00,  2.2820E-10,  8.7441E+01,  5.1853E-02,  0.0000E+00,  0.0000E+00,  0.0000E+00,  4.9736E-04,  1.2795E-04,  1.0582E-03,  1.0191E-08,  4.7576E-05,  3.8978E-06,  4.6042E-05,  4.0806E-06,  8.0201E-05,  5.0916E-08,  2.1779E-05,  3.7542E-08,  3.9627E-07,  8.1392E-08,  5.1068E-05,  6.5471E-08,  9.7871E-07,  9.1441E-08,  3.6890E-06,  1.2580E-06,  2.2353E-04,  2.9137E-06,  7.0870E-06,  6.8163E-08,  1.6675E-07,  1.0915E-08,  2.7303E-08,  1.6375E-09,  1.6383E-08,  2.1837E-09,  1.0923E-08,  1.6382E-09,  5.4602E-09,  1.0918E-09,  2.7306E-09,  2.1833E-10,  1.0918E-09,  0.0000E+00,  4.9135E-10,  1.0919E-10,  3.2754E-10,  1.0920E-10,  3.8228E-10,  4.9156E-11,  1.0927E-09,  7.6507E-11,  1.6402E-09,  3.2777E-10,  1.4758E-09,  1.0931E-10,  1.0934E-09,  1.0933E-10,  2.7338E-10,  4.3709E-11,  2.1860E-10,  0.0000E+00,  5.4659E-11,  2.1861E-11,  1.0935E-10,  1.6400E-11,  1.0935E-10,  2.1870E-11,  5.4674E-11,  1.0934E-11,  4.9209E-11,  1.0935E-11,  4.3742E-11,  4.9212E-12,  5.4685E-11,  1.0937E-11,  1.6408E-10,  1.6407E-10,  3.2806E-10,  5.4689E-11,  5.4695E-11,  4.9230E-11,  5.4703E-10,  3.2810E-11,  0.0000E+00,  0.0000E+00,  0.0000E+00,  0.0000E+00,  0.0000E+00,  0.0000E+00,  1.0945E-11,  0.0000E+00,  6.5680E-12
'End of File'
