'*',    54,     1,    25,    22,     5,     5,    75,     1
'SPENVIS 4.6.13.3554          - 18-Sep-2025 21:08:23'
'PRJ_DEF', -1,'RADFX2'
'PRJ_HDR', -1,'IU ME RADFX Unit 2 HW2 P1'
'MOD_ABB', -1,'SEP'
'MIS_PLA',  1,    3,' '
'MIS_NTR',  1,    1,' '
'MIS_STA',  1,  27759.00000000,' '
'MIS_END',  1,  28489.00000000,' '
'MIS_DUR',  1, 7.300000E+02,'days'
'SEP_IEL',  1,  1,' '
'SEP_JEL',  1, 92,' '
'SEP_MOD', -1,'ESP-PSYCHIC total fluence'
'SEP_TMI',  1,  0.0,'years'
'SEP_TMA',  1,  2.0,'years'
'SEP_DUR',  1,  2.0,'years'
'SEP_NCY',  1,  1,' '
'SEP_NOR',  1,  0,' '
'SEP_NAL',  1,  0,' '
'SEP_PRB',  1,  95.0,'%'
'SEP_OMN',  1, 1, ' '
'SEP_ABS', -1,'Energy'
'SEP_IGC',  1,  1,' '
'SEP_IGV',  1,  1,' '
'SEP_IST',  1,  0,' '
'PLT_HDR', -1,'ESP-PSYCHIC total fluence: solar protons'
'SPECIES', -1,'proton'
'PS Annotation',  8,  1
'Mission start: 01/01/2026 00:00:00'
 0.05, 0.00, 0.00
'Mission end: 01/01/2028 00:00:00'
 0.95, 0.00, 1.00
'Nr. of segments:   1'
 0.05, 1.50, 0.00
'Duration: 730.00 days'
 0.95, 0.00, 1.00
'PS Annotation', 12,  0
'Solar particle model: ESP-PSYCHIC total fluence'
 0.05, 2.00, 0.00
'Mission duration: 2.00 years, spanning 1 solar cycles'
 0.10, 1.50, 0.00
'2.00 years in solar maximum'
 0.15, 1.50, 0.00
'0.00 years in solar minimum'
 0.15, 1.50, 0.00
'Confidence level: 95.000%'
 0.10, 1.50, 0.00
'Magnetic shielding:    quiet magnetosphere'
 0.10, 1.50, 0.00
'Energy','MeV', 1,'Energy'
'IFlux','cm!u-2!n', 1,'Integral Fluence'
'DFlux','cm!u-2!n MeV!u-1!n', 1,'Differential Fluence'
'Attenuation',' ', 1,'Orbit Averaged Proton Attenuation Factor'
'Exposure','hrs', 1,'Proton Exposure Time'
  1.0000E-01,  1.6140E+12,  1.0018E+13, 0.9030, 1.5881E+04
  1.1000E-01,  1.5203E+12,  8.7197E+12, 0.9030, 1.5881E+04
  1.2000E-01,  1.4388E+12,  7.5878E+12, 0.9030, 1.5881E+04
  1.4000E-01,  1.3036E+12,  5.9280E+12, 0.9030, 1.5881E+04
  1.6000E-01,  1.1968E+12,  4.7475E+12, 0.9030, 1.5881E+04
  1.8000E-01,  1.1103E+12,  3.9056E+12, 0.9030, 1.5881E+04
  2.0000E-01,  1.0384E+12,  3.2813E+12, 0.9030, 1.5881E+04
  2.2000E-01,  9.7752E+11,  2.8112E+12, 0.9030, 1.5881E+04
  2.5000E-01,  9.0108E+11,  2.2846E+12, 0.9030, 1.5881E+04
  2.8000E-01,  8.3834E+11,  1.8984E+12, 0.9030, 1.5881E+04
  3.2000E-01,  7.6992E+11,  1.5226E+12, 0.9030, 1.5881E+04
  3.5000E-01,  7.2737E+11,  1.3144E+12, 0.9030, 1.5881E+04
  4.0000E-01,  6.6802E+11,  1.0594E+12, 0.9030, 1.5881E+04
  4.5000E-01,  6.1974E+11,  8.7157E+11, 0.9030, 1.5881E+04
  5.0000E-01,  5.7965E+11,  7.3226E+11, 0.9030, 1.5881E+04
  5.5000E-01,  5.4565E+11,  6.2767E+11, 0.9030, 1.5881E+04
  6.3000E-01,  5.0039E+11,  5.0385E+11, 0.9030, 1.5881E+04
  7.1000E-01,  4.6369E+11,  4.1369E+11, 0.9030, 1.5881E+04
  8.0000E-01,  4.2976E+11,  3.4023E+11, 0.9030, 1.5881E+04
  9.0000E-01,  3.9874E+11,  2.8025E+11, 0.9030, 1.5881E+04
  1.0000E+00,  3.7295E+11,  2.3546E+11, 0.9030, 1.5881E+04
  1.1000E+00,  3.5112E+11,  2.0119E+11, 0.9030, 1.5881E+04
  1.2000E+00,  3.3231E+11,  1.7507E+11, 0.9030, 1.5881E+04
  1.4000E+00,  3.0112E+11,  1.3678E+11, 0.9030, 1.5881E+04
  1.6000E+00,  2.7649E+11,  1.0954E+11, 0.9030, 1.5881E+04
  1.8000E+00,  2.5652E+11,  9.0115E+10, 0.9030, 1.5881E+04
  2.0000E+00,  2.3994E+11,  7.5710E+10, 0.9030, 1.5881E+04
  2.2000E+00,  2.2588E+11,  6.4863E+10, 0.9030, 1.5881E+04
  2.5000E+00,  2.0825E+11,  5.2712E+10, 0.9030, 1.5881E+04
  2.8000E+00,  1.9347E+11,  4.5791E+10, 0.9030, 1.5881E+04
  3.2000E+00,  1.7601E+11,  4.1505E+10, 0.9030, 1.5881E+04
  3.5000E+00,  1.6419E+11,  3.7293E+10, 0.9030, 1.5881E+04
  4.0000E+00,  1.4752E+11,  2.9417E+10, 0.9030, 1.5881E+04
  4.5000E+00,  1.3423E+11,  2.3724E+10, 0.9030, 1.5881E+04
  5.0000E+00,  1.2308E+11,  2.0890E+10, 0.9030, 1.5881E+04
  5.5000E+00,  1.1314E+11,  1.8864E+10, 0.9030, 1.5881E+04
  6.3000E+00,  9.9729E+10,  1.4661E+10, 0.9030, 1.5881E+04
  7.1000E+00,  8.8991E+10,  1.2184E+10, 0.9030, 1.5881E+04
  8.0000E+00,  7.8939E+10,  1.0155E+10, 0.9030, 1.5881E+04
  9.0000E+00,  6.9873E+10,  7.9757E+09, 0.9030, 1.5881E+04
  1.0000E+01,  6.2487E+10,  6.7962E+09, 0.9030, 1.5881E+04
  1.1000E+01,  5.6123E+10,  5.9316E+09, 0.9030, 1.5881E+04
  1.2000E+01,  5.0691E+10,  4.9321E+09, 0.9030, 1.5881E+04
  1.4000E+01,  4.2121E+10,  3.6382E+09, 0.9030, 1.5881E+04
  1.6000E+01,  3.5639E+10,  2.8437E+09, 0.9030, 1.5881E+04
  1.8000E+01,  3.0564E+10,  2.2316E+09, 0.9030, 1.5881E+04
  2.0000E+01,  2.6530E+10,  1.8017E+09, 0.9030, 1.5881E+04
  2.2000E+01,  2.3227E+10,  1.5019E+09, 0.9030, 1.5881E+04
  2.5000E+01,  1.9272E+10,  1.1344E+09, 0.9030, 1.5881E+04
  2.8000E+01,  1.6227E+10,  8.9603E+08, 0.9030, 1.5881E+04
  3.2000E+01,  1.3129E+10,  6.5252E+08, 0.9030, 1.5881E+04
  3.5000E+01,  1.1357E+10,  5.2901E+08, 0.9030, 1.5881E+04
  4.0000E+01,  9.0606E+09,  3.8961E+08, 0.9030, 1.5881E+04
  4.5000E+01,  7.3590E+09,  2.9103E+08, 0.9030, 1.5881E+04
  5.0000E+01,  6.0758E+09,  2.2227E+08, 0.9030, 1.5881E+04
  5.5000E+01,  5.0824E+09,  1.7506E+08, 0.9030, 1.5881E+04
  6.3000E+01,  3.8917E+09,  1.2262E+08, 0.9030, 1.5881E+04
  7.1000E+01,  3.0503E+09,  8.7740E+07, 0.9030, 1.5881E+04
  8.0000E+01,  2.3721E+09,  6.2960E+07, 0.9030, 1.5881E+04
  9.0000E+01,  1.8338E+09,  4.4711E+07, 0.9030, 1.5881E+04
  1.0000E+02,  1.4497E+09,  3.2092E+07, 0.9030, 1.5892E+04
  1.1000E+02,  1.1727E+09,  2.3321E+07, 0.9032, 1.5955E+04
  1.2000E+02,  9.6663E+08,  1.7888E+07, 0.9038, 1.6020E+04
  1.4000E+02,  6.7423E+08,  1.1352E+07, 0.9057, 1.6129E+04
  1.6000E+02,  4.8759E+08,  7.3119E+06, 0.9081, 1.6217E+04
  1.8000E+02,  3.6522E+08,  4.9244E+06, 0.9107, 1.6288E+04
  2.0000E+02,  2.8137E+08,  3.4613E+06, 0.9133, 1.6348E+04
  2.2000E+02,  2.2142E+08,  2.5335E+06, 0.9159, 1.6400E+04
  2.5000E+02,  1.5848E+08,  1.6628E+06, 0.9198, 1.6467E+04
  2.8000E+02,  1.1651E+08,  1.1349E+06, 0.9234, 1.6520E+04
  3.2000E+02,  8.0076E+07,  6.8687E+05, 0.9279, 1.6581E+04
  3.5000E+02,  6.2418E+07,  4.9030E+05, 0.9308, 1.6619E+04
  4.0000E+02,  4.2615E+07,  3.0180E+05, 0.9350, 1.6672E+04
  4.5000E+02,  3.0258E+07,  1.9248E+05, 0.9384, 1.6719E+04
  5.0000E+02,  2.2622E+07,  1.1299E+05, 0.9412, 1.6754E+04
'End of Block'
'*',    52,     1,    25,    22,     3,   185,    75,     0
'SPENVIS 4.6.13.3554          - 18-Sep-2025 21:08:23'
'PRJ_DEF', -1,'RADFX2'
'PRJ_HDR', -1,'IU ME RADFX Unit 2 HW2 P1'
'MOD_ABB', -1,'SEP'
'MIS_PLA',  1,    3,' '
'MIS_NTR',  1,    1,' '
'MIS_STA',  1,  27759.00000000,' '
'MIS_END',  1,  28489.00000000,' '
'MIS_DUR',  1, 7.300000E+02,'days'
'SEP_IEL',  1,  1,' '
'SEP_JEL',  1, 92,' '
'SEP_MOD', -1,'ESP-PSYCHIC total fluence'
'SEP_TMI',  1,  0.0,'years'
'SEP_TMA',  1,  2.0,'years'
'SEP_DUR',  1,  2.0,'years'
'SEP_NCY',  1,  1,' '
'SEP_NOR',  1,  0,' '
'SEP_NAL',  1,  0,' '
'SEP_PRB',  1,  95.0,'%'
'SEP_OMN',  1, 1, ' '
'SEP_ABS', -1,'Energy'
'SEP_IGC',  1,  1,' '
'SEP_IGV',  1,  1,' '
'SEP_IST',  1,  0,' '
'PLT_HDR', -1,'ESP-PSYCHIC total fluence: solar ions'
'SPECIES',-92,'H ','He','Li','Be','B ','C ','N ','O ','F ','Ne','Na','Mg','Al','Si','P ','S ','Cl','Ar','K ','Ca','Sc','Ti','V ','Cr','Mn','Fe','Co','Ni','Cu','Zn','Ga','Ge','As','Se','Br','Kr','Rb','Sr','Y ','Zr','Nb','Mo','Tc','Ru','Rh','Pd','Ag','Cd','In','Sn','Sb','Te','I ','Xe','Cs','Ba','La','Ce','Pr','Nd','Pm','Sm','Eu','Gd','Tb','Dy','Ho','Er','Tm','Yb','Lu','Hf','Ta','W ','Re','Os','Ir','Pt','Au','Hg','Tl','Pb','Bi','Po','At','Rn','Fr','Ra','Ac','Th','Pa','U '
'PS Annotation',  8,  1
'Mission start: 01/01/2026 00:00:00'
 0.05, 0.00, 0.00
'Mission end: 01/01/2028 00:00:00'
 0.95, 0.00, 1.00
'Nr. of segments:   1'
 0.05, 1.50, 0.00
'Duration: 730.00 days'
 0.95, 0.00, 1.00
'PS Annotation', 12,  0
'Solar particle model: ESP-PSYCHIC total fluence'
 0.05, 2.00, 0.00
'Mission duration: 2.00 years, spanning 1 solar cycles'
 0.10, 1.50, 0.00
'2.00 years in solar maximum'
 0.15, 1.50, 0.00
'0.00 years in solar minimum'
 0.15, 1.50, 0.00
'Confidence level: 95.000%'
 0.10, 1.50, 0.00
'Magnetic shielding:    quiet magnetosphere'
 0.10, 1.50, 0.00
'Energy','MeV/n', 1,'Energy'
'IFlux','cm!u-2!n', 92,'Integral Fluence of ','SPECIES'
'DFlux','cm!u-2!n (MeV/n)!u-1!n', 92,'Differential Fluence of ','SPECIES'
  1.0000E-01,  1.6140E+12,  1.1317E+11,  5.0199E+01,  6.3894E+01,  1.5911E+03,  5.4174E+08,  2.0091E+08,  1.9734E+09,  8.3875E+04,  2.7707E+08,  2.1740E+07,  4.1002E+08,  3.7140E+07,  3.6029E+08,  1.4023E+06,  6.9953E+07,  5.2891E+05,  7.2833E+06,  1.1903E+06,  2.3328E+07,  3.5342E+04,  1.9076E+06,  2.4076E+05,  1.2006E+07,  5.7870E+06,  7.5124E+08,  1.9286E+06,  3.6040E+07,  3.8552E+05,  6.1625E+05,  1.7637E+04,  6.0947E+04,  2.9957E+03,  3.3300E+04,  3.3703E+03,  1.6058E+04,  9.4641E+03,  2.2449E+04,  4.1724E+03,  9.4641E+03,  6.2490E+02,  1.9216E+03,  0.0000E+00,  1.6058E+03,  3.0460E+02,  1.0427E+03,  2.0864E+02,  9.9789E+02,  1.0869E+03,  2.4076E+03,  1.9526E+02,  2.9580E+03,  3.2582E+02,  1.1766E+03,  3.2042E+02,  3.2042E+03,  3.5259E+02,  9.0187E+02,  1.2145E+02,  7.5124E+02,  0.0000E+00,  2.4076E+02,  7.7241E+01,  3.0460E+02,  1.9216E+01,  3.2042E+02,  4.3298E+01,  2.0864E+02,  2.4076E+01,  2.8908E+02,  2.7235E+01,  1.7637E+02,  1.7637E+01,  3.0460E+02,  4.4885E+01,  5.3459E+02,  3.6334E+02,  1.0665E+03,  1.5745E+02,  1.3655E+02,  1.9216E+02,  2.0864E+03,  1.2145E+02,  0.0000E+00,  0.0000E+00,  0.0000E+00,  0.0000E+00,  0.0000E+00,  0.0000E+00,  2.8908E+01,  0.0000E+00,  7.5124E+00,  1.0018E+13,  4.2410E+11,  1.8812E+02,  2.3933E+02,  5.1824E+03,  1.7648E+09,  6.5998E+08,  6.5803E+09,  2.8800E+05,  9.5163E+08,  7.5590E+07,  1.4263E+09,  1.3031E+08,  1.2657E+09,  4.9547E+06,  2.4662E+08,  1.8665E+06,  2.5710E+07,  4.2016E+06,  8.2364E+07,  1.1556E+05,  6.2453E+06,  7.8806E+05,  3.9286E+07,  1.8940E+07,  2.4612E+09,  6.3067E+06,  1.1785E+08,  1.2616E+06,  2.0162E+06,  5.7690E+04,  1.9933E+05,  9.7991E+03,  1.0898E+05,  1.1021E+04,  5.2520E+04,  3.1026E+04,  7.3396E+04,  1.3647E+04,  3.1026E+04,  2.0452E+03,  6.2861E+03,  0.0000E+00,  5.2520E+03,  9.9664E+02,  3.4116E+03,  6.8237E+02,  3.2671E+03,  3.5566E+03,  7.8806E+03,  6.3898E+02,  9.6764E+03,  1.0647E+03,  3.8455E+03,  1.0485E+03,  1.0485E+04,  1.1539E+03,  2.9576E+03,  3.9698E+02,  2.4612E+03,  0.0000E+00,  7.8806E+02,  2.5220E+02,  9.9664E+02,  6.2861E+01,  1.0485E+03,  1.4166E+02,  6.8237E+02,  7.8806E+01,  9.4477E+02,  8.9124E+01,  5.7690E+02,  5.7690E+01,  9.9664E+02,  1.4679E+02,  1.7496E+03,  1.1891E+03,  3.4952E+03,  5.1483E+02,  4.4662E+02,  6.2861E+02,  6.8237E+03,  3.9698E+02,  0.0000E+00,  0.0000E+00,  0.0000E+00,  0.0000E+00,  0.0000E+00,  0.0000E+00,  9.4477E+01,  0.0000E+00,  2.4612E+01
  1.1000E-01,  1.5203E+12,  1.0899E+11,  4.8345E+01,  6.1534E+01,  1.5400E+03,  5.2434E+08,  1.9440E+08,  1.9085E+09,  8.1035E+04,  2.6769E+08,  2.0995E+07,  3.9596E+08,  3.5855E+07,  3.4781E+08,  1.3534E+06,  6.7521E+07,  5.1050E+05,  7.0298E+06,  1.1488E+06,  2.2516E+07,  3.4202E+04,  1.8460E+06,  2.3298E+05,  1.1619E+07,  5.6001E+06,  7.2696E+08,  1.8664E+06,  3.4877E+07,  3.7307E+05,  5.9636E+05,  1.7068E+04,  5.8980E+04,  2.8990E+03,  3.2225E+04,  3.2616E+03,  1.5540E+04,  9.1580E+03,  2.1725E+04,  4.0377E+03,  9.1580E+03,  6.0472E+02,  1.8595E+03,  0.0000E+00,  1.5540E+03,  2.9477E+02,  1.0091E+03,  2.0191E+02,  9.6566E+02,  1.0518E+03,  2.3298E+03,  1.8895E+02,  2.8625E+03,  3.1531E+02,  1.1387E+03,  3.1007E+02,  3.1007E+03,  3.4121E+02,  8.7269E+02,  1.1753E+02,  7.2696E+02,  0.0000E+00,  2.3298E+02,  7.4753E+01,  2.9477E+02,  1.8595E+01,  3.1007E+02,  4.1900E+01,  2.0191E+02,  2.3298E+01,  2.7976E+02,  2.6356E+01,  1.7068E+02,  1.7068E+01,  2.9477E+02,  4.3437E+01,  5.1733E+02,  3.5161E+02,  1.0320E+03,  1.5237E+02,  1.3214E+02,  1.8595E+02,  2.0191E+03,  1.1753E+02,  0.0000E+00,  0.0000E+00,  0.0000E+00,  0.0000E+00,  0.0000E+00,  0.0000E+00,  2.7976E+01,  0.0000E+00,  7.2696E+00,  8.7197E+12,  4.1209E+11,  1.8279E+02,  2.3256E+02,  5.0406E+03,  1.7166E+09,  6.4190E+08,  6.3999E+09,  2.8004E+05,  9.2532E+08,  7.3495E+07,  1.3868E+09,  1.2670E+08,  1.2306E+09,  4.8167E+06,  2.3976E+08,  1.8146E+06,  2.4995E+07,  4.0847E+06,  8.0071E+07,  1.1248E+05,  6.0789E+06,  7.6705E+05,  3.8240E+07,  1.8436E+07,  2.3956E+09,  6.1387E+06,  1.1471E+08,  1.2279E+06,  1.9624E+06,  5.6154E+04,  1.9402E+05,  9.5383E+03,  1.0608E+05,  1.0727E+04,  5.1122E+04,  3.0199E+04,  7.1442E+04,  1.3284E+04,  3.0199E+04,  1.9907E+03,  6.1186E+03,  0.0000E+00,  5.1122E+03,  9.7010E+02,  3.3207E+03,  6.6419E+02,  3.1801E+03,  3.4618E+03,  7.6705E+03,  6.2196E+02,  9.4188E+03,  1.0363E+03,  3.7431E+03,  1.0206E+03,  1.0206E+04,  1.1232E+03,  2.8787E+03,  3.8641E+02,  2.3956E+03,  0.0000E+00,  7.6705E+02,  2.4549E+02,  9.7010E+02,  6.1186E+01,  1.0206E+03,  1.3789E+02,  6.6419E+02,  7.6705E+01,  9.1963E+02,  8.6749E+01,  5.6154E+02,  5.6154E+01,  9.7010E+02,  1.4288E+02,  1.7029E+03,  1.1574E+03,  3.4021E+03,  5.0112E+02,  4.3473E+02,  6.1186E+02,  6.6419E+03,  3.8641E+02,  0.0000E+00,  0.0000E+00,  0.0000E+00,  0.0000E+00,  0.0000E+00,  0.0000E+00,  9.1963E+01,  0.0000E+00,  2.3956E+01
  1.2000E-01,  1.4388E+12,  1.0492E+11,  4.6543E+01,  5.9242E+01,  1.4903E+03,  5.0741E+08,  1.8807E+08,  1.8454E+09,  7.8274E+04,  2.5857E+08,  2.0270E+07,  3.8229E+08,  3.4606E+07,  3.3568E+08,  1.3060E+06,  6.5158E+07,  4.9262E+05,  6.7834E+06,  1.1086E+06,  2.1727E+07,  3.3092E+04,  1.7860E+06,  2.2542E+05,  1.1242E+07,  5.4183E+06,  7.0333E+08,  1.8059E+06,  3.3746E+07,  3.6096E+05,  5.7700E+05,  1.6514E+04,  5.7067E+04,  2.8049E+03,  3.1179E+04,  3.1558E+03,  1.5036E+04,  8.8601E+03,  2.1020E+04,  3.9067E+03,  8.8601E+03,  5.8508E+02,  1.7992E+03,  0.0000E+00,  1.5036E+03,  2.8520E+02,  9.7632E+02,  1.9536E+02,  9.3429E+02,  1.0177E+03,  2.2542E+03,  1.8282E+02,  2.7696E+03,  3.0509E+02,  1.1018E+03,  3.0001E+02,  3.0001E+03,  3.3013E+02,  8.4430E+02,  1.1372E+02,  7.0333E+02,  0.0000E+00,  2.2542E+02,  7.2331E+01,  2.8520E+02,  1.7992E+01,  3.0001E+02,  4.0540E+01,  1.9536E+02,  2.2542E+01,  2.7069E+02,  2.5500E+01,  1.6514E+02,  1.6514E+01,  2.8520E+02,  4.2028E+01,  5.0053E+02,  3.4020E+02,  9.9842E+02,  1.4742E+02,  1.2785E+02,  1.7992E+02,  1.9536E+03,  1.1372E+02,  0.0000E+00,  0.0000E+00,  0.0000E+00,  0.0000E+00,  0.0000E+00,  0.0000E+00,  2.7069E+01,  0.0000E+00,  7.0333E+00,  7.5878E+12,  4.0009E+11,  1.7747E+02,  2.2578E+02,  4.8989E+03,  1.6683E+09,  6.2383E+08,  6.2196E+09,  2.7207E+05,  8.9901E+08,  7.1401E+07,  1.3473E+09,  1.2308E+08,  1.1955E+09,  4.6788E+06,  2.3290E+08,  1.7627E+06,  2.4280E+07,  3.9678E+06,  7.7779E+07,  1.0941E+05,  5.9125E+06,  7.4603E+05,  3.7193E+07,  1.7931E+07,  2.3300E+09,  5.9707E+06,  1.1157E+08,  1.1943E+06,  1.9087E+06,  5.4617E+04,  1.8871E+05,  9.2776E+03,  1.0317E+05,  1.0434E+04,  4.9723E+04,  2.9371E+04,  6.9488E+04,  1.2920E+04,  2.9371E+04,  1.9362E+03,  5.9512E+03,  0.0000E+00,  4.9723E+03,  9.4356E+02,  3.2299E+03,  6.4602E+02,  3.0931E+03,  3.3671E+03,  7.4603E+03,  6.0493E+02,  9.1611E+03,  1.0080E+03,  3.6407E+03,  9.9263E+02,  9.9263E+03,  1.0924E+03,  2.7999E+03,  3.7584E+02,  2.3300E+03,  0.0000E+00,  7.4603E+02,  2.3878E+02,  9.4356E+02,  5.9512E+01,  9.9263E+02,  1.3411E+02,  6.4602E+02,  7.4603E+01,  8.9449E+02,  8.4375E+01,  5.4617E+02,  5.4617E+01,  9.4356E+02,  1.3898E+02,  1.6563E+03,  1.1257E+03,  3.3089E+03,  4.8742E+02,  4.2283E+02,  5.9512E+02,  6.4602E+03,  3.7584E+02,  0.0000E+00,  0.0000E+00,  0.0000E+00,  0.0000E+00,  0.0000E+00,  0.0000E+00,  8.9449E+01,  0.0000E+00,  2.3300E+01
  1.4000E-01,  1.3036E+12,  9.7163E+10,  4.3101E+01,  5.4862E+01,  1.3951E+03,  4.7501E+08,  1.7595E+08,  1.7247E+09,  7.2992E+04,  2.4111E+08,  1.8884E+07,  3.5613E+08,  3.2217E+07,  3.1247E+08,  1.2152E+06,  6.0637E+07,  4.5840E+05,  6.3121E+06,  1.0316E+06,  2.0217E+07,  3.0966E+04,  1.6711E+06,  2.1092E+05,  1.0519E+07,  5.0697E+06,  6.5804E+08,  1.6898E+06,  3.1577E+07,  3.3775E+05,  5.3990E+05,  1.5453E+04,  5.3399E+04,  2.6246E+03,  2.9173E+04,  2.9530E+03,  1.4069E+04,  8.2893E+03,  1.9670E+04,  3.6556E+03,  8.2893E+03,  5.4745E+02,  1.6835E+03,  0.0000E+00,  1.4069E+03,  2.6686E+02,  9.1354E+02,  1.8280E+02,  8.7417E+02,  9.5223E+02,  2.1092E+03,  1.7106E+02,  2.5915E+03,  2.8549E+02,  1.0310E+03,  2.8071E+02,  2.8071E+03,  3.0890E+02,  7.8988E+02,  1.0641E+02,  6.5804E+02,  0.0000E+00,  2.1092E+02,  6.7690E+01,  2.6686E+02,  1.6835E+01,  2.8071E+02,  3.7934E+01,  1.8280E+02,  2.1092E+01,  2.5330E+02,  2.3860E+01,  1.5453E+02,  1.5453E+01,  2.6686E+02,  3.9326E+01,  4.6834E+02,  3.1832E+02,  9.3410E+02,  1.3795E+02,  1.1963E+02,  1.6835E+02,  1.8280E+03,  1.0641E+02,  0.0000E+00,  0.0000E+00,  0.0000E+00,  0.0000E+00,  0.0000E+00,  0.0000E+00,  2.5330E+01,  0.0000E+00,  6.5804E+00,  5.9280E+12,  3.7609E+11,  1.6682E+02,  2.1224E+02,  4.6154E+03,  1.5718E+09,  5.8768E+08,  5.8589E+09,  2.5615E+05,  8.4639E+08,  6.7212E+07,  1.2682E+09,  1.1586E+08,  1.1253E+09,  4.4029E+06,  2.1919E+08,  1.6588E+06,  2.2849E+07,  3.7339E+06,  7.3194E+07,  1.0326E+05,  5.5797E+06,  7.0400E+05,  3.5101E+07,  1.6923E+07,  2.1988E+09,  5.6348E+06,  1.0530E+08,  1.1271E+06,  1.8013E+06,  5.1544E+04,  1.7809E+05,  8.7561E+03,  9.7365E+04,  9.8467E+03,  4.6925E+04,  2.7716E+04,  6.5581E+04,  1.2193E+04,  2.7716E+04,  1.8272E+03,  5.6163E+03,  0.0000E+00,  4.6925E+03,  8.9047E+02,  3.0482E+03,  6.0967E+02,  2.9190E+03,  3.1777E+03,  7.0400E+03,  5.7089E+02,  8.6458E+03,  9.5135E+02,  3.4360E+03,  9.3674E+02,  9.3674E+03,  1.0309E+03,  2.6422E+03,  3.5470E+02,  2.1988E+03,  0.0000E+00,  7.0400E+02,  2.2536E+02,  8.9047E+02,  5.6163E+01,  9.3674E+02,  1.2656E+02,  6.0967E+02,  7.0400E+01,  8.4421E+02,  7.9627E+01,  5.1544E+02,  5.1544E+01,  8.9047E+02,  1.3116E+02,  1.5631E+03,  1.0623E+03,  3.1226E+03,  4.6000E+02,  3.9905E+02,  5.6163E+02,  6.0967E+03,  3.5470E+02,  0.0000E+00,  0.0000E+00,  0.0000E+00,  0.0000E+00,  0.0000E+00,  0.0000E+00,  8.4421E+01,  0.0000E+00,  2.1988E+01
  1.6000E-01,  1.1968E+12,  8.9881E+10,  3.9871E+01,  5.0753E+01,  1.3057E+03,  4.4454E+08,  1.6456E+08,  1.6111E+09,  6.8029E+04,  2.2471E+08,  1.7582E+07,  3.3156E+08,  2.9972E+07,  2.9067E+08,  1.1299E+06,  5.6391E+07,  4.2626E+05,  5.8695E+06,  9.5921E+05,  1.8799E+07,  2.8962E+04,  1.5628E+06,  1.9726E+05,  9.8376E+06,  4.7414E+06,  6.1538E+08,  1.5805E+06,  2.9534E+07,  3.1588E+05,  5.0495E+05,  1.4453E+04,  4.9943E+04,  2.4547E+03,  2.7284E+04,  2.7619E+03,  1.3159E+04,  7.7515E+03,  1.8397E+04,  3.4190E+03,  7.7515E+03,  5.1199E+02,  1.5745E+03,  0.0000E+00,  1.3159E+03,  2.4958E+02,  8.5440E+02,  1.7097E+02,  8.1753E+02,  8.9057E+02,  1.9726E+03,  1.5998E+02,  2.4238E+03,  2.6703E+02,  9.6433E+02,  2.6254E+02,  2.6254E+03,  2.8889E+02,  7.3861E+02,  9.9531E+01,  6.1538E+02,  0.0000E+00,  1.9726E+02,  6.3317E+01,  2.4958E+02,  1.5745E+01,  2.6254E+02,  3.5478E+01,  1.7097E+02,  1.9726E+01,  2.3692E+02,  2.2315E+01,  1.4453E+02,  1.4453E+01,  2.4958E+02,  3.6781E+01,  4.3801E+02,  2.9770E+02,  8.7352E+02,  1.2902E+02,  1.1189E+02,  1.5745E+02,  1.7097E+03,  9.9531E+01,  0.0000E+00,  0.0000E+00,  0.0000E+00,  0.0000E+00,  0.0000E+00,  0.0000E+00,  2.3692E+01,  0.0000E+00,  6.1538E+00,  4.7475E+12,  3.5208E+11,  1.5617E+02,  1.9870E+02,  4.3319E+03,  1.4753E+09,  5.5153E+08,  5.4982E+09,  2.4022E+05,  7.9377E+08,  6.3022E+07,  1.1891E+09,  1.0864E+08,  1.0551E+09,  4.1271E+06,  2.0547E+08,  1.5550E+06,  2.1418E+07,  3.5001E+06,  6.8610E+07,  9.7111E+04,  5.2468E+06,  6.6196E+05,  3.3009E+07,  1.5914E+07,  2.0675E+09,  5.2988E+06,  9.9025E+07,  1.0598E+06,  1.6939E+06,  4.8471E+04,  1.6748E+05,  8.2345E+03,  9.1558E+04,  9.2598E+03,  4.4128E+04,  2.6062E+04,  6.1673E+04,  1.1466E+04,  2.6062E+04,  1.7182E+03,  5.2815E+03,  0.0000E+00,  4.4128E+03,  8.3739E+02,  2.8665E+03,  5.7332E+02,  2.7450E+03,  2.9882E+03,  6.6196E+03,  5.3684E+02,  8.1306E+03,  8.9468E+02,  3.2313E+03,  8.8085E+02,  8.8085E+03,  9.6945E+02,  2.4845E+03,  3.3356E+02,  2.0675E+03,  0.0000E+00,  6.6196E+02,  2.1194E+02,  8.3739E+02,  5.2815E+01,  8.8085E+02,  1.1901E+02,  5.7332E+02,  6.6196E+01,  7.9392E+02,  7.4879E+01,  4.8471E+02,  4.8471E+01,  8.3739E+02,  1.2335E+02,  1.4698E+03,  9.9898E+02,  2.9362E+03,  4.3259E+02,  3.7526E+02,  5.2815E+02,  5.7332E+03,  3.3356E+02,  0.0000E+00,  0.0000E+00,  0.0000E+00,  0.0000E+00,  0.0000E+00,  0.0000E+00,  7.9392E+01,  0.0000E+00,  2.0675E+01
  1.8000E-01,  1.1103E+12,  8.3080E+10,  3.6854E+01,  4.6914E+01,  1.2219E+03,  4.1600E+08,  1.5389E+08,  1.5047E+09,  6.3383E+04,  2.0936E+08,  1.6363E+07,  3.0857E+08,  2.7871E+07,  2.7027E+08,  1.0501E+06,  5.2418E+07,  3.9620E+05,  5.4554E+06,  8.9155E+05,  1.7473E+07,  2.7081E+04,  1.4612E+06,  1.8444E+05,  9.1984E+06,  4.4332E+06,  5.7534E+08,  1.4779E+06,  2.7616E+07,  2.9536E+05,  4.7214E+05,  1.3514E+04,  4.6700E+04,  2.2952E+03,  2.5511E+04,  2.5826E+03,  1.2304E+04,  7.2468E+03,  1.7203E+04,  3.1969E+03,  7.2468E+03,  4.7872E+02,  1.4723E+03,  0.0000E+00,  1.2304E+03,  2.3336E+02,  7.9888E+02,  1.5987E+02,  7.6437E+02,  8.3270E+02,  1.8444E+03,  1.4959E+02,  2.2663E+03,  2.4971E+02,  9.0175E+02,  2.4548E+02,  2.4548E+03,  2.7012E+02,  6.9050E+02,  9.3071E+01,  5.7534E+02,  0.0000E+00,  1.8444E+02,  5.9212E+01,  2.3336E+02,  1.4723E+01,  2.4548E+02,  3.3173E+01,  1.5987E+02,  1.8444E+01,  2.2154E+02,  2.0865E+01,  1.3514E+02,  1.3514E+01,  2.3336E+02,  3.4393E+01,  4.0954E+02,  2.7836E+02,  8.1666E+02,  1.2065E+02,  1.0462E+02,  1.4723E+02,  1.5987E+03,  9.3071E+01,  0.0000E+00,  0.0000E+00,  0.0000E+00,  0.0000E+00,  0.0000E+00,  0.0000E+00,  2.2154E+01,  0.0000E+00,  5.7534E+00,  3.9056E+12,  3.2808E+11,  1.4552E+02,  1.8515E+02,  4.0484E+03,  1.3788E+09,  5.1538E+08,  5.1375E+09,  2.2430E+05,  7.4116E+08,  5.8833E+07,  1.1100E+09,  1.0141E+08,  9.8486E+08,  3.8512E+06,  1.9176E+08,  1.4512E+06,  1.9988E+07,  3.2663E+06,  6.4025E+07,  9.0962E+04,  4.9140E+06,  6.1993E+05,  3.0917E+07,  1.4905E+07,  1.9363E+09,  4.9629E+06,  9.2751E+07,  9.9256E+05,  1.5865E+06,  4.5398E+04,  1.5686E+05,  7.7130E+03,  8.5752E+04,  8.6729E+03,  4.1330E+04,  2.4407E+04,  5.7766E+04,  1.0739E+04,  2.4407E+04,  1.6093E+03,  4.9466E+03,  0.0000E+00,  4.1330E+03,  7.8430E+02,  2.6849E+03,  5.3697E+02,  2.5709E+03,  2.7987E+03,  6.1993E+03,  5.0279E+02,  7.6153E+03,  8.3802E+02,  3.0266E+03,  8.2496E+02,  8.2496E+03,  9.0796E+02,  2.3268E+03,  3.1242E+02,  1.9363E+03,  0.0000E+00,  6.1993E+02,  1.9852E+02,  7.8430E+02,  4.9466E+01,  8.2496E+02,  1.1146E+02,  5.3697E+02,  6.1993E+01,  7.4364E+02,  7.0131E+01,  4.5398E+02,  4.5398E+01,  7.8430E+02,  1.1553E+02,  1.3766E+03,  9.3562E+02,  2.7499E+03,  4.0517E+02,  3.5147E+02,  4.9466E+02,  5.3697E+03,  3.1242E+02,  0.0000E+00,  0.0000E+00,  0.0000E+00,  0.0000E+00,  0.0000E+00,  0.0000E+00,  7.4364E+01,  0.0000E+00,  1.9363E+01
  2.0000E-01,  1.0384E+12,  7.6758E+10,  3.4050E+01,  4.3347E+01,  1.1437E+03,  3.8939E+08,  1.4395E+08,  1.4056E+09,  5.9057E+04,  1.9506E+08,  1.5228E+07,  2.8716E+08,  2.5915E+07,  2.5127E+08,  9.7580E+05,  4.8720E+07,  3.6822E+05,  5.0700E+06,  8.2856E+05,  1.6238E+07,  2.5324E+04,  1.3663E+06,  1.7246E+05,  8.6010E+06,  4.1452E+06,  5.3793E+08,  1.3820E+06,  2.5824E+07,  2.7618E+05,  4.4149E+05,  1.2637E+04,  4.3669E+04,  2.1462E+03,  2.3854E+04,  2.4150E+03,  1.1506E+04,  6.7752E+03,  1.6086E+04,  2.9894E+03,  6.7752E+03,  4.4762E+02,  1.3767E+03,  0.0000E+00,  1.1506E+03,  2.1821E+02,  7.4700E+02,  1.4949E+02,  7.1469E+02,  7.7862E+02,  1.7246E+03,  1.3987E+02,  2.1192E+03,  2.3351E+02,  8.4327E+02,  2.2954E+02,  2.2954E+03,  2.5257E+02,  6.4554E+02,  8.7034E+01,  5.3793E+02,  0.0000E+00,  1.7246E+02,  5.5376E+01,  2.1821E+02,  1.3767E+01,  2.2954E+02,  3.1020E+01,  1.4949E+02,  1.7246E+01,  2.0717E+02,  1.9510E+01,  1.2637E+02,  1.2637E+01,  2.1821E+02,  3.2160E+01,  3.8295E+02,  2.6028E+02,  7.6352E+02,  1.1282E+02,  9.7830E+01,  1.3767E+02,  1.4949E+03,  8.7034E+01,  0.0000E+00,  0.0000E+00,  0.0000E+00,  0.0000E+00,  0.0000E+00,  0.0000E+00,  2.0717E+01,  0.0000E+00,  5.3793E+00,  3.2813E+12,  3.0407E+11,  1.3487E+02,  1.7161E+02,  3.7650E+03,  1.2822E+09,  4.7924E+08,  4.7768E+09,  2.0837E+05,  6.8854E+08,  5.4644E+07,  1.0309E+09,  9.4190E+07,  9.1465E+08,  3.5754E+06,  1.7804E+08,  1.3473E+06,  1.8557E+07,  3.0325E+06,  5.9440E+07,  8.4813E+04,  4.5812E+06,  5.7790E+05,  2.8824E+07,  1.3896E+07,  1.8051E+09,  4.6269E+06,  8.6477E+07,  9.2531E+05,  1.4791E+06,  4.2325E+04,  1.4624E+05,  7.1915E+03,  7.9945E+04,  8.0860E+03,  3.8533E+04,  2.2752E+04,  5.3858E+04,  1.0012E+04,  2.2752E+04,  1.5003E+03,  4.6118E+03,  0.0000E+00,  3.8533E+03,  7.3122E+02,  2.5032E+03,  5.0062E+02,  2.3969E+03,  2.6093E+03,  5.7790E+03,  4.6875E+02,  7.1000E+03,  7.8135E+02,  2.8219E+03,  7.6908E+02,  7.6908E+03,  8.4646E+02,  2.1691E+03,  2.9128E+02,  1.8051E+03,  0.0000E+00,  5.7790E+02,  1.8510E+02,  7.3122E+02,  4.6118E+01,  7.6908E+02,  1.0391E+02,  5.0062E+02,  5.7790E+01,  6.9336E+02,  6.5383E+01,  4.2325E+02,  4.2325E+01,  7.3122E+02,  1.0772E+02,  1.2833E+03,  8.7226E+02,  2.5635E+03,  3.7776E+02,  3.2768E+02,  4.6118E+02,  5.0062E+03,  2.9128E+02,  0.0000E+00,  0.0000E+00,  0.0000E+00,  0.0000E+00,  0.0000E+00,  0.0000E+00,  6.9336E+01,  0.0000E+00,  1.8051E+01
  2.2000E-01,  9.7752E+11,  7.0917E+10,  3.1459E+01,  4.0050E+01,  1.0713E+03,  3.6471E+08,  1.3472E+08,  1.3137E+09,  5.5048E+04,  1.8182E+08,  1.4178E+07,  2.6733E+08,  2.4104E+07,  2.3368E+08,  9.0705E+05,  4.5297E+07,  3.4231E+05,  4.7131E+06,  7.7025E+05,  1.5095E+07,  2.3689E+04,  1.2780E+06,  1.6132E+05,  8.0454E+06,  3.8773E+06,  5.0314E+08,  1.2928E+06,  2.4157E+07,  2.5835E+05,  4.1298E+05,  1.1821E+04,  4.0850E+04,  2.0076E+03,  2.2313E+04,  2.2591E+03,  1.0763E+04,  6.3367E+03,  1.5048E+04,  2.7964E+03,  6.3367E+03,  4.1871E+02,  1.2878E+03,  0.0000E+00,  1.0763E+03,  2.0411E+02,  6.9875E+02,  1.3984E+02,  6.6849E+02,  7.2833E+02,  1.6132E+03,  1.3084E+02,  1.9823E+03,  2.1845E+02,  7.8888E+02,  2.1472E+02,  2.1472E+03,  2.3626E+02,  6.0373E+02,  8.1420E+01,  5.0314E+02,  0.0000E+00,  1.6132E+02,  5.1808E+01,  2.0411E+02,  1.2878E+01,  2.1472E+02,  2.9017E+01,  1.3984E+02,  1.6132E+01,  1.9381E+02,  1.8249E+01,  1.1821E+02,  1.1821E+01,  2.0411E+02,  3.0084E+01,  3.5821E+02,  2.4347E+02,  7.1411E+02,  1.0554E+02,  9.1514E+01,  1.2878E+02,  1.3984E+03,  8.1420E+01,  0.0000E+00,  0.0000E+00,  0.0000E+00,  0.0000E+00,  0.0000E+00,  0.0000E+00,  1.9381E+01,  0.0000E+00,  5.0314E+00,  2.8112E+12,  2.8007E+11,  1.2423E+02,  1.5807E+02,  3.4815E+03,  1.1857E+09,  4.4309E+08,  4.4161E+09,  1.9245E+05,  6.3592E+08,  5.0455E+07,  9.5185E+08,  8.6967E+07,  8.4444E+08,  3.2995E+06,  1.6433E+08,  1.2435E+06,  1.7126E+07,  2.7986E+06,  5.4856E+07,  7.8664E+04,  4.2483E+06,  5.3587E+05,  2.6732E+07,  1.2887E+07,  1.6738E+09,  4.2910E+06,  8.0203E+07,  8.5805E+05,  1.3717E+06,  3.9252E+04,  1.3563E+05,  6.6700E+03,  7.4138E+04,  7.4991E+03,  3.5735E+04,  2.1097E+04,  4.9951E+04,  9.2854E+03,  2.1097E+04,  1.3913E+03,  4.2769E+03,  0.0000E+00,  3.5735E+03,  6.7813E+02,  2.3215E+03,  4.6427E+02,  2.2228E+03,  2.4198E+03,  5.3587E+03,  4.3470E+02,  6.5847E+03,  7.2469E+02,  2.6172E+03,  7.1319E+02,  7.1319E+03,  7.8497E+02,  2.0114E+03,  2.7014E+02,  1.6738E+03,  0.0000E+00,  5.3587E+02,  1.7168E+02,  6.7813E+02,  4.2769E+01,  7.1319E+02,  9.6359E+01,  4.6427E+02,  5.3587E+01,  6.4307E+02,  6.0635E+01,  3.9252E+02,  3.9252E+01,  6.7813E+02,  9.9902E+01,  1.1901E+03,  8.0890E+02,  2.3772E+03,  3.5034E+02,  3.0390E+02,  4.2769E+02,  4.6427E+03,  2.7014E+02,  0.0000E+00,  0.0000E+00,  0.0000E+00,  0.0000E+00,  0.0000E+00,  0.0000E+00,  6.4307E+01,  0.0000E+00,  1.6738E+01
  2.5000E-01,  9.0108E+11,  6.3055E+10,  2.7972E+01,  3.5613E+01,  9.7320E+02,  3.3131E+08,  1.2224E+08,  1.1893E+09,  4.9633E+04,  1.6393E+08,  1.2758E+07,  2.4056E+08,  2.1657E+07,  2.0993E+08,  8.1427E+05,  4.0676E+07,  3.0734E+05,  4.2315E+06,  6.9155E+05,  1.3553E+07,  2.1467E+04,  1.1580E+06,  1.4619E+05,  7.2905E+06,  3.5134E+06,  4.5588E+08,  1.1716E+06,  2.1892E+07,  2.3412E+05,  3.7425E+05,  1.0712E+04,  3.7020E+04,  1.8192E+03,  2.0220E+04,  2.0474E+03,  9.7538E+03,  5.7410E+03,  1.3638E+04,  2.5342E+03,  5.7410E+03,  3.7942E+02,  1.1670E+03,  0.0000E+00,  9.7538E+02,  1.8496E+02,  6.3320E+02,  1.2673E+02,  6.0572E+02,  6.5999E+02,  1.4619E+03,  1.1856E+02,  1.7964E+03,  1.9799E+02,  7.1497E+02,  1.9458E+02,  1.9458E+03,  2.1409E+02,  5.4694E+02,  7.3791E+01,  4.5588E+02,  0.0000E+00,  1.4619E+02,  4.6960E+01,  1.8496E+02,  1.1670E+01,  1.9458E+02,  2.6296E+01,  1.2673E+02,  1.4619E+01,  1.7565E+02,  1.6537E+01,  1.0712E+02,  1.0712E+01,  1.8496E+02,  2.7263E+01,  3.2461E+02,  2.2063E+02,  6.4699E+02,  9.5644E+01,  8.2932E+01,  1.1670E+02,  1.2673E+03,  7.3791E+01,  0.0000E+00,  0.0000E+00,  0.0000E+00,  0.0000E+00,  0.0000E+00,  0.0000E+00,  1.7565E+01,  0.0000E+00,  4.5588E+00,  2.2846E+12,  2.4406E+11,  1.0825E+02,  1.3775E+02,  3.0562E+03,  1.0409E+09,  3.8887E+08,  3.8750E+09,  1.6856E+05,  5.5699E+08,  4.4171E+07,  8.3322E+08,  7.6132E+07,  7.3912E+08,  2.8857E+06,  1.4375E+08,  1.0877E+06,  1.4980E+07,  2.4479E+06,  4.7979E+07,  6.9440E+04,  3.7491E+06,  4.7282E+05,  2.3594E+07,  1.1374E+07,  1.4770E+09,  3.7871E+06,  7.0793E+07,  7.5718E+05,  1.2105E+06,  3.4643E+04,  1.1970E+05,  5.8877E+03,  6.5428E+04,  6.6188E+03,  3.1539E+04,  1.8615E+04,  4.4090E+04,  8.1948E+03,  1.8615E+04,  1.2279E+03,  3.7746E+03,  0.0000E+00,  3.1539E+03,  5.9850E+02,  2.0490E+03,  4.0974E+02,  1.9618E+03,  2.1356E+03,  4.7282E+03,  3.8363E+02,  5.8118E+03,  6.3969E+02,  2.3101E+03,  6.2936E+02,  6.2936E+03,  6.9273E+02,  1.7749E+03,  2.3843E+02,  1.4770E+03,  0.0000E+00,  4.7282E+02,  1.5155E+02,  5.9850E+02,  3.7746E+01,  6.2936E+02,  8.5034E+01,  4.0974E+02,  4.7282E+01,  5.6765E+02,  5.3513E+01,  3.4643E+02,  3.4643E+01,  5.9850E+02,  8.8179E+01,  1.0502E+03,  7.1386E+02,  2.0977E+03,  3.0922E+02,  2.6822E+02,  3.7746E+02,  4.0974E+03,  2.3843E+02,  0.0000E+00,  0.0000E+00,  0.0000E+00,  0.0000E+00,  0.0000E+00,  0.0000E+00,  5.6765E+01,  0.0000E+00,  1.4770E+01
  2.8000E-01,  8.3834E+11,  5.6273E+10,  2.4964E+01,  3.1785E+01,  8.8789E+02,  3.0225E+08,  1.1139E+08,  1.0812E+09,  4.4935E+04,  1.4840E+08,  1.1527E+07,  2.1734E+08,  1.9536E+07,  1.8933E+08,  7.3391E+05,  3.6672E+07,  2.7705E+05,  3.8143E+06,  6.2338E+05,  1.2216E+07,  1.9522E+04,  1.0530E+06,  1.3295E+05,  6.6298E+06,  3.1949E+06,  4.1452E+08,  1.0656E+06,  1.9910E+07,  2.1291E+05,  3.4035E+05,  9.7423E+03,  3.3668E+04,  1.6543E+03,  1.8387E+04,  1.8620E+03,  8.8706E+03,  5.2198E+03,  1.2403E+04,  2.3047E+03,  5.2198E+03,  3.4504E+02,  1.0613E+03,  0.0000E+00,  8.8706E+02,  1.6820E+02,  5.7581E+02,  1.1526E+02,  5.5079E+02,  6.0019E+02,  1.3295E+03,  1.0782E+02,  1.6336E+03,  1.8007E+02,  6.5027E+02,  1.7696E+02,  1.7696E+03,  1.9470E+02,  4.9724E+02,  6.7114E+01,  4.1452E+02,  0.0000E+00,  1.3295E+02,  4.2715E+01,  1.6820E+02,  1.0613E+01,  1.7696E+02,  2.3915E+01,  1.1526E+02,  1.3295E+01,  1.5975E+02,  1.5039E+01,  9.7423E+01,  9.7423E+00,  1.6820E+02,  2.4793E+01,  2.9520E+02,  2.0064E+02,  5.8825E+02,  8.6984E+01,  7.5421E+01,  1.0613E+02,  1.1526E+03,  6.7114E+01,  0.0000E+00,  0.0000E+00,  0.0000E+00,  0.0000E+00,  0.0000E+00,  0.0000E+00,  1.5975E+01,  0.0000E+00,  4.1452E+00,  1.8984E+12,  2.0805E+11,  9.2281E+01,  1.1743E+02,  2.6310E+03,  8.9616E+08,  3.3465E+08,  3.3340E+09,  1.4467E+05,  4.7806E+08,  3.7887E+07,  7.1460E+08,  6.5297E+07,  6.3381E+08,  2.4719E+06,  1.2318E+08,  9.3198E+05,  1.2834E+07,  2.0972E+06,  4.1102E+07,  6.0216E+04,  3.2498E+06,  4.0977E+05,  2.0455E+07,  9.8611E+06,  1.2801E+09,  3.2832E+06,  6.1382E+07,  6.5630E+05,  1.0494E+06,  3.0033E+04,  1.0377E+05,  5.1055E+03,  5.6718E+04,  5.7384E+03,  2.7343E+04,  1.6133E+04,  3.8228E+04,  7.1043E+03,  1.6133E+04,  1.0644E+03,  3.2723E+03,  0.0000E+00,  2.7343E+03,  5.1887E+02,  1.7765E+03,  3.5522E+02,  1.7007E+03,  1.8515E+03,  4.0977E+03,  3.3256E+02,  5.0388E+03,  5.5469E+02,  2.0030E+03,  5.4553E+02,  5.4553E+03,  6.0050E+02,  1.5383E+03,  2.0672E+02,  1.2801E+03,  0.0000E+00,  4.0977E+02,  1.3143E+02,  5.1887E+02,  3.2723E+01,  5.4553E+02,  7.3709E+01,  3.5522E+02,  4.0977E+01,  4.9222E+02,  4.6391E+01,  3.0033E+02,  3.0033E+01,  5.1887E+02,  7.6457E+01,  9.1032E+02,  6.1882E+02,  1.8181E+03,  2.6810E+02,  2.3254E+02,  3.2723E+02,  3.5522E+03,  2.0672E+02,  0.0000E+00,  0.0000E+00,  0.0000E+00,  0.0000E+00,  0.0000E+00,  0.0000E+00,  4.9222E+01,  0.0000E+00,  1.2801E+01
  3.2000E-01,  7.6992E+11,  4.8912E+10,  2.1698E+01,  2.7629E+01,  7.9399E+02,  2.7027E+08,  9.9451E+07,  9.6223E+08,  3.9785E+04,  1.3138E+08,  1.0179E+07,  1.9192E+08,  1.7213E+07,  1.6679E+08,  6.4607E+05,  3.2293E+07,  2.4392E+05,  3.3581E+06,  5.4885E+05,  1.0756E+07,  1.7360E+04,  9.3633E+05,  1.1824E+05,  5.8953E+06,  2.8408E+06,  3.6856E+08,  9.4766E+05,  1.7705E+07,  1.8935E+05,  3.0267E+05,  8.6639E+03,  2.9942E+04,  1.4709E+03,  1.6351E+04,  1.6559E+03,  7.8888E+03,  4.6407E+03,  1.1030E+04,  2.0496E+03,  4.6407E+03,  3.0682E+02,  9.4381E+02,  0.0000E+00,  7.8887E+02,  1.4957E+02,  5.1202E+02,  1.0251E+02,  4.8972E+02,  5.3371E+02,  1.1824E+03,  9.5878E+01,  1.4527E+03,  1.6015E+02,  5.7834E+02,  1.5737E+02,  1.5737E+03,  1.7314E+02,  4.4202E+02,  5.9691E+01,  3.6857E+02,  0.0000E+00,  1.1824E+02,  3.7995E+01,  1.4957E+02,  9.4381E+00,  1.5737E+02,  2.1268E+01,  1.0251E+02,  1.1824E+01,  1.4207E+02,  1.3373E+01,  8.6639E+01,  8.6639E+00,  1.4957E+02,  2.2047E+01,  2.6252E+02,  1.7842E+02,  5.2298E+02,  7.7356E+01,  6.7071E+01,  9.4381E+01,  1.0251E+03,  5.9691E+01,  0.0000E+00,  0.0000E+00,  0.0000E+00,  0.0000E+00,  0.0000E+00,  0.0000E+00,  1.4207E+01,  0.0000E+00,  3.6857E+00,  1.5226E+12,  1.6004E+11,  7.0985E+01,  9.0346E+01,  2.0640E+03,  7.0312E+08,  2.6235E+08,  2.6126E+09,  1.1282E+05,  3.7283E+08,  2.9509E+07,  5.5643E+08,  5.0850E+07,  4.9339E+08,  1.9202E+06,  9.5751E+07,  7.2430E+05,  9.9731E+06,  1.6295E+06,  3.1933E+07,  4.7918E+04,  2.5842E+06,  3.2570E+05,  1.6271E+07,  7.8436E+06,  1.0176E+09,  2.6113E+06,  4.8835E+07,  5.2179E+05,  8.3458E+05,  2.3887E+04,  8.2541E+04,  4.0624E+03,  4.5105E+04,  4.5646E+03,  2.1748E+04,  1.2823E+04,  3.0414E+04,  5.6503E+03,  1.2823E+04,  8.4646E+02,  2.6026E+03,  0.0000E+00,  2.1748E+03,  4.1270E+02,  1.4132E+03,  2.8252E+02,  1.3526E+03,  1.4725E+03,  3.2570E+03,  2.6447E+02,  4.0083E+03,  4.4136E+02,  1.5936E+03,  4.3375E+02,  4.3375E+03,  4.7751E+02,  1.2229E+03,  1.6444E+02,  1.0176E+03,  0.0000E+00,  3.2570E+02,  1.0459E+02,  4.1270E+02,  2.6026E+01,  4.3375E+02,  5.8608E+01,  2.8252E+02,  3.2570E+01,  3.9166E+02,  3.6894E+01,  2.3887E+02,  2.3887E+01,  4.1270E+02,  6.0827E+01,  7.2382E+02,  4.9210E+02,  1.4455E+03,  2.1327E+02,  1.8496E+02,  2.6026E+02,  2.8252E+03,  1.6444E+02,  0.0000E+00,  0.0000E+00,  0.0000E+00,  0.0000E+00,  0.0000E+00,  0.0000E+00,  3.9166E+01,  0.0000E+00,  1.0176E+01
  3.5000E-01,  7.2737E+11,  4.4651E+10,  1.9808E+01,  2.5224E+01,  7.3844E+02,  2.5135E+08,  9.2394E+07,  8.9197E+08,  3.6759E+04,  1.2138E+08,  9.3883E+06,  1.7700E+08,  1.5850E+07,  1.5357E+08,  5.9466E+05,  2.9729E+07,  2.2453E+05,  3.0911E+06,  5.0522E+05,  9.9009E+06,  1.6061E+04,  8.6630E+05,  1.0942E+05,  5.4542E+06,  2.6282E+06,  3.4099E+08,  8.7688E+05,  1.6381E+07,  1.7521E+05,  2.8005E+05,  8.0164E+03,  2.7704E+04,  1.3608E+03,  1.5129E+04,  1.5322E+03,  7.2993E+03,  4.2933E+03,  1.0206E+04,  1.8965E+03,  4.2933E+03,  2.8388E+02,  8.7327E+02,  0.0000E+00,  7.2993E+02,  1.3838E+02,  4.7371E+02,  9.4847E+01,  4.5306E+02,  4.9379E+02,  1.0942E+03,  8.8710E+01,  1.3440E+03,  1.4819E+02,  5.3513E+02,  1.4561E+02,  1.4561E+03,  1.6019E+02,  4.0888E+02,  5.5234E+01,  3.4099E+02,  0.0000E+00,  1.0942E+02,  3.5159E+01,  1.3838E+02,  8.7327E+00,  1.4561E+02,  1.9680E+01,  9.4848E+01,  1.0942E+01,  1.3145E+02,  1.2373E+01,  8.0164E+01,  8.0164E+00,  1.3839E+02,  2.0398E+01,  2.4290E+02,  1.6508E+02,  4.8381E+02,  7.1575E+01,  6.2058E+01,  8.7327E+01,  9.4848E+02,  5.5234E+01,  0.0000E+00,  0.0000E+00,  0.0000E+00,  0.0000E+00,  0.0000E+00,  0.0000E+00,  1.3145E+01,  0.0000E+00,  3.4099E+00,  1.3144E+12,  1.2403E+11,  5.5013E+01,  7.0031E+01,  1.6388E+03,  5.5835E+08,  2.0813E+08,  2.0715E+09,  8.8929E+04,  2.9390E+08,  2.3225E+07,  4.3781E+08,  4.0015E+07,  3.8808E+08,  1.5064E+06,  7.5178E+07,  5.6855E+05,  7.8271E+06,  1.2788E+06,  2.5056E+07,  3.8694E+04,  2.0849E+06,  2.6266E+05,  1.3132E+07,  6.3304E+06,  8.2079E+08,  2.1073E+06,  3.9424E+07,  4.2092E+05,  6.7345E+05,  1.9277E+04,  6.6615E+04,  3.2802E+03,  3.6395E+04,  3.6843E+03,  1.7552E+04,  1.0341E+04,  2.4552E+04,  4.5598E+03,  1.0341E+04,  6.8300E+02,  2.1003E+03,  0.0000E+00,  1.7552E+03,  3.3308E+02,  1.1406E+03,  2.2799E+02,  1.0916E+03,  1.1884E+03,  2.6266E+03,  2.1340E+02,  3.2353E+03,  3.5636E+02,  1.2865E+03,  3.4992E+02,  3.4992E+03,  3.8527E+02,  9.8635E+02,  1.3272E+02,  8.2079E+02,  0.0000E+00,  2.6266E+02,  8.4459E+01,  3.3308E+02,  2.1003E+01,  3.4992E+02,  4.7283E+01,  2.2799E+02,  2.6266E+01,  3.1623E+02,  2.9772E+01,  1.9277E+02,  1.9277E+01,  3.3308E+02,  4.9105E+01,  5.8395E+02,  3.9706E+02,  1.1659E+03,  1.7215E+02,  1.4928E+02,  2.1003E+02,  2.2799E+03,  1.3272E+02,  0.0000E+00,  0.0000E+00,  0.0000E+00,  0.0000E+00,  0.0000E+00,  0.0000E+00,  3.1623E+01,  0.0000E+00,  8.2079E+00
  4.0000E-01,  6.6802E+11,  3.9627E+10,  1.7580E+01,  2.2387E+01,  6.7050E+02,  2.2819E+08,  8.3772E+07,  8.0620E+08,  3.3098E+04,  1.0928E+08,  8.4335E+06,  1.5901E+08,  1.4205E+07,  1.3762E+08,  5.3292E+05,  2.6645E+07,  2.0121E+05,  2.7702E+06,  4.5279E+05,  8.8737E+06,  1.4432E+04,  7.7859E+05,  9.8371E+04,  4.9016E+06,  2.3618E+06,  3.0647E+08,  7.8821E+05,  1.4722E+07,  1.5751E+05,  2.5171E+05,  7.2052E+03,  2.4901E+04,  1.2227E+03,  1.3597E+04,  1.3772E+03,  6.5607E+03,  3.8584E+03,  9.1721E+03,  1.7046E+03,  3.8584E+03,  2.5514E+02,  7.8489E+02,  0.0000E+00,  6.5607E+02,  1.2437E+02,  4.2571E+02,  8.5254E+01,  4.0713E+02,  4.4379E+02,  9.8371E+02,  7.9732E+01,  1.2079E+03,  1.3318E+02,  4.8098E+02,  1.3089E+02,  1.3089E+03,  1.4399E+02,  3.6740E+02,  4.9648E+01,  3.0647E+02,  0.0000E+00,  9.8371E+01,  3.1603E+01,  1.2437E+02,  7.8489E+00,  1.3089E+02,  1.7691E+01,  8.5254E+01,  9.8371E+00,  1.1814E+02,  1.1120E+01,  7.2053E+01,  7.2053E+00,  1.2437E+02,  1.8332E+01,  2.1834E+02,  1.4837E+02,  4.3477E+02,  6.4330E+01,  5.5776E+01,  7.8489E+01,  8.5254E+02,  4.9648E+01,  0.0000E+00,  0.0000E+00,  0.0000E+00,  0.0000E+00,  0.0000E+00,  0.0000E+00,  1.1814E+01,  0.0000E+00,  3.0647E+00,  1.0594E+12,  7.6928E+10,  3.4118E+01,  4.3454E+01,  1.0790E+03,  3.6774E+08,  1.3675E+08,  1.3593E+09,  5.7533E+04,  1.9015E+08,  1.4971E+07,  2.8202E+08,  2.5779E+07,  2.4975E+08,  9.6336E+05,  4.8168E+07,  3.6410E+05,  5.0104E+06,  8.1841E+05,  1.6030E+07,  2.6466E+04,  1.4234E+06,  1.7917E+05,  8.9731E+06,  4.3247E+06,  5.6005E+08,  1.4397E+06,  2.6950E+07,  2.8730E+05,  4.5994E+05,  1.3170E+04,  4.5516E+04,  2.2431E+03,  2.4855E+04,  2.5176E+03,  1.1992E+04,  7.0532E+03,  1.6784E+04,  3.1149E+03,  7.0532E+03,  4.6640E+02,  1.4348E+03,  0.0000E+00,  1.1992E+03,  2.2756E+02,  7.7951E+02,  1.5575E+02,  7.4559E+02,  8.1177E+02,  1.7917E+03,  1.4574E+02,  2.2110E+03,  2.4369E+02,  8.7962E+02,  2.3887E+02,  2.3887E+03,  2.6307E+02,  6.7295E+02,  9.0709E+01,  5.6005E+02,  0.0000E+00,  1.7917E+02,  5.7774E+01,  2.2756E+02,  1.4348E+01,  2.3887E+02,  3.2279E+01,  1.5575E+02,  1.7917E+01,  2.1625E+02,  2.0335E+01,  1.3170E+02,  1.3170E+01,  2.2756E+02,  3.3570E+01,  3.9865E+02,  2.7114E+02,  7.9564E+02,  1.1765E+02,  1.0200E+02,  1.4348E+02,  1.5575E+03,  9.0709E+01,  0.0000E+00,  0.0000E+00,  0.0000E+00,  0.0000E+00,  0.0000E+00,  0.0000E+00,  2.1625E+01,  0.0000E+00,  5.6005E+00
  4.5000E-01,  6.1974E+11,  3.6039E+10,  1.5989E+01,  2.0360E+01,  6.1995E+02,  2.1097E+08,  7.7367E+07,  7.4255E+08,  3.0407E+04,  1.0039E+08,  7.7334E+06,  1.4582E+08,  1.3000E+07,  1.2595E+08,  4.8790E+05,  2.4394E+07,  1.8419E+05,  2.5360E+06,  4.1454E+05,  8.1245E+06,  1.3190E+04,  7.1181E+05,  8.9963E+04,  4.4807E+06,  2.1590E+06,  2.8019E+08,  7.2066E+05,  1.3458E+07,  1.4403E+05,  2.3014E+05,  6.5874E+03,  2.2765E+04,  1.1175E+03,  1.2431E+04,  1.2591E+03,  5.9980E+03,  3.5275E+03,  8.3848E+03,  1.5585E+03,  3.5275E+03,  2.3326E+02,  7.1758E+02,  0.0000E+00,  5.9980E+02,  1.1369E+02,  3.8914E+02,  7.7947E+01,  3.7216E+02,  4.0571E+02,  8.9963E+02,  7.2895E+01,  1.1041E+03,  1.2175E+02,  4.3971E+02,  1.1969E+02,  1.1969E+03,  1.3164E+02,  3.3583E+02,  4.5392E+01,  2.8019E+02,  0.0000E+00,  8.9963E+01,  2.8893E+01,  1.1369E+02,  7.1758E+00,  1.1969E+02,  1.6177E+01,  7.7947E+01,  8.9963E+00,  1.0800E+02,  1.0166E+01,  6.5874E+01,  6.5874E+00,  1.1369E+02,  1.6757E+01,  1.9963E+02,  1.3565E+02,  3.9745E+02,  5.8811E+01,  5.0990E+01,  7.1758E+01,  7.7947E+02,  4.5392E+01,  0.0000E+00,  0.0000E+00,  0.0000E+00,  0.0000E+00,  0.0000E+00,  0.0000E+00,  1.0800E+01,  0.0000E+00,  2.8019E+00,  8.7157E+11,  6.6568E+10,  2.9519E+01,  3.7603E+01,  9.4288E+02,  3.2143E+08,  1.1945E+08,  1.1866E+09,  5.0099E+04,  1.6553E+08,  1.3033E+07,  2.4553E+08,  2.2423E+07,  2.1729E+08,  8.3742E+05,  4.1871E+07,  3.1656E+05,  4.3562E+06,  7.1156E+05,  1.3938E+07,  2.3187E+04,  1.2475E+06,  1.5715E+05,  7.8640E+06,  3.7884E+06,  4.9098E+08,  1.2621E+06,  2.3615E+07,  2.5191E+05,  4.0307E+05,  1.1545E+04,  3.9909E+04,  1.9652E+03,  2.1787E+04,  2.2064E+03,  1.0513E+04,  6.1838E+03,  1.4708E+04,  2.7306E+03,  6.1838E+03,  4.0871E+02,  1.2576E+03,  0.0000E+00,  1.0513E+03,  1.9944E+02,  6.8323E+02,  1.3653E+02,  6.5336E+02,  7.1142E+02,  1.5715E+03,  1.2774E+02,  1.9375E+03,  2.1354E+02,  7.7114E+02,  2.0941E+02,  2.0941E+03,  2.3061E+02,  5.8967E+02,  7.9537E+01,  4.9098E+02,  0.0000E+00,  1.5715E+02,  5.0624E+01,  1.9944E+02,  1.2576E+01,  2.0941E+02,  2.8298E+01,  1.3653E+02,  1.5715E+01,  1.8947E+02,  1.7825E+01,  1.1545E+02,  1.1545E+01,  1.9944E+02,  2.9426E+01,  3.4949E+02,  2.3766E+02,  6.9732E+02,  1.0311E+02,  8.9405E+01,  1.2576E+02,  1.3653E+03,  7.9537E+01,  0.0000E+00,  0.0000E+00,  0.0000E+00,  0.0000E+00,  0.0000E+00,  0.0000E+00,  1.8947E+01,  0.0000E+00,  4.9098E+00
  5.0000E-01,  5.7965E+11,  3.2970E+10,  1.4628E+01,  1.8626E+01,  5.7621E+02,  1.9605E+08,  7.1827E+07,  6.8754E+08,  2.8088E+04,  9.2727E+07,  7.1302E+06,  1.3446E+08,  1.1963E+07,  1.1589E+08,  4.4918E+05,  2.2458E+07,  1.6955E+05,  2.3346E+06,  3.8164E+05,  7.4799E+06,  1.2113E+04,  6.5384E+05,  8.2656E+04,  4.1152E+06,  1.9830E+06,  2.5737E+08,  6.6200E+05,  1.2361E+07,  1.3232E+05,  2.1141E+05,  6.0508E+03,  2.0910E+04,  1.0262E+03,  1.1419E+04,  1.1565E+03,  5.5094E+03,  3.2400E+03,  7.7014E+03,  1.4315E+03,  3.2400E+03,  2.1427E+02,  6.5912E+02,  0.0000E+00,  5.5094E+02,  1.0442E+02,  3.5739E+02,  7.1601E+01,  3.4179E+02,  3.7265E+02,  8.2656E+02,  6.6958E+01,  1.0141E+03,  1.1183E+02,  4.0387E+02,  1.0995E+02,  1.0995E+03,  1.2092E+02,  3.0843E+02,  4.1694E+01,  2.5737E+02,  0.0000E+00,  8.2656E+01,  2.6541E+01,  1.0442E+02,  6.5913E+00,  1.0995E+02,  1.4861E+01,  7.1601E+01,  8.2656E+00,  9.9193E+01,  9.3379E+00,  6.0508E+01,  6.0508E+00,  1.0442E+02,  1.5389E+01,  1.8339E+02,  1.2461E+02,  3.6504E+02,  5.4020E+01,  4.6835E+01,  6.5913E+01,  7.1601E+02,  4.1694E+01,  0.0000E+00,  0.0000E+00,  0.0000E+00,  0.0000E+00,  0.0000E+00,  0.0000E+00,  9.9193E+00,  0.0000E+00,  2.5737E+00,  7.3226E+11,  5.6208E+10,  2.4920E+01,  3.1753E+01,  8.0678E+02,  2.7511E+08,  1.0214E+08,  1.0140E+09,  4.2664E+04,  1.4091E+08,  1.1095E+07,  2.0905E+08,  1.9067E+07,  1.8483E+08,  7.1147E+05,  3.5573E+07,  2.6903E+05,  3.7021E+06,  6.0471E+05,  1.1845E+07,  1.9908E+04,  1.0716E+06,  1.3513E+05,  6.7548E+06,  3.2522E+06,  4.2192E+08,  1.0846E+06,  2.0279E+07,  2.1653E+05,  3.4619E+05,  9.9196E+03,  3.4303E+04,  1.6873E+03,  1.8720E+04,  1.8952E+03,  9.0342E+03,  5.3143E+03,  1.2632E+04,  2.3463E+03,  5.3143E+03,  3.5101E+02,  1.0805E+03,  0.0000E+00,  9.0342E+02,  1.7133E+02,  5.8694E+02,  1.1731E+02,  5.6114E+02,  6.1107E+02,  1.3513E+03,  1.0974E+02,  1.6641E+03,  1.8340E+02,  6.6267E+02,  1.7996E+02,  1.7996E+03,  1.9815E+02,  5.0638E+02,  6.8364E+01,  4.2192E+02,  0.0000E+00,  1.3513E+02,  4.3473E+01,  1.7133E+02,  1.0805E+01,  1.7996E+02,  2.4316E+01,  1.1731E+02,  1.3513E+01,  1.6270E+02,  1.5314E+01,  9.9196E+01,  9.9196E+00,  1.7133E+02,  2.5282E+01,  3.0034E+02,  2.0418E+02,  5.9900E+02,  8.8561E+01,  7.6810E+01,  1.0805E+02,  1.1731E+03,  6.8364E+01,  0.0000E+00,  0.0000E+00,  0.0000E+00,  0.0000E+00,  0.0000E+00,  0.0000E+00,  1.6270E+01,  0.0000E+00,  4.2192E+00
  5.5000E-01,  5.4565E+11,  3.0418E+10,  1.3497E+01,  1.7185E+01,  5.3927E+02,  1.8345E+08,  6.7153E+07,  6.4115E+08,  2.6140E+04,  8.6297E+07,  6.6239E+06,  1.2491E+08,  1.1093E+07,  1.0746E+08,  4.1675E+05,  2.0837E+07,  1.5729E+05,  2.1658E+06,  3.5407E+05,  6.9400E+06,  1.1199E+04,  6.0465E+05,  7.6450E+04,  3.8052E+06,  1.8338E+06,  2.3800E+08,  6.1220E+05,  1.1430E+07,  1.2237E+05,  1.9552E+05,  5.5954E+03,  1.9335E+04,  9.4878E+02,  1.0559E+04,  1.0695E+03,  5.0946E+03,  2.9961E+03,  7.1217E+03,  1.3238E+03,  2.9961E+03,  1.9816E+02,  6.0953E+02,  0.0000E+00,  5.0946E+02,  9.6561E+01,  3.3045E+02,  6.6216E+01,  3.1604E+02,  3.4460E+02,  7.6450E+02,  6.1921E+01,  9.3774E+02,  1.0341E+02,  3.7344E+02,  1.0169E+02,  1.0169E+03,  1.1183E+02,  2.8519E+02,  3.8555E+01,  2.3800E+02,  0.0000E+00,  7.6450E+01,  2.4546E+01,  9.6561E+01,  6.0953E+00,  1.0169E+02,  1.3745E+01,  6.6216E+01,  7.6450E+00,  9.1727E+01,  8.6349E+00,  5.5954E+01,  5.5954E+00,  9.6561E+01,  1.4229E+01,  1.6960E+02,  1.1524E+02,  3.3755E+02,  4.9955E+01,  4.3309E+01,  6.0953E+01,  6.6216E+02,  3.8555E+01,  0.0000E+00,  0.0000E+00,  0.0000E+00,  0.0000E+00,  0.0000E+00,  0.0000E+00,  9.1728E+00,  0.0000E+00,  2.3800E+00,  6.2767E+11,  4.5848E+10,  2.0321E+01,  2.5903E+01,  6.7068E+02,  2.2880E+08,  8.4832E+07,  8.4132E+08,  3.5229E+04,  1.1629E+08,  9.1570E+06,  1.7257E+08,  1.5712E+07,  1.5236E+08,  5.8552E+05,  2.9276E+07,  2.2149E+05,  3.0480E+06,  4.9786E+05,  9.7531E+06,  1.6630E+04,  8.9568E+05,  1.1311E+05,  5.6457E+06,  2.7159E+06,  3.5285E+08,  9.0704E+05,  1.6944E+07,  1.8114E+05,  2.8931E+05,  8.2945E+03,  2.8696E+04,  1.4094E+03,  1.5653E+04,  1.5840E+03,  7.5553E+03,  4.4449E+03,  1.0556E+04,  1.9619E+03,  4.4449E+03,  2.9332E+02,  9.0337E+02,  0.0000E+00,  7.5553E+02,  1.4322E+02,  4.9065E+02,  9.8096E+01,  4.6892E+02,  5.1072E+02,  1.1311E+03,  9.1742E+01,  1.3907E+03,  1.5325E+02,  5.5419E+02,  1.5050E+02,  1.5050E+03,  1.6569E+02,  4.2310E+02,  5.7191E+01,  3.5285E+02,  0.0000E+00,  1.1311E+02,  3.6323E+01,  1.4322E+02,  9.0337E+00,  1.5050E+02,  2.0335E+01,  9.8096E+01,  1.1311E+01,  1.3593E+02,  1.2803E+01,  8.2945E+01,  8.2945E+00,  1.4322E+02,  2.1138E+01,  2.5118E+02,  1.7071E+02,  5.0069E+02,  7.4016E+01,  6.4216E+01,  9.0337E+01,  9.8096E+02,  5.7191E+01,  0.0000E+00,  0.0000E+00,  0.0000E+00,  0.0000E+00,  0.0000E+00,  0.0000E+00,  1.3593E+01,  0.0000E+00,  3.5285E+00
  6.3000E-01,  5.0039E+11,  2.7206E+10,  1.2074E+01,  1.5370E+01,  4.9169E+02,  1.6722E+08,  6.1139E+07,  5.8155E+08,  2.3652E+04,  7.8085E+07,  5.9774E+06,  1.1273E+08,  9.9853E+06,  9.6716E+07,  3.7549E+05,  1.8774E+07,  1.4168E+05,  1.9510E+06,  3.1898E+05,  6.2525E+06,  1.0017E+04,  5.4094E+05,  6.8397E+04,  3.4036E+06,  1.6406E+06,  2.1289E+08,  5.4766E+05,  1.0225E+07,  1.0948E+05,  1.7494E+05,  5.0053E+03,  1.7293E+04,  8.4856E+02,  9.4455E+03,  9.5686E+02,  4.5570E+03,  2.6798E+03,  6.3709E+03,  1.1842E+03,  2.6798E+03,  1.7730E+02,  5.4526E+02,  0.0000E+00,  4.5570E+02,  8.6373E+01,  2.9555E+02,  5.9236E+01,  2.8269E+02,  3.0828E+02,  6.8397E+02,  5.5394E+01,  8.3882E+02,  9.2514E+01,  3.3401E+02,  9.0982E+01,  9.0982E+02,  1.0004E+02,  2.5510E+02,  3.4486E+01,  2.1289E+02,  0.0000E+00,  6.8397E+01,  2.1962E+01,  8.6373E+01,  5.4526E+00,  9.0982E+01,  1.2298E+01,  5.9236E+01,  6.8398E+00,  8.2061E+01,  7.7241E+00,  5.0053E+01,  5.0053E+00,  8.6373E+01,  1.2725E+01,  1.5173E+02,  1.0309E+02,  3.0193E+02,  4.4690E+01,  3.8741E+01,  5.4526E+01,  5.9236E+02,  3.4486E+01,  0.0000E+00,  0.0000E+00,  0.0000E+00,  0.0000E+00,  0.0000E+00,  0.0000E+00,  8.2061E+00,  0.0000E+00,  2.1289E+00,  5.0385E+11,  3.4459E+10,  1.5269E+01,  1.9472E+01,  5.1889E+02,  1.7703E+08,  6.5514E+07,  6.4874E+08,  2.6974E+04,  8.8999E+07,  7.0046E+06,  1.3205E+08,  1.1991E+07,  1.1634E+08,  4.4614E+05,  2.2305E+07,  1.6880E+05,  2.3229E+06,  3.7943E+05,  7.4349E+06,  1.2935E+04,  6.9727E+05,  8.8206E+04,  4.3937E+06,  2.1124E+06,  2.7484E+08,  7.0649E+05,  1.3184E+07,  1.4116E+05,  2.2520E+05,  6.4592E+03,  2.2356E+04,  1.0962E+03,  1.2190E+04,  1.2329E+03,  5.8842E+03,  3.4614E+03,  8.2149E+03,  1.5280E+03,  3.4614E+03,  2.2830E+02,  7.0342E+02,  0.0000E+00,  5.8842E+02,  1.1149E+02,  3.8187E+02,  7.6399E+01,  3.6484E+02,  3.9749E+02,  8.8206E+02,  7.1431E+01,  1.0822E+03,  1.1925E+02,  4.3155E+02,  1.1724E+02,  1.1724E+03,  1.2904E+02,  3.2911E+02,  4.4551E+01,  2.7484E+02,  0.0000E+00,  8.8206E+01,  2.8275E+01,  1.1149E+02,  7.0342E+00,  1.1724E+02,  1.5841E+01,  7.6399E+01,  8.8206E+00,  1.0574E+02,  9.9680E+00,  6.4592E+01,  6.4592E+00,  1.1149E+02,  1.6455E+01,  1.9565E+02,  1.3292E+02,  3.8968E+02,  5.7613E+01,  4.9994E+01,  7.0342E+01,  7.6399E+02,  4.4551E+01,  0.0000E+00,  0.0000E+00,  0.0000E+00,  0.0000E+00,  0.0000E+00,  0.0000E+00,  1.0574E+01,  0.0000E+00,  2.7484E+00
  7.1000E-01,  4.6369E+11,  2.4676E+10,  1.0952E+01,  1.3940E+01,  4.5333E+02,  1.5414E+08,  5.6300E+07,  5.3366E+08,  2.1664E+04,  7.1522E+07,  5.4612E+06,  1.0300E+08,  9.1020E+06,  8.8147E+07,  3.4262E+05,  1.7131E+07,  1.2925E+05,  1.7799E+06,  2.9104E+05,  5.7049E+06,  9.0613E+03,  4.8942E+05,  6.1880E+04,  3.0791E+06,  1.4845E+06,  1.9259E+08,  4.9547E+05,  9.2509E+06,  9.9053E+04,  1.5830E+05,  4.5281E+03,  1.5642E+04,  7.6759E+02,  8.5450E+03,  8.6577E+02,  4.1224E+03,  2.4242E+03,  5.7639E+03,  1.0714E+03,  2.4242E+03,  1.6043E+02,  4.9329E+02,  0.0000E+00,  4.1224E+02,  7.8137E+01,  2.6735E+02,  5.3592E+01,  2.5575E+02,  2.7891E+02,  6.1880E+02,  5.0117E+01,  7.5888E+02,  8.3705E+01,  3.0214E+02,  8.2321E+01,  8.2321E+02,  9.0505E+01,  2.3080E+02,  3.1196E+01,  1.9259E+02,  0.0000E+00,  6.1881E+01,  1.9872E+01,  7.8137E+01,  4.9329E+00,  8.2321E+01,  1.1127E+01,  5.3592E+01,  6.1881E+00,  7.4250E+01,  6.9878E+00,  4.5281E+01,  4.5281E+00,  7.8137E+01,  1.1510E+01,  1.3727E+02,  9.3271E+01,  2.7315E+02,  4.0433E+01,  3.5048E+01,  4.9329E+01,  5.3592E+02,  3.1196E+01,  0.0000E+00,  0.0000E+00,  0.0000E+00,  0.0000E+00,  0.0000E+00,  0.0000E+00,  7.4251E+00,  0.0000E+00,  1.9259E+00,  4.1369E+11,  2.8802E+10,  1.2767E+01,  1.6279E+01,  4.4002E+02,  1.4994E+08,  5.5452E+07,  5.4866E+08,  2.2742E+04,  7.5075E+07,  5.9005E+06,  1.1127E+08,  1.0093E+07,  9.7899E+07,  3.7544E+05,  1.8764E+07,  1.4193E+05,  1.9531E+06,  3.1905E+05,  6.2546E+06,  1.0955E+04,  5.9067E+05,  7.4717E+04,  3.7192E+06,  1.7904E+06,  2.3274E+08,  5.9826E+05,  1.1166E+07,  1.1956E+05,  1.9083E+05,  5.4693E+03,  1.8924E+04,  9.2810E+02,  1.0324E+04,  1.0442E+03,  4.9813E+03,  2.9284E+03,  6.9585E+03,  1.2941E+03,  2.9284E+03,  1.9344E+02,  5.9573E+02,  0.0000E+00,  4.9813E+02,  9.4408E+01,  3.2312E+02,  6.4705E+01,  3.0881E+02,  3.3657E+02,  7.4717E+02,  6.0498E+01,  9.1632E+02,  1.0097E+02,  3.6520E+02,  9.9288E+01,  9.9288E+02,  1.0930E+02,  2.7852E+02,  3.7698E+01,  2.3274E+02,  0.0000E+00,  7.4717E+01,  2.3978E+01,  9.4408E+01,  5.9573E+00,  9.9288E+01,  1.3420E+01,  6.4705E+01,  7.4717E+00,  8.9529E+01,  8.4396E+00,  5.4693E+01,  5.4693E+00,  9.4408E+01,  1.3926E+01,  1.6568E+02,  1.1258E+02,  3.2985E+02,  4.8802E+01,  4.2324E+01,  5.9573E+01,  6.4705E+02,  3.7698E+01,  0.0000E+00,  0.0000E+00,  0.0000E+00,  0.0000E+00,  0.0000E+00,  0.0000E+00,  8.9529E+00,  0.0000E+00,  2.3274E+00
  8.0000E-01,  4.2976E+11,  2.2370E+10,  9.9298E+00,  1.2636E+01,  4.1772E+02,  1.4202E+08,  5.1819E+07,  4.8934E+08,  1.9831E+04,  6.5470E+07,  4.9861E+06,  9.4034E+07,  8.2897E+06,  8.0269E+07,  3.1241E+05,  1.5622E+07,  1.1784E+05,  1.6229E+06,  2.6538E+05,  5.2017E+06,  8.1755E+03,  4.4166E+05,  5.5839E+04,  2.7785E+06,  1.3397E+06,  1.7377E+08,  4.4711E+05,  8.3481E+06,  8.9386E+04,  1.4286E+05,  4.0860E+03,  1.4112E+04,  6.9257E+02,  7.7102E+03,  7.8135E+02,  3.7198E+03,  2.1876E+03,  5.2013E+03,  9.6673E+02,  2.1876E+03,  1.4478E+02,  4.4513E+02,  0.0000E+00,  3.7198E+02,  7.0505E+01,  2.4124E+02,  4.8360E+01,  2.3079E+02,  2.5171E+02,  5.5839E+02,  4.5226E+01,  6.8481E+02,  7.5543E+01,  2.7264E+02,  7.4294E+01,  7.4294E+02,  8.1668E+01,  2.0829E+02,  2.8150E+01,  1.7378E+02,  0.0000E+00,  5.5839E+01,  1.7931E+01,  7.0505E+01,  4.4513E+00,  7.4294E+01,  1.0042E+01,  4.8361E+01,  5.5839E+00,  6.7013E+01,  6.3056E+00,  4.0860E+01,  4.0860E+00,  7.0505E+01,  1.0384E+01,  1.2388E+02,  8.4168E+01,  2.4649E+02,  3.6487E+01,  3.1627E+01,  4.4513E+01,  4.8361E+02,  2.8150E+01,  0.0000E+00,  0.0000E+00,  0.0000E+00,  0.0000E+00,  0.0000E+00,  0.0000E+00,  6.7014E+00,  0.0000E+00,  1.7378E+00,  3.4023E+11,  2.2438E+10,  9.9522E+00,  1.2687E+01,  3.5130E+02,  1.1947E+08,  4.4132E+07,  4.3607E+08,  1.7981E+04,  5.9410E+07,  4.6583E+06,  8.7899E+07,  7.9573E+06,  7.7156E+07,  2.9589E+05,  1.4780E+07,  1.1170E+05,  1.5370E+06,  2.5113E+05,  4.9268E+06,  8.7279E+03,  4.7074E+05,  5.9542E+04,  2.9604E+06,  1.4282E+06,  1.8538E+08,  4.7649E+05,  8.8955E+06,  9.5272E+04,  1.5216E+05,  4.3556E+03,  1.5063E+04,  7.3903E+02,  8.2254E+03,  8.3187E+02,  3.9656E+03,  2.3287E+03,  5.5450E+03,  1.0310E+03,  2.3287E+03,  1.5421E+02,  4.7457E+02,  0.0000E+00,  3.9656E+02,  7.5194E+01,  2.5704E+02,  5.1549E+01,  2.4579E+02,  2.6804E+02,  5.9542E+02,  4.8199E+01,  7.2969E+02,  8.0412E+01,  2.9054E+02,  7.9095E+01,  7.9095E+02,  8.7088E+01,  2.2162E+02,  2.9988E+01,  1.8538E+02,  0.0000E+00,  5.9542E+01,  1.9144E+01,  7.5194E+01,  4.7457E+00,  7.9095E+01,  1.0697E+01,  5.1549E+01,  5.9542E+00,  7.1294E+01,  6.7202E+00,  4.3556E+01,  4.3556E+00,  7.5194E+01,  1.1081E+01,  1.3196E+02,  8.9696E+01,  2.6254E+02,  3.8889E+01,  3.3697E+01,  4.7457E+01,  5.1549E+02,  2.9988E+01,  0.0000E+00,  0.0000E+00,  0.0000E+00,  0.0000E+00,  0.0000E+00,  0.0000E+00,  7.1294E+00,  0.0000E+00,  1.8538E+00
  9.0000E-01,  3.9874E+11,  2.0308E+10,  9.0151E+00,  1.1471E+01,  3.8520E+02,  1.3096E+08,  4.7737E+07,  4.4903E+08,  1.8171E+04,  5.9985E+07,  4.5563E+06,  8.5924E+07,  7.5560E+06,  7.3156E+07,  2.8513E+05,  1.4259E+07,  1.0754E+05,  1.4812E+06,  2.4224E+05,  4.7475E+06,  7.3687E+03,  3.9814E+05,  5.0334E+04,  2.5049E+06,  1.2076E+06,  1.5664E+08,  4.0307E+05,  7.5258E+06,  8.0578E+04,  1.2880E+05,  3.6834E+03,  1.2720E+04,  6.2426E+02,  6.9499E+03,  7.0445E+02,  3.3533E+03,  1.9725E+03,  4.6886E+03,  8.7142E+02,  1.9725E+03,  1.3053E+02,  4.0126E+02,  0.0000E+00,  3.3533E+02,  6.3554E+01,  2.1749E+02,  4.3595E+01,  2.0807E+02,  2.2693E+02,  5.0334E+02,  4.0770E+01,  6.1736E+02,  6.8110E+01,  2.4579E+02,  6.6982E+01,  6.6982E+02,  7.3617E+01,  1.8781E+02,  2.5379E+01,  1.5664E+02,  0.0000E+00,  5.0334E+01,  1.6161E+01,  6.3555E+01,  4.0126E+00,  6.6982E+01,  9.0532E+00,  4.3595E+01,  5.0334E+00,  6.0423E+01,  5.6845E+00,  3.6834E+01,  3.6834E+00,  6.3555E+01,  9.3602E+00,  1.1168E+02,  7.5876E+01,  2.2223E+02,  3.2892E+01,  2.8513E+01,  4.0126E+01,  4.3595E+02,  2.5379E+01,  0.0000E+00,  0.0000E+00,  0.0000E+00,  0.0000E+00,  0.0000E+00,  0.0000E+00,  6.0424E+00,  0.0000E+00,  1.5664E+00,  2.8025E+11,  1.8796E+10,  8.3403E+00,  1.0630E+01,  2.9924E+02,  1.0165E+08,  3.7512E+07,  3.7027E+08,  1.5215E+04,  5.0291E+07,  3.9367E+06,  7.4306E+07,  6.7174E+06,  6.5114E+07,  2.4973E+05,  1.2472E+07,  9.4201E+04,  1.2961E+06,  2.1181E+05,  4.1570E+06,  7.4080E+03,  3.9965E+05,  5.0548E+04,  2.5117E+06,  1.2131E+06,  1.5733E+08,  4.0439E+05,  7.5509E+06,  8.0879E+04,  1.2922E+05,  3.6964E+03,  1.2779E+04,  6.2710E+02,  6.9818E+03,  7.0615E+02,  3.3647E+03,  1.9748E+03,  4.7073E+03,  8.7510E+02,  1.9748E+03,  1.3096E+02,  4.0281E+02,  0.0000E+00,  3.3647E+02,  6.3817E+01,  2.1800E+02,  4.3756E+01,  2.0852E+02,  2.2748E+02,  5.0548E+02,  4.0913E+01,  6.1924E+02,  6.8246E+01,  2.4643E+02,  6.7139E+01,  6.7139E+02,  7.3925E+01,  1.8800E+02,  2.5434E+01,  1.5733E+02,  0.0000E+00,  5.0548E+01,  1.6269E+01,  6.3817E+01,  4.0281E+00,  6.7139E+01,  9.0832E+00,  4.3756E+01,  5.0548E+00,  6.0507E+01,  5.7027E+00,  3.6964E+01,  3.6964E+00,  6.3817E+01,  9.3987E+00,  1.1200E+02,  7.6140E+01,  2.2274E+02,  3.3015E+01,  2.8593E+01,  4.0281E+01,  4.3756E+02,  2.5434E+01,  0.0000E+00,  0.0000E+00,  0.0000E+00,  0.0000E+00,  0.0000E+00,  0.0000E+00,  6.0507E+00,  0.0000E+00,  1.5733E+00
  1.0000E+00,  3.7295E+11,  1.8510E+10,  8.2172E+00,  1.0454E+01,  3.5651E+02,  1.2122E+08,  4.4142E+07,  4.1355E+08,  1.6714E+04,  5.5169E+07,  4.1794E+06,  7.8810E+07,  6.9129E+06,  6.6923E+07,  2.6123E+05,  1.3065E+07,  9.8524E+04,  1.3572E+06,  2.2196E+05,  4.3496E+06,  6.6600E+03,  3.5990E+05,  4.5498E+04,  2.2646E+06,  1.0915E+06,  1.4159E+08,  3.6438E+05,  6.8034E+06,  7.2840E+04,  1.1643E+05,  3.3297E+03,  1.1498E+04,  5.6427E+02,  6.2819E+03,  6.3688E+02,  3.0314E+03,  1.7835E+03,  4.2383E+03,  7.8770E+02,  1.7835E+03,  1.1800E+02,  3.6272E+02,  0.0000E+00,  3.0314E+02,  5.7449E+01,  1.9663E+02,  3.9409E+01,  1.8812E+02,  2.0517E+02,  4.5498E+02,  3.6856E+01,  5.5811E+02,  6.1580E+01,  2.2221E+02,  6.0558E+01,  6.0558E+02,  6.6545E+01,  1.6982E+02,  2.2945E+01,  1.4159E+02,  0.0000E+00,  4.5498E+01,  1.4604E+01,  5.7449E+01,  3.6272E+00,  6.0558E+01,  8.1841E+00,  3.9409E+01,  4.5498E+00,  5.4634E+01,  5.1388E+00,  3.3298E+01,  3.3298E+00,  5.7449E+01,  8.4610E+00,  1.0096E+02,  6.8592E+01,  2.0092E+02,  2.9733E+01,  2.5777E+01,  3.6272E+01,  3.9409E+02,  2.2945E+01,  0.0000E+00,  0.0000E+00,  0.0000E+00,  0.0000E+00,  0.0000E+00,  0.0000E+00,  5.4634E+00,  0.0000E+00,  1.4159E+00,  2.3546E+11,  1.7168E+10,  7.6184E+00,  9.7084E+00,  2.7451E+02,  9.3258E+07,  3.4391E+07,  3.3931E+08,  1.3929E+04,  4.6038E+07,  3.6019E+06,  6.7982E+07,  6.1429E+06,  5.9537E+07,  2.2837E+05,  1.1406E+07,  8.6143E+04,  1.1853E+06,  1.9372E+05,  3.8017E+06,  6.7664E+03,  3.6509E+05,  4.6173E+04,  2.2946E+06,  1.1081E+06,  1.4371E+08,  3.6942E+05,  6.8980E+06,  7.3884E+04,  1.1804E+05,  3.3767E+03,  1.1673E+04,  5.7282E+02,  6.3774E+03,  6.4516E+02,  3.0737E+03,  1.8043E+03,  4.3001E+03,  7.9937E+02,  1.8043E+03,  1.1963E+02,  3.6797E+02,  0.0000E+00,  3.0737E+02,  5.8296E+01,  1.9916E+02,  3.9972E+01,  1.9051E+02,  2.0782E+02,  4.6173E+02,  3.7375E+01,  5.6570E+02,  6.2352E+01,  2.2513E+02,  6.1338E+01,  6.1338E+02,  6.7527E+01,  1.7177E+02,  2.3237E+01,  1.4371E+02,  0.0000E+00,  4.6173E+01,  1.4858E+01,  5.8296E+01,  3.6797E+00,  6.1338E+01,  8.2979E+00,  3.9972E+01,  4.6173E+00,  5.5284E+01,  5.2097E+00,  3.3767E+01,  3.3767E+00,  5.8296E+01,  8.5854E+00,  1.0232E+02,  6.9555E+01,  2.0349E+02,  3.0159E+01,  2.6121E+01,  3.6797E+01,  3.9972E+02,  2.3237E+01,  0.0000E+00,  0.0000E+00,  0.0000E+00,  0.0000E+00,  0.0000E+00,  0.0000E+00,  5.5284E+00,  0.0000E+00,  1.4371E+00
  1.1000E+00,  3.5112E+11,  1.6874E+10,  7.4915E+00,  9.5289E+00,  3.3030E+02,  1.1231E+08,  4.0859E+07,  3.8116E+08,  1.5385E+04,  5.0778E+07,  3.8359E+06,  7.2328E+07,  6.3274E+06,  6.1248E+07,  2.3946E+05,  1.1978E+07,  9.0313E+04,  1.2442E+06,  2.0349E+05,  3.9872E+06,  6.0154E+03,  3.2512E+05,  4.1099E+04,  2.0460E+06,  9.8598E+05,  1.2790E+08,  3.2918E+05,  6.1462E+06,  6.5801E+04,  1.0519E+05,  3.0081E+03,  1.0386E+04,  5.0970E+02,  5.6744E+03,  5.7542E+02,  2.7386E+03,  1.6116E+03,  3.8286E+03,  7.1155E+02,  1.6116E+03,  1.0660E+02,  3.2767E+02,  0.0000E+00,  2.7386E+02,  5.1895E+01,  1.7765E+02,  3.5601E+01,  1.6997E+02,  1.8537E+02,  4.1100E+02,  3.3295E+01,  5.0422E+02,  5.5640E+01,  2.0076E+02,  5.4715E+01,  5.4715E+02,  6.0112E+01,  1.5346E+02,  2.0731E+01,  1.2790E+02,  0.0000E+00,  4.1100E+01,  1.3189E+01,  5.1895E+01,  3.2767E+00,  5.4715E+01,  7.3936E+00,  3.5601E+01,  4.1100E+00,  4.9366E+01,  4.6425E+00,  3.0081E+01,  3.0081E+00,  5.1895E+01,  7.6431E+00,  9.1217E+01,  6.1965E+01,  1.8153E+02,  2.6860E+01,  2.3289E+01,  3.2767E+01,  3.5601E+02,  2.0732E+01,  0.0000E+00,  0.0000E+00,  0.0000E+00,  0.0000E+00,  0.0000E+00,  0.0000E+00,  4.9367E+00,  0.0000E+00,  1.2790E+00,  2.0119E+11,  1.5539E+10,  6.8965E+00,  8.7869E+00,  2.4977E+02,  8.4864E+07,  3.1270E+07,  3.0834E+08,  1.2644E+04,  4.1785E+07,  3.2671E+06,  6.1659E+07,  5.5684E+06,  5.3960E+07,  2.0701E+05,  1.0341E+07,  7.8084E+04,  1.0745E+06,  1.7562E+05,  3.4463E+06,  6.1247E+03,  3.3053E+05,  4.1799E+04,  2.0775E+06,  1.0031E+06,  1.3009E+08,  3.3444E+05,  6.2452E+06,  6.6889E+04,  1.0687E+05,  3.0570E+03,  1.0567E+04,  5.1854E+02,  5.7730E+03,  5.8416E+02,  2.7827E+03,  1.6338E+03,  3.8929E+03,  7.2364E+02,  1.6338E+03,  1.0831E+02,  3.3312E+02,  0.0000E+00,  2.7827E+02,  5.2774E+01,  1.8032E+02,  3.6187E+01,  1.7249E+02,  1.8816E+02,  4.1799E+02,  3.3836E+01,  5.1217E+02,  5.6457E+01,  2.0383E+02,  5.5537E+01,  5.5537E+02,  6.1129E+01,  1.5554E+02,  2.1039E+01,  1.3009E+02,  0.0000E+00,  4.1799E+01,  1.3448E+01,  5.2774E+01,  3.3312E+00,  5.5537E+01,  7.5126E+00,  3.6187E+01,  4.1799E+00,  5.0061E+01,  4.7167E+00,  3.0570E+01,  3.0570E+00,  5.2774E+01,  7.7722E+00,  9.2639E+01,  6.2971E+01,  1.8424E+02,  2.7303E+01,  2.3650E+01,  3.3312E+01,  3.6187E+02,  2.1039E+01,  0.0000E+00,  0.0000E+00,  0.0000E+00,  0.0000E+00,  0.0000E+00,  0.0000E+00,  5.0061E+00,  0.0000E+00,  1.3009E+00
  1.2000E+00,  3.3231E+11,  1.5402E+10,  6.8379E+00,  8.6963E+00,  3.0656E+02,  1.0424E+08,  3.7888E+07,  3.5188E+08,  1.4185E+04,  4.6812E+07,  3.5260E+06,  6.6478E+07,  5.7993E+06,  5.6131E+07,  2.1983E+05,  1.0997E+07,  8.2907E+04,  1.1423E+06,  1.8684E+05,  3.6603E+06,  5.4351E+03,  2.9379E+05,  3.7138E+04,  1.8491E+06,  8.9092E+05,  1.1557E+08,  2.9749E+05,  5.5543E+06,  5.9462E+04,  9.5058E+04,  2.7183E+03,  9.3843E+03,  4.6056E+02,  5.1273E+03,  5.2005E+02,  2.4748E+03,  1.4568E+03,  3.4597E+03,  6.4297E+02,  1.4568E+03,  9.6334E+01,  2.9610E+02,  0.0000E+00,  2.4748E+02,  4.6894E+01,  1.6056E+02,  3.2171E+01,  1.5362E+02,  1.6753E+02,  3.7138E+02,  3.0088E+01,  4.5568E+02,  5.0289E+01,  1.8144E+02,  4.9451E+01,  4.9451E+02,  5.4319E+01,  1.3872E+02,  1.8737E+01,  1.1557E+02,  0.0000E+00,  3.7138E+01,  1.1915E+01,  4.6894E+01,  2.9610E+00,  4.9451E+01,  6.6816E+00,  3.2172E+01,  3.7139E+00,  4.4621E+01,  4.1955E+00,  2.7184E+01,  2.7184E+00,  4.6894E+01,  6.9066E+00,  8.2437E+01,  5.5998E+01,  1.6407E+02,  2.4273E+01,  2.1047E+01,  2.9610E+01,  3.2172E+02,  1.8737E+01,  0.0000E+00,  0.0000E+00,  0.0000E+00,  0.0000E+00,  0.0000E+00,  0.0000E+00,  4.4622E+00,  0.0000E+00,  1.1557E+00,  1.7507E+11,  1.3911E+10,  6.1746E+00,  7.8654E+00,  2.2504E+02,  7.6470E+07,  2.8150E+07,  2.7738E+08,  1.1359E+04,  3.7532E+07,  2.9323E+06,  5.5335E+07,  4.9939E+06,  4.8382E+07,  1.8566E+05,  9.2763E+06,  7.0026E+04,  9.6369E+05,  1.5753E+05,  3.0910E+06,  5.4830E+03,  2.9596E+05,  3.7425E+04,  1.8604E+06,  8.9807E+05,  1.1648E+08,  2.9947E+05,  5.5923E+06,  5.9894E+04,  9.5698E+04,  2.7372E+03,  9.4605E+03,  4.6426E+02,  5.1687E+03,  5.2317E+02,  2.4917E+03,  1.4633E+03,  3.4857E+03,  6.4791E+02,  1.4633E+03,  9.6988E+01,  2.9828E+02,  0.0000E+00,  2.4917E+02,  4.7253E+01,  1.6148E+02,  3.2402E+01,  1.5447E+02,  1.6850E+02,  3.7425E+02,  3.0298E+01,  4.5864E+02,  5.0563E+01,  1.8253E+02,  4.9735E+01,  4.9735E+02,  5.4731E+01,  1.3931E+02,  1.8842E+01,  1.1648E+02,  0.0000E+00,  3.7425E+01,  1.2038E+01,  4.7253E+01,  2.9828E+00,  4.9735E+01,  6.7273E+00,  3.2402E+01,  3.7425E+00,  4.4838E+01,  4.2237E+00,  2.7372E+01,  2.7372E+00,  4.7253E+01,  6.9589E+00,  8.2958E+01,  5.6386E+01,  1.6499E+02,  2.4447E+01,  2.1178E+01,  2.9828E+01,  3.2402E+02,  1.8842E+01,  0.0000E+00,  0.0000E+00,  0.0000E+00,  0.0000E+00,  0.0000E+00,  0.0000E+00,  4.4838E+00,  0.0000E+00,  1.1648E+00
  1.4000E+00,  3.0112E+11,  1.2945E+10,  5.7474E+00,  7.3075E+00,  2.6650E+02,  9.0630E+07,  3.2882E+07,  3.0260E+08,  1.2170E+04,  4.0156E+07,  3.0065E+06,  5.6676E+07,  4.9154E+06,  4.7570E+07,  1.8697E+05,  9.3546E+06,  7.0514E+04,  9.7169E+05,  1.5895E+05,  3.1132E+06,  4.4668E+03,  2.4151E+05,  3.0528E+04,  1.5205E+06,  7.3231E+05,  9.4996E+07,  2.4459E+05,  4.5665E+06,  4.8882E+04,  7.8153E+04,  2.2348E+03,  7.7134E+03,  3.7856E+02,  4.2144E+03,  4.2762E+02,  2.0347E+03,  1.1982E+03,  2.8440E+03,  5.2854E+02,  1.1982E+03,  7.9201E+01,  2.4341E+02,  0.0000E+00,  2.0347E+02,  3.8547E+01,  1.3204E+02,  2.6448E+01,  1.2633E+02,  1.3777E+02,  3.0528E+02,  2.4737E+01,  3.7466E+02,  4.1355E+01,  1.4920E+02,  4.0664E+01,  4.0664E+02,  4.4652E+01,  1.1410E+02,  1.5408E+01,  9.4997E+01,  0.0000E+00,  3.0528E+01,  9.7891E+00,  3.8548E+01,  2.4341E+00,  4.0664E+01,  5.4932E+00,  2.6448E+01,  3.0528E+00,  3.6698E+01,  3.4494E+00,  2.2349E+01,  2.2349E+00,  3.8548E+01,  5.6775E+00,  6.7781E+01,  4.6037E+01,  1.3492E+02,  1.9955E+01,  1.7306E+01,  2.4341E+01,  2.6448E+02,  1.5409E+01,  0.0000E+00,  0.0000E+00,  0.0000E+00,  0.0000E+00,  0.0000E+00,  0.0000E+00,  3.6699E+00,  0.0000E+00,  9.4998E-01,  1.3678E+11,  1.0654E+10,  4.7309E+00,  6.0225E+00,  1.7557E+02,  5.9682E+07,  2.1908E+07,  2.1545E+08,  8.7886E+03,  2.9026E+07,  2.2626E+06,  4.2688E+07,  3.8448E+06,  3.7228E+07,  1.4294E+05,  7.1461E+06,  5.3910E+04,  7.4209E+05,  1.2134E+05,  2.3803E+06,  4.1997E+03,  2.2683E+05,  2.8677E+04,  1.4261E+06,  6.8803E+05,  8.9244E+07,  2.2952E+05,  4.2866E+06,  4.5904E+04,  7.3351E+04,  2.0978E+03,  7.2482E+03,  3.5569E+02,  3.9600E+03,  4.0117E+02,  1.9097E+03,  1.1223E+03,  2.6713E+03,  4.9644E+02,  1.1223E+03,  7.4343E+01,  2.2859E+02,  0.0000E+00,  1.9097E+02,  3.6210E+01,  1.2380E+02,  2.4833E+01,  1.1843E+02,  1.2918E+02,  2.8677E+02,  2.3221E+01,  3.5157E+02,  3.8774E+01,  1.3992E+02,  3.8133E+01,  3.8133E+02,  4.1935E+01,  1.0686E+02,  1.4447E+01,  8.9244E+01,  0.0000E+00,  2.8677E+01,  9.2177E+00,  3.6210E+01,  2.2859E+00,  3.8133E+01,  5.1567E+00,  2.4833E+01,  2.8677E+00,  3.4393E+01,  3.2377E+00,  2.0978E+01,  2.0978E+00,  3.6210E+01,  5.3323E+00,  6.3596E+01,  4.3217E+01,  1.2649E+02,  1.8736E+01,  1.6235E+01,  2.2859E+01,  2.4833E+02,  1.4447E+01,  0.0000E+00,  0.0000E+00,  0.0000E+00,  0.0000E+00,  0.0000E+00,  0.0000E+00,  3.4393E+00,  0.0000E+00,  8.9244E-01
  1.6000E+00,  2.7649E+11,  1.1140E+10,  4.9456E+00,  6.2873E+00,  2.3633E+02,  8.0372E+07,  2.9124E+07,  2.6570E+08,  1.0670E+04,  3.5201E+07,  2.6209E+06,  4.9403E+07,  4.2613E+06,  4.1240E+07,  1.6265E+05,  8.1384E+06,  6.1343E+04,  8.4543E+05,  1.3830E+05,  2.7082E+06,  3.7552E+03,  2.0306E+05,  2.5667E+04,  1.2787E+06,  6.1571E+05,  7.9870E+07,  2.0568E+05,  3.8397E+06,  4.1101E+04,  6.5718E+04,  1.8792E+03,  6.4850E+03,  3.1828E+02,  3.5433E+03,  3.5958E+02,  1.7109E+03,  1.0079E+03,  2.3911E+03,  4.4440E+02,  1.0078E+03,  6.6597E+01,  2.0466E+02,  0.0000E+00,  1.7109E+02,  3.2410E+01,  1.1104E+02,  2.2238E+01,  1.0625E+02,  1.1586E+02,  2.5668E+02,  2.0800E+01,  3.1505E+02,  3.4779E+01,  1.2547E+02,  3.4198E+01,  3.4198E+02,  3.7545E+01,  9.5973E+01,  1.2958E+01,  7.9871E+01,  0.0000E+00,  2.5668E+01,  8.2276E+00,  3.2410E+01,  2.0466E+00,  3.4198E+01,  4.6189E+00,  2.2239E+01,  2.5668E+00,  3.0864E+01,  2.9004E+00,  1.8792E+01,  1.8792E+00,  3.2410E+01,  4.7737E+00,  5.6998E+01,  3.8711E+01,  1.1347E+02,  1.6779E+01,  1.4553E+01,  2.0466E+01,  2.2239E+02,  1.2959E+01,  0.0000E+00,  0.0000E+00,  0.0000E+00,  0.0000E+00,  0.0000E+00,  0.0000E+00,  3.0865E+00,  0.0000E+00,  7.9873E-01,  1.0954E+11,  7.3973E+09,  3.2871E+00,  4.1796E+00,  1.2610E+02,  4.2894E+07,  1.5667E+07,  1.5352E+08,  6.2182E+03,  2.0520E+07,  1.5930E+06,  3.0042E+07,  2.6958E+06,  2.6073E+07,  1.0022E+05,  5.0159E+06,  3.7794E+04,  5.2049E+05,  8.5154E+04,  1.6696E+06,  2.9163E+03,  1.5770E+05,  1.9928E+04,  9.9186E+05,  4.7800E+05,  6.2010E+07,  1.5957E+05,  2.9809E+06,  3.1914E+04,  5.1005E+04,  1.4584E+03,  5.0360E+03,  2.4713E+02,  2.7512E+03,  2.7918E+02,  1.3278E+03,  7.8132E+02,  1.8569E+03,  3.4498E+02,  7.8132E+02,  5.1698E+01,  1.5890E+02,  0.0000E+00,  1.3278E+02,  2.5168E+01,  8.6124E+01,  1.7263E+01,  8.2392E+01,  8.9856E+01,  1.9928E+02,  1.6144E+01,  2.4450E+02,  2.6985E+01,  9.7320E+01,  2.6531E+01,  2.6531E+02,  2.9139E+01,  7.4400E+01,  1.0053E+01,  6.2010E+01,  0.0000E+00,  1.9928E+01,  6.3973E+00,  2.5168E+01,  1.5890E+00,  2.6531E+01,  3.5861E+00,  1.7263E+01,  1.9928E+00,  2.3947E+01,  2.2517E+00,  1.4584E+01,  1.4584E+00,  2.5168E+01,  3.7058E+00,  4.4234E+01,  3.0048E+01,  8.7990E+01,  1.3024E+01,  1.1292E+01,  1.5890E+01,  1.7263E+02,  1.0053E+01,  0.0000E+00,  0.0000E+00,  0.0000E+00,  0.0000E+00,  0.0000E+00,  0.0000E+00,  2.3947E+00,  0.0000E+00,  6.2010E-01
  1.8000E+00,  2.5652E+11,  9.8866E+09,  4.3883E+00,  5.5791E+00,  2.1455E+02,  7.2962E+07,  2.6425E+07,  2.3930E+08,  9.6046E+03,  3.1688E+07,  2.3488E+06,  4.4272E+07,  3.8019E+06,  3.6798E+07,  1.4556E+05,  7.2829E+06,  5.4902E+04,  7.5669E+05,  1.2378E+05,  2.4236E+06,  3.2610E+03,  1.7632E+05,  2.2289E+04,  1.1105E+06,  5.3469E+05,  6.9359E+07,  1.7862E+05,  3.3342E+06,  3.5689E+04,  5.7069E+04,  1.6319E+03,  5.6314E+03,  2.7639E+02,  3.0770E+03,  3.1222E+02,  1.4858E+03,  8.7528E+02,  2.0763E+03,  3.8592E+02,  8.7528E+02,  5.7830E+01,  1.7772E+02,  0.0000E+00,  1.4858E+02,  2.8143E+01,  9.6435E+01,  1.9311E+01,  9.2278E+01,  1.0062E+02,  2.2289E+02,  1.8063E+01,  2.7359E+02,  3.0201E+01,  1.0897E+02,  2.9697E+01,  2.9698E+02,  3.2605E+01,  8.3348E+01,  1.1253E+01,  6.9360E+01,  0.0000E+00,  2.2290E+01,  7.1439E+00,  2.8143E+01,  1.7772E+00,  2.9698E+01,  4.0108E+00,  1.9312E+01,  2.2290E+00,  2.6801E+01,  2.5186E+00,  1.6320E+01,  1.6320E+00,  2.8143E+01,  4.1454E+00,  4.9496E+01,  3.3616E+01,  9.8551E+01,  1.4571E+01,  1.2638E+01,  1.7772E+01,  1.9312E+02,  1.1253E+01,  0.0000E+00,  0.0000E+00,  0.0000E+00,  0.0000E+00,  0.0000E+00,  0.0000E+00,  2.6801E+00,  0.0000E+00,  6.9362E-01,  9.0115E+10,  5.1394E+09,  2.2859E+00,  2.9020E+00,  9.1659E+01,  3.1202E+07,  1.1324E+07,  1.1045E+08,  4.4335E+03,  1.4616E+07,  1.1284E+06,  2.1269E+07,  1.8990E+06,  1.8342E+07,  7.0620E+04,  3.5390E+06,  2.6625E+04,  3.6690E+05,  6.0068E+04,  1.1770E+06,  2.0254E+03,  1.0969E+05,  1.3854E+04,  6.9024E+05,  3.3216E+05,  4.3100E+07,  1.1099E+05,  2.0739E+06,  2.2198E+04,  3.5484E+04,  1.0143E+03,  3.4998E+03,  1.7175E+02,  1.9119E+03,  1.9443E+02,  9.2356E+02,  5.4441E+02,  1.2914E+03,  2.3980E+02,  5.4441E+02,  3.5970E+01,  1.1050E+02,  0.0000E+00,  9.2356E+01,  1.7499E+01,  5.9951E+01,  1.2006E+01,  5.7358E+01,  6.2543E+01,  1.3854E+02,  1.1229E+01,  1.7013E+02,  1.8795E+01,  6.7728E+01,  1.8471E+01,  1.8471E+02,  2.0254E+01,  5.1849E+01,  6.9996E+00,  4.3100E+01,  0.0000E+00,  1.3854E+01,  4.4396E+00,  1.7499E+01,  1.1050E+00,  1.8471E+01,  2.4952E+00,  1.2006E+01,  1.3854E+00,  1.6688E+01,  1.5668E+00,  1.0143E+01,  1.0143E+00,  1.7499E+01,  2.5763E+00,  3.0785E+01,  2.0902E+01,  6.1247E+01,  9.0574E+00,  7.8583E+00,  1.1050E+01,  1.2006E+02,  6.9996E+00,  0.0000E+00,  0.0000E+00,  0.0000E+00,  0.0000E+00,  0.0000E+00,  0.0000E+00,  1.6688E+00,  0.0000E+00,  4.3100E-01
  2.0000E+00,  2.3994E+11,  8.8990E+09,  3.9490E+00,  5.0215E+00,  1.9687E+02,  6.6945E+07,  2.4242E+07,  2.1802E+08,  8.7505E+03,  2.8872E+07,  2.1315E+06,  4.0176E+07,  3.4363E+06,  3.3268E+07,  1.3197E+05,  6.6015E+06,  4.9775E+04,  6.8604E+05,  1.1221E+05,  2.1969E+06,  2.8722E+03,  1.5526E+05,  1.9630E+04,  9.7793E+05,  4.7092E+05,  6.1084E+07,  1.5731E+05,  2.9361E+06,  3.1428E+04,  5.0256E+04,  1.4372E+03,  4.9595E+03,  2.4342E+02,  2.7099E+03,  2.7490E+02,  1.3085E+03,  7.7076E+02,  1.8284E+03,  3.3988E+02,  7.7076E+02,  5.0924E+01,  1.5651E+02,  0.0000E+00,  1.3085E+02,  2.4783E+01,  8.4926E+01,  1.7006E+01,  8.1266E+01,  8.8616E+01,  1.9630E+02,  1.5907E+01,  2.4093E+02,  2.6593E+01,  9.5966E+01,  2.6151E+01,  2.6151E+02,  2.8717E+01,  7.3394E+01,  9.9095E+00,  6.1086E+01,  0.0000E+00,  1.9630E+01,  6.2916E+00,  2.4784E+01,  1.5651E+00,  2.6151E+01,  3.5317E+00,  1.7007E+01,  1.9630E+00,  2.3597E+01,  2.2178E+00,  1.4372E+01,  1.4372E+00,  2.4784E+01,  3.6508E+00,  4.3586E+01,  2.9603E+01,  8.6793E+01,  1.2832E+01,  1.1130E+01,  1.5651E+01,  1.7007E+02,  9.9096E+00,  0.0000E+00,  0.0000E+00,  0.0000E+00,  0.0000E+00,  0.0000E+00,  0.0000E+00,  2.3597E+00,  0.0000E+00,  6.1087E-01,  7.5710E+10,  4.7365E+09,  2.1066E+00,  2.6744E+00,  8.5120E+01,  2.8975E+07,  1.0505E+07,  1.0238E+08,  4.1080E+03,  1.3544E+07,  1.0446E+06,  1.9690E+07,  1.7566E+06,  1.6967E+07,  6.5366E+04,  3.2755E+06,  2.4645E+04,  3.3961E+05,  5.5598E+04,  1.0893E+06,  1.8632E+03,  1.0090E+05,  1.2744E+04,  6.3493E+05,  3.0556E+05,  3.9647E+07,  1.0210E+05,  1.9077E+06,  2.0418E+04,  3.2640E+04,  9.3304E+02,  3.2195E+03,  1.5799E+02,  1.7588E+03,  1.7883E+02,  8.4955E+02,  5.0078E+02,  1.1878E+03,  2.2059E+02,  5.0078E+02,  3.3087E+01,  1.0164E+02,  0.0000E+00,  8.4955E+01,  1.6096E+01,  5.5146E+01,  1.1044E+01,  5.2763E+01,  5.7532E+01,  1.2744E+02,  1.0329E+01,  1.5649E+02,  1.7288E+01,  6.2301E+01,  1.6991E+01,  1.6991E+02,  1.8632E+01,  4.7692E+01,  6.4385E+00,  3.9647E+01,  0.0000E+00,  1.2744E+01,  4.0839E+00,  1.6096E+01,  1.0164E+00,  1.6991E+01,  2.2952E+00,  1.1044E+01,  1.2744E+00,  1.5350E+01,  1.4412E+00,  9.3304E+00,  9.3304E-01,  1.6096E+01,  2.3698E+00,  2.8318E+01,  1.9227E+01,  5.6340E+01,  8.3317E+00,  7.2285E+00,  1.0164E+01,  1.1044E+02,  6.4385E+00,  0.0000E+00,  0.0000E+00,  0.0000E+00,  0.0000E+00,  0.0000E+00,  0.0000E+00,  1.5350E+00,  0.0000E+00,  3.9647E-01
  2.2000E+00,  2.2588E+11,  7.9920E+09,  3.5456E+00,  4.5094E+00,  1.8050E+02,  6.1372E+07,  2.2223E+07,  1.9835E+08,  7.9614E+03,  2.6270E+07,  1.9309E+06,  3.6396E+07,  3.0992E+06,  3.0012E+07,  1.1942E+05,  5.9727E+06,  4.5044E+04,  6.2085E+05,  1.0154E+05,  1.9878E+06,  2.5157E+03,  1.3596E+05,  1.7192E+04,  8.5648E+05,  4.1247E+05,  5.3500E+07,  1.3778E+05,  2.5712E+06,  2.7522E+04,  4.4013E+04,  1.2587E+03,  4.3437E+03,  2.1320E+02,  2.3735E+03,  2.4069E+02,  1.1460E+03,  6.7497E+02,  1.6012E+03,  2.9768E+02,  6.7497E+02,  4.4595E+01,  1.3706E+02,  0.0000E+00,  1.1460E+02,  2.1704E+01,  7.4377E+01,  1.4894E+01,  7.1173E+01,  7.7610E+01,  1.7192E+02,  1.3931E+01,  2.1099E+02,  2.3286E+01,  8.4048E+01,  2.2901E+01,  2.2901E+02,  2.5153E+01,  6.4272E+01,  8.6779E+00,  5.3502E+01,  0.0000E+00,  1.7192E+01,  5.5104E+00,  2.1705E+01,  1.3706E+00,  2.2901E+01,  3.0927E+00,  1.4894E+01,  1.7192E+00,  2.0661E+01,  1.9421E+00,  1.2588E+01,  1.2588E+00,  2.1705E+01,  3.1975E+00,  3.8169E+01,  2.5925E+01,  7.6015E+01,  1.1238E+01,  9.7469E+00,  1.3707E+01,  1.4894E+02,  8.6780E+00,  0.0000E+00,  0.0000E+00,  0.0000E+00,  0.0000E+00,  0.0000E+00,  0.0000E+00,  2.0661E+00,  0.0000E+00,  5.3503E-01,  6.4863E+10,  4.3336E+09,  1.9272E+00,  2.4468E+00,  7.8582E+01,  2.6747E+07,  9.6858E+06,  9.4319E+07,  3.7825E+03,  1.2471E+07,  9.6086E+05,  1.8111E+07,  1.6142E+06,  1.5592E+07,  6.0112E+04,  3.0119E+06,  2.2665E+04,  3.1232E+05,  5.1129E+04,  1.0017E+06,  1.7010E+03,  9.2100E+04,  1.1634E+04,  5.7962E+05,  2.7895E+05,  3.6194E+07,  9.3213E+04,  1.7414E+06,  1.8639E+04,  2.9796E+04,  8.5178E+02,  2.9391E+03,  1.4423E+02,  1.6056E+03,  1.6323E+02,  7.7555E+02,  4.5714E+02,  1.0843E+03,  2.0138E+02,  4.5714E+02,  3.0204E+01,  9.2787E+01,  0.0000E+00,  7.7555E+01,  1.4694E+01,  5.0342E+01,  1.0082E+01,  4.8167E+01,  5.2521E+01,  1.1634E+02,  9.4290E+00,  1.4285E+02,  1.5781E+01,  5.6874E+01,  1.5510E+01,  1.5510E+02,  1.7010E+01,  4.3535E+01,  5.8775E+00,  3.6194E+01,  0.0000E+00,  1.1634E+01,  3.7282E+00,  1.4694E+01,  9.2787E-01,  1.5510E+01,  2.0951E+00,  1.0082E+01,  1.1634E+00,  1.4011E+01,  1.3155E+00,  8.5178E+00,  8.5178E-01,  1.4694E+01,  2.1634E+00,  2.5850E+01,  1.7551E+01,  5.1433E+01,  7.6059E+00,  6.5986E+00,  9.2787E+00,  1.0082E+02,  5.8775E+00,  0.0000E+00,  0.0000E+00,  0.0000E+00,  0.0000E+00,  0.0000E+00,  0.0000E+00,  1.4011E+00,  0.0000E+00,  3.6194E-01
  2.5000E+00,  2.0825E+11,  6.7826E+09,  3.0078E+00,  3.8265E+00,  1.5840E+02,  5.3850E+07,  1.9502E+07,  1.7187E+08,  6.8999E+03,  2.2770E+07,  1.6615E+06,  3.1317E+07,  2.6470E+06,  2.5643E+07,  1.0257E+05,  5.1285E+06,  3.8690E+04,  5.3329E+05,  8.7205E+04,  1.7071E+06,  2.0420E+03,  1.1031E+05,  1.3952E+04,  6.9504E+05,  3.3477E+05,  4.3419E+07,  1.1182E+05,  2.0861E+06,  2.2331E+04,  3.5714E+04,  1.0215E+03,  3.5250E+03,  1.7302E+02,  1.9263E+03,  1.9523E+02,  9.2998E+02,  5.4764E+02,  1.2992E+03,  2.4159E+02,  5.4764E+02,  3.6183E+01,  1.1122E+02,  0.0000E+00,  9.2997E+01,  1.7612E+01,  6.0355E+01,  1.2085E+01,  5.7756E+01,  6.2982E+01,  1.3952E+02,  1.1305E+01,  1.7121E+02,  1.8891E+01,  6.8207E+01,  1.8581E+01,  1.8581E+02,  2.0415E+01,  5.2146E+01,  7.0409E+00,  4.3420E+01,  0.0000E+00,  1.3952E+01,  4.4720E+00,  1.7612E+01,  1.1122E+00,  1.8581E+01,  2.5092E+00,  1.2086E+01,  1.3952E+00,  1.6759E+01,  1.5757E+00,  1.0215E+01,  1.0215E+00,  1.7612E+01,  2.5949E+00,  3.0969E+01,  2.1037E+01,  6.1689E+01,  9.1194E+00,  7.9090E+00,  1.1122E+01,  1.2086E+02,  7.0410E+00,  0.0000E+00,  0.0000E+00,  0.0000E+00,  0.0000E+00,  0.0000E+00,  0.0000E+00,  1.6759E+00,  0.0000E+00,  4.3421E-01,  5.2712E+10,  3.7292E+09,  1.6582E+00,  2.1054E+00,  6.8774E+01,  2.3405E+07,  8.4575E+06,  8.2223E+07,  3.2942E+03,  1.0862E+07,  8.3523E+05,  1.5744E+07,  1.4005E+06,  1.3530E+07,  5.2231E+04,  2.6166E+06,  1.9694E+04,  2.7139E+05,  4.4425E+04,  8.7022E+05,  1.4576E+03,  7.8907E+04,  9.9686E+03,  4.9665E+05,  2.3905E+05,  3.1015E+07,  7.9880E+04,  1.4920E+06,  1.5970E+04,  2.5529E+04,  7.2989E+02,  2.5185E+03,  1.2358E+02,  1.3758E+03,  1.3983E+02,  6.6453E+02,  3.9169E+02,  9.2902E+02,  1.7257E+02,  3.9169E+02,  2.5879E+01,  7.9500E+01,  0.0000E+00,  6.6453E+01,  1.2590E+01,  4.3136E+01,  8.6391E+00,  4.1274E+01,  4.5004E+01,  9.9686E+01,  8.0793E+00,  1.2240E+02,  1.3521E+01,  4.8734E+01,  1.3289E+01,  1.3289E+02,  1.4576E+01,  3.7301E+01,  5.0359E+00,  3.1015E+01,  0.0000E+00,  9.9686E+00,  3.1946E+00,  1.2590E+01,  7.9500E-01,  1.3289E+01,  1.7951E+00,  8.6391E+00,  9.9686E-01,  1.2003E+01,  1.1271E+00,  7.2989E+00,  7.2989E-01,  1.2590E+01,  1.8538E+00,  2.2149E+01,  1.5039E+01,  4.4073E+01,  6.5173E+00,  5.6538E+00,  7.9500E+00,  8.6391E+01,  5.0359E+00,  0.0000E+00,  0.0000E+00,  0.0000E+00,  0.0000E+00,  0.0000E+00,  0.0000E+00,  1.2003E+00,  0.0000E+00,  3.1015E-01
  2.8000E+00,  1.9347E+11,  5.7545E+09,  2.5507E+00,  3.2461E+00,  1.3924E+02,  4.7329E+07,  1.7149E+07,  1.4901E+08,  5.9849E+03,  1.9753E+07,  1.4298E+06,  2.6949E+07,  2.2589E+06,  2.1893E+07,  8.8080E+04,  4.4028E+06,  3.3227E+04,  4.5802E+05,  7.4883E+04,  1.4657E+06,  1.6412E+03,  8.8619E+04,  1.1211E+04,  5.5849E+05,  2.6904E+05,  3.4891E+07,  8.9854E+04,  1.6759E+06,  1.7940E+04,  2.8695E+04,  8.2080E+02,  2.8325E+03,  1.3905E+02,  1.5480E+03,  1.5679E+02,  7.4727E+02,  4.3995E+02,  1.0438E+03,  1.9414E+02,  4.3995E+02,  2.9068E+01,  8.9362E+01,  0.0000E+00,  7.4726E+01,  1.4151E+01,  4.8495E+01,  9.7102E+00,  4.6408E+01,  5.0608E+01,  1.1211E+02,  9.0838E+00,  1.3756E+02,  1.5173E+01,  5.4808E+01,  1.4928E+01,  1.4928E+02,  1.6407E+01,  4.1891E+01,  5.6563E+00,  3.4893E+01,  0.0000E+00,  1.1211E+01,  3.5936E+00,  1.4151E+01,  8.9364E-01,  1.4928E+01,  2.0157E+00,  9.7104E+00,  1.1211E+00,  1.3460E+01,  1.2659E+00,  8.2083E+00,  8.2083E-01,  1.4151E+01,  2.0853E+00,  2.4880E+01,  1.6902E+01,  4.9571E+01,  7.3275E+00,  6.3546E+00,  8.9366E+00,  9.7105E+01,  5.6565E+00,  0.0000E+00,  0.0000E+00,  0.0000E+00,  0.0000E+00,  0.0000E+00,  0.0000E+00,  1.3460E+00,  0.0000E+00,  3.4894E-01,  4.5791E+10,  3.1249E+09,  1.3892E+00,  1.7640E+00,  5.8967E+01,  2.0064E+07,  7.2293E+06,  7.0127E+07,  2.8059E+03,  9.2531E+06,  7.0960E+05,  1.3376E+07,  1.1868E+06,  1.1469E+07,  4.4350E+04,  2.2213E+06,  1.6724E+04,  2.3045E+05,  3.7720E+04,  7.3875E+05,  1.2143E+03,  6.5713E+04,  8.3037E+03,  4.1368E+05,  1.9914E+05,  2.5835E+07,  6.6546E+04,  1.2426E+06,  1.3301E+04,  2.1263E+04,  6.0799E+02,  2.0980E+03,  1.0294E+02,  1.1460E+03,  1.1643E+02,  5.5352E+02,  3.2623E+02,  7.7373E+02,  1.4375E+02,  3.2623E+02,  2.1555E+01,  6.6213E+01,  0.0000E+00,  5.5352E+01,  1.0486E+01,  3.5930E+01,  7.1960E+00,  3.4381E+01,  3.7487E+01,  8.3037E+01,  6.7295E+00,  1.0194E+02,  1.1260E+01,  4.0594E+01,  1.1069E+01,  1.1069E+02,  1.2143E+01,  3.1066E+01,  4.1943E+00,  2.5835E+01,  0.0000E+00,  8.3037E+00,  2.6610E+00,  1.0486E+01,  6.6213E-01,  1.1069E+01,  1.4950E+00,  7.1960E+00,  8.3037E-01,  9.9944E+00,  9.3864E-01,  6.0799E+00,  6.0799E-01,  1.0486E+01,  1.5441E+00,  1.8448E+01,  1.2526E+01,  3.6713E+01,  5.4286E+00,  4.7090E+00,  6.6213E+00,  7.1960E+01,  4.1943E+00,  0.0000E+00,  0.0000E+00,  0.0000E+00,  0.0000E+00,  0.0000E+00,  0.0000E+00,  9.9944E-01,  0.0000E+00,  2.5835E-01
  3.2000E+00,  1.7601E+11,  4.6657E+09,  2.0667E+00,  2.6315E+00,  1.1827E+02,  4.0195E+07,  1.4585E+07,  1.2419E+08,  4.9928E+03,  1.6481E+07,  1.1795E+06,  2.2230E+07,  1.8412E+06,  1.7856E+07,  7.2441E+04,  3.6197E+06,  2.7330E+04,  3.7675E+05,  6.1582E+04,  1.2053E+06,  1.2203E+03,  6.5852E+04,  8.3332E+03,  4.1514E+05,  2.0003E+05,  2.5938E+07,  6.6792E+04,  1.2454E+06,  1.3332E+04,  2.1328E+04,  6.1011E+02,  2.1055E+03,  1.0337E+02,  1.1509E+03,  1.1646E+02,  5.5546E+02,  3.2692E+02,  7.7569E+02,  1.4432E+02,  3.2691E+02,  2.1599E+01,  6.6420E+01,  0.0000E+00,  5.5546E+01,  1.0517E+01,  3.6045E+01,  7.2166E+00,  3.4494E+01,  3.7617E+01,  8.3334E+01,  6.7519E+00,  1.0223E+02,  1.1272E+01,  4.0741E+01,  1.1092E+01,  1.1092E+02,  1.2198E+01,  3.1127E+01,  4.2030E+00,  2.5940E+01,  0.0000E+00,  8.3335E+00,  2.6715E+00,  1.0518E+01,  6.6422E-01,  1.1092E+01,  1.4977E+00,  7.2169E+00,  8.3336E-01,  9.9973E+00,  9.4067E-01,  6.1014E+00,  6.1014E-01,  1.0518E+01,  1.5502E+00,  1.8488E+01,  1.2561E+01,  3.6849E+01,  5.4464E+00,  4.7230E+00,  6.6424E+00,  7.2170E+01,  4.2032E+00,  0.0000E+00,  0.0000E+00,  0.0000E+00,  0.0000E+00,  0.0000E+00,  0.0000E+00,  9.9976E-01,  0.0000E+00,  2.5941E-01,  4.1505E+10,  2.3191E+09,  1.0305E+00,  1.3088E+00,  4.5890E+01,  1.5608E+07,  5.5916E+06,  5.3999E+07,  2.1549E+03,  7.1079E+06,  5.4209E+05,  1.0219E+07,  9.0195E+05,  8.7193E+06,  3.3842E+04,  1.6941E+06,  1.2764E+04,  1.7587E+05,  2.8782E+04,  5.6346E+05,  8.8989E+02,  4.8122E+04,  6.0837E+03,  3.0306E+05,  1.4593E+05,  1.8930E+07,  4.8768E+04,  9.1011E+05,  9.7421E+03,  1.5575E+04,  4.4547E+02,  1.5372E+03,  7.5419E+01,  8.3965E+02,  8.5237E+01,  4.0551E+02,  2.3896E+02,  5.6668E+02,  1.0533E+02,  2.3896E+02,  1.5788E+01,  4.8497E+01,  0.0000E+00,  4.0551E+01,  7.6805E+00,  2.6321E+01,  5.2718E+00,  2.5190E+01,  2.7465E+01,  6.0837E+01,  4.9299E+00,  7.4668E+01,  8.2465E+00,  2.9740E+01,  8.1078E+00,  8.1078E+01,  8.8989E+00,  2.2753E+01,  3.0722E+00,  1.8930E+01,  0.0000E+00,  6.0837E+00,  1.9496E+00,  7.6805E+00,  4.8497E-01,  8.1078E+00,  1.0949E+00,  5.2718E+00,  6.0837E-01,  7.3168E+00,  6.8738E-01,  4.4547E+00,  4.4547E-01,  7.6805E+00,  1.1313E+00,  1.3513E+01,  9.1761E+00,  2.6899E+01,  3.9771E+00,  3.4493E+00,  4.8497E+00,  5.2718E+01,  3.0722E+00,  0.0000E+00,  0.0000E+00,  0.0000E+00,  0.0000E+00,  0.0000E+00,  0.0000E+00,  7.3168E-01,  0.0000E+00,  1.8930E-01
  3.5000E+00,  1.6419E+11,  4.0606E+09,  1.7979E+00,  2.2901E+00,  1.0597E+02,  3.6014E+07,  1.3091E+07,  1.0980E+08,  4.4195E+03,  1.4590E+07,  1.0357E+06,  1.9520E+07,  1.6026E+06,  1.5549E+07,  6.3471E+04,  3.1708E+06,  2.3946E+04,  3.3013E+05,  5.3954E+04,  1.0560E+06,  9.8986E+02,  5.3394E+04,  6.7578E+03,  3.3667E+05,  1.6224E+05,  2.1036E+07,  5.4161E+04,  1.0098E+06,  1.0809E+04,  1.7295E+04,  4.9475E+02,  1.7074E+03,  8.3844E+01,  9.3346E+02,  9.4394E+01,  4.5046E+02,  2.6505E+02,  6.2898E+02,  1.1704E+02,  2.6504E+02,  1.7511E+01,  5.3864E+01,  0.0000E+00,  4.5046E+01,  8.5287E+00,  2.9229E+01,  5.8515E+00,  2.7971E+01,  3.0506E+01,  6.7581E+01,  5.4754E+00,  8.2901E+01,  9.1372E+00,  3.3040E+01,  8.9930E+00,  8.9931E+01,  9.8937E+00,  2.5237E+01,  3.4076E+00,  2.1038E+01,  0.0000E+00,  6.7582E+00,  2.1667E+00,  8.5291E+00,  5.3866E-01,  8.9931E+00,  1.2142E+00,  5.8518E+00,  6.7582E-01,  8.1035E+00,  7.6272E-01,  4.9478E+00,  4.9478E-01,  8.5292E+00,  1.2572E+00,  1.4989E+01,  1.0185E+01,  2.9883E+01,  4.4165E+00,  3.8299E+00,  5.3868E+00,  5.8519E+01,  3.4077E+00,  0.0000E+00,  0.0000E+00,  0.0000E+00,  0.0000E+00,  0.0000E+00,  0.0000E+00,  8.1038E-01,  0.0000E+00,  2.1039E-01,  3.7293E+10,  1.7148E+09,  7.6153E-01,  9.6742E-01,  3.6083E+01,  1.2267E+07,  4.3633E+06,  4.1903E+07,  1.6666E+03,  5.4990E+06,  4.1646E+05,  7.8509E+06,  6.8828E+05,  6.6574E+06,  2.5961E+04,  1.2988E+06,  9.7932E+03,  1.3494E+05,  2.2077E+04,  4.3199E+05,  6.4657E+02,  3.4928E+04,  4.4188E+03,  2.2009E+05,  1.0602E+05,  1.3750E+07,  3.5434E+04,  6.6072E+05,  7.0730E+03,  1.1308E+04,  3.2357E+02,  1.1167E+03,  5.4776E+01,  6.0987E+02,  6.1839E+01,  2.9449E+02,  1.7351E+02,  4.1140E+02,  7.6516E+01,  1.7351E+02,  1.1464E+01,  3.5210E+01,  0.0000E+00,  2.9449E+01,  5.5765E+00,  1.9115E+01,  3.8287E+00,  1.8296E+01,  1.9948E+01,  4.4188E+01,  3.5802E+00,  5.4212E+01,  5.9860E+00,  2.1600E+01,  5.8871E+00,  5.8871E+01,  6.4657E+00,  1.6518E+01,  2.2306E+00,  1.3750E+01,  0.0000E+00,  4.4188E+00,  1.4160E+00,  5.5765E+00,  3.5210E-01,  5.8871E+00,  7.9484E-01,  3.8287E+00,  4.4188E-01,  5.3085E+00,  4.9893E-01,  3.2357E+00,  3.2357E-01,  5.5765E+00,  8.2164E-01,  9.8118E+00,  6.6635E+00,  1.9539E+01,  2.8885E+00,  2.5045E+00,  3.5210E+00,  3.8287E+01,  2.2306E+00,  0.0000E+00,  0.0000E+00,  0.0000E+00,  0.0000E+00,  0.0000E+00,  0.0000E+00,  5.3085E-01,  0.0000E+00,  1.3750E-01
  4.0000E+00,  1.4752E+11,  3.3978E+09,  1.5038E+00,  1.9163E+00,  9.1154E+01,  3.0978E+07,  1.1313E+07,  9.2819E+07,  3.7462E+03,  1.2367E+07,  8.6854E+05,  1.6369E+07,  1.3283E+06,  1.2894E+07,  5.3067E+04,  2.6506E+06,  2.0021E+04,  2.7604E+05,  4.5107E+04,  8.8293E+05,  7.4546E+02,  4.0206E+04,  5.0882E+03,  2.5351E+05,  1.2216E+05,  1.5840E+07,  4.0768E+04,  7.6025E+05,  8.1379E+03,  1.3024E+04,  3.7249E+02,  1.2854E+03,  6.3148E+01,  7.0301E+02,  7.1056E+01,  3.3920E+02,  1.9951E+02,  4.7361E+02,  8.8129E+01,  1.9951E+02,  1.3181E+01,  4.0566E+01,  0.0000E+00,  3.3920E+01,  6.4224E+00,  2.2008E+01,  4.4050E+00,  2.1058E+01,  2.2968E+01,  5.0884E+01,  4.1228E+00,  6.2425E+01,  6.8768E+00,  2.4879E+01,  6.7693E+00,  6.7694E+01,  7.4497E+00,  1.8999E+01,  2.5651E+00,  1.5842E+01,  0.0000E+00,  5.0885E+00,  1.6317E+00,  6.4228E+00,  4.0568E-01,  6.7694E+00,  9.1407E-01,  4.4053E+00,  5.0885E-01,  6.1000E+00,  5.7433E-01,  3.7251E+00,  3.7251E-01,  6.4228E+00,  9.4678E-01,  1.1283E+01,  7.6681E+00,  2.2500E+01,  3.3252E+00,  2.8839E+00,  4.0569E+00,  4.4054E+01,  2.5652E+00,  0.0000E+00,  0.0000E+00,  0.0000E+00,  0.0000E+00,  0.0000E+00,  0.0000E+00,  6.1003E-01,  0.0000E+00,  1.5843E-01,  2.9417E+10,  9.3650E+08,  4.1508E-01,  5.2777E-01,  2.3187E+01,  7.8739E+06,  2.7503E+06,  2.6031E+07,  1.0269E+03,  3.3909E+06,  2.5208E+05,  4.7520E+06,  4.0902E+05,  3.9622E+06,  1.5654E+04,  7.8184E+05,  5.9081E+03,  8.1400E+04,  1.3309E+04,  2.6010E+05,  3.3102E+02,  1.7825E+04,  2.2598E+03,  1.1252E+05,  5.4266E+04,  7.0340E+06,  1.8141E+04,  3.3739E+05,  3.6126E+03,  5.7772E+03,  1.6550E+02,  5.7127E+02,  2.8010E+01,  3.1193E+02,  3.1512E+01,  1.5055E+02,  8.8640E+01,  2.1007E+02,  3.9148E+01,  8.8640E+01,  5.8563E+00,  1.7984E+01,  0.0000E+00,  1.5055E+01,  2.8488E+00,  9.7713E+00,  1.9574E+00,  9.3572E+00,  1.0201E+01,  2.2598E+01,  1.8301E+00,  2.7692E+01,  3.0555E+00,  1.1045E+01,  3.0077E+00,  3.0077E+01,  3.3101E+00,  8.4344E+00,  1.1394E+00,  7.0340E+00,  0.0000E+00,  2.2598E+00,  7.2410E-01,  2.8488E+00,  1.7984E-01,  3.0077E+00,  4.0581E-01,  1.9574E+00,  2.2598E-01,  2.7055E+00,  2.5464E-01,  1.6550E+00,  1.6550E-01,  2.8488E+00,  4.2015E-01,  5.0129E+00,  3.4057E+00,  9.9939E+00,  1.4768E+00,  1.2796E+00,  1.7984E+00,  1.9574E+01,  1.1394E+00,  0.0000E+00,  0.0000E+00,  0.0000E+00,  0.0000E+00,  0.0000E+00,  0.0000E+00,  2.7055E-01,  0.0000E+00,  7.0340E-02
  4.5000E+00,  1.3423E+11,  2.9612E+09,  1.3104E+00,  1.6703E+00,  8.0330E+01,  2.7303E+07,  1.0032E+07,  8.0721E+07,  3.2688E+03,  1.0791E+07,  7.5159E+05,  1.4165E+07,  1.1389E+06,  1.1059E+07,  4.5805E+04,  2.2879E+06,  1.7280E+04,  2.3828E+05,  3.8933E+04,  7.6226E+05,  5.9481E+02,  3.2093E+04,  4.0597E+03,  2.0230E+05,  9.7469E+04,  1.2639E+07,  3.2513E+04,  6.0670E+05,  6.4937E+03,  1.0394E+04,  2.9717E+02,  1.0255E+03,  5.0399E+01,  5.6104E+02,  5.6713E+01,  2.7068E+02,  1.5917E+02,  3.7800E+02,  7.0313E+01,  1.5917E+02,  1.0516E+01,  3.2380E+01,  0.0000E+00,  2.7068E+01,  5.1258E+00,  1.7561E+01,  3.5143E+00,  1.6800E+01,  1.8326E+01,  4.0600E+01,  3.2899E+00,  4.9821E+01,  5.4863E+00,  1.9852E+01,  5.4005E+00,  5.4006E+01,  5.9434E+00,  1.5160E+01,  2.0466E+00,  1.2640E+01,  0.0000E+00,  4.0601E+00,  1.3021E+00,  5.1261E+00,  3.2382E-01,  5.4006E+00,  7.2938E-01,  3.5146E+00,  4.0601E-01,  4.8686E+00,  4.5842E-01,  2.9720E+00,  2.9720E-01,  5.1262E+00,  7.5556E-01,  9.0014E+00,  6.1181E+00,  1.7952E+01,  2.6531E+00,  2.3015E+00,  3.2384E+00,  3.5147E+01,  2.0467E+00,  0.0000E+00,  0.0000E+00,  0.0000E+00,  0.0000E+00,  0.0000E+00,  0.0000E+00,  4.8689E-01,  0.0000E+00,  1.2642E-01,  2.3724E+10,  8.0974E+08,  3.5860E-01,  4.5626E-01,  2.0111E+01,  6.8298E+06,  2.3728E+06,  2.2362E+07,  8.8267E+02,  2.9147E+06,  2.1576E+05,  4.0654E+06,  3.4849E+05,  3.3772E+06,  1.3395E+04,  6.6890E+05,  5.0549E+03,  6.9658E+04,  1.1388E+04,  2.2260E+05,  2.7158E+02,  1.4627E+04,  1.8539E+03,  9.2325E+04,  4.4516E+04,  5.7705E+06,  1.4879E+04,  2.7681E+05,  2.9642E+03,  4.7412E+03,  1.3576E+02,  4.6848E+02,  2.2985E+01,  2.5594E+02,  2.5861E+01,  1.2354E+02,  7.2714E+01,  1.7237E+02,  3.2116E+01,  7.2714E+01,  4.8040E+00,  1.4758E+01,  0.0000E+00,  1.2354E+01,  2.3377E+00,  8.0161E+00,  1.6055E+00,  7.6752E+00,  8.3686E+00,  1.8539E+01,  1.5015E+00,  2.2723E+01,  2.5066E+00,  9.0621E+00,  2.4674E+00,  2.4674E+01,  2.7153E+00,  6.9190E+00,  9.3466E-01,  5.7705E+00,  0.0000E+00,  1.8539E+00,  5.9410E-01,  2.3377E+00,  1.4758E-01,  2.4674E+00,  3.3292E-01,  1.6055E+00,  1.8539E-01,  2.2200E+00,  2.0898E-01,  1.3576E+00,  1.3576E-01,  2.3377E+00,  3.4474E-01,  4.1122E+00,  2.7942E+00,  8.1982E+00,  1.2115E+00,  1.0500E+00,  1.4758E+00,  1.6055E+01,  9.3466E-01,  0.0000E+00,  0.0000E+00,  0.0000E+00,  0.0000E+00,  0.0000E+00,  0.0000E+00,  2.2200E-01,  0.0000E+00,  5.7705E-02
  5.0000E+00,  1.2308E+11,  2.5880E+09,  1.1452E+00,  1.4601E+00,  7.1043E+01,  2.4149E+07,  8.9401E+06,  7.0457E+07,  2.8635E+03,  9.4525E+06,  6.5279E+05,  1.2304E+07,  9.7982E+05,  9.5171E+06,  3.9672E+04,  1.9817E+06,  1.4966E+04,  2.0639E+05,  3.3719E+04,  6.6033E+05,  4.7388E+02,  2.5579E+04,  3.2342E+03,  1.6119E+05,  7.7649E+04,  1.0070E+07,  2.5889E+04,  4.8344E+05,  5.1737E+03,  8.2826E+03,  2.3672E+02,  8.1692E+02,  4.0163E+01,  4.4707E+02,  4.5195E+01,  2.1566E+02,  1.2679E+02,  3.0124E+02,  5.6013E+01,  1.2679E+02,  8.3774E+00,  2.5807E+01,  0.0000E+00,  2.1566E+01,  4.0847E+00,  1.3992E+01,  2.7995E+00,  1.3383E+01,  1.4600E+01,  3.2345E+01,  2.6214E+00,  3.9702E+01,  4.3702E+00,  1.5817E+01,  4.3019E+00,  4.3020E+01,  4.7344E+00,  1.2080E+01,  1.6304E+00,  1.0071E+01,  0.0000E+00,  3.2346E+00,  1.0376E+00,  4.0851E+00,  2.5810E-01,  4.3020E+00,  5.8114E-01,  2.7997E+00,  3.2346E-01,  3.8800E+00,  3.6535E-01,  2.3675E+00,  2.3675E-01,  4.0852E+00,  6.0204E-01,  7.1705E+00,  4.8738E+00,  1.4302E+01,  2.1137E+00,  1.8338E+00,  2.5811E+00,  2.7999E+01,  1.6306E+00,  0.0000E+00,  0.0000E+00,  0.0000E+00,  0.0000E+00,  0.0000E+00,  0.0000E+00,  3.8802E-01,  0.0000E+00,  1.0072E-01,  2.0890E+10,  6.8298E+08,  3.0213E-01,  3.8476E-01,  1.7036E+01,  5.7857E+06,  1.9954E+06,  1.8694E+07,  7.3845E+02,  2.4386E+06,  1.7943E+05,  3.3788E+06,  2.8795E+05,  2.7922E+06,  1.1136E+04,  5.5596E+05,  4.2017E+03,  5.7917E+04,  9.4659E+03,  1.8510E+05,  2.1214E+02,  1.1430E+04,  1.4481E+03,  7.2133E+04,  3.4765E+04,  4.5070E+06,  1.1616E+04,  2.1623E+05,  2.3158E+03,  3.7052E+03,  1.0602E+02,  3.6570E+02,  1.7959E+01,  1.9996E+02,  2.0210E+01,  9.6519E+01,  5.6788E+01,  1.3467E+02,  2.5083E+01,  5.6788E+01,  3.7518E+00,  1.1532E+01,  0.0000E+00,  9.6519E+00,  1.8266E+00,  6.2610E+00,  1.2537E+00,  5.9932E+00,  6.5363E+00,  1.4481E+01,  1.1728E+00,  1.7754E+01,  1.9577E+00,  7.0794E+00,  1.9270E+00,  1.9270E+01,  2.1205E+00,  5.4035E+00,  7.2990E-01,  4.5070E+00,  0.0000E+00,  1.4481E+00,  4.6409E-01,  1.8266E+00,  1.1532E-01,  1.9270E+00,  2.6004E-01,  1.2537E+00,  1.4481E-01,  1.7345E+00,  1.6331E-01,  1.0602E+00,  1.0602E-01,  1.8266E+00,  2.6934E-01,  3.2114E+00,  2.1828E+00,  6.4024E+00,  9.4622E-01,  8.2047E-01,  1.1532E+00,  1.2537E+01,  7.2990E-01,  0.0000E+00,  0.0000E+00,  0.0000E+00,  0.0000E+00,  0.0000E+00,  0.0000E+00,  1.7345E-01,  0.0000E+00,  4.5070E-02
  5.5000E+00,  1.1314E+11,  2.2782E+09,  1.0082E+00,  1.2855E+00,  6.3294E+01,  2.1517E+07,  8.0367E+06,  6.2027E+07,  2.5303E+03,  8.3522E+06,  5.7215E+05,  1.0786E+07,  8.5098E+05,  8.2673E+06,  3.4669E+04,  1.7320E+06,  1.3078E+04,  1.8036E+05,  2.9467E+04,  5.7716E+05,  3.8267E+02,  2.0663E+04,  2.6117E+03,  1.3017E+05,  6.2704E+04,  8.1322E+06,  2.0896E+04,  3.9047E+05,  4.1779E+03,  6.6890E+03,  1.9114E+02,  6.5977E+02,  3.2440E+01,  3.6109E+02,  3.6503E+01,  1.7416E+02,  1.0238E+02,  2.4333E+02,  4.5229E+01,  1.0238E+02,  6.7645E+00,  2.0848E+01,  0.0000E+00,  1.7416E+01,  3.2992E+00,  1.1300E+01,  2.2606E+00,  1.0807E+01,  1.1790E+01,  2.6119E+01,  2.1171E+00,  3.2067E+01,  3.5285E+00,  1.2773E+01,  3.4734E+00,  3.4735E+01,  3.8229E+00,  9.7569E+00,  1.3167E+00,  8.1334E+00,  0.0000E+00,  2.6120E+00,  8.3803E-01,  3.2996E+00,  2.0850E-01,  3.4736E+00,  4.6935E-01,  2.2609E+00,  2.6120E-01,  3.1341E+00,  2.9511E-01,  1.9117E+00,  1.9117E-01,  3.2996E+00,  4.8622E-01,  5.7900E+00,  3.9353E+00,  1.1550E+01,  1.7069E+00,  1.4810E+00,  2.0851E+00,  2.2610E+01,  1.3168E+00,  0.0000E+00,  0.0000E+00,  0.0000E+00,  0.0000E+00,  0.0000E+00,  0.0000E+00,  3.1344E-01,  0.0000E+00,  8.1346E-02,  1.8864E+10,  5.5622E+08,  2.4566E-01,  3.1325E-01,  1.3960E+01,  4.7416E+06,  1.6180E+06,  1.5025E+07,  5.9422E+02,  1.9624E+06,  1.4311E+05,  2.6922E+06,  2.2742E+05,  2.2071E+06,  8.8769E+03,  4.4301E+05,  3.3485E+03,  4.6176E+04,  7.5442E+03,  1.4760E+05,  1.5270E+02,  8.2327E+03,  1.0422E+03,  5.1942E+04,  2.5014E+04,  3.2435E+06,  8.3539E+03,  1.5566E+05,  1.6674E+03,  2.6692E+03,  7.6286E+01,  2.6291E+02,  1.2933E+01,  1.4397E+02,  1.4558E+01,  6.9502E+01,  4.0862E+01,  9.6967E+01,  1.8051E+01,  4.0862E+01,  2.6995E+00,  8.3065E+00,  0.0000E+00,  6.9502E+00,  1.3155E+00,  4.5059E+00,  9.0187E-01,  4.3112E+00,  4.7040E+00,  1.0422E+01,  8.4410E-01,  1.2786E+01,  1.4089E+00,  5.0968E+00,  1.3867E+00,  1.3867E+01,  1.5257E+00,  3.8881E+00,  5.2514E-01,  3.2435E+00,  0.0000E+00,  1.0422E+00,  3.3408E-01,  1.3155E+00,  8.3065E-02,  1.3867E+00,  1.8715E-01,  9.0187E-01,  1.0422E-01,  1.2490E+00,  1.1765E-01,  7.6286E-01,  7.6286E-02,  1.3155E+00,  1.9393E-01,  2.3107E+00,  1.5714E+00,  4.6067E+00,  6.8093E-01,  5.9093E-01,  8.3065E-01,  9.0187E+00,  5.2514E-01,  0.0000E+00,  0.0000E+00,  0.0000E+00,  0.0000E+00,  0.0000E+00,  0.0000E+00,  1.2490E-01,  0.0000E+00,  3.2435E-02
  6.3000E+00,  9.9729E+10,  1.8901E+09,  8.3691E-01,  1.0670E+00,  5.3522E+01,  1.8197E+07,  6.9088E+06,  5.1617E+07,  2.1182E+03,  6.9912E+06,  4.7352E+05,  8.9315E+06,  6.9534E+05,  6.7561E+06,  2.8553E+04,  1.4268E+06,  1.0772E+04,  1.4854E+05,  2.4269E+04,  4.7544E+05,  2.8460E+02,  1.5373E+04,  1.9424E+03,  9.6804E+04,  4.6642E+04,  6.0495E+06,  1.5535E+04,  2.9049E+05,  3.1070E+03,  4.9739E+03,  1.4216E+02,  4.9104E+02,  2.4131E+01,  2.6860E+02,  2.7149E+01,  1.2951E+02,  7.6144E+01,  1.8104E+02,  3.3639E+01,  7.6142E+01,  5.0312E+00,  1.5511E+01,  0.0000E+00,  1.2951E+01,  2.4541E+00,  8.4062E+00,  1.6816E+00,  8.0389E+00,  8.7689E+00,  1.9426E+01,  1.5750E+00,  2.3853E+01,  2.6239E+00,  9.4990E+00,  2.5830E+00,  2.5831E+01,  2.8433E+00,  7.2602E+00,  9.7952E-01,  6.0506E+00,  0.0000E+00,  1.9427E+00,  6.2346E-01,  2.4545E+00,  1.5513E-01,  2.5832E+00,  3.4916E-01,  1.6819E+00,  1.9428E-01,  2.3317E+00,  2.1952E-01,  1.4219E+00,  1.4219E-01,  2.4545E+00,  3.6165E-01,  4.3063E+00,  2.9261E+00,  8.5920E+00,  1.2697E+00,  1.1014E+00,  1.5514E+00,  1.6820E+01,  9.7965E-01,  0.0000E+00,  0.0000E+00,  0.0000E+00,  0.0000E+00,  0.0000E+00,  0.0000E+00,  2.3320E-01,  0.0000E+00,  6.0518E-02,  1.4661E+10,  4.1409E+08,  1.8262E-01,  2.3322E-01,  1.0470E+01,  3.5570E+06,  1.2020E+06,  1.1000E+07,  4.3612E+02,  1.4403E+06,  1.0346E+05,  1.9442E+06,  1.6169E+05,  1.5710E+06,  6.4136E+03,  3.1995E+05,  2.4184E+03,  3.3368E+04,  5.4495E+03,  1.0670E+05,  9.2467E+01,  4.9914E+03,  6.3100E+02,  3.1472E+04,  1.5139E+04,  1.9635E+06,  5.0503E+03,  9.4285E+04,  1.0101E+03,  1.6184E+03,  4.6163E+01,  1.5892E+02,  7.8385E+00,  8.7231E+01,  8.8268E+00,  4.2110E+01,  2.4730E+01,  5.8760E+01,  1.0926E+01,  2.4730E+01,  1.6338E+00,  5.0362E+00,  0.0000E+00,  4.2110E+00,  7.9729E-01,  2.7281E+00,  5.4561E-01,  2.6082E+00,  2.8476E+00,  6.3100E+00,  5.1118E-01,  7.7489E+00,  8.5272E-01,  3.0873E+00,  8.3928E-01,  8.3928E+00,  9.2326E-01,  2.3535E+00,  3.1777E-01,  1.9635E+00,  0.0000E+00,  6.3100E-01,  2.0234E-01,  7.9729E-01,  5.0362E-02,  8.3928E-01,  1.1332E-01,  5.4561E-01,  6.3100E-02,  7.5697E-01,  7.1331E-02,  4.6163E-01,  4.6163E-02,  7.9729E-01,  1.1749E-01,  1.3983E+00,  9.5155E-01,  2.7880E+00,  4.1219E-01,  3.5817E-01,  5.0362E-01,  5.4561E+00,  3.1777E-01,  0.0000E+00,  0.0000E+00,  0.0000E+00,  0.0000E+00,  0.0000E+00,  0.0000E+00,  7.5697E-02,  0.0000E+00,  1.9635E-02
  7.1000E+00,  8.8991E+10,  1.5888E+09,  7.0396E-01,  8.9720E-01,  4.5909E+01,  1.5611E+07,  6.0305E+06,  4.3611E+07,  1.8004E+03,  5.9419E+06,  3.9846E+05,  7.5204E+06,  5.7852E+05,  5.6211E+06,  2.3899E+04,  1.1946E+06,  9.0166E+03,  1.2433E+05,  2.0314E+04,  3.9800E+05,  2.1931E+02,  1.1848E+04,  1.4968E+03,  7.4582E+04,  3.5949E+04,  4.6627E+06,  1.1969E+04,  2.2389E+05,  2.3938E+03,  3.8313E+03,  1.0956E+02,  3.7876E+02,  1.8596E+01,  2.0700E+02,  2.0917E+01,  9.9782E+01,  5.8679E+01,  1.3954E+02,  2.5922E+01,  5.8677E+01,  3.8774E+00,  1.1954E+01,  0.0000E+00,  9.9779E+00,  1.8911E+00,  6.4794E+00,  1.2963E+00,  6.1966E+00,  6.7580E+00,  1.4970E+01,  1.2140E+00,  1.8381E+01,  2.0218E+00,  7.3190E+00,  1.9904E+00,  1.9905E+01,  2.1913E+00,  5.5978E+00,  7.5509E-01,  4.6639E+00,  0.0000E+00,  1.4971E+00,  4.8056E-01,  1.8915E+00,  1.1956E-01,  1.9905E+00,  2.6912E-01,  1.2965E+00,  1.4971E-01,  1.7970E+00,  1.6915E-01,  1.0959E+00,  1.0959E-01,  1.8915E+00,  2.7869E-01,  3.3189E+00,  2.2543E+00,  6.6230E+00,  9.7855E-01,  8.4846E-01,  1.1957E+00,  1.2966E+01,  7.5522E-01,  0.0000E+00,  0.0000E+00,  0.0000E+00,  0.0000E+00,  0.0000E+00,  0.0000E+00,  1.7973E-01,  0.0000E+00,  4.6651E-02,  1.2184E+10,  3.3903E+08,  1.4976E-01,  1.9118E-01,  8.5610E+00,  2.9098E+06,  9.9367E+05,  9.0150E+06,  3.5834E+02,  1.1830E+06,  8.4203E+04,  1.5836E+06,  1.3036E+05,  1.2664E+06,  5.2224E+03,  2.6061E+05,  1.9692E+03,  2.7167E+04,  4.4378E+03,  8.6899E+04,  7.0765E+01,  3.8220E+03,  4.8305E+02,  2.4086E+04,  1.1593E+04,  1.5034E+06,  3.8646E+03,  7.2202E+04,  7.7291E+02,  1.2382E+03,  3.5339E+01,  1.2177E+02,  6.0001E+00,  6.6780E+01,  6.7545E+00,  3.2222E+01,  1.8932E+01,  4.4999E+01,  8.3645E+00,  1.8932E+01,  1.2508E+00,  3.8559E+00,  0.0000E+00,  3.2222E+00,  6.1019E-01,  2.0890E+00,  4.1779E-01,  1.9974E+00,  2.1797E+00,  4.8305E+00,  3.9151E-01,  5.9322E+00,  6.5256E-01,  2.3628E+00,  6.4239E-01,  6.4239E+00,  7.0679E-01,  1.8025E+00,  2.4330E-01,  1.5034E+00,  0.0000E+00,  4.8305E-01,  1.5492E-01,  6.1019E-01,  3.8559E-02,  6.4239E-01,  8.6778E-02,  4.1779E-01,  4.8305E-02,  5.7965E-01,  5.4579E-02,  3.5339E-01,  3.5339E-02,  6.1019E-01,  8.9918E-02,  1.0704E+00,  7.2801E-01,  2.1347E+00,  3.1559E-01,  2.7408E-01,  3.8559E-01,  4.1779E+00,  2.4330E-01,  0.0000E+00,  0.0000E+00,  0.0000E+00,  0.0000E+00,  0.0000E+00,  0.0000E+00,  5.7965E-02,  0.0000E+00,  1.5034E-02
  8.0000E+00,  7.8939E+10,  1.3217E+09,  5.8580E-01,  7.4643E-01,  3.9171E+01,  1.3320E+07,  5.2417E+06,  3.6503E+07,  1.5173E+03,  5.0074E+06,  3.3243E+05,  6.2778E+06,  4.7706E+05,  4.6355E+06,  1.9802E+04,  9.9005E+05,  7.4718E+03,  1.0302E+05,  1.6833E+04,  3.2981E+05,  1.6661E+02,  9.0002E+03,  1.1369E+03,  5.6644E+04,  2.7311E+04,  3.5426E+06,  9.0909E+03,  1.7009E+05,  1.8182E+03,  2.9094E+03,  8.3237E+01,  2.8797E+02,  1.4126E+01,  1.5725E+02,  1.5887E+01,  7.5789E+01,  4.4575E+01,  1.0600E+02,  1.9691E+01,  4.4573E+01,  2.9455E+00,  9.0810E+00,  0.0000E+00,  7.5785E+00,  1.4366E+00,  4.9229E+00,  9.8495E-01,  4.7082E+00,  5.1344E+00,  1.1371E+01,  9.2217E-01,  1.3961E+01,  1.5358E+00,  5.5593E+00,  1.5119E+00,  1.5120E+01,  1.6648E+00,  4.2545E+00,  5.7381E-01,  3.5438E+00,  0.0000E+00,  1.1372E+00,  3.6515E-01,  1.4370E+00,  9.0832E-02,  1.5120E+00,  2.0445E-01,  9.8520E-01,  1.1373E-01,  1.3651E+00,  1.2851E-01,  8.3266E-01,  8.3266E-02,  1.4371E+00,  2.1172E-01,  2.5216E+00,  1.7123E+00,  5.0324E+00,  7.4342E-01,  6.4436E-01,  9.0845E-01,  9.8532E+00,  5.7394E-01,  0.0000E+00,  0.0000E+00,  0.0000E+00,  0.0000E+00,  0.0000E+00,  0.0000E+00,  1.3654E-01,  0.0000E+00,  3.5450E-02,  1.0155E+10,  2.5459E+08,  1.1281E-01,  1.4388E-01,  6.4132E+00,  2.1816E+06,  7.5931E+05,  6.7816E+06,  2.7084E+02,  8.9355E+05,  6.2542E+04,  1.1779E+06,  9.5111E+04,  9.2377E+05,  3.8824E+03,  1.9385E+05,  1.4637E+03,  2.0191E+04,  3.2996E+03,  6.4626E+04,  4.6350E+01,  2.5064E+03,  3.1662E+02,  1.5776E+04,  7.6035E+03,  9.8572E+05,  2.5306E+03,  4.7359E+04,  5.0612E+02,  8.1048E+02,  2.3162E+01,  7.9979E+01,  3.9319E+00,  4.3773E+01,  4.4232E+00,  2.1097E+01,  1.2409E+01,  2.9518E+01,  5.4824E+00,  1.2409E+01,  8.2007E-01,  2.5281E+00,  0.0000E+00,  2.1097E+00,  3.9969E-01,  1.3700E+00,  2.7400E-01,  1.3103E+00,  1.4283E+00,  3.1662E+00,  2.5690E-01,  3.8885E+00,  4.2739E-01,  1.5477E+00,  4.2088E-01,  4.2088E+00,  4.6325E-01,  1.1826E+00,  1.5953E-01,  9.8572E-01,  0.0000E+00,  3.1662E-01,  1.0156E-01,  3.9969E-01,  2.5281E-02,  4.2088E-01,  5.6918E-02,  2.7400E-01,  3.1662E-02,  3.8017E-01,  3.5732E-02,  2.3162E-01,  2.3162E-02,  3.9969E-01,  5.8895E-02,  7.0138E-01,  4.7651E-01,  1.3998E+00,  2.0692E-01,  1.7948E-01,  2.5281E-01,  2.7400E+00,  1.5953E-01,  0.0000E+00,  0.0000E+00,  0.0000E+00,  0.0000E+00,  0.0000E+00,  0.0000E+00,  3.8017E-02,  0.0000E+00,  9.8572E-03
  9.0000E+00,  6.9873E+10,  1.0951E+09,  4.8530E-01,  6.1829E-01,  3.3438E+01,  1.1369E+07,  4.5589E+06,  3.0457E+07,  1.2753E+03,  4.2093E+06,  2.7695E+05,  5.2325E+06,  3.9329E+05,  3.8219E+06,  1.6356E+04,  8.1798E+05,  6.1728E+03,  8.5101E+04,  1.3904E+04,  2.7245E+05,  1.2743E+02,  6.8810E+03,  8.6925E+02,  4.3310E+04,  2.0882E+04,  2.7092E+06,  6.9522E+03,  1.3005E+05,  1.3905E+03,  2.2245E+03,  6.3656E+01,  2.2031E+02,  1.0803E+01,  1.2025E+02,  1.2149E+01,  5.7959E+01,  3.4085E+01,  8.1046E+01,  1.5057E+01,  3.4083E+01,  2.2522E+00,  6.9436E+00,  0.0000E+00,  5.7955E+00,  1.0988E+00,  3.7646E+00,  7.5328E-01,  3.6003E+00,  3.9270E+00,  8.6950E+00,  7.0493E-01,  1.0674E+01,  1.1746E+00,  4.2512E+00,  1.1561E+00,  1.1562E+01,  1.2732E+00,  3.2544E+00,  4.3892E-01,  2.7104E+00,  0.0000E+00,  8.6959E-01,  2.7928E-01,  1.0992E+00,  6.9458E-02,  1.1563E+00,  1.5633E-01,  7.5353E-01,  8.6963E-02,  1.0437E+00,  9.8315E-02,  6.3685E-01,  6.3685E-02,  1.0993E+00,  1.6194E-01,  1.9287E+00,  1.3096E+00,  3.8488E+00,  5.6848E-01,  4.9269E-01,  6.9471E-01,  7.5365E+00,  4.3905E-01,  0.0000E+00,  0.0000E+00,  0.0000E+00,  0.0000E+00,  0.0000E+00,  0.0000E+00,  1.0440E-01,  0.0000E+00,  2.7116E-02,  7.9757E+09,  1.9870E+08,  8.8186E-02,  1.1240E-01,  5.0535E+00,  1.7198E+06,  6.0624E+05,  5.3099E+06,  2.1306E+02,  7.0278E+05,  4.8403E+04,  9.1273E+05,  7.2429E+04,  7.0343E+05,  3.0087E+03,  1.5030E+05,  1.1343E+03,  1.5647E+04,  2.5575E+03,  5.0098E+04,  3.2003E+01,  1.7318E+03,  2.1868E+02,  1.0891E+04,  5.2545E+03,  6.8111E+05,  1.7469E+03,  3.2729E+04,  3.4937E+02,  5.5929E+02,  1.6000E+01,  5.5345E+01,  2.7155E+00,  3.0237E+01,  3.0532E+00,  1.4562E+01,  8.5716E+00,  2.0400E+01,  3.7869E+00,  8.5716E+00,  5.6653E-01,  1.7466E+00,  0.0000E+00,  1.4562E+00,  2.7598E-01,  9.4671E-01,  1.8934E-01,  9.0555E-01,  9.8648E-01,  2.1868E+00,  1.7758E-01,  2.6858E+00,  2.9505E-01,  1.0685E+00,  2.9063E-01,  2.9063E+00,  3.1997E-01,  8.1766E-01,  1.1025E-01,  6.8111E-01,  0.0000E+00,  2.1868E-01,  7.0169E-02,  2.7598E-01,  1.7466E-02,  2.9063E-01,  3.9334E-02,  1.8934E-01,  2.1868E-02,  2.6271E-01,  2.4663E-02,  1.6000E-01,  1.6000E-02,  2.7598E-01,  4.0661E-02,  4.8440E-01,  3.2882E-01,  9.6729E-01,  1.4295E-01,  1.2387E-01,  1.7466E-01,  1.8934E+00,  1.1025E-01,  0.0000E+00,  0.0000E+00,  0.0000E+00,  0.0000E+00,  0.0000E+00,  0.0000E+00,  2.6271E-02,  0.0000E+00,  6.8111E-03
  1.0000E+01,  6.2487E+10,  9.1319E+08,  4.0460E-01,  5.1543E-01,  2.8763E+01,  9.7780E+06,  3.9977E+06,  2.5586E+07,  1.0796E+03,  3.5635E+06,  2.3270E+05,  4.3978E+06,  3.2736E+05,  3.1815E+06,  1.3603E+04,  6.8047E+05,  5.1350E+03,  7.0785E+04,  1.1564E+04,  2.2661E+05,  9.8848E+01,  5.3347E+03,  6.7399E+02,  3.3585E+04,  1.6190E+04,  2.1009E+06,  5.3922E+03,  1.0082E+05,  1.0784E+03,  1.7250E+03,  4.9367E+01,  1.7088E+02,  8.3777E+00,  9.3246E+01,  9.4223E+00,  4.4954E+01,  2.6431E+01,  6.2831E+01,  1.1675E+01,  2.6429E+01,  1.7463E+00,  5.3841E+00,  0.0000E+00,  4.4950E+00,  8.5234E-01,  2.9192E+00,  5.8421E-01,  2.7917E+00,  3.0460E+00,  6.7423E+00,  5.4638E-01,  8.2760E+00,  9.1108E-01,  3.2970E+00,  8.9661E-01,  8.9670E+00,  9.8743E-01,  2.5241E+00,  3.4046E-01,  2.1021E+00,  0.0000E+00,  6.7433E-01,  2.1662E-01,  8.5271E-01,  5.3863E-02,  8.9673E-01,  1.2120E-01,  5.8445E-01,  6.7437E-02,  8.0911E-01,  7.6287E-02,  4.9396E-01,  4.9396E-02,  8.5278E-01,  1.2563E-01,  1.4961E+00,  1.0160E+00,  2.9851E+00,  4.4084E-01,  3.8208E-01,  5.3876E-01,  5.8458E+00,  3.4059E-01,  0.0000E+00,  0.0000E+00,  0.0000E+00,  0.0000E+00,  0.0000E+00,  0.0000E+00,  8.0939E-02,  0.0000E+00,  2.1033E-02,  6.7962E+09,  1.6508E+08,  7.3225E-02,  9.3309E-02,  4.2967E+00,  1.4619E+06,  5.1622E+05,  4.4314E+06,  1.7844E+02,  5.8883E+05,  4.0096E+04,  7.5660E+05,  5.9425E+04,  5.7731E+05,  2.4964E+03,  1.2472E+05,  9.4120E+02,  1.2985E+04,  2.1221E+03,  4.1574E+04,  2.5162E+01,  1.3609E+03,  1.7184E+02,  8.5599E+03,  4.1294E+03,  5.3541E+05,  1.3733E+03,  2.5718E+04,  2.7465E+02,  4.3969E+02,  1.2577E+01,  4.3516E+01,  2.1345E+00,  2.3765E+01,  2.3999E+00,  1.1448E+01,  6.7362E+00,  1.6029E+01,  2.9762E+00,  6.7362E+00,  4.4518E-01,  1.3726E+00,  0.0000E+00,  1.1448E+00,  2.1696E-01,  7.4404E-01,  1.4881E-01,  7.1158E-01,  7.7555E-01,  1.7184E+00,  1.3952E-01,  2.1104E+00,  2.3195E-01,  8.3976E-01,  2.2844E-01,  2.2844E+00,  2.5148E-01,  6.4283E-01,  8.6673E-02,  5.3541E-01,  0.0000E+00,  1.7184E-01,  5.5164E-02,  2.1696E-01,  1.3726E-02,  2.2844E-01,  3.0910E-02,  1.4881E-01,  1.7184E-02,  2.0643E-01,  1.9392E-02,  1.2577E-01,  1.2577E-02,  2.1696E-01,  3.1962E-02,  3.8076E-01,  2.5849E-01,  7.6027E-01,  1.1233E-01,  9.7344E-02,  1.3726E-01,  1.4881E+00,  8.6673E-02,  0.0000E+00,  0.0000E+00,  0.0000E+00,  0.0000E+00,  0.0000E+00,  0.0000E+00,  2.0643E-02,  0.0000E+00,  5.3541E-03
  1.1000E+01,  5.6123E+10,  7.6492E+08,  3.3885E-01,  4.3167E-01,  2.4844E+01,  8.4450E+06,  3.5265E+06,  2.1594E+07,  9.1843E+02,  3.0316E+06,  1.9676E+05,  3.7193E+06,  2.7444E+05,  2.6673E+06,  1.1363E+04,  5.6853E+05,  4.2904E+03,  5.9131E+04,  9.6598E+03,  1.8930E+05,  7.7107E+01,  4.1593E+03,  5.2556E+02,  2.6191E+04,  1.2623E+04,  1.6383E+06,  4.2057E+03,  7.8611E+04,  8.4115E+02,  1.3451E+03,  3.8502E+01,  1.3328E+02,  6.5337E+00,  7.2716E+01,  7.3490E+00,  3.5062E+01,  2.0612E+01,  4.8987E+01,  9.1042E+00,  2.0610E+01,  1.3618E+00,  4.1985E+00,  0.0000E+00,  3.5059E+00,  6.6489E-01,  2.2765E+00,  4.5566E-01,  2.1771E+00,  2.3759E+00,  5.2581E+00,  4.2589E-01,  6.4533E+00,  7.1068E-01,  2.5716E+00,  6.9927E-01,  6.9936E+00,  7.7021E-01,  1.9687E+00,  2.6558E-01,  1.6395E+00,  0.0000E+00,  5.2590E-01,  1.6895E-01,  6.6526E-01,  4.2007E-02,  6.9939E-01,  9.4507E-02,  4.5591E-01,  5.2595E-02,  6.3081E-01,  5.9530E-02,  3.8531E-01,  3.8530E-02,  6.6533E-01,  9.8019E-02,  1.1672E+00,  7.9263E-01,  2.3283E+00,  3.4381E-01,  2.9800E-01,  4.2020E-01,  4.5603E+00,  2.6570E-01,  0.0000E+00,  0.0000E+00,  0.0000E+00,  0.0000E+00,  0.0000E+00,  0.0000E+00,  6.3109E-02,  0.0000E+00,  1.6407E-02,  5.9316E+09,  1.3146E+08,  5.8264E-02,  7.4216E-02,  3.5400E+00,  1.2040E+06,  4.2619E+05,  3.5528E+06,  1.4382E+02,  4.7488E+05,  3.1789E+04,  6.0046E+05,  4.6421E+04,  4.5118E+05,  1.9840E+03,  9.9149E+04,  7.4810E+02,  1.0323E+04,  1.6868E+03,  3.3050E+04,  1.8320E+01,  9.8987E+02,  1.2500E+02,  6.2288E+03,  3.0042E+03,  3.8972E+05,  9.9967E+02,  1.8707E+04,  1.9993E+02,  3.2009E+02,  9.1545E+00,  3.1686E+01,  1.5534E+00,  1.7294E+01,  1.7467E+00,  8.3342E+00,  4.9009E+00,  1.1658E+01,  2.1655E+00,  4.9009E+00,  3.2384E-01,  9.9852E-01,  0.0000E+00,  8.3342E-01,  1.5794E-01,  5.4137E-01,  1.0827E-01,  5.1761E-01,  5.6461E-01,  1.2500E+00,  1.0147E-01,  1.5350E+00,  1.6884E-01,  6.1100E-01,  1.6625E-01,  1.6625E+00,  1.8298E-01,  4.6799E-01,  6.3101E-02,  3.8972E-01,  0.0000E+00,  1.2500E-01,  4.0160E-02,  1.5794E-01,  9.9852E-03,  1.6625E-01,  2.2486E-02,  1.0827E-01,  1.2500E-02,  1.5015E-01,  1.4121E-02,  9.1545E-02,  9.1545E-03,  1.5794E-01,  2.3264E-02,  2.7712E-01,  1.8817E-01,  5.5325E-01,  8.1716E-02,  7.0814E-02,  9.9852E-02,  1.0827E+00,  6.3101E-02,  0.0000E+00,  0.0000E+00,  0.0000E+00,  0.0000E+00,  0.0000E+00,  0.0000E+00,  1.5015E-02,  0.0000E+00,  3.8972E-03
  1.2000E+01,  5.0691E+10,  6.5027E+08,  2.8807E-01,  3.6700E-01,  2.1683E+01,  7.3700E+06,  3.1453E+06,  1.8481E+07,  7.9192E+02,  2.6137E+06,  1.6912E+05,  3.1969E+06,  2.3452E+05,  2.2792E+06,  9.6354E+03,  4.8217E+05,  3.6388E+03,  5.0138E+04,  8.1907E+03,  1.6051E+05,  6.2207E+01,  3.3549E+03,  4.2398E+02,  2.1127E+04,  1.0182E+04,  1.3215E+06,  3.3928E+03,  6.3409E+04,  6.7858E+02,  1.0848E+03,  3.1058E+01,  1.0750E+02,  5.2708E+00,  5.8658E+01,  5.9289E+00,  2.8285E+01,  1.6629E+01,  3.9515E+01,  7.3441E+00,  1.6627E+01,  1.0986E+00,  3.3870E+00,  0.0000E+00,  2.8282E+00,  5.3646E-01,  1.8364E+00,  3.6766E-01,  1.7565E+00,  1.9168E+00,  4.2423E+00,  3.4344E-01,  5.2060E+00,  5.7340E-01,  2.0750E+00,  5.6412E-01,  5.6421E+00,  6.2148E-01,  1.5881E+00,  2.1426E-01,  1.3227E+00,  0.0000E+00,  4.2432E-01,  1.3630E-01,  5.3683E-01,  3.3892E-02,  5.6424E-01,  7.6234E-02,  3.6791E-01,  4.2436E-02,  5.0880E-01,  4.8045E-02,  3.1087E-01,  3.1087E-02,  5.3690E-01,  7.9104E-02,  9.4189E-01,  6.3962E-01,  1.8786E+00,  2.7741E-01,  2.4045E-01,  3.3905E-01,  3.6803E+00,  2.1439E-01,  0.0000E+00,  0.0000E+00,  0.0000E+00,  0.0000E+00,  0.0000E+00,  0.0000E+00,  5.0908E-02,  0.0000E+00,  1.3239E-02,  4.9321E+09,  9.7839E+07,  4.3303E-02,  5.5123E-02,  2.7832E+00,  9.4608E+05,  3.3616E+05,  2.6743E+06,  1.0920E+02,  3.6093E+05,  2.3482E+04,  4.4433E+05,  3.3417E+04,  3.2506E+05,  1.4717E+03,  7.3576E+04,  5.5500E+02,  7.6617E+03,  1.2514E+03,  2.4525E+04,  1.1479E+01,  6.1889E+02,  7.8163E+01,  3.8976E+03,  1.8791E+03,  2.4402E+05,  6.2608E+02,  1.1696E+04,  1.2522E+02,  2.0049E+02,  5.7317E+00,  1.9856E+01,  9.7239E-01,  1.0822E+01,  1.0934E+00,  5.2202E+00,  3.0656E+00,  7.2872E+00,  1.3548E+00,  3.0656E+00,  2.0250E-01,  6.2450E-01,  0.0000E+00,  5.2202E-01,  9.8921E-02,  3.3870E-01,  6.7740E-02,  3.2363E-01,  3.5368E-01,  7.8163E-01,  6.3413E-02,  9.5960E-01,  1.0574E-01,  3.8223E-01,  1.0405E-01,  1.0405E+00,  1.1448E-01,  2.9316E-01,  3.9528E-02,  2.4402E-01,  0.0000E+00,  7.8163E-02,  2.5155E-02,  9.8921E-02,  6.2450E-03,  1.0405E-01,  1.4061E-02,  6.7740E-02,  7.8163E-03,  9.3876E-02,  8.8499E-03,  5.7317E-02,  5.7317E-03,  9.8921E-02,  1.4566E-02,  1.7348E-01,  1.1784E-01,  3.4623E-01,  5.1098E-02,  4.4284E-02,  6.2450E-02,  6.7740E-01,  3.9528E-02,  0.0000E+00,  0.0000E+00,  0.0000E+00,  0.0000E+00,  0.0000E+00,  0.0000E+00,  9.3876E-03,  0.0000E+00,  2.4402E-03
  1.4000E+01,  4.2121E+10,  4.8060E+08,  2.1298E-01,  2.7139E-01,  1.6773E+01,  5.7011E+06,  2.5439E+06,  1.3819E+07,  6.0191E+02,  1.9857E+06,  1.2832E+05,  2.4247E+06,  1.7655E+05,  1.7152E+06,  7.0820E+03,  3.5448E+05,  2.6756E+03,  3.6846E+04,  6.0195E+03,  1.1796E+05,  4.3074E+01,  2.3236E+03,  2.9372E+02,  1.4632E+04,  7.0506E+03,  9.1485E+05,  2.3494E+03,  4.3917E+04,  4.6990E+02,  7.5072E+02,  2.1507E+01,  7.4415E+01,  3.6503E+00,  4.0624E+01,  4.1067E+00,  1.9586E+01,  1.1521E+01,  2.7372E+01,  5.0865E+00,  1.1519E+01,  7.6116E-01,  2.3463E+00,  0.0000E+00,  1.9582E+00,  3.7158E-01,  1.2720E+00,  2.5475E-01,  1.2172E+00,  1.3273E+00,  2.9397E+00,  2.3781E-01,  3.6071E+00,  3.9718E-01,  1.4380E+00,  3.9073E-01,  3.9082E+00,  4.3068E-01,  1.0996E+00,  1.4838E-01,  9.1604E-01,  0.0000E+00,  2.9406E-01,  9.4379E-02,  3.7196E-01,  2.3485E-02,  3.9085E-01,  5.2806E-02,  2.5500E-01,  2.9410E-02,  3.5241E-01,  3.3292E-02,  2.1536E-01,  2.1535E-02,  3.7203E-01,  5.4828E-02,  6.5276E-01,  4.4323E-01,  1.3016E+00,  1.9226E-01,  1.6665E-01,  2.3498E-01,  2.5512E+00,  1.4851E-01,  0.0000E+00,  0.0000E+00,  0.0000E+00,  0.0000E+00,  0.0000E+00,  0.0000E+00,  3.5269E-02,  0.0000E+00,  9.1724E-03,  3.6382E+09,  7.1832E+07,  3.1792E-02,  4.0487E-02,  2.1263E+00,  7.2283E+05,  2.6524E+05,  1.9877E+06,  8.0817E+01,  2.6712E+05,  1.7318E+04,  3.2785E+05,  2.4555E+04,  2.3887E+05,  1.0817E+03,  5.4117E+04,  4.0820E+02,  5.6302E+03,  9.1978E+02,  1.8029E+04,  7.6535E+00,  4.1242E+02,  5.2098E+01,  2.5978E+03,  1.2519E+03,  1.6261E+05,  4.1731E+02,  7.7956E+03,  8.3463E+01,  1.3359E+02,  3.8202E+00,  1.3234E+01,  6.4807E-01,  7.2116E+00,  7.2881E-01,  3.4792E+00,  2.0430E+00,  4.8551E+00,  9.0283E-01,  2.0430E+00,  1.3496E-01,  4.1624E-01,  0.0000E+00,  3.4792E-01,  6.5953E-02,  2.2574E-01,  4.5171E-02,  2.1570E-01,  2.3577E-01,  5.2098E-01,  4.2221E-02,  6.3935E-01,  7.0480E-02,  2.5476E-01,  6.9334E-02,  6.9334E-01,  7.6320E-02,  1.9534E-01,  2.6348E-02,  1.6261E-01,  0.0000E+00,  5.2098E-02,  1.6763E-02,  6.5953E-02,  4.1624E-03,  6.9334E-02,  9.3663E-03,  4.5171E-02,  5.2098E-03,  6.2514E-02,  5.9026E-03,  3.8202E-02,  3.8202E-03,  6.5953E-02,  9.7102E-03,  1.1565E-01,  7.8554E-02,  2.3075E-01,  3.4051E-02,  2.9513E-02,  4.1624E-02,  4.5171E-01,  2.6348E-02,  0.0000E+00,  0.0000E+00,  0.0000E+00,  0.0000E+00,  0.0000E+00,  0.0000E+00,  6.2514E-03,  0.0000E+00,  1.6261E-03
  1.6000E+01,  3.5639E+10,  3.5836E+08,  1.5886E-01,  2.0244E-01,  1.3083E+01,  4.4462E+06,  2.0722E+06,  1.0411E+07,  4.6412E+02,  1.5303E+06,  9.8693E+04,  1.8637E+06,  1.3440E+05,  1.3052E+06,  5.2379E+03,  2.6218E+05,  1.9794E+03,  2.7252E+04,  4.4517E+03,  8.7225E+04,  3.0497E+01,  1.6458E+03,  2.0808E+02,  1.0363E+04,  4.9936E+03,  6.4769E+05,  1.6637E+03,  3.1102E+04,  3.3276E+02,  5.3128E+02,  1.5229E+01,  5.2677E+01,  2.5854E+00,  2.8774E+01,  2.9090E+00,  1.3870E+01,  8.1630E+00,  1.9393E+01,  3.6029E+00,  8.1611E+00,  5.3931E-01,  1.6621E+00,  0.0000E+00,  1.3866E+00,  2.6319E-01,  9.0102E-01,  1.8047E-01,  8.6258E-01,  9.3993E-01,  2.0832E+00,  1.6846E-01,  2.5564E+00,  2.8137E-01,  1.0193E+00,  2.7682E-01,  2.7691E+00,  3.0522E-01,  7.7878E-01,  1.0510E-01,  6.4888E-01,  0.0000E+00,  2.0841E-01,  6.6843E-02,  2.6357E-01,  1.6643E-02,  2.7694E-01,  3.7418E-02,  1.8072E-01,  2.0846E-02,  2.4972E-01,  2.3591E-02,  1.5258E-01,  1.5258E-02,  2.6364E-01,  3.8870E-02,  4.6268E-01,  3.1414E-01,  9.2237E-01,  1.3629E-01,  1.1814E-01,  1.6656E-01,  1.8084E+00,  1.0522E-01,  0.0000E+00,  0.0000E+00,  0.0000E+00,  0.0000E+00,  0.0000E+00,  0.0000E+00,  2.5000E-02,  0.0000E+00,  6.5008E-03,  2.8437E+09,  5.0406E+07,  2.2327E-02,  2.8468E-02,  1.5645E+00,  5.3209E+05,  2.0645E+05,  1.4201E+06,  5.6974E+01,  1.8821E+05,  1.2314E+04,  2.3314E+05,  1.7598E+04,  1.7113E+05,  7.6232E+02,  3.8178E+04,  2.8801E+02,  3.9644E+03,  6.4803E+02,  1.2705E+04,  4.9230E+00,  2.6544E+02,  3.3546E+01,  1.6715E+03,  8.0514E+02,  1.0454E+05,  2.6838E+02,  5.0194E+03,  5.3676E+01,  8.5841E+01,  2.4569E+00,  8.5044E+00,  4.1682E-01,  4.6379E+00,  4.6882E-01,  2.2368E+00,  1.3146E+00,  3.1241E+00,  5.8078E-01,  1.3146E+00,  8.6886E-02,  2.6795E-01,  0.0000E+00,  2.2368E-01,  4.2437E-02,  1.4526E-01,  2.9101E-02,  1.3888E-01,  1.5163E-01,  3.3546E-01,  2.7132E-02,  4.1137E-01,  4.5331E-02,  1.6396E-01,  4.4576E-02,  4.4576E-01,  4.9146E-02,  1.2551E-01,  1.6941E-02,  1.0454E-01,  0.0000E+00,  3.3546E-02,  1.0773E-02,  4.2437E-02,  2.6795E-03,  4.4576E-02,  6.0218E-03,  2.9101E-02,  3.3546E-03,  4.0173E-02,  3.7992E-03,  2.4569E-02,  2.4569E-03,  4.2437E-02,  6.2481E-03,  7.4432E-02,  5.0530E-02,  1.4845E-01,  2.1914E-02,  1.8996E-02,  2.6796E-02,  2.9101E-01,  1.6942E-02,  0.0000E+00,  0.0000E+00,  0.0000E+00,  0.0000E+00,  0.0000E+00,  0.0000E+00,  4.0175E-03,  0.0000E+00,  1.0455E-03
  1.8000E+01,  3.0564E+10,  2.7410E+08,  1.2153E-01,  1.5481E-01,  1.0398E+01,  3.5330E+06,  1.7073E+06,  8.0135E+06,  3.6838E+02,  1.2142E+06,  7.7925E+04,  1.4706E+06,  1.0466E+05,  1.0161E+06,  3.9634E+03,  1.9832E+05,  1.4976E+03,  2.0626E+04,  3.3684E+03,  6.5984E+04,  2.2675E+01,  1.2239E+03,  1.5474E+02,  7.7065E+03,  3.7144E+03,  4.8163E+05,  1.2374E+03,  2.3123E+04,  2.4748E+02,  3.9498E+02,  1.1326E+01,  3.9172E+01,  1.9232E+00,  2.1406E+01,  2.1641E+00,  1.0317E+01,  6.0737E+00,  1.4429E+01,  2.6800E+00,  6.0719E+00,  4.0120E-01,  1.2362E+00,  0.0000E+00,  1.0313E+00,  1.9576E-01,  6.7018E-01,  1.3420E-01,  6.4179E-01,  6.9903E-01,  1.5499E+00,  1.2537E-01,  1.9026E+00,  2.0935E-01,  7.5870E-01,  2.0601E-01,  2.0610E+00,  2.2709E-01,  5.7947E-01,  7.8184E-02,  4.8282E-01,  0.0000E+00,  1.5508E-01,  4.9734E-02,  1.9613E-01,  1.2384E-02,  2.0613E-01,  2.7852E-02,  1.3445E-01,  1.5512E-02,  1.8592E-01,  1.7552E-02,  1.1355E-01,  1.1355E-02,  1.9620E-01,  2.8939E-02,  3.4437E-01,  2.3385E-01,  6.8649E-01,  1.0146E-01,  8.7948E-02,  1.2396E-01,  1.3456E+00,  7.8311E-02,  0.0000E+00,  0.0000E+00,  0.0000E+00,  0.0000E+00,  0.0000E+00,  0.0000E+00,  1.8619E-02,  0.0000E+00,  4.8399E-03,  2.2316E+09,  3.3850E+07,  1.5004E-02,  1.9155E-02,  1.1202E+00,  3.8113E+05,  1.5843E+05,  9.7723E+05,  3.8756E+01,  1.2791E+05,  8.4534E+03,  1.6000E+05,  1.2141E+04,  1.1800E+05,  5.1216E+02,  2.5682E+04,  1.9376E+02,  2.6611E+03,  4.3528E+02,  8.5360E+03,  2.8990E+00,  1.5644E+02,  1.9785E+01,  9.8481E+02,  4.7401E+02,  6.1514E+04,  1.5799E+02,  2.9599E+03,  3.1600E+01,  5.0459E+01,  1.4464E+00,  5.0005E+00,  2.4544E-01,  2.7304E+00,  2.7610E-01,  1.3160E+00,  7.7466E-01,  1.8407E+00,  3.4206E-01,  7.7466E-01,  5.1223E-02,  1.5797E-01,  0.0000E+00,  1.3160E-01,  2.5000E-02,  8.5586E-02,  1.7175E-02,  8.1908E-02,  8.9264E-02,  1.9785E-01,  1.5954E-02,  2.4237E-01,  2.6691E-02,  9.6645E-02,  2.6233E-02,  2.6234E-01,  2.8987E-02,  7.3790E-02,  9.9700E-03,  6.1515E-02,  0.0000E+00,  1.9785E-02,  6.3355E-03,  2.5002E-02,  1.5798E-03,  2.6234E-02,  3.5441E-03,  1.7176E-02,  1.9786E-03,  2.3629E-02,  2.2392E-03,  1.4466E-02,  1.4466E-03,  2.5003E-02,  3.6827E-03,  4.3876E-02,  2.9764E-02,  8.7440E-02,  1.2919E-02,  1.1200E-02,  1.5801E-02,  1.7179E-01,  9.9722E-03,  0.0000E+00,  0.0000E+00,  0.0000E+00,  0.0000E+00,  0.0000E+00,  0.0000E+00,  2.3639E-03,  0.0000E+00,  6.1549E-04
  2.0000E+01,  2.6530E+10,  2.1392E+08,  9.4864E-02,  1.2079E-01,  8.3834E+00,  2.8478E+06,  1.4185E+06,  6.2700E+06,  2.9865E+02,  9.8410E+05,  6.2756E+04,  1.1836E+06,  8.3048E+04,  8.0613E+05,  3.0606E+03,  1.5306E+05,  1.1562E+03,  1.5934E+04,  2.6010E+03,  5.0937E+04,  1.7589E+01,  9.4950E+02,  1.2004E+02,  5.9785E+03,  2.8827E+03,  3.7369E+05,  9.6019E+02,  1.7931E+04,  1.9204E+02,  3.0648E+02,  8.7886E+00,  3.0399E+01,  1.4925E+00,  1.6615E+01,  1.6797E+00,  8.0081E+00,  4.7144E+00,  1.1199E+01,  2.0799E+00,  4.7126E+00,  3.1137E-01,  9.5911E-01,  0.0000E+00,  8.0048E-01,  1.5190E-01,  5.2004E-01,  1.0408E-01,  4.9808E-01,  5.4244E-01,  1.2028E+00,  9.7373E-02,  1.4773E+00,  1.6251E-01,  5.8909E-01,  1.5998E-01,  1.6006E+00,  1.7624E-01,  4.4997E-01,  6.0692E-02,  3.7487E-01,  0.0000E+00,  1.2037E-01,  3.8616E-02,  1.5227E-01,  9.6124E-03,  1.6008E-01,  2.1632E-02,  1.0432E-01,  1.2041E-02,  1.4444E-01,  1.3624E-02,  8.8165E-02,  8.8163E-03,  1.5233E-01,  2.2474E-02,  2.6738E-01,  1.8161E-01,  5.3305E-01,  7.8782E-02,  6.8293E-02,  9.6241E-02,  1.0443E+00,  6.0811E-02,  0.0000E+00,  0.0000E+00,  0.0000E+00,  0.0000E+00,  0.0000E+00,  0.0000E+00,  1.4468E-02,  0.0000E+00,  3.7594E-03,  1.8017E+09,  2.6338E+07,  1.1660E-02,  1.4870E-02,  8.9420E-01,  3.0404E+05,  1.3041E+05,  7.6624E+05,  3.0983E+01,  1.0218E+05,  6.7158E+03,  1.2695E+05,  9.4692E+03,  9.1997E+04,  3.9066E+02,  1.9581E+04,  1.4771E+02,  2.0307E+03,  3.3207E+02,  6.5110E+03,  2.1870E+00,  1.1796E+02,  1.4918E+01,  7.4311E+02,  3.5774E+02,  4.6425E+04,  1.1919E+02,  2.2316E+03,  2.3846E+01,  3.8047E+01,  1.0911E+00,  3.7724E+00,  1.8521E-01,  2.0603E+00,  2.0830E-01,  9.9275E-01,  5.8460E-01,  1.3887E+00,  2.5806E-01,  5.8458E-01,  3.8616E-02,  1.1910E-01,  0.0000E+00,  9.9271E-02,  1.8854E-02,  6.4555E-02,  1.2942E-02,  6.1795E-02,  6.7322E-02,  1.4921E-01,  1.2044E-02,  1.8295E-01,  2.0144E-02,  7.2961E-02,  1.9805E-02,  1.9809E-01,  2.1863E-02,  5.5714E-02,  7.5221E-03,  4.6439E-02,  0.0000E+00,  1.4924E-02,  4.7823E-03,  1.8864E-02,  1.1916E-03,  1.9810E-02,  2.6766E-03,  1.2950E-02,  1.4926E-03,  1.7851E-02,  1.6887E-03,  1.0918E-02,  1.0918E-03,  1.8867E-02,  2.7829E-03,  3.3119E-02,  2.2475E-02,  6.5991E-02,  9.7564E-03,  8.4550E-03,  1.1922E-02,  1.2956E-01,  7.5278E-03,  0.0000E+00,  0.0000E+00,  0.0000E+00,  0.0000E+00,  0.0000E+00,  0.0000E+00,  1.7866E-03,  0.0000E+00,  4.6499E-04
  2.2000E+01,  2.3227E+10,  1.6875E+08,  7.4886E-02,  9.5331E-02,  6.8210E+00,  2.3168E+06,  1.1857E+06,  4.9485E+06,  2.4445E+02,  8.0548E+05,  5.1062E+04,  9.6278E+05,  6.6781E+04,  6.4813E+05,  2.4008E+03,  1.2000E+05,  9.0680E+02,  1.2503E+04,  2.0401E+03,  3.9940E+04,  1.3927E+01,  7.5205E+02,  9.5071E+01,  4.7340E+03,  2.2835E+03,  2.9593E+05,  7.6062E+02,  1.4196E+04,  1.5210E+02,  2.4280E+02,  6.9617E+00,  2.4082E+01,  1.1823E+00,  1.3164E+01,  1.3309E+00,  6.3457E+00,  3.7352E+00,  8.8735E+00,  1.6478E+00,  3.7334E+00,  2.4674E-01,  7.5976E-01,  0.0000E+00,  6.3425E-01,  1.2034E-01,  4.1194E-01,  8.2428E-02,  3.9460E-01,  4.2973E-01,  9.5303E-01,  7.7193E-02,  1.1708E+00,  1.2877E-01,  4.6685E-01,  1.2679E-01,  1.2687E+00,  1.3963E-01,  3.5661E-01,  4.8094E-02,  2.9706E-01,  0.0000E+00,  9.5385E-02,  3.0605E-02,  1.2068E-01,  7.6174E-03,  1.2689E-01,  1.7146E-02,  8.2649E-02,  9.5421E-03,  1.1452E-01,  1.0797E-02,  6.9877E-02,  6.9875E-03,  1.2073E-01,  1.7808E-02,  2.1190E-01,  1.4395E-01,  4.2253E-01,  6.2433E-02,  5.4130E-02,  7.6278E-02,  8.2746E-01,  4.8201E-02,  0.0000E+00,  0.0000E+00,  0.0000E+00,  0.0000E+00,  0.0000E+00,  0.0000E+00,  1.1473E-02,  0.0000E+00,  2.9801E-03,  1.5019E+09,  1.8826E+07,  8.3175E-03,  1.0586E-02,  6.6819E-01,  2.2696E+05,  1.0238E+05,  5.5524E+05,  2.3209E+01,  7.6441E+04,  4.9782E+03,  9.3895E+04,  6.7975E+03,  6.5999E+04,  2.6916E+02,  1.3480E+04,  1.0166E+02,  1.4005E+03,  2.2886E+02,  4.4860E+03,  1.4750E+00,  7.9490E+01,  1.0052E+01,  5.0142E+02,  2.4147E+02,  3.1335E+04,  8.0388E+01,  1.5032E+03,  1.6093E+01,  2.5636E+01,  7.3580E-01,  2.5449E+00,  1.2501E-01,  1.3907E+00,  1.4053E-01,  6.6966E-01,  3.9464E-01,  9.3695E-01,  1.7409E-01,  3.9459E-01,  2.6013E-02,  8.0254E-02,  0.0000E+00,  6.6955E-02,  1.2710E-02,  4.3536E-02,  8.7117E-03,  4.1694E-02,  4.5393E-02,  1.0060E-01,  8.1358E-03,  1.2352E-01,  1.3600E-02,  4.9280E-02,  1.3379E-02,  1.3383E-01,  1.4739E-02,  3.7642E-02,  5.0753E-03,  3.1368E-02,  0.0000E+00,  1.0064E-02,  3.2295E-03,  1.2726E-02,  8.0344E-04,  1.3384E-02,  1.8090E-03,  8.7222E-03,  1.0066E-03,  1.2071E-02,  1.1382E-03,  7.3696E-03,  7.3696E-04,  1.2729E-02,  1.8826E-03,  2.2355E-02,  1.5182E-02,  4.4529E-02,  6.5926E-03,  5.7086E-03,  8.0408E-03,  8.7281E-02,  5.0814E-03,  0.0000E+00,  0.0000E+00,  0.0000E+00,  0.0000E+00,  0.0000E+00,  0.0000E+00,  1.2085E-03,  0.0000E+00,  3.1426E-04
  2.5000E+01,  1.9272E+10,  1.2100E+08,  5.3774E-02,  6.8460E-02,  5.0958E+00,  1.7308E+06,  9.1643E+05,  3.5332E+06,  1.8446E+02,  6.0778E+05,  3.8233E+04,  7.2089E+05,  4.9438E+04,  4.7976E+05,  1.7238E+03,  8.6106E+04,  6.5111E+02,  8.9798E+03,  1.4645E+03,  2.8661E+04,  1.0230E+01,  5.5276E+02,  6.9863E+01,  3.4775E+03,  1.6780E+03,  2.1739E+05,  5.5899E+02,  1.0429E+04,  1.1175E+02,  1.7850E+02,  5.1163E+00,  1.7701E+01,  8.6889E-01,  9.6766E+00,  9.7852E-01,  4.6656E+00,  2.7456E+00,  6.5235E+00,  1.2112E+00,  2.7441E+00,  1.8149E-01,  5.5851E-01,  0.0000E+00,  4.6628E-01,  8.8474E-02,  3.0280E-01,  6.0582E-02,  2.9006E-01,  3.1594E-01,  7.0069E-01,  5.6783E-02,  8.6100E-01,  9.4663E-02,  3.4322E-01,  9.3236E-02,  9.3300E-01,  1.0267E-01,  2.6220E-01,  3.5365E-02,  2.1839E-01,  0.0000E+00,  7.0138E-02,  2.2504E-02,  8.8760E-02,  5.6021E-03,  9.3319E-02,  1.2608E-02,  6.0771E-02,  7.0168E-03,  8.4235E-02,  7.9421E-03,  5.1386E-02,  5.1384E-03,  8.8807E-02,  1.3087E-02,  1.5583E-01,  1.0587E-01,  3.1081E-01,  4.5899E-02,  3.9811E-02,  5.6107E-02,  6.0850E-01,  3.5454E-02,  0.0000E+00,  0.0000E+00,  0.0000E+00,  0.0000E+00,  0.0000E+00,  0.0000E+00,  8.4411E-03,  0.0000E+00,  2.1917E-03,  1.1344E+09,  1.3010E+07,  5.7573E-03,  7.3273E-03,  4.8197E-01,  1.6373E+05,  7.7117E+04,  3.8832E+05,  1.6789E+01,  5.5356E+04,  3.5743E+03,  6.7363E+04,  4.7650E+03,  4.6247E+04,  1.8216E+02,  9.1156E+03,  6.8808E+01,  9.4843E+02,  1.5486E+02,  3.0330E+03,  9.8986E-01,  5.3368E+01,  6.7530E+00,  3.3628E+02,  1.6218E+02,  2.1030E+04,  5.4030E+01,  1.0086E+03,  1.0806E+01,  1.7229E+01,  4.9448E-01,  1.7091E+00,  8.3932E-02,  9.3448E-01,  9.4397E-02,  4.5041E-01,  2.6507E-01,  6.2974E-01,  1.1694E-01,  2.6499E-01,  1.7487E-02,  5.3907E-02,  0.0000E+00,  4.5026E-02,  8.5347E-03,  2.9224E-02,  5.8524E-03,  2.7998E-02,  3.0468E-02,  6.7636E-02,  5.4710E-03,  8.3038E-02,  9.1379E-03,  3.3140E-02,  8.9920E-03,  8.9961E-02,  9.9012E-03,  2.5303E-02,  3.4111E-03,  2.1079E-02,  0.0000E+00,  6.7679E-03,  2.1709E-03,  8.5516E-03,  5.4006E-04,  8.9973E-03,  1.2164E-03,  5.8637E-03,  6.7698E-04,  8.1158E-03,  7.6538E-04,  4.9577E-03,  4.9577E-04,  8.5547E-03,  1.2645E-03,  1.5026E-02,  1.0206E-02,  2.9954E-02,  4.4304E-03,  3.8372E-03,  5.4065E-03,  5.8691E-02,  3.4169E-03,  0.0000E+00,  0.0000E+00,  0.0000E+00,  0.0000E+00,  0.0000E+00,  0.0000E+00,  8.1283E-04,  0.0000E+00,  2.1133E-04
  2.8000E+01,  1.6227E+10,  8.8648E+07,  3.9439E-02,  5.0208E-02,  3.8704E+00,  1.3144E+06,  7.1618E+05,  2.5624E+06,  1.4169E+02,  4.6668E+05,  2.9160E+04,  5.4991E+05,  3.7470E+04,  3.6362E+05,  1.2740E+03,  6.3606E+04,  4.8113E+02,  6.6374E+03,  1.0821E+03,  2.1177E+04,  7.7871E+00,  4.2098E+02,  5.3185E+01,  2.6480E+03,  1.2776E+03,  1.6549E+05,  4.2552E+02,  7.9388E+03,  8.5076E+01,  1.3593E+02,  3.8951E+00,  1.3482E+01,  6.6176E-01,  7.3694E+00,  7.4544E-01,  3.5527E+00,  2.0913E+00,  4.9681E+00,  9.2248E-01,  2.0900E+00,  1.3827E-01,  4.2539E-01,  0.0000E+00,  3.5504E-01,  6.7403E-02,  2.3068E-01,  4.6126E-02,  2.2096E-01,  2.4075E-01,  5.3360E-01,  4.3269E-02,  6.5594E-01,  7.2105E-02,  2.6137E-01,  7.1036E-02,  7.1088E-01,  7.8227E-02,  1.9973E-01,  2.6941E-02,  1.6635E-01,  0.0000E+00,  5.3418E-02,  1.7144E-02,  6.7642E-02,  4.2681E-03,  7.1104E-02,  9.6044E-03,  4.6284E-02,  5.3442E-03,  6.4197E-02,  6.0509E-03,  3.9138E-02,  3.9137E-03,  6.7681E-02,  9.9683E-03,  1.1873E-01,  8.0671E-02,  2.3680E-01,  3.4964E-02,  3.0336E-02,  4.2751E-02,  4.6349E-01,  2.7014E-02,  0.0000E+00,  0.0000E+00,  0.0000E+00,  0.0000E+00,  0.0000E+00,  0.0000E+00,  6.4340E-03,  0.0000E+00,  1.6699E-03,  8.9603E+08,  8.5561E+06,  3.7994E-03,  4.8408E-03,  3.3493E-01,  1.1384E+05,  5.6378E+04,  2.5889E+05,  1.1720E+01,  3.8715E+04,  2.4746E+03,  4.6627E+04,  3.2135E+03,  3.1181E+04,  1.1773E+02,  5.8844E+03,  4.4506E+01,  6.1314E+02,  1.0006E+02,  1.9565E+03,  6.3873E-01,  3.4487E+01,  4.3660E+00,  2.1672E+02,  1.0474E+02,  1.3567E+04,  3.4949E+01,  6.5120E+02,  6.9757E+00,  1.1151E+01,  3.1964E-01,  1.1037E+00,  5.4152E-02,  6.0369E-01,  6.0983E-02,  2.9150E-01,  1.7113E-01,  4.0717E-01,  7.5546E-02,  1.7106E-01,  1.1322E-02,  3.4845E-02,  0.0000E+00,  2.9137E-02,  5.5126E-03,  1.8857E-02,  3.7845E-03,  1.8071E-02,  1.9659E-02,  4.3755E-02,  3.5379E-03,  5.3671E-02,  5.9007E-03,  2.1425E-02,  5.8083E-03,  5.8117E-02,  6.3976E-03,  1.6345E-02,  2.2047E-03,  1.3612E-02,  0.0000E+00,  4.3790E-03,  1.4027E-03,  5.5269E-03,  3.4929E-04,  5.8127E-03,  7.8607E-04,  3.7939E-03,  4.3806E-04,  5.2427E-03,  4.9547E-04,  3.2074E-03,  3.2074E-04,  5.5294E-03,  8.1491E-04,  9.7099E-03,  6.5950E-03,  1.9386E-02,  2.8596E-03,  2.4796E-03,  3.4976E-03,  3.7983E-02,  2.2095E-03,  0.0000E+00,  0.0000E+00,  0.0000E+00,  0.0000E+00,  0.0000E+00,  0.0000E+00,  5.2524E-04,  0.0000E+00,  1.3655E-04
  3.2000E+01,  1.3129E+10,  6.0731E+07,  2.7037E-02,  3.4411E-02,  2.7567E+00,  9.3591E+05,  5.2525E+05,  1.7176E+06,  1.0258E+02,  3.3762E+05,  2.0934E+04,  3.9478E+05,  2.6877E+04,  2.6071E+05,  8.9082E+02,  4.4460E+04,  3.3636E+02,  4.6426E+03,  7.5641E+02,  1.4807E+04,  5.6977E+00,  3.0803E+02,  3.8914E+01,  1.9380E+03,  9.3474E+02,  1.2109E+05,  3.1127E+02,  5.8075E+03,  6.2255E+01,  9.9437E+01,  2.8508E+00,  9.8679E+00,  4.8454E-01,  5.3939E+00,  5.4569E-01,  2.5997E+00,  1.5309E+00,  3.6349E+00,  6.7512E-01,  1.5298E+00,  1.0121E-01,  3.1129E-01,  0.0000E+00,  2.5978E-01,  4.9344E-02,  1.6891E-01,  3.3757E-02,  1.6177E-01,  1.7633E-01,  3.9054E-01,  3.1674E-02,  4.8017E-01,  5.2791E-02,  1.9126E-01,  5.2012E-02,  5.2053E-01,  5.7274E-02,  1.4620E-01,  1.9723E-02,  1.2179E-01,  0.0000E+00,  3.9099E-02,  1.2550E-02,  4.9533E-02,  3.1241E-03,  5.2065E-02,  7.0306E-03,  3.3881E-02,  3.9118E-03,  4.7012E-02,  4.4289E-03,  2.8655E-02,  2.8654E-03,  4.9563E-02,  7.3007E-03,  8.6932E-02,  5.9065E-02,  1.7334E-01,  2.5606E-02,  2.2213E-02,  3.1296E-02,  3.3931E-01,  1.9780E-02,  0.0000E+00,  0.0000E+00,  0.0000E+00,  0.0000E+00,  0.0000E+00,  0.0000E+00,  4.7122E-03,  0.0000E+00,  1.2228E-03,  6.5252E+08,  5.4026E+06,  2.4018E-03,  3.0577E-03,  2.2192E-01,  7.5398E+04,  3.9090E+04,  1.6349E+05,  7.8379E+00,  2.5814E+04,  1.6383E+03,  3.0933E+04,  2.0831E+03,  2.0272E+04,  7.3834E+01,  3.6889E+03,  2.7879E+01,  3.8428E+02,  6.2808E+01,  1.2287E+03,  4.0597E-01,  2.1984E+01,  2.7695E+00,  1.3824E+02,  6.6692E+01,  8.6323E+03,  2.2179E+01,  4.1446E+02,  4.4350E+00,  7.0941E+00,  2.0255E-01,  7.0321E-01,  3.4458E-02,  3.8405E-01,  3.8893E-02,  1.8500E-01,  1.0911E-01,  2.5944E-01,  4.8133E-02,  1.0904E-01,  7.2098E-03,  2.2203E-02,  0.0000E+00,  1.8490E-02,  3.5165E-03,  1.2029E-02,  2.4003E-03,  1.1521E-02,  1.2550E-02,  2.7774E-02,  2.2594E-03,  3.4213E-02,  3.7563E-03,  1.3630E-02,  3.7035E-03,  3.7060E-02,  4.0791E-03,  1.0417E-02,  1.4043E-03,  8.6705E-03,  0.0000E+00,  2.7801E-03,  8.9385E-04,  3.5277E-03,  2.2269E-04,  3.7067E-03,  5.0083E-04,  2.4077E-03,  2.7813E-04,  3.3498E-03,  3.1552E-04,  2.0341E-03,  2.0341E-04,  3.5295E-03,  5.1892E-04,  6.1892E-03,  4.2081E-03,  1.2344E-02,  1.8195E-03,  1.5820E-03,  2.2303E-03,  2.4108E-02,  1.4078E-03,  0.0000E+00,  0.0000E+00,  0.0000E+00,  0.0000E+00,  0.0000E+00,  0.0000E+00,  3.3568E-04,  0.0000E+00,  8.7013E-05
  3.5000E+01,  1.1357E+10,  4.6604E+07,  2.0756E-02,  2.6414E-02,  2.1694E+00,  7.3634E+05,  4.2054E+05,  1.2910E+06,  8.1759E+01,  2.6907E+05,  1.6596E+04,  3.1289E+05,  2.1375E+04,  2.0720E+05,  6.9756E+02,  3.4811E+04,  2.6341E+02,  3.6370E+03,  5.9211E+02,  1.1591E+04,  4.6288E+00,  2.5015E+02,  3.1618E+01,  1.5740E+03,  7.5918E+02,  9.8360E+04,  2.5284E+02,  4.7164E+03,  5.0576E+01,  8.0761E+01,  2.3170E+00,  8.0157E+00,  3.9373E-01,  4.3825E+00,  4.4323E-01,  2.1124E+00,  1.2435E+00,  2.9518E+00,  5.4834E-01,  1.2426E+00,  8.2223E-02,  2.5282E-01,  0.0000E+00,  2.1108E-01,  4.0081E-02,  1.3722E-01,  2.7432E-02,  1.3142E-01,  1.4326E-01,  3.1737E-01,  2.5724E-02,  3.9009E-01,  4.2897E-02,  1.5537E-01,  4.2258E-02,  4.2292E-01,  4.6529E-02,  1.1877E-01,  1.6024E-02,  9.8950E-02,  0.0000E+00,  3.1774E-02,  1.0196E-02,  4.0239E-02,  2.5377E-03,  4.2302E-02,  5.7115E-03,  2.7536E-02,  3.1790E-03,  3.8184E-02,  3.5979E-03,  2.3293E-02,  2.3293E-03,  4.0264E-02,  5.9329E-03,  7.0625E-02,  4.7984E-02,  1.4083E-01,  2.0811E-02,  1.8046E-02,  2.5422E-02,  2.7577E-01,  1.6071E-02,  0.0000E+00,  0.0000E+00,  0.0000E+00,  0.0000E+00,  0.0000E+00,  0.0000E+00,  3.8275E-03,  0.0000E+00,  9.9358E-04,  5.2901E+08,  4.0155E+06,  1.7856E-03,  2.2735E-03,  1.6964E-01,  5.7645E+04,  3.0712E+04,  1.2093E+05,  6.0412E+00,  1.9885E+04,  1.2539E+03,  2.3662E+04,  1.5846E+03,  1.5406E+04,  5.5007E+01,  2.7433E+03,  2.0761E+01,  2.8611E+02,  4.6722E+01,  9.1476E+02,  3.0661E-01,  1.6608E+01,  2.0944E+00,  1.0446E+02,  5.0347E+01,  6.5220E+03,  1.6768E+01,  3.1299E+02,  3.3507E+00,  5.3566E+00,  1.5329E-01,  5.3161E-01,  2.6084E-02,  2.9020E-01,  2.9413E-02,  1.3988E-01,  8.2466E-02,  1.9600E-01,  3.6390E-02,  8.2416E-02,  5.4486E-03,  1.6775E-02,  0.0000E+00,  1.3979E-02,  2.6590E-03,  9.0950E-03,  1.8160E-03,  8.7092E-03,  9.4914E-03,  2.1010E-02,  1.7076E-03,  2.5845E-02,  2.8396E-03,  1.0300E-02,  2.7991E-03,  2.8012E-02,  3.0837E-03,  7.8724E-03,  1.0616E-03,  6.5547E-03,  0.0000E+00,  2.1032E-03,  6.7557E-04,  2.6682E-03,  1.6829E-04,  2.8018E-03,  3.7857E-04,  1.8221E-03,  2.1042E-04,  2.5356E-03,  2.3850E-04,  1.5400E-03,  1.5400E-04,  2.6697E-03,  3.9295E-04,  4.6821E-03,  3.1792E-03,  9.3302E-03,  1.3769E-03,  1.1961E-03,  1.6857E-03,  1.8246E-02,  1.0644E-03,  0.0000E+00,  0.0000E+00,  0.0000E+00,  0.0000E+00,  0.0000E+00,  0.0000E+00,  2.5413E-04,  0.0000E+00,  6.5800E-05
  4.0000E+01,  9.0606E+09,  3.0495E+07,  1.3592E-02,  1.7294E-02,  1.4761E+00,  5.0079E+05,  2.9293E+05,  8.0890E+05,  5.6907E+01,  1.8728E+05,  1.1460E+04,  2.1604E+05,  1.4901E+04,  1.4432E+05,  4.7579E+02,  2.3756E+04,  1.7972E+02,  2.4833E+03,  4.0394E+02,  7.9056E+03,  3.3764E+00,  1.8234E+02,  2.3059E+01,  1.1474E+03,  5.5356E+02,  7.1716E+04,  1.8434E+02,  3.4385E+03,  3.6890E+01,  5.8897E+01,  1.6903E+00,  5.8440E+00,  2.8712E-01,  3.1969E+00,  3.2311E-01,  1.5407E+00,  9.0665E-01,  2.1516E+00,  3.9979E-01,  9.0597E-01,  5.9967E-02,  1.8433E-01,  0.0000E+00,  1.5395E-01,  2.9221E-02,  1.0008E-01,  2.0008E-02,  9.5842E-02,  1.0449E-01,  2.3149E-01,  1.8753E-02,  2.8453E-01,  3.1292E-02,  1.1329E-01,  3.0824E-02,  3.0849E-01,  3.3934E-02,  8.6615E-02,  1.1687E-02,  7.2166E-02,  0.0000E+00,  2.3178E-02,  7.4360E-03,  2.9340E-02,  1.8503E-03,  3.0856E-02,  4.1660E-03,  2.0086E-02,  2.3190E-03,  2.7829E-02,  2.6237E-03,  1.6996E-02,  1.6995E-03,  2.9358E-02,  4.3259E-03,  5.1497E-02,  3.5000E-02,  1.0272E-01,  1.5182E-02,  1.3160E-02,  1.8537E-02,  2.0116E-01,  1.1722E-02,  0.0000E+00,  0.0000E+00,  0.0000E+00,  0.0000E+00,  0.0000E+00,  0.0000E+00,  2.7895E-03,  0.0000E+00,  7.2466E-04,  3.8961E+08,  2.4281E+06,  1.0800E-03,  1.3744E-03,  1.0767E-01,  3.6576E+04,  2.0333E+04,  7.1900E+04,  3.8999E+00,  1.2832E+04,  8.0030E+02,  1.5080E+04,  1.0052E+03,  9.7460E+03,  3.3702E+01,  1.6789E+03,  1.2714E+01,  1.7538E+02,  2.8547E+01,  5.5958E+02,  1.9437E-01,  1.0516E+01,  1.3290E+00,  6.6181E+01,  3.1905E+01,  4.1356E+03,  1.0633E+01,  1.9817E+02,  2.1238E+00,  3.3889E+00,  9.7398E-02,  3.3706E-01,  1.6560E-02,  1.8402E-01,  1.8635E-02,  8.8802E-02,  5.2276E-02,  1.2407E-01,  2.3030E-02,  5.2240E-02,  3.4538E-03,  1.0624E-02,  0.0000E+00,  8.8738E-03,  1.6851E-03,  5.7621E-03,  1.1537E-03,  5.5238E-03,  6.0168E-03,  1.3338E-02,  1.0808E-03,  1.6380E-02,  1.8022E-03,  6.5316E-03,  1.7746E-03,  1.7761E-02,  1.9547E-03,  4.9889E-03,  6.7343E-04,  4.1592E-03,  0.0000E+00,  1.3354E-03,  4.2857E-04,  1.6917E-03,  1.0663E-04,  1.7765E-03,  2.3964E-04,  1.1580E-03,  1.3361E-04,  1.6066E-03,  1.5118E-04,  9.7910E-04,  9.7908E-05,  1.6927E-03,  2.4983E-04,  2.9691E-03,  2.0145E-03,  5.9129E-03,  8.7464E-04,  7.5833E-04,  1.0682E-03,  1.1598E-02,  6.7546E-04,  0.0000E+00,  0.0000E+00,  0.0000E+00,  0.0000E+00,  0.0000E+00,  0.0000E+00,  1.6106E-04,  0.0000E+00,  4.1769E-05
  4.5000E+01,  7.3590E+09,  2.0611E+07,  9.1923E-03,  1.1699E-02,  1.0305E+00,  3.4945E+05,  2.0781E+05,  5.1928E+05,  4.0649E+01,  1.3382E+05,  8.1360E+03,  1.5340E+05,  1.0729E+04,  1.0387E+05,  3.3739E+02,  1.6853E+04,  1.2747E+02,  1.7621E+03,  2.8660E+02,  5.6062E+03,  2.5643E+00,  1.3843E+02,  1.7509E+01,  8.7100E+02,  4.2028E+02,  5.4445E+04,  1.3995E+02,  2.6108E+03,  2.8019E+01,  4.4740E+01,  1.2835E+00,  4.4359E+00,  2.1799E-01,  2.4280E+00,  2.4531E-01,  1.1698E+00,  6.8833E-01,  1.6335E+00,  3.0364E-01,  6.8781E-01,  4.5531E-02,  1.3996E-01,  0.0000E+00,  1.1688E-01,  2.2184E-02,  7.6009E-02,  1.5190E-02,  7.2759E-02,  7.9360E-02,  1.7579E-01,  1.4240E-02,  2.1608E-01,  2.3762E-02,  8.6005E-02,  2.3409E-02,  2.3428E-01,  2.5768E-02,  6.5777E-02,  8.8730E-03,  5.4792E-02,  0.0000E+00,  1.7600E-02,  5.6458E-03,  2.2274E-02,  1.4050E-03,  2.3433E-02,  3.1649E-03,  1.5249E-02,  1.7609E-03,  2.1125E-02,  1.9924E-03,  1.2906E-02,  1.2905E-03,  2.2288E-02,  3.2828E-03,  3.9099E-02,  2.6582E-02,  7.8018E-02,  1.1528E-02,  9.9915E-03,  1.4075E-02,  1.5272E-01,  8.8993E-03,  0.0000E+00,  0.0000E+00,  0.0000E+00,  0.0000E+00,  0.0000E+00,  0.0000E+00,  2.1174E-03,  0.0000E+00,  5.5017E-04,  2.9103E+08,  1.5254E+06,  6.7982E-04,  8.6376E-04,  7.0553E-02,  2.3960E+04,  1.3717E+04,  4.3947E+04,  2.6031E+00,  8.5504E+03,  5.2946E+02,  9.9739E+03,  6.6351E+02,  6.4324E+03,  2.1657E+01,  1.0821E+03,  8.1844E+00,  1.1310E+02,  1.8388E+01,  3.6017E+02,  1.3045E-01,  7.0461E+00,  8.9097E-01,  4.4371E+01,  2.1406E+01,  2.7729E+03,  7.1223E+00,  1.3290E+02,  1.4247E+00,  2.2738E+00,  6.5311E-02,  2.2618E-01,  1.1091E-02,  1.2356E-01,  1.2486E-02,  5.9563E-02,  3.5051E-02,  8.3176E-02,  1.5427E-02,  3.5024E-02,  2.3204E-03,  7.1230E-03,  0.0000E+00,  5.9515E-03,  1.1297E-03,  3.8662E-03,  7.7373E-04,  3.7093E-03,  4.0368E-03,  8.9450E-03,  7.2423E-04,  1.0999E-02,  1.2100E-03,  4.3819E-03,  1.1914E-03,  1.1924E-02,  1.3114E-03,  3.3461E-03,  4.5201E-04,  2.7903E-03,  0.0000E+00,  8.9564E-04,  2.8750E-04,  1.1345E-03,  7.1513E-05,  1.1927E-03,  1.6078E-04,  7.7687E-04,  8.9612E-05,  1.0751E-03,  1.0135E-04,  6.5683E-04,  6.5681E-05,  1.1353E-03,  1.6740E-04,  1.9901E-03,  1.3529E-03,  3.9684E-03,  5.8713E-04,  5.0896E-04,  7.1651E-04,  7.7813E-03,  4.5345E-04,  0.0000E+00,  0.0000E+00,  0.0000E+00,  0.0000E+00,  0.0000E+00,  0.0000E+00,  1.0779E-04,  0.0000E+00,  2.8028E-05
  5.0000E+01,  6.0758E+09,  1.4327E+07,  6.3899E-03,  8.1381E-03,  7.3559E-01,  2.4934E+05,  1.4991E+05,  3.4088E+05,  2.9687E+01,  9.7811E+04,  5.9132E+03,  1.1151E+05,  7.9369E+03,  7.6815E+04,  2.4701E+02,  1.2337E+04,  9.3294E+01,  1.2899E+03,  2.0980E+02,  4.1029E+03,  2.0098E+00,  1.0848E+02,  1.3722E+01,  6.8249E+02,  3.2935E+02,  4.2663E+04,  1.0967E+02,  2.0458E+03,  2.1963E+01,  3.5068E+01,  1.0057E+00,  3.4746E+00,  1.7083E-01,  1.9026E+00,  1.9222E-01,  9.1663E-01,  5.3946E-01,  1.2799E+00,  2.3801E-01,  5.3905E-01,  3.5667E-02,  1.0968E-01,  0.0000E+00,  9.1591E-02,  1.7383E-02,  5.9566E-02,  1.1900E-02,  5.6999E-02,  6.2190E-02,  1.3776E-01,  1.1160E-02,  1.6932E-01,  1.8619E-02,  6.7387E-02,  1.8343E-02,  1.8358E-01,  2.0193E-02,  5.1545E-02,  6.9522E-03,  4.2935E-02,  0.0000E+00,  1.3793E-02,  4.4242E-03,  1.7452E-02,  1.1010E-03,  1.8362E-02,  2.4807E-03,  1.1946E-02,  1.3800E-03,  1.6554E-02,  1.5615E-03,  1.0112E-02,  1.0111E-03,  1.7463E-02,  2.5717E-03,  3.0638E-02,  2.0829E-02,  6.1139E-02,  9.0325E-03,  7.8287E-03,  1.1029E-02,  1.1963E-01,  6.9723E-03,  0.0000E+00,  0.0000E+00,  0.0000E+00,  0.0000E+00,  0.0000E+00,  0.0000E+00,  1.6591E-03,  0.0000E+00,  4.3105E-04,  2.2227E+08,  9.8811E+05,  4.4113E-04,  5.6058E-04,  4.7417E-02,  1.6086E+04,  9.4405E+03,  2.7410E+04,  1.7819E+00,  5.8542E+03,  3.5967E+02,  6.7810E+03,  4.5328E+02,  4.3903E+03,  1.4494E+01,  7.2430E+02,  5.4860E+00,  7.5766E+01,  1.2332E+01,  2.4114E+02,  9.1363E-02,  4.9330E+00,  6.2388E-01,  3.1031E+01,  1.4966E+01,  1.9398E+03,  4.9924E+00,  9.3095E+01,  9.9781E-01,  1.5949E+00,  4.5807E-02,  1.5834E-01,  7.7706E-03,  8.6570E-02,  8.7489E-03,  4.1689E-02,  2.4497E-02,  5.8247E-02,  1.0826E-02,  2.4477E-02,  1.6253E-03,  4.9887E-03,  0.0000E+00,  4.1654E-03,  7.9082E-04,  2.7109E-03,  5.4193E-04,  2.5948E-03,  2.8310E-03,  6.2649E-03,  5.0783E-04,  7.7060E-03,  8.4703E-04,  3.0653E-03,  8.3486E-04,  8.3562E-03,  9.1890E-04,  2.3468E-03,  3.1631E-04,  1.9527E-03,  0.0000E+00,  6.2732E-04,  2.0114E-04,  7.9430E-04,  5.0094E-05,  8.3584E-04,  1.1290E-04,  5.4422E-04,  6.2767E-05,  7.5318E-04,  7.0996E-05,  4.6079E-04,  4.6078E-05,  7.9484E-04,  1.1702E-04,  1.3942E-03,  9.4820E-04,  2.7832E-03,  4.1103E-04,  3.5618E-04,  5.0193E-04,  5.4513E-03,  3.1736E-04,  0.0000E+00,  0.0000E+00,  0.0000E+00,  0.0000E+00,  0.0000E+00,  0.0000E+00,  7.5517E-05,  0.0000E+00,  1.9617E-05
  5.5000E+01,  5.0824E+09,  1.0211E+07,  4.5535E-03,  5.8019E-03,  5.3575E-01,  1.8157E+05,  1.0980E+05,  2.2887E+05,  2.2119E+01,  7.2915E+04,  4.3889E+03,  8.2752E+04,  6.0067E+03,  5.8137E+04,  1.8568E+02,  9.2731E+03,  7.0099E+01,  9.6955E+02,  1.5766E+02,  3.0835E+03,  1.6157E+00,  8.7206E+01,  1.1031E+01,  5.4874E+02,  2.6477E+02,  3.4296E+04,  8.8134E+01,  1.6445E+03,  1.7657E+01,  2.8191E+01,  8.0811E-01,  2.7920E+00,  1.3731E-01,  1.5292E+00,  1.5450E-01,  7.3675E-01,  4.3377E-01,  1.0287E+00,  1.9132E-01,  4.3345E-01,  2.8663E-02,  8.8154E-02,  0.0000E+00,  7.3618E-02,  1.3972E-02,  4.7876E-02,  9.5639E-03,  4.5812E-02,  4.9976E-02,  1.1074E-01,  8.9700E-03,  1.3608E-01,  1.4965E-02,  5.4173E-02,  1.4742E-02,  1.4753E-01,  1.6230E-02,  4.1419E-02,  5.5878E-03,  3.4510E-02,  0.0000E+00,  1.1087E-02,  3.5564E-03,  1.4027E-02,  8.8480E-04,  1.4756E-02,  1.9939E-03,  9.5996E-03,  1.1092E-03,  1.3305E-02,  1.2553E-03,  8.1239E-03,  8.1237E-04,  1.4035E-02,  2.0670E-03,  2.4625E-02,  1.6739E-02,  4.9129E-02,  7.2600E-03,  6.2928E-03,  8.8627E-03,  9.6129E-02,  5.6034E-03,  0.0000E+00,  0.0000E+00,  0.0000E+00,  0.0000E+00,  0.0000E+00,  0.0000E+00,  1.3334E-03,  0.0000E+00,  3.4642E-04,  1.7506E+08,  6.5821E+05,  2.9342E-04,  3.7389E-04,  3.2522E-02,  1.1021E+04,  6.6044E+03,  1.7395E+04,  1.2452E+00,  4.1041E+03,  2.5005E+02,  4.7241E+03,  3.1881E+02,  3.0810E+03,  1.0037E+01,  5.0136E+02,  3.7920E+00,  5.2366E+01,  8.5241E+00,  1.6665E+02,  6.6274E-02,  3.5777E+00,  4.5253E-01,  2.2469E+01,  1.0865E+01,  1.4072E+03,  3.6201E+00,  6.7447E+01,  7.2425E-01,  1.1559E+00,  3.3232E-02,  1.1469E-01,  5.6374E-03,  6.2796E-02,  6.3400E-03,  3.0262E-02,  1.7778E-02,  4.2238E-02,  7.8506E-03,  1.7763E-02,  1.1763E-03,  3.6219E-03,  0.0000E+00,  3.0236E-03,  5.7331E-04,  1.9653E-03,  3.9270E-04,  1.8797E-03,  2.0548E-03,  4.5448E-03,  3.6825E-04,  5.5884E-03,  6.1475E-04,  2.2206E-03,  6.0576E-04,  6.0632E-03,  6.6626E-04,  1.7036E-03,  2.2944E-04,  1.4169E-03,  0.0000E+00,  4.5510E-04,  1.4596E-04,  5.7590E-04,  3.6374E-05,  6.0648E-04,  8.1852E-05,  3.9440E-04,  4.5536E-05,  5.4639E-04,  5.1489E-05,  3.3435E-04,  3.3434E-05,  5.7630E-04,  8.4869E-05,  1.0113E-03,  6.8764E-04,  2.0209E-03,  2.9798E-04,  2.5817E-04,  3.6447E-04,  3.9507E-03,  2.3021E-04,  0.0000E+00,  0.0000E+00,  0.0000E+00,  0.0000E+00,  0.0000E+00,  0.0000E+00,  5.4785E-05,  0.0000E+00,  1.4235E-05
  6.3000E+01,  3.8917E+09,  6.1137E+06,  2.7267E-03,  3.4728E-03,  3.3052E-01,  1.1202E+05,  6.7871E+04,  1.2394E+05,  1.4166E+01,  4.6695E+04,  2.7963E+03,  5.2684E+04,  3.9628E+03,  3.8370E+04,  1.2175E+02,  6.0770E+03,  4.5953E+01,  6.3570E+02,  1.0337E+02,  2.0214E+03,  1.1806E+00,  6.3736E+01,  8.0597E+00,  4.0125E+02,  1.9350E+02,  2.5061E+04,  6.4409E+01,  1.2019E+03,  1.2904E+01,  2.0606E+01,  5.9020E-01,  2.0395E+00,  1.0031E-01,  1.1171E+00,  1.1291E-01,  5.3821E-01,  3.1701E-01,  7.5168E-01,  1.3980E-01,  3.1678E-01,  2.0943E-02,  6.4396E-02,  0.0000E+00,  5.3782E-02,  1.0209E-02,  3.4980E-02,  6.9891E-03,  3.3471E-02,  3.6500E-02,  8.0895E-02,  6.5536E-03,  9.9424E-02,  1.0931E-02,  3.9593E-02,  1.0767E-02,  1.0774E-01,  1.1858E-02,  3.0248E-02,  4.0818E-03,  2.5211E-02,  0.0000E+00,  8.0982E-03,  2.5986E-03,  1.0247E-02,  6.4620E-04,  1.0777E-02,  1.4566E-03,  7.0136E-03,  8.1018E-04,  9.7194E-03,  9.1721E-04,  5.9315E-03,  5.9314E-04,  1.0252E-02,  1.5098E-03,  1.7986E-02,  1.2227E-02,  3.5873E-02,  5.3036E-03,  4.5979E-03,  6.4719E-03,  7.0226E-02,  4.0924E-03,  0.0000E+00,  0.0000E+00,  0.0000E+00,  0.0000E+00,  0.0000E+00,  0.0000E+00,  9.7388E-04,  0.0000E+00,  2.5300E-04,  1.2262E+08,  3.6617E+05,  1.6329E-04,  2.0839E-04,  1.8785E-02,  6.3688E+03,  3.8781E+03,  8.8375E+03,  7.4316E-01,  2.4510E+03,  1.4811E+02,  2.7928E+03,  1.9215E+02,  1.8607E+03,  5.9476E+00,  2.9765E+02,  2.2444E+00,  3.1098E+01,  5.0500E+00,  9.8864E+01,  4.2488E-02,  2.2897E+00,  2.9033E-01,  1.4404E+01,  6.9533E+00,  9.0152E+02,  2.3111E+00,  4.3193E+01,  4.6404E-01,  7.4040E-01,  2.1243E-02,  7.3460E-02,  3.6136E-03,  4.0234E-02,  4.0572E-03,  1.9374E-02,  1.1415E-02,  2.7022E-02,  5.0307E-03,  1.1405E-02,  7.5367E-04,  2.3178E-03,  0.0000E+00,  1.9357E-03,  3.6748E-04,  1.2586E-03,  2.5100E-04,  1.2055E-03,  1.3141E-03,  2.9161E-03,  2.3586E-04,  3.5758E-03,  3.9371E-04,  1.4244E-03,  3.8797E-04,  3.8832E-03,  4.2661E-04,  1.0892E-03,  1.4705E-04,  9.0795E-04,  0.0000E+00,  2.9201E-04,  9.3505E-05,  3.6915E-04,  2.3277E-05,  3.8842E-04,  5.2472E-05,  2.5209E-04,  2.9217E-05,  3.5004E-04,  3.3034E-05,  2.1374E-04,  2.1373E-05,  3.6940E-04,  5.4424E-05,  6.4845E-04,  4.4050E-04,  1.2930E-03,  1.9111E-04,  1.6555E-04,  2.3323E-04,  2.5250E-03,  1.4754E-04,  0.0000E+00,  0.0000E+00,  0.0000E+00,  0.0000E+00,  0.0000E+00,  0.0000E+00,  3.5093E-05,  0.0000E+00,  9.1202E-06
  7.1000E+01,  3.0503E+09,  3.7838E+06,  1.6873E-03,  2.1472E-03,  2.0955E-01,  7.1012E+04,  4.2823E+04,  6.9677E+04,  9.3269E+00,  3.0739E+04,  1.8335E+03,  3.4541E+04,  2.7030E+03,  2.6171E+04,  8.2890E+01,  4.1341E+03,  3.1295E+01,  4.3259E+02,  7.0391E+01,  1.3760E+03,  8.9489E-01,  4.8328E+01,  6.1070E+00,  3.0428E+02,  1.4669E+02,  1.8997E+04,  4.8854E+01,  9.1119E+02,  9.7815E+00,  1.5625E+01,  4.4733E-01,  1.5455E+00,  7.6008E-02,  8.4658E-01,  8.5599E-02,  4.0789E-01,  2.4021E-01,  5.6983E-01,  1.0594E-01,  2.4006E-01,  1.5871E-02,  4.8805E-02,  0.0000E+00,  4.0761E-02,  7.7379E-03,  2.6512E-02,  5.2996E-03,  2.5363E-02,  2.7662E-02,  6.1282E-02,  4.9666E-03,  7.5351E-02,  8.2840E-03,  3.0007E-02,  8.1585E-03,  8.1639E-02,  8.9872E-03,  2.2922E-02,  3.0926E-03,  1.9104E-02,  0.0000E+00,  6.1343E-03,  1.9695E-03,  7.7644E-03,  4.8963E-04,  8.1655E-03,  1.1036E-03,  5.3170E-03,  6.1369E-04,  7.3651E-03,  6.9485E-04,  4.4941E-03,  4.4940E-04,  7.7682E-03,  1.1438E-03,  1.3625E-02,  9.2630E-03,  2.7177E-02,  4.0179E-03,  3.4841E-03,  4.9033E-03,  5.3233E-02,  3.1000E-03,  0.0000E+00,  0.0000E+00,  0.0000E+00,  0.0000E+00,  0.0000E+00,  0.0000E+00,  7.3786E-04,  0.0000E+00,  1.9166E-04,  8.7740E+07,  2.1631E+05,  9.6571E-05,  1.2302E-04,  1.1456E-02,  3.8820E+03,  2.3841E+03,  4.7284E+03,  4.6659E-01,  1.5379E+03,  9.2580E+01,  1.7428E+03,  1.2280E+02,  1.1891E+03,  3.7670E+00,  1.8808E+02,  1.4202E+00,  1.9680E+01,  3.1937E+00,  6.2495E+01,  2.8949E-02,  1.5623E+00,  1.9785E-01,  9.8374E+00,  4.7472E+00,  6.1453E+02,  1.5775E+00,  2.9485E+01,  3.1664E-01,  5.0491E-01,  1.4475E-02,  5.0039E-02,  2.4613E-03,  2.7399E-02,  2.7712E-03,  1.3206E-02,  7.7828E-03,  1.8439E-02,  3.4320E-03,  7.7764E-03,  5.1429E-04,  1.5799E-03,  0.0000E+00,  1.3195E-03,  2.5032E-04,  8.5846E-04,  1.7135E-04,  8.2170E-04,  8.9547E-04,  1.9871E-03,  1.6090E-04,  2.4426E-03,  2.6803E-04,  9.7201E-04,  2.6408E-04,  2.6431E-03,  2.9114E-04,  7.4225E-04,  1.0026E-04,  6.1886E-04,  0.0000E+00,  1.9897E-04,  6.3773E-05,  2.5141E-04,  1.5864E-05,  2.6437E-04,  3.5773E-05,  1.7206E-04,  1.9907E-05,  2.3854E-04,  2.2557E-05,  1.4561E-04,  1.4561E-05,  2.5157E-04,  3.7085E-05,  4.4160E-04,  3.0040E-04,  8.8122E-04,  1.3032E-04,  1.1289E-04,  1.5893E-04,  1.7233E-03,  1.0057E-04,  0.0000E+00,  0.0000E+00,  0.0000E+00,  0.0000E+00,  0.0000E+00,  0.0000E+00,  2.3911E-05,  0.0000E+00,  6.2145E-06
  8.0000E+01,  2.3721E+09,  2.2708E+06,  1.0119E-03,  1.2872E-03,  1.2849E-01,  4.3543E+04,  2.5933E+04,  3.8180E+04,  5.9785E+00,  1.9702E+04,  1.1704E+03,  2.2056E+04,  1.8115E+03,  1.7541E+04,  5.5637E+01,  2.7741E+03,  2.1017E+01,  2.9026E+02,  4.7277E+01,  9.2380E+02,  6.7772E-01,  3.6602E+01,  4.6230E+00,  2.3046E+02,  1.1106E+02,  1.4385E+04,  3.7009E+01,  6.8993E+02,  7.4052E+00,  1.1834E+01,  3.3871E-01,  1.1700E+00,  5.7549E-02,  6.4104E-01,  6.4797E-02,  3.0878E-01,  1.8184E-01,  4.3143E-01,  8.0198E-02,  1.8173E-01,  1.2012E-02,  3.6951E-02,  0.0000E+00,  3.0858E-02,  5.8598E-03,  2.0071E-02,  4.0132E-03,  1.9197E-02,  2.0940E-02,  4.6379E-02,  3.7596E-03,  5.7017E-02,  6.2729E-03,  2.2712E-02,  6.1774E-03,  6.1812E-02,  6.8022E-03,  1.7352E-02,  2.3404E-03,  1.4460E-02,  0.0000E+00,  4.6422E-03,  1.4908E-03,  5.8783E-03,  3.7062E-04,  6.1823E-03,  8.3527E-04,  4.0253E-03,  4.6439E-04,  5.5753E-03,  5.2566E-04,  3.4017E-03,  3.4016E-04,  5.8810E-03,  8.6568E-04,  1.0313E-02,  7.0098E-03,  2.0564E-02,  3.0401E-03,  2.6372E-03,  3.7111E-03,  4.0297E-02,  2.3456E-03,  0.0000E+00,  0.0000E+00,  0.0000E+00,  0.0000E+00,  0.0000E+00,  0.0000E+00,  5.5847E-04,  0.0000E+00,  1.4504E-04,  6.2960E+07,  1.1990E+05,  5.3521E-05,  6.8093E-05,  6.5571E-03,  2.2222E+03,  1.3692E+03,  2.2711E+03,  2.7752E-01,  9.1490E+02,  5.4786E+01,  1.0317E+03,  7.5325E+01,  7.2861E+02,  2.2892E+00,  1.1415E+02,  8.6374E-01,  1.1948E+01,  1.9426E+00,  3.7994E+01,  1.9312E-02,  1.0436E+00,  1.3192E-01,  6.5663E+00,  3.1707E+00,  4.1028E+02,  1.0548E+00,  1.9684E+01,  2.1143E-01,  3.3740E-01,  9.6626E-03,  3.3394E-02,  1.6407E-03,  1.8277E-02,  1.8514E-03,  8.8184E-03,  5.1895E-03,  1.2318E-02,  2.2894E-03,  5.1854E-03,  3.4329E-04,  1.0543E-03,  0.0000E+00,  8.8112E-04,  1.6705E-04,  5.7285E-04,  1.1452E-04,  5.4846E-04,  5.9811E-04,  1.3246E-03,  1.0733E-04,  1.6315E-03,  1.7888E-04,  6.4908E-04,  1.7615E-04,  1.7628E-03,  1.9440E-04,  4.9541E-04,  6.6897E-05,  4.1302E-04,  0.0000E+00,  1.3262E-04,  4.2597E-05,  1.6773E-04,  1.0583E-05,  1.7632E-04,  2.3851E-05,  1.1496E-04,  1.3269E-05,  1.5919E-04,  1.5041E-05,  9.7159E-05,  9.7157E-06,  1.6782E-04,  2.4721E-05,  2.9455E-04,  2.0031E-04,  5.8820E-04,  8.6972E-05,  7.5317E-05,  1.0601E-04,  1.1512E-03,  6.7087E-05,  0.0000E+00,  0.0000E+00,  0.0000E+00,  0.0000E+00,  0.0000E+00,  0.0000E+00,  1.5954E-05,  0.0000E+00,  4.1461E-06
  9.0000E+01,  1.8338E+09,  1.3449E+06,  5.9882E-04,  7.6162E-04,  7.7405E-02,  2.6231E+04,  1.5300E+04,  2.1418E+04,  3.7796E+00,  1.2451E+04,  7.3716E+02,  1.3897E+04,  1.2060E+03,  1.1683E+04,  3.7271E+01,  1.8579E+03,  1.4084E+01,  1.9434E+02,  3.1676E+01,  6.1882E+02,  5.1625E-01,  2.7878E+01,  3.5203E+00,  1.7557E+02,  8.4575E+01,  1.0955E+04,  2.8190E+01,  5.2544E+02,  5.6385E+00,  9.0115E+00,  2.5793E-01,  8.9092E-01,  4.3830E-02,  4.8819E-01,  4.9331E-02,  2.3509E-01,  1.3848E-01,  3.2847E-01,  6.1064E-02,  1.3840E-01,  9.1444E-03,  2.8139E-02,  0.0000E+00,  2.3495E-02,  4.4628E-03,  1.5284E-02,  3.0563E-03,  1.4613E-02,  1.5940E-02,  3.5307E-02,  2.8624E-03,  4.3390E-02,  4.7766E-03,  1.7285E-02,  4.7041E-03,  4.7067E-02,  5.1779E-03,  1.3212E-02,  1.7815E-03,  1.1008E-02,  0.0000E+00,  3.5337E-03,  1.1347E-03,  4.4759E-03,  2.8217E-04,  4.7075E-03,  6.3595E-04,  3.0649E-03,  3.5350E-04,  4.2442E-03,  4.0002E-04,  2.5896E-03,  2.5896E-04,  4.4778E-03,  6.5903E-04,  7.8499E-03,  5.3361E-03,  1.5650E-02,  2.3134E-03,  2.0075E-03,  2.8251E-03,  3.0680E-02,  1.7851E-03,  0.0000E+00,  0.0000E+00,  0.0000E+00,  0.0000E+00,  0.0000E+00,  0.0000E+00,  4.2509E-04,  0.0000E+00,  1.1039E-04,  4.4711E+07,  6.5279E+04,  2.9089E-05,  3.7024E-05,  3.6605E-03,  1.2403E+03,  7.5755E+02,  1.0812E+03,  1.6227E-01,  5.3515E+02,  3.1853E+01,  6.0000E+02,  4.5772E+01,  4.4302E+02,  1.3839E+00,  6.9094E+01,  5.2279E-01,  7.2350E+00,  1.1776E+00,  2.3002E+01,  1.2983E-02,  7.0118E-01,  8.8632E-02,  4.4134E+00,  2.1269E+00,  2.7578E+02,  7.0899E-01,  1.3214E+01,  1.4191E-01,  2.2718E-01,  6.4922E-03,  2.2424E-02,  1.1032E-03,  1.2293E-02,  1.2419E-03,  5.9193E-03,  3.4832E-03,  8.2725E-03,  1.5375E-03,  3.4806E-03,  2.3024E-04,  7.0823E-04,  0.0000E+00,  5.9148E-04,  1.1234E-04,  3.8445E-04,  7.6860E-05,  3.6834E-04,  4.0192E-04,  8.8968E-04,  7.2109E-05,  1.0939E-03,  1.2037E-04,  4.3632E-04,  1.1853E-04,  1.1861E-03,  1.3048E-04,  3.3273E-04,  4.4884E-05,  2.7749E-04,  0.0000E+00,  8.9066E-05,  2.8616E-05,  1.1276E-04,  7.1074E-06,  1.1864E-04,  1.6014E-05,  7.7134E-05,  8.9106E-06,  1.0701E-04,  1.0087E-05,  6.5252E-05,  6.5251E-06,  1.1282E-04,  1.6608E-05,  1.9800E-04,  1.3443E-04,  3.9461E-04,  5.8362E-05,  5.0608E-05,  7.1183E-05,  7.7233E-04,  4.5002E-05,  0.0000E+00,  0.0000E+00,  0.0000E+00,  0.0000E+00,  0.0000E+00,  0.0000E+00,  1.0722E-05,  0.0000E+00,  2.7848E-06
  1.0000E+02,  1.4497E+09,  8.2522E+05,  3.6734E-04,  4.6711E-04,  4.8076E-02,  1.6291E+04,  9.2579E+03,  1.2945E+04,  2.4586E+00,  8.0978E+03,  4.7816E+02,  9.0195E+03,  8.2799E+02,  8.0228E+03,  2.5829E+01,  1.2871E+03,  9.7635E+00,  1.3457E+02,  2.1944E+01,  4.2890E+02,  4.0487E-01,  2.1861E+01,  2.7596E+00,  1.3767E+02,  6.6325E+01,  8.5891E+03,  2.2105E+01,  4.1205E+02,  4.4207E+00,  7.0621E+00,  2.0222E-01,  6.9868E-01,  3.4363E-02,  3.8270E-01,  3.8677E-02,  1.8432E-01,  1.0858E-01,  2.5749E-01,  4.7869E-02,  1.0853E-01,  7.1697E-03,  2.2060E-02,  0.0000E+00,  1.8422E-02,  3.4991E-03,  1.1985E-02,  2.3968E-03,  1.1455E-02,  1.2494E-02,  2.7672E-02,  2.2437E-03,  3.4008E-02,  3.7439E-03,  1.3544E-02,  3.6872E-03,  3.6891E-02,  4.0587E-03,  1.0358E-02,  1.3965E-03,  8.6279E-03,  0.0000E+00,  2.7694E-03,  8.8936E-04,  3.5087E-03,  2.2117E-04,  3.6897E-03,  4.9855E-04,  2.4030E-03,  2.7703E-04,  3.3263E-03,  3.1349E-04,  2.0298E-03,  2.0297E-04,  3.5101E-03,  5.1652E-04,  6.1518E-03,  4.1828E-03,  1.2266E-02,  1.8130E-03,  1.5732E-03,  2.2142E-03,  2.4053E-02,  1.3992E-03,  0.0000E+00,  0.0000E+00,  0.0000E+00,  0.0000E+00,  0.0000E+00,  0.0000E+00,  3.3312E-04,  0.0000E+00,  8.6505E-05,  3.2092E+07,  3.8665E+04,  1.7207E-05,  2.1878E-05,  2.2055E-03,  7.4766E+02,  4.5081E+02,  6.1337E+02,  1.0192E-01,  3.3556E+02,  1.9948E+01,  3.7553E+02,  2.9834E+01,  2.8897E+02,  9.0453E-01,  4.5054E+01,  3.4134E-01,  4.7200E+00,  7.6881E-01,  1.4983E+01,  9.2931E-03,  5.0220E-01,  6.3508E-02,  3.1658E+00,  1.5232E+00,  1.9734E+02,  5.0812E-01,  9.4628E+00,  1.0165E-01,  1.6270E-01,  4.6498E-03,  1.6025E-02,  7.9017E-04,  8.8036E-03,  8.8894E-04,  4.2349E-03,  2.4953E-03,  5.9240E-03,  1.1014E-03,  2.4936E-03,  1.6470E-04,  5.0760E-04,  0.0000E+00,  4.2320E-04,  8.0397E-05,  2.7536E-04,  5.5052E-05,  2.6322E-04,  2.8733E-04,  6.3732E-04,  5.1635E-05,  7.8254E-04,  8.6167E-05,  3.1198E-04,  8.4850E-05,  8.4907E-04,  9.3361E-05,  2.3800E-04,  3.2109E-05,  1.9848E-04,  0.0000E+00,  6.3797E-05,  2.0457E-05,  8.0676E-05,  5.0927E-06,  8.4923E-05,  1.1466E-05,  5.5234E-05,  6.3823E-06,  7.6576E-05,  7.2204E-06,  4.6717E-05,  4.6716E-06,  8.0716E-05,  1.1895E-05,  1.4162E-04,  9.6228E-05,  2.8229E-04,  4.1721E-05,  3.6252E-05,  5.1000E-05,  5.5300E-04,  3.2187E-05,  0.0000E+00,  0.0000E+00,  0.0000E+00,  0.0000E+00,  0.0000E+00,  0.0000E+00,  7.6718E-06,  0.0000E+00,  1.9913E-06
  1.1000E+02,  1.1727E+09,  5.2062E+05,  2.3179E-04,  2.9474E-04,  3.0600E-02,  1.0370E+04,  5.7155E+03,  8.1528E+03,  1.6370E+00,  5.3926E+03,  3.1764E+02,  5.9947E+03,  5.8289E+02,  5.6487E+03,  1.8386E+01,  9.1654E+02,  6.9513E+00,  9.5768E+01,  1.5617E+01,  3.0550E+02,  3.2506E-01,  1.7546E+01,  2.2143E+00,  1.1047E+02,  5.3245E+01,  6.8943E+03,  1.7740E+01,  3.3078E+02,  3.5477E+00,  5.6663E+00,  1.6231E-01,  5.6095E-01,  2.7577E-02,  3.0710E-01,  3.1039E-02,  1.4796E-01,  8.7152E-02,  2.0665E-01,  3.8415E-02,  8.7109E-02,  5.7549E-03,  1.7703E-02,  0.0000E+00,  1.4788E-02,  2.8088E-03,  9.6191E-03,  1.9237E-03,  9.1953E-03,  1.0029E-02,  2.2201E-02,  1.8004E-03,  2.7288E-02,  3.0043E-03,  1.0868E-02,  2.9587E-03,  2.9602E-02,  3.2573E-03,  8.3136E-03,  1.1208E-03,  6.9235E-03,  0.0000E+00,  2.2218E-03,  7.1369E-04,  2.8160E-03,  1.7746E-04,  2.9606E-03,  4.0009E-04,  1.9284E-03,  2.2225E-04,  2.6691E-03,  2.5148E-04,  1.6288E-03,  1.6287E-04,  2.8171E-03,  4.1440E-04,  4.9357E-03,  3.3564E-03,  9.8422E-03,  1.4549E-03,  1.2623E-03,  1.7765E-03,  1.9302E-02,  1.1228E-03,  0.0000E+00,  0.0000E+00,  0.0000E+00,  0.0000E+00,  0.0000E+00,  0.0000E+00,  2.6729E-04,  0.0000E+00,  6.9406E-05,  2.3321E+07,  2.2255E+04,  9.9023E-06,  1.2597E-05,  1.2897E-03,  4.3651E+02,  2.5768E+02,  3.4515E+02,  6.2390E-02,  2.0548E+02,  1.2156E+01,  2.2942E+02,  1.9185E+01,  1.8584E+02,  5.8409E-01,  2.9066E+01,  2.2110E-01,  3.0404E+00,  4.9655E-01,  9.6971E+00,  6.6685E-03,  3.6081E-01,  4.5540E-02,  2.2736E+00,  1.0928E+00,  1.4164E+02,  3.6471E-01,  6.7919E+00,  7.2956E-02,  1.1646E-01,  3.3335E-03,  1.1521E-02,  5.6699E-04,  6.3171E-03,  6.3853E-04,  3.0368E-03,  1.7909E-03,  4.2435E-03,  7.8962E-04,  1.7897E-03,  1.1826E-04,  3.6379E-04,  0.0000E+00,  3.0349E-04,  5.7667E-05,  1.9787E-04,  3.9561E-05,  1.8869E-04,  2.0575E-04,  4.5690E-04,  3.7015E-05,  5.6141E-04,  6.1764E-05,  2.2317E-04,  6.0838E-05,  6.0876E-04,  6.6916E-05,  1.7091E-04,  2.3035E-05,  1.4240E-04,  0.0000E+00,  4.5733E-05,  1.4677E-05,  5.7854E-05,  3.6490E-06,  6.0887E-05,  8.2243E-06,  3.9683E-05,  4.5751E-06,  5.4858E-05,  5.1803E-06,  3.3482E-05,  3.3482E-06,  5.7881E-05,  8.5303E-06,  1.0159E-04,  6.9042E-05,  2.0244E-04,  2.9897E-05,  2.5940E-05,  3.6539E-05,  3.9727E-04,  2.3087E-05,  0.0000E+00,  0.0000E+00,  0.0000E+00,  0.0000E+00,  0.0000E+00,  0.0000E+00,  5.4954E-06,  0.0000E+00,  1.4284E-06
  1.2000E+02,  9.6663E+08,  3.3577E+05,  1.4954E-04,  1.9011E-04,  1.9849E-02,  6.7317E+03,  3.5840E+03,  5.2998E+03,  1.1100E+00,  3.6566E+03,  2.1505E+02,  4.0579E+03,  4.1832E+02,  4.0545E+03,  1.3365E+01,  6.6668E+02,  5.0506E+00,  6.9639E+01,  1.1349E+01,  2.2212E+02,  2.6581E-01,  1.4341E+01,  1.8099E+00,  9.0279E+01,  4.3537E+01,  5.6361E+03,  1.4501E+01,  2.7044E+02,  2.8996E+00,  4.6321E+00,  1.3270E-01,  4.5859E-01,  2.2541E-02,  2.5100E-01,  2.5368E-02,  1.2098E-01,  7.1244E-02,  1.6896E-01,  3.1401E-02,  7.1211E-02,  4.7044E-03,  1.4472E-02,  0.0000E+00,  1.2092E-02,  2.2965E-03,  7.8614E-03,  1.5723E-03,  7.5191E-03,  8.2011E-03,  1.8144E-02,  1.4717E-03,  2.2302E-02,  2.4558E-03,  8.8860E-03,  2.4183E-03,  2.4195E-02,  2.6630E-03,  6.7955E-03,  9.1616E-04,  5.6587E-03,  0.0000E+00,  1.8157E-03,  5.8332E-04,  2.3021E-03,  1.4505E-04,  2.4198E-03,  3.2705E-04,  1.5759E-03,  1.8162E-04,  2.1819E-03,  2.0549E-04,  1.3314E-03,  1.3314E-04,  2.3029E-03,  3.3863E-04,  4.0335E-03,  2.7434E-03,  8.0441E-03,  1.1894E-03,  1.0319E-03,  1.4520E-03,  1.5773E-02,  9.1774E-04,  0.0000E+00,  0.0000E+00,  0.0000E+00,  0.0000E+00,  0.0000E+00,  0.0000E+00,  2.1848E-04,  0.0000E+00,  5.6720E-05,  1.7888E+07,  1.4715E+04,  6.5476E-06,  8.3290E-06,  8.6045E-04,  2.9122E+02,  1.6861E+02,  2.2545E+02,  4.3027E-02,  1.4173E+02,  8.3624E+00,  1.5795E+02,  1.3730E+01,  1.3302E+02,  4.1999E-01,  2.0905E+01,  1.5905E-01,  2.1853E+00,  3.5696E-01,  6.9783E+00,  5.1821E-03,  2.8018E-01,  3.5341E-02,  1.7653E+00,  8.4877E-01,  1.1000E+02,  2.8317E-01,  5.2756E+00,  5.6656E-02,  9.0385E-02,  2.5887E-03,  8.9501E-03,  4.4021E-04,  4.9035E-03,  4.9581E-04,  2.3589E-03,  1.3906E-03,  3.2950E-03,  6.1313E-04,  1.3898E-03,  9.1831E-05,  2.8241E-04,  0.0000E+00,  2.3575E-04,  4.4794E-05,  1.5368E-04,  3.0725E-05,  1.4656E-04,  1.5978E-04,  3.5450E-04,  2.8735E-05,  4.3581E-04,  4.7927E-05,  1.7320E-04,  4.7241E-05,  4.7269E-04,  5.1943E-05,  1.3271E-04,  1.7887E-05,  1.1056E-04,  0.0000E+00,  3.5482E-05,  1.1397E-05,  4.4930E-05,  2.8323E-06,  4.7277E-05,  6.3856E-06,  3.0815E-05,  3.5495E-06,  4.2596E-05,  4.0192E-06,  2.5995E-05,  2.5994E-06,  4.4950E-05,  6.6222E-06,  7.8848E-05,  5.3577E-05,  1.5716E-04,  2.3211E-05,  2.0132E-05,  2.8359E-05,  3.0847E-04,  1.7925E-05,  0.0000E+00,  0.0000E+00,  0.0000E+00,  0.0000E+00,  0.0000E+00,  0.0000E+00,  4.2666E-06,  0.0000E+00,  1.1088E-06
  1.4000E+02,  6.7423E+08,  1.3675E+05,  6.0940E-05,  7.7460E-05,  8.1519E-03,  2.7689E+03,  1.3385E+03,  2.2646E+03,  5.0752E-01,  1.6725E+03,  9.8132E+01,  1.8505E+03,  2.1914E+02,  2.1244E+03,  7.2353E+00,  3.6125E+02,  2.7313E+00,  3.7715E+01,  6.1417E+00,  1.2027E+02,  1.8430E-01,  9.9412E+00,  1.2550E+00,  6.2561E+01,  3.0195E+01,  3.9077E+03,  1.0053E+01,  1.8753E+02,  2.0096E+00,  3.2115E+00,  9.2002E-02,  3.1799E-01,  1.5626E-02,  1.7399E-01,  1.7581E-02,  8.3886E-02,  4.9395E-02,  1.1715E-01,  2.1764E-02,  4.9374E-02,  3.2620E-03,  1.0034E-02,  0.0000E+00,  8.3849E-03,  1.5923E-03,  5.4476E-03,  1.0897E-03,  5.2141E-03,  5.6878E-03,  1.2578E-02,  1.0201E-03,  1.5456E-02,  1.7031E-03,  6.1626E-03,  1.6758E-03,  1.6765E-02,  1.8467E-03,  4.7109E-03,  6.3509E-04,  3.9219E-03,  0.0000E+00,  1.2586E-03,  4.0422E-04,  1.5958E-03,  1.0055E-04,  1.6768E-03,  2.2670E-04,  1.0920E-03,  1.2590E-04,  1.5121E-03,  1.4240E-04,  9.2280E-04,  9.2279E-05,  1.5963E-03,  2.3459E-04,  2.7953E-03,  1.9022E-03,  5.5748E-03,  8.2453E-04,  7.1542E-04,  1.0064E-03,  1.0929E-02,  6.3608E-04,  0.0000E+00,  0.0000E+00,  0.0000E+00,  0.0000E+00,  0.0000E+00,  0.0000E+00,  1.5139E-04,  0.0000E+00,  3.9303E-05,  1.1352E+07,  5.1867E+03,  2.3123E-06,  2.9361E-06,  3.0922E-04,  1.0506E+02,  5.5946E+01,  7.8075E+01,  1.7217E-02,  5.6687E+01,  3.3290E+00,  6.2788E+01,  6.1881E+00,  5.9991E+01,  1.9304E-01,  9.6382E+00,  7.2871E-02,  1.0071E+00,  1.6381E-01,  3.2072E+00,  2.9685E-03,  1.5978E-01,  2.0153E-02,  1.0066E+00,  4.8545E-01,  6.2840E+01,  1.6160E-01,  3.0157E+00,  3.2352E-02,  5.1671E-02,  1.4807E-03,  5.1100E-03,  2.5131E-04,  2.7971E-03,  2.8279E-04,  1.3504E-03,  7.9428E-04,  1.8860E-03,  3.5050E-04,  7.9386E-04,  5.2409E-05,  1.6140E-04,  0.0000E+00,  1.3497E-04,  2.5631E-05,  8.7696E-05,  1.7532E-05,  8.3932E-05,  9.1546E-05,  2.0209E-04,  1.6416E-05,  2.4875E-04,  2.7342E-05,  9.9144E-05,  2.7012E-05,  2.7026E-04,  2.9684E-05,  7.5752E-05,  1.0221E-05,  6.3126E-05,  0.0000E+00,  2.0226E-05,  6.5128E-06,  2.5701E-05,  1.6183E-06,  2.7031E-05,  3.6489E-06,  1.7578E-05,  2.0232E-06,  2.4380E-05,  2.2891E-06,  1.4862E-05,  1.4862E-06,  2.5711E-05,  3.7816E-06,  4.4975E-05,  3.0543E-05,  8.9773E-05,  1.3274E-05,  1.1518E-05,  1.6201E-05,  1.7595E-04,  1.0241E-05,  0.0000E+00,  0.0000E+00,  0.0000E+00,  0.0000E+00,  0.0000E+00,  0.0000E+00,  2.4416E-06,  0.0000E+00,  6.3293E-07
  1.6000E+02,  4.8759E+08,  6.2911E+04,  2.8012E-05,  3.5633E-05,  3.7401E-03,  1.2697E+03,  5.5872E+02,  1.1390E+03,  2.5530E-01,  8.4189E+02,  4.9382E+01,  9.3116E+02,  1.2516E+02,  1.2136E+03,  4.2815E+00,  2.1369E+02,  1.6161E+00,  2.2310E+01,  3.6338E+00,  7.1176E+01,  1.3573E-01,  7.3248E+00,  9.2488E-01,  4.6087E+01,  2.2247E+01,  2.8793E+03,  7.4074E+00,  1.3814E+02,  1.4803E+00,  2.3652E+00,  6.7773E-02,  2.3426E-01,  1.1512E-02,  1.2818E-01,  1.2952E-02,  6.1784E-02,  3.6386E-02,  8.6282E-02,  1.6032E-02,  3.6372E-02,  2.4040E-03,  7.3915E-03,  0.0000E+00,  6.1759E-03,  1.1730E-03,  4.0119E-03,  8.0282E-04,  3.8400E-03,  4.1892E-03,  9.2679E-03,  7.5153E-04,  1.1384E-02,  1.2553E-03,  4.5390E-03,  1.2339E-03,  1.2344E-02,  1.3603E-03,  3.4701E-03,  4.6782E-04,  2.8890E-03,  0.0000E+00,  9.2735E-04,  2.9763E-04,  1.1754E-03,  7.4059E-05,  1.2345E-03,  1.6696E-04,  8.0440E-04,  9.2758E-05,  1.1133E-03,  1.0491E-04,  6.7962E-04,  6.7962E-05,  1.1758E-03,  1.7276E-04,  2.0589E-03,  1.4014E-03,  4.1055E-03,  6.0728E-04,  5.2690E-04,  7.4123E-04,  8.0498E-03,  4.6851E-04,  0.0000E+00,  0.0000E+00,  0.0000E+00,  0.0000E+00,  0.0000E+00,  0.0000E+00,  1.1145E-04,  0.0000E+00,  2.8948E-05,  7.3119E+06,  2.1971E+03,  9.8054E-07,  1.2466E-06,  1.3196E-04,  4.4854E+01,  2.2027E+01,  3.4484E+01,  8.0060E-03,  2.6374E+01,  1.5459E+00,  2.9148E+01,  3.2099E+00,  3.1095E+01,  1.0234E-01,  5.1180E+00,  3.8653E-02,  5.3335E-01,  8.6984E-02,  1.7018E+00,  1.8886E-03,  1.0186E-01,  1.2859E-02,  6.4083E-01,  3.0940E-01,  3.9993E+01,  1.0299E-01,  1.9232E+00,  2.0571E-02,  3.2964E-02,  9.4225E-04,  3.2636E-03,  1.6010E-04,  1.7839E-03,  1.8017E-04,  8.5978E-04,  5.0666E-04,  1.2010E-03,  2.2274E-04,  5.0642E-04,  3.3390E-05,  1.0280E-04,  0.0000E+00,  8.5935E-05,  1.6297E-05,  5.5876E-05,  1.1156E-05,  5.3484E-05,  5.8317E-05,  1.2892E-04,  1.0446E-05,  1.5848E-04,  1.7447E-05,  6.3216E-05,  1.7183E-05,  1.7191E-04,  1.8961E-05,  4.8327E-05,  6.5055E-06,  4.0160E-05,  0.0000E+00,  1.2902E-05,  4.1462E-06,  1.6339E-05,  1.0305E-06,  1.7194E-05,  2.3253E-06,  1.1183E-05,  1.2906E-06,  1.5503E-05,  1.4601E-06,  9.4549E-06,  9.4547E-07,  1.6345E-05,  2.4017E-06,  2.8663E-05,  1.9530E-05,  5.7149E-05,  8.4504E-06,  7.3345E-06,  1.0315E-05,  1.1193E-04,  6.5171E-06,  0.0000E+00,  0.0000E+00,  0.0000E+00,  0.0000E+00,  0.0000E+00,  0.0000E+00,  1.5524E-06,  0.0000E+00,  4.0258E-07
  1.8000E+02,  3.6522E+08,  3.0529E+04,  1.3571E-05,  1.7269E-05,  1.7965E-03,  6.0940E+02,  2.4236E+02,  6.2008E+02,  1.3434E-01,  4.4332E+02,  2.6023E+01,  4.9083E+02,  7.4906E+01,  7.2665E+02,  2.6632E+00,  1.3284E+02,  1.0050E+00,  1.3874E+01,  2.2586E+00,  4.4267E+01,  1.0394E-01,  5.6095E+00,  7.0830E-01,  3.5300E+01,  1.7036E+01,  2.2061E+03,  5.6728E+00,  1.0576E+02,  1.1339E+00,  1.8110E+00,  5.1910E-02,  1.7936E-01,  8.8159E-03,  9.8148E-02,  9.9176E-03,  4.7313E-02,  2.7858E-02,  6.6058E-02,  1.2281E-02,  2.7847E-02,  1.8417E-03,  5.6612E-03,  0.0000E+00,  4.7295E-03,  8.9863E-04,  3.0718E-03,  6.1493E-04,  2.9401E-03,  3.2080E-03,  7.0967E-03,  5.7558E-04,  8.7158E-03,  9.6143E-04,  3.4753E-03,  9.4465E-04,  9.4501E-03,  1.0412E-03,  2.6567E-03,  3.5826E-04,  2.2131E-03,  0.0000E+00,  7.1008E-04,  2.2788E-04,  9.0037E-04,  5.6716E-05,  9.4511E-04,  1.2783E-04,  6.1606E-04,  7.1025E-05,  8.5234E-04,  8.0324E-05,  5.2047E-04,  5.2046E-05,  9.0063E-04,  1.3231E-04,  1.5763E-03,  1.0728E-03,  3.1437E-03,  4.6499E-04,  4.0340E-04,  5.6763E-04,  6.1649E-03,  3.5875E-04,  0.0000E+00,  0.0000E+00,  0.0000E+00,  0.0000E+00,  0.0000E+00,  0.0000E+00,  8.5325E-05,  0.0000E+00,  2.2173E-05,  4.9244E+06,  1.0411E+03,  4.6359E-07,  5.8981E-07,  6.2395E-05,  2.1179E+01,  9.6098E+00,  1.7405E+01,  4.0891E-03,  1.3484E+01,  7.8999E-01,  1.4885E+01,  1.8156E+00,  1.7597E+01,  5.9492E-02,  2.9670E+00,  2.2452E-02,  3.1030E-01,  5.0536E-02,  9.8910E-01,  1.2904E-03,  6.9666E-02,  8.7987E-03,  4.3785E-01,  2.1168E-01,  2.7328E+01,  7.0468E-02,  1.3142E+00,  1.4073E-02,  2.2458E-02,  6.4404E-04,  2.2264E-03,  1.0948E-04,  1.2196E-03,  1.2326E-04,  5.8733E-04,  3.4617E-04,  8.2141E-04,  1.5241E-04,  3.4601E-04,  2.2838E-05,  7.0230E-05,  0.0000E+00,  5.8706E-05,  1.1138E-05,  3.8139E-05,  7.6337E-06,  3.6506E-05,  3.9805E-05,  8.8195E-05,  7.1485E-06,  1.0833E-04,  1.1935E-05,  4.3155E-05,  1.1738E-05,  1.1744E-04,  1.2947E-05,  3.3016E-05,  4.4506E-06,  2.7434E-05,  0.0000E+00,  8.8256E-06,  2.8287E-06,  1.1164E-05,  7.0386E-07,  1.1745E-05,  1.5880E-06,  7.6508E-06,  8.8281E-07,  1.0590E-05,  9.9863E-07,  6.4610E-06,  6.4609E-07,  1.1168E-05,  1.6435E-06,  1.9594E-05,  1.3332E-05,  3.9037E-05,  5.7786E-06,  5.0159E-06,  7.0455E-06,  7.6571E-05,  4.4580E-06,  0.0000E+00,  0.0000E+00,  0.0000E+00,  0.0000E+00,  0.0000E+00,  0.0000E+00,  1.0604E-06,  0.0000E+00,  2.7496E-07
  2.0000E+02,  2.8137E+08,  1.5246E+04,  6.7715E-06,  8.6175E-06,  8.8324E-04,  2.9952E+02,  1.0606E+02,  3.5647E+02,  7.2717E-02,  2.4004E+02,  1.4116E+01,  2.6638E+02,  4.6391E+01,  4.5016E+02,  1.7173E+00,  8.5701E+01,  6.4821E-01,  8.9417E+00,  1.4560E+00,  2.8548E+01,  8.2009E-02,  4.4251E+00,  5.5872E-01,  2.7853E+01,  1.3438E+01,  1.7414E+03,  4.4751E+00,  8.3426E+01,  8.9454E-01,  1.4293E+00,  4.0961E-02,  1.4151E-01,  6.9550E-03,  7.7413E-02,  7.8221E-03,  3.7327E-02,  2.1974E-02,  5.2095E-02,  9.6879E-03,  2.1967E-02,  1.4533E-03,  4.4669E-03,  0.0000E+00,  3.7313E-03,  7.0922E-04,  2.4238E-03,  4.8511E-04,  2.3197E-03,  2.5310E-03,  5.5975E-03,  4.5404E-04,  6.8740E-03,  7.5853E-04,  2.7419E-03,  7.4509E-04,  7.4536E-03,  8.2126E-04,  2.0954E-03,  2.8263E-04,  1.7466E-03,  0.0000E+00,  5.6006E-04,  1.7979E-04,  7.1052E-04,  4.4747E-05,  7.4544E-04,  1.0084E-04,  4.8597E-04,  5.6018E-05,  6.7232E-04,  6.3346E-05,  4.1064E-04,  4.1063E-05,  7.1072E-04,  1.0436E-04,  1.2432E-03,  8.4622E-04,  2.4800E-03,  3.6678E-04,  3.1814E-04,  4.4782E-04,  4.8628E-03,  2.8300E-04,  0.0000E+00,  0.0000E+00,  0.0000E+00,  0.0000E+00,  0.0000E+00,  0.0000E+00,  6.7301E-05,  0.0000E+00,  1.7497E-05,  3.4613E+06,  4.8715E+02,  2.1634E-07,  2.7536E-07,  2.8930E-05,  9.8094E+00,  4.0197E+00,  8.9562E+00,  2.0736E-03,  6.8439E+00,  4.0079E-01,  7.5596E+00,  1.0359E+00,  1.0052E+01,  3.5099E-02,  1.7468E+00,  1.3231E-02,  1.8292E-01,  2.9728E-02,  5.8281E-01,  9.0286E-04,  4.8776E-02,  6.1589E-03,  3.0689E-01,  1.4810E-01,  1.9146E+01,  4.9298E-02,  9.1955E-01,  9.8616E-03,  1.5713E-02,  4.5085E-04,  1.5576E-03,  7.6614E-05,  8.5387E-04,  8.6294E-05,  4.1128E-04,  2.4217E-04,  5.7489E-04,  1.0684E-04,  2.4207E-04,  1.6002E-05,  4.9203E-05,  0.0000E+00,  4.1110E-05,  7.8030E-06,  2.6657E-05,  5.3476E-06,  2.5535E-05,  2.7891E-05,  6.1726E-05,  5.0053E-06,  7.5840E-05,  8.3545E-06,  3.0188E-05,  8.2174E-06,  8.2210E-05,  9.0480E-06,  2.3117E-05,  3.1129E-06,  1.9215E-05,  0.0000E+00,  6.1766E-06,  1.9802E-06,  7.8202E-06,  4.9306E-07,  8.2220E-06,  1.1111E-06,  5.3589E-06,  6.1783E-07,  7.4110E-06,  6.9914E-07,  4.5221E-06,  4.5220E-07,  7.8228E-06,  1.1515E-06,  1.3719E-05,  9.3256E-06,  2.7332E-05,  4.0424E-06,  3.5105E-06,  4.9352E-06,  5.3631E-05,  3.1178E-06,  0.0000E+00,  0.0000E+00,  0.0000E+00,  0.0000E+00,  0.0000E+00,  0.0000E+00,  7.4199E-07,  0.0000E+00,  1.9256E-07
  2.2000E+02,  2.2142E+08,  8.0604E+03,  3.5804E-06,  4.5557E-06,  4.5842E-04,  1.5544E+02,  4.9137E+01,  2.1882E+02,  4.1295E-02,  1.3631E+02,  8.0416E+00,  1.5172E+02,  2.9973E+01,  2.9083E+02,  1.1538E+00,  5.7646E+01,  4.3583E-01,  6.0078E+00,  9.7911E-01,  1.9193E+01,  6.6484E-02,  3.5867E+00,  4.5282E-01,  2.2573E+01,  1.0893E+01,  1.4120E+03,  3.6280E+00,  6.7615E+01,  7.2497E-01,  1.1588E+00,  3.3208E-02,  1.1472E-01,  5.6382E-03,  6.2733E-02,  6.3388E-03,  3.0255E-02,  1.7811E-02,  4.2215E-02,  7.8502E-03,  1.7805E-02,  1.1781E-03,  3.6202E-03,  0.0000E+00,  3.0244E-03,  5.7499E-04,  1.9655E-03,  3.9316E-04,  1.8805E-03,  2.0511E-03,  4.5362E-03,  3.6800E-04,  5.5702E-03,  6.1493E-04,  2.2227E-03,  6.0379E-04,  6.0400E-03,  6.6574E-04,  1.6978E-03,  2.2913E-04,  1.4160E-03,  0.0000E+00,  4.5385E-04,  1.4572E-04,  5.7600E-04,  3.6263E-05,  6.0406E-04,  8.1733E-05,  3.9383E-04,  4.5395E-05,  5.4490E-04,  5.1324E-05,  3.3288E-04,  3.3288E-05,  5.7615E-04,  8.4559E-05,  1.0073E-03,  6.8587E-04,  2.0099E-03,  2.9730E-04,  2.5781E-04,  3.6290E-04,  3.9407E-03,  2.2942E-04,  0.0000E+00,  0.0000E+00,  0.0000E+00,  0.0000E+00,  0.0000E+00,  0.0000E+00,  5.4543E-05,  0.0000E+00,  1.4185E-05,  2.5335E+06,  2.3146E+02,  1.0278E-07,  1.3082E-07,  1.3552E-05,  4.5983E+00,  1.6731E+00,  4.8085E+00,  1.0685E-03,  3.5289E+00,  2.0661E-01,  3.9063E+00,  6.0592E-01,  5.8811E+00,  2.1246E-02,  1.0587E+00,  8.0067E-03,  1.1048E-01,  1.7956E-02,  3.5270E-01,  6.4965E-04,  3.5060E-02,  4.4315E-03,  2.2115E-01,  1.0644E-01,  1.3794E+01,  3.5414E-02,  6.6154E-01,  7.0955E-03,  1.1336E-02,  3.2444E-04,  1.1220E-03,  5.5071E-05,  6.1417E-04,  6.2032E-05,  2.9591E-04,  1.7420E-04,  4.1308E-04,  7.6932E-05,  1.7413E-04,  1.1520E-05,  3.5463E-05,  0.0000E+00,  2.9579E-05,  5.6202E-06,  1.9176E-05,  3.8474E-06,  1.8382E-05,  2.0104E-05,  4.4408E-05,  3.5982E-06,  5.4547E-05,  6.0055E-06,  2.1730E-05,  5.9126E-06,  5.9150E-05,  6.5041E-06,  1.6640E-05,  2.2367E-06,  1.3841E-05,  0.0000E+00,  4.4436E-06,  1.4267E-06,  5.6320E-06,  3.5534E-07,  5.9157E-06,  7.9938E-07,  3.8551E-06,  4.4447E-07,  5.3317E-06,  5.0302E-07,  3.2536E-06,  3.2536E-07,  5.6337E-06,  8.2849E-07,  9.8699E-06,  6.7095E-06,  1.9680E-05,  2.9057E-06,  2.5223E-06,  3.5565E-06,  3.8580E-05,  2.2400E-06,  0.0000E+00,  0.0000E+00,  0.0000E+00,  0.0000E+00,  0.0000E+00,  0.0000E+00,  5.3378E-07,  0.0000E+00,  1.3869E-07
  2.5000E+02,  1.5848E+08,  3.2995E+03,  1.4657E-06,  1.8647E-06,  1.8147E-04,  6.1519E+01,  1.6295E+01,  1.1413E+02,  1.8672E-02,  6.1596E+01,  3.6602E+00,  6.8959E+01,  1.6426E+01,  1.5938E+02,  6.7128E-01,  3.3580E+01,  2.5387E-01,  3.4970E+00,  5.7047E-01,  1.1172E+01,  5.0381E-02,  2.7185E+00,  3.4305E-01,  1.7098E+01,  8.2558E+00,  1.0703E+03,  2.7506E+00,  5.1235E+01,  5.4928E-01,  8.7807E-01,  2.5165E-02,  8.6924E-02,  4.2737E-03,  4.7529E-02,  4.8029E-03,  2.2931E-02,  1.3496E-02,  3.1986E-02,  5.9451E-03,  1.3492E-02,  8.9279E-04,  2.7416E-03,  0.0000E+00,  2.2923E-03,  4.3579E-04,  1.4901E-03,  2.9789E-04,  1.4251E-03,  1.5536E-03,  3.4363E-03,  2.7893E-04,  4.2190E-03,  4.6620E-04,  1.6844E-03,  4.5736E-04,  4.5751E-03,  5.0464E-04,  1.2859E-03,  1.7369E-04,  1.0732E-03,  0.0000E+00,  3.4380E-04,  1.1039E-04,  4.3652E-04,  2.7460E-05,  4.5756E-04,  6.1939E-05,  2.9837E-04,  3.4387E-05,  4.1281E-04,  3.8871E-05,  2.5222E-04,  2.5222E-05,  4.3663E-04,  6.4037E-05,  7.6292E-04,  5.1980E-04,  1.5225E-03,  2.2530E-04,  1.9537E-04,  2.7479E-04,  2.9855E-03,  1.7390E-04,  0.0000E+00,  0.0000E+00,  0.0000E+00,  0.0000E+00,  0.0000E+00,  0.0000E+00,  4.1320E-05,  0.0000E+00,  1.0750E-05,  1.6628E+06,  8.5926E+01,  3.8196E-08,  4.8582E-08,  4.9109E-06,  1.6634E+00,  5.1633E-01,  2.1707E+00,  4.3968E-04,  1.4522E+00,  8.5483E-02,  1.6110E+00,  2.9721E-01,  2.8822E+00,  1.0924E-02,  5.4562E-01,  4.1239E-03,  5.6909E-02,  9.2864E-03,  1.8200E-01,  4.2383E-04,  2.2821E-02,  2.8862E-03,  1.4380E-01,  6.9346E-02,  8.9837E+00,  2.3083E-02,  4.3051E-01,  4.6171E-03,  7.3789E-03,  2.1179E-04,  7.3091E-04,  3.5890E-05,  3.9942E-04,  4.0359E-05,  1.9237E-04,  1.1341E-04,  2.6885E-04,  5.0073E-05,  1.1337E-04,  7.5013E-06,  2.3113E-05,  0.0000E+00,  1.9229E-05,  3.6596E-06,  1.2515E-05,  2.5042E-06,  1.1976E-05,  1.3063E-05,  2.8919E-05,  2.3403E-06,  3.5528E-05,  3.9099E-06,  1.4154E-05,  3.8494E-06,  3.8509E-05,  4.2359E-06,  1.0820E-05,  1.4594E-06,  9.0124E-06,  0.0000E+00,  2.8935E-06,  9.2852E-07,  3.6667E-06,  2.3156E-07,  3.8513E-06,  5.2021E-07,  2.5088E-06,  2.8942E-07,  3.4744E-06,  3.2720E-07,  2.1235E-06,  2.1235E-07,  3.6678E-06,  5.3962E-07,  6.4244E-06,  4.3616E-06,  1.2813E-05,  1.8946E-06,  1.6404E-06,  2.3175E-06,  2.5106E-05,  1.4615E-06,  0.0000E+00,  0.0000E+00,  0.0000E+00,  0.0000E+00,  0.0000E+00,  0.0000E+00,  3.4781E-07,  0.0000E+00,  9.0296E-08
  2.8000E+02,  1.1651E+08,  1.5102E+03,  6.7057E-07,  8.5328E-07,  8.0220E-05,  2.7211E+01,  6.1279E+00,  6.5756E+01,  9.2579E-03,  3.0524E+01,  1.8270E+00,  3.4411E+01,  9.6824E+00,  9.3944E+01,  4.1876E-01,  2.0958E+01,  1.5845E-01,  2.1820E+00,  3.5588E-01,  6.9673E+00,  3.9711E-02,  2.1431E+00,  2.7036E-01,  1.3474E+01,  6.5082E+00,  8.4390E+02,  2.1688E+00,  4.0387E+01,  4.3287E-01,  6.9206E-01,  1.9829E-02,  6.8499E-02,  3.3683E-03,  3.7457E-02,  3.7862E-03,  1.8079E-02,  1.0638E-02,  2.5207E-02,  4.6838E-03,  1.0635E-02,  7.0385E-04,  2.1596E-03,  0.0000E+00,  1.8074E-03,  3.4358E-04,  1.1747E-03,  2.3479E-04,  1.1233E-03,  1.2243E-03,  2.7080E-03,  2.1994E-04,  3.3236E-03,  3.6758E-04,  1.3278E-03,  3.6044E-04,  3.6055E-03,  3.9790E-04,  1.0132E-03,  1.3691E-04,  8.4611E-04,  0.0000E+00,  2.7093E-04,  8.7004E-05,  3.4414E-04,  2.1629E-05,  3.6059E-04,  4.8823E-05,  2.3515E-04,  2.7098E-05,  3.2531E-04,  3.0633E-05,  1.9872E-04,  1.9872E-05,  3.4422E-04,  5.0447E-05,  6.0106E-04,  4.0994E-04,  1.1996E-03,  1.7756E-04,  1.5402E-04,  2.1644E-04,  2.3529E-03,  1.3707E-04,  0.0000E+00,  0.0000E+00,  0.0000E+00,  0.0000E+00,  0.0000E+00,  0.0000E+00,  3.2560E-05,  0.0000E+00,  8.4746E-06,  1.1349E+06,  3.3362E+01,  1.4813E-08,  1.8844E-08,  1.8393E-06,  6.2382E-01,  1.6147E-01,  1.0545E+00,  1.8796E-04,  6.1922E-01,  3.6731E-02,  6.9212E-01,  1.5233E-01,  1.4803E+00,  5.9111E-03,  2.9590E-01,  2.2378E-03,  3.0757E-02,  5.0198E-03,  9.8341E-02,  2.8754E-04,  1.5540E-02,  1.9598E-03,  9.7806E-02,  4.7161E-02,  6.1106E+00,  1.5705E-02,  2.9265E-01,  3.1438E-03,  5.0220E-03,  1.4396E-04,  4.9744E-04,  2.4470E-05,  2.7206E-04,  2.7419E-05,  1.3105E-04,  7.7147E-05,  1.8310E-04,  3.4015E-05,  7.7120E-05,  5.0950E-06,  1.5686E-05,  0.0000E+00,  1.3100E-05,  2.4877E-06,  8.5133E-06,  1.7023E-06,  8.1457E-06,  8.8865E-06,  1.9634E-05,  1.5919E-06,  2.4165E-05,  2.6647E-06,  9.6186E-06,  2.6122E-06,  2.6132E-05,  2.8802E-06,  7.3578E-06,  9.9219E-07,  6.1291E-06,  0.0000E+00,  1.9645E-06,  6.3086E-07,  2.4923E-06,  1.5713E-07,  2.6135E-06,  3.5419E-07,  1.7053E-06,  1.9649E-07,  2.3589E-06,  2.2201E-07,  1.4432E-06,  1.4432E-07,  2.4930E-06,  3.6637E-07,  4.3660E-06,  2.9626E-06,  8.7093E-06,  1.2877E-06,  1.1163E-06,  1.5726E-06,  1.7065E-05,  9.9350E-07,  0.0000E+00,  0.0000E+00,  0.0000E+00,  0.0000E+00,  0.0000E+00,  0.0000E+00,  2.3613E-07,  0.0000E+00,  6.1401E-08
  3.2000E+02,  8.0076E+07,  5.6537E+02,  2.5117E-07,  3.1966E-07,  2.8581E-05,  9.6975E+00,  1.7576E+00,  3.4027E+01,  3.8285E-03,  1.2631E+01,  7.6357E-01,  1.4379E+01,  5.0570E+00,  4.9032E+01,  2.3628E-01,  1.1819E+01,  8.9350E-02,  1.2322E+00,  2.0090E-01,  3.9310E+00,  3.0095E-02,  1.6235E+00,  2.0479E-01,  1.0204E+01,  4.9314E+00,  6.3945E+02,  1.6435E+00,  3.0595E+01,  3.2772E-01,  5.2400E-01,  1.5017E-02,  5.1868E-02,  2.5501E-03,  2.8359E-02,  2.8690E-03,  1.3696E-02,  8.0582E-03,  1.9084E-02,  3.5462E-03,  8.0558E-03,  5.3340E-04,  1.6353E-03,  0.0000E+00,  1.3692E-03,  2.6039E-04,  8.8998E-04,  1.7786E-04,  8.5087E-04,  9.2718E-04,  2.0511E-03,  1.6668E-04,  2.5158E-03,  2.7848E-04,  1.0062E-03,  2.7308E-04,  2.7316E-03,  3.0156E-04,  7.6721E-04,  1.0372E-04,  6.4106E-04,  0.0000E+00,  2.0520E-04,  6.5900E-05,  2.6079E-04,  1.6377E-05,  2.7319E-04,  3.6978E-05,  1.7812E-04,  2.0524E-05,  2.4644E-04,  2.3204E-05,  1.5048E-04,  1.5048E-05,  2.6085E-04,  3.8199E-05,  4.5513E-04,  3.1085E-04,  9.0840E-04,  1.3450E-04,  1.1669E-04,  1.6388E-04,  1.7822E-03,  1.0384E-04,  0.0000E+00,  0.0000E+00,  0.0000E+00,  0.0000E+00,  0.0000E+00,  0.0000E+00,  2.4665E-05,  0.0000E+00,  6.4205E-06,  6.8687E+05,  1.3880E+01,  6.1571E-09,  7.8363E-09,  7.4266E-07,  2.5185E-01,  5.7046E-02,  5.3195E-01,  8.3517E-05,  2.7546E-01,  1.6440E-02,  3.0951E-01,  7.8936E-02,  7.6533E-01,  3.2132E-03,  1.6100E-01,  1.2172E-03,  1.6732E-02,  2.7293E-03,  5.3473E-02,  1.9325E-04,  1.0440E-02,  1.3188E-03,  6.5728E-02,  3.1680E-02,  4.1119E+00,  1.0560E-02,  1.9696E-01,  2.1138E-03,  3.3810E-03,  9.6647E-05,  3.3412E-04,  1.6441E-05,  1.8286E-04,  1.8445E-05,  8.8116E-05,  5.1848E-05,  1.2305E-04,  2.2866E-05,  5.1831E-05,  3.4275E-06,  1.0529E-05,  0.0000E+00,  8.8086E-06,  1.6719E-06,  5.7224E-06,  1.1443E-06,  5.4769E-06,  5.9715E-06,  1.3211E-05,  1.0712E-06,  1.6227E-05,  1.7906E-06,  6.4639E-06,  1.7557E-06,  1.7563E-05,  1.9367E-06,  4.9429E-06,  6.6752E-07,  4.1235E-06,  0.0000E+00,  1.3218E-06,  4.2437E-07,  1.6748E-06,  1.0547E-07,  1.7565E-06,  2.3802E-07,  1.1462E-06,  1.3221E-07,  1.5847E-06,  1.4942E-07,  9.6875E-07,  9.6874E-08,  1.6753E-06,  2.4603E-07,  2.9305E-06,  1.9919E-06,  5.8530E-06,  8.6551E-07,  7.5024E-07,  1.0554E-06,  1.1469E-05,  6.6835E-07,  0.0000E+00,  0.0000E+00,  0.0000E+00,  0.0000E+00,  0.0000E+00,  0.0000E+00,  1.5862E-07,  0.0000E+00,  4.1306E-08
  3.5000E+02,  6.2418E+07,  2.8749E+02,  1.2783E-07,  1.6270E-07,  1.3939E-05,  4.7311E+00,  7.0677E-01,  2.2176E+01,  2.0973E-03,  6.9199E+00,  4.2156E-01,  7.9395E+00,  3.2828E+00,  3.1835E+01,  1.6213E-01,  8.1053E+00,  6.1273E-02,  8.4582E-01,  1.3789E-01,  2.6976E+00,  2.5148E-02,  1.3564E+00,  1.7105E-01,  8.5228E+00,  4.1216E+00,  5.3422E+02,  1.3733E+00,  2.5555E+01,  2.7365E-01,  4.3749E-01,  1.2544E-02,  4.3325E-02,  2.1298E-03,  2.3683E-02,  2.3968E-03,  1.1442E-02,  6.7324E-03,  1.5937E-02,  2.9612E-03,  6.7305E-03,  4.4565E-04,  1.3660E-03,  0.0000E+00,  1.1438E-03,  2.1763E-04,  7.4363E-04,  1.4859E-04,  7.1078E-04,  7.7448E-04,  1.7131E-03,  1.3928E-04,  2.1007E-03,  2.3270E-04,  8.4082E-04,  2.2813E-04,  2.2820E-03,  2.5201E-04,  6.4081E-04,  8.6636E-05,  5.3553E-04,  0.0000E+00,  1.7139E-04,  5.5036E-05,  2.1796E-04,  1.3679E-05,  2.2822E-04,  3.0893E-05,  1.4881E-04,  1.7142E-05,  2.0589E-04,  1.9379E-05,  1.2570E-04,  1.2570E-05,  2.1801E-04,  3.1907E-05,  3.8021E-04,  2.5987E-04,  7.5867E-04,  1.1236E-04,  9.7495E-05,  1.3688E-04,  1.4889E-03,  8.6732E-05,  0.0000E+00,  0.0000E+00,  0.0000E+00,  0.0000E+00,  0.0000E+00,  0.0000E+00,  2.0607E-05,  0.0000E+00,  5.3635E-06,  4.9030E+05,  4.6451E+00,  2.0660E-09,  2.6281E-09,  2.3344E-07,  7.9247E-02,  1.3008E-02,  2.5811E-01,  3.1892E-05,  1.0528E-01,  6.3604E-03,  1.1978E-01,  3.9343E-02,  3.8109E-01,  1.7302E-03,  8.6604E-02,  6.5455E-04,  9.0266E-03,  1.4713E-03,  2.8755E-02,  1.3653E-04,  7.3653E-03,  9.3059E-04,  4.6335E-02,  2.2309E-02,  2.9036E+00,  7.4520E-03,  1.3905E-01,  1.4906E-03,  2.3860E-03,  6.8177E-05,  2.3538E-04,  1.1579E-05,  1.2884E-04,  1.3034E-05,  6.2171E-05,  3.6535E-05,  8.6742E-05,  1.6133E-05,  3.6523E-05,  2.4228E-06,  7.4262E-06,  0.0000E+00,  6.2151E-06,  1.1788E-06,  4.0344E-06,  8.0673E-07,  3.8624E-06,  4.2090E-06,  9.3214E-06,  7.5547E-07,  1.1444E-05,  1.2616E-06,  4.5589E-06,  1.2410E-06,  1.2414E-05,  1.3661E-06,  3.4839E-06,  4.7132E-07,  2.9115E-06,  0.0000E+00,  9.3261E-07,  2.9984E-07,  1.1808E-06,  7.4380E-08,  1.2416E-06,  1.6768E-07,  8.0802E-07,  9.3280E-08,  1.1185E-06,  1.0561E-07,  6.8332E-07,  6.8332E-08,  1.1811E-06,  1.7344E-07,  2.0643E-06,  1.4067E-06,  4.1286E-06,  6.1055E-07,  5.2908E-07,  7.4433E-07,  8.0850E-06,  4.7188E-07,  0.0000E+00,  0.0000E+00,  0.0000E+00,  0.0000E+00,  0.0000E+00,  0.0000E+00,  1.1196E-07,  0.0000E+00,  2.9163E-08
  4.0000E+02,  4.2615E+07,  1.0978E+02,  4.8795E-08,  6.2152E-08,  5.0485E-06,  1.7131E+00,  2.1737E-01,  1.1918E+01,  8.6778E-04,  2.8613E+00,  1.7611E-01,  3.3170E+00,  1.7222E+00,  1.6716E+01,  9.2625E-02,  4.6269E+00,  3.4982E-02,  4.8319E-01,  7.8780E-02,  1.5424E+00,  1.9315E-02,  1.0417E+00,  1.3128E-01,  6.5417E+00,  3.1681E+00,  4.1018E+02,  1.0549E+00,  1.9613E+01,  2.0996E-01,  3.3557E-01,  9.6306E-03,  3.3267E-02,  1.6351E-03,  1.8178E-02,  1.8398E-03,  8.7853E-03,  5.1712E-03,  1.2231E-02,  2.2718E-03,  5.1697E-03,  3.4216E-04,  1.0486E-03,  0.0000E+00,  8.7827E-04,  1.6726E-04,  5.7126E-04,  1.1413E-04,  5.4574E-04,  5.9461E-04,  1.3147E-03,  1.0702E-04,  1.6116E-03,  1.7880E-04,  6.4611E-04,  1.7511E-04,  1.7516E-03,  1.9363E-04,  4.9192E-04,  6.6502E-05,  4.1116E-04,  0.0000E+00,  1.3153E-04,  4.2228E-05,  1.6751E-04,  1.0501E-05,  1.7517E-04,  2.3730E-05,  1.1429E-04,  1.3156E-05,  1.5810E-04,  1.4866E-05,  9.6501E-05,  9.6500E-06,  1.6755E-04,  2.4495E-05,  2.9198E-04,  1.9977E-04,  5.8222E-04,  8.6270E-05,  7.4892E-05,  1.0507E-04,  1.1435E-03,  6.6573E-05,  0.0000E+00,  0.0000E+00,  0.0000E+00,  0.0000E+00,  0.0000E+00,  0.0000E+00,  1.5823E-05,  0.0000E+00,  4.1177E-06,  3.0180E+05,  2.4631E+00,  1.0953E-09,  1.3937E-09,  1.2218E-07,  4.1475E-02,  6.5681E-03,  1.5221E-01,  1.7290E-05,  5.7067E-02,  3.4575E-03,  6.5121E-02,  2.3080E-02,  2.2369E-01,  1.0499E-03,  5.2534E-02,  3.9709E-04,  5.4787E-03,  8.9313E-04,  1.7453E-02,  9.6790E-05,  5.2202E-03,  6.6016E-04,  3.2909E-02,  1.5829E-02,  2.0581E+00,  5.2807E-03,  9.8638E-02,  1.0572E-03,  1.6910E-03,  4.8366E-05,  1.6694E-04,  8.2088E-06,  9.1365E-05,  9.2452E-06,  4.4088E-05,  2.5914E-05,  6.1502E-05,  1.1444E-05,  2.5907E-05,  1.7166E-06,  5.2697E-06,  0.0000E+00,  4.4075E-06,  8.3568E-07,  2.8606E-06,  5.7182E-07,  2.7388E-06,  2.9858E-06,  6.6120E-06,  5.3518E-07,  8.1200E-06,  8.9438E-07,  3.2296E-06,  8.7989E-07,  8.8017E-06,  9.6905E-07,  2.4714E-06,  3.3407E-07,  2.0634E-06,  0.0000E+00,  6.6151E-07,  2.1249E-07,  8.3701E-07,  5.2776E-08,  8.8024E-07,  1.1886E-07,  5.7269E-07,  6.6164E-08,  7.9307E-07,  7.4898E-08,  4.8470E-07,  4.8470E-08,  8.3720E-07,  1.2304E-07,  1.4648E-06,  9.9714E-07,  2.9296E-06,  4.3290E-07,  3.7504E-07,  5.2812E-07,  5.7302E-06,  3.3445E-07,  0.0000E+00,  0.0000E+00,  0.0000E+00,  0.0000E+00,  0.0000E+00,  0.0000E+00,  7.9377E-08,  0.0000E+00,  2.0666E-08
  4.5000E+02,  3.0258E+07,  3.8370E+01,  1.7043E-08,  2.1730E-08,  1.5756E-06,  5.3435E-01,  4.1239E-02,  6.8346E+00,  3.4995E-04,  1.1527E+00,  7.2171E-02,  1.3590E+00,  9.5625E-01,  9.2874E+00,  5.6396E-02,  2.8148E+00,  2.1282E-02,  2.9405E-01,  4.7946E-02,  9.3996E-01,  1.5435E-02,  8.3250E-01,  1.0480E-01,  5.2204E+00,  2.5331E+00,  3.2768E+02,  8.4333E-01,  1.5657E+01,  1.6756E-01,  2.6779E-01,  7.6905E-03,  2.6572E-02,  1.3060E-03,  1.4514E-02,  1.4690E-03,  7.0173E-03,  4.1318E-03,  9.7652E-03,  1.8127E-03,  4.1307E-03,  2.7337E-04,  8.3715E-04,  0.0000E+00,  7.0153E-04,  1.3376E-04,  4.5656E-04,  9.1208E-05,  4.3592E-04,  4.7485E-04,  1.0495E-03,  8.5574E-05,  1.2858E-03,  1.4294E-04,  5.1670E-04,  1.3983E-04,  1.3987E-03,  1.5476E-04,  3.9279E-04,  5.3110E-05,  3.2846E-04,  0.0000E+00,  1.0500E-04,  3.3712E-05,  1.3396E-04,  8.3832E-06,  1.3988E-04,  1.8964E-05,  9.1337E-05,  1.0502E-05,  1.2630E-04,  1.1863E-05,  7.7059E-05,  7.7059E-06,  1.3399E-04,  1.9560E-05,  2.3321E-04,  1.5980E-04,  4.6467E-04,  6.8912E-05,  5.9857E-05,  8.3885E-05,  9.1385E-04,  5.3167E-05,  0.0000E+00,  0.0000E+00,  0.0000E+00,  0.0000E+00,  0.0000E+00,  0.0000E+00,  1.2640E-05,  0.0000E+00,  3.2894E-06,  1.9248E+05,  3.9341E-01,  1.7482E-10,  2.2317E-10,  1.6739E-08,  5.6735E-03,  4.7698E-04,  5.1140E-02,  3.4233E-06,  1.1278E-02,  7.0015E-04,  1.3198E-02,  7.5593E-03,  7.3447E-02,  3.9931E-04,  1.9950E-02,  1.5090E-04,  2.0866E-03,  3.4022E-04,  6.6445E-03,  5.8412E-05,  3.1491E-03,  3.9901E-04,  1.9940E-02,  9.5716E-03,  1.2417E+00,  3.1843E-03,  5.9604E-02,  6.3861E-04,  1.0199E-03,  2.9236E-05,  1.0086E-04,  4.9554E-06,  5.5185E-05,  5.5864E-06,  2.6630E-05,  1.5660E-05,  3.7134E-05,  6.9169E-06,  1.5656E-05,  1.0348E-06,  3.1872E-06,  0.0000E+00,  2.6622E-06,  5.0441E-07,  1.7273E-06,  3.4505E-07,  1.6541E-06,  1.8048E-06,  3.9961E-06,  3.2256E-07,  4.9108E-06,  5.3995E-07,  1.9466E-06,  5.3127E-07,  5.3143E-06,  5.8574E-07,  1.4938E-06,  2.0159E-07,  1.2448E-06,  0.0000E+00,  3.9979E-07,  1.2817E-07,  5.0517E-07,  3.1918E-08,  5.3147E-07,  7.1742E-08,  3.4555E-07,  3.9987E-08,  4.7890E-07,  4.5254E-08,  2.9296E-07,  2.9296E-08,  5.0529E-07,  7.4383E-08,  8.8608E-07,  6.0185E-07,  1.7721E-06,  2.6142E-07,  2.2636E-07,  3.1939E-07,  3.4574E-06,  2.0181E-07,  0.0000E+00,  0.0000E+00,  0.0000E+00,  0.0000E+00,  0.0000E+00,  0.0000E+00,  4.7931E-08,  0.0000E+00,  1.2466E-08
  5.0000E+02,  2.2622E+07,  2.3122E+01,  1.0268E-08,  1.3083E-08,  9.3105E-07,  3.1585E-01,  2.3169E-02,  4.7501E+00,  2.1615E-04,  7.1188E-01,  4.4768E-02,  8.4257E-01,  6.5056E-01,  6.3174E+00,  3.9996E-02,  1.9956E+00,  1.5086E-02,  2.0838E-01,  3.3978E-02,  6.6702E-01,  1.2875E-02,  6.9450E-01,  8.7324E-02,  4.3472E+00,  2.1136E+00,  2.7327E+02,  7.0376E-01,  1.3046E+01,  1.3959E-01,  2.2312E-01,  6.4098E-03,  2.2154E-02,  1.0889E-03,  1.2097E-02,  1.2243E-03,  5.8506E-03,  3.4457E-03,  8.1386E-03,  1.5098E-03,  3.4447E-03,  2.2803E-04,  6.9755E-04,  0.0000E+00,  5.8490E-04,  1.1165E-04,  3.8087E-04,  7.6087E-05,  3.6345E-04,  3.9579E-04,  8.7452E-04,  7.1435E-05,  1.0708E-03,  1.1928E-04,  4.3137E-04,  1.1655E-04,  1.1659E-03,  1.2910E-04,  3.2736E-04,  4.4279E-05,  2.7392E-04,  0.0000E+00,  8.7490E-05,  2.8098E-05,  1.1182E-04,  6.9852E-06,  1.1660E-04,  1.5821E-05,  7.6194E-05,  8.7506E-06,  1.0532E-04,  9.8809E-06,  6.4226E-05,  6.4226E-06,  1.1184E-04,  1.6302E-05,  1.9439E-04,  1.3342E-04,  3.8707E-04,  5.7459E-05,  4.9937E-05,  6.9897E-05,  7.6235E-04,  4.4326E-05,  0.0000E+00,  0.0000E+00,  0.0000E+00,  0.0000E+00,  0.0000E+00,  0.0000E+00,  1.0541E-05,  0.0000E+00,  2.7432E-06,  1.1299E+05,  2.1651E-01,  9.6184E-11,  1.2271E-10,  9.0438E-09,  3.0663E-03,  2.4583E-04,  3.2238E-02,  1.9284E-06,  6.3526E-03,  3.9599E-04,  7.4608E-03,  4.6683E-03,  4.5353E-02,  2.5666E-04,  1.2819E-02,  9.6947E-05,  1.3401E-03,  2.1852E-04,  4.2733E-03,  4.3975E-05,  2.3709E-03,  3.0006E-04,  1.4987E-02,  7.2078E-03,  9.3460E-01,  2.3982E-03,  4.4825E-02,  4.8015E-04,  7.6695E-04,  2.1991E-05,  7.5887E-05,  3.7288E-06,  4.1508E-05,  4.2018E-06,  2.0037E-05,  1.1786E-05,  2.7930E-05,  5.1994E-06,  1.1783E-05,  7.7901E-07,  2.3968E-06,  0.0000E+00,  2.0032E-06,  3.7997E-07,  1.3004E-06,  2.5977E-07,  1.2446E-06,  1.3576E-06,  3.0049E-06,  2.4299E-07,  3.6906E-06,  4.0661E-07,  1.4666E-06,  3.9964E-07,  3.9976E-06,  4.4093E-07,  1.1235E-06,  1.5167E-07,  9.3681E-07,  0.0000E+00,  3.0062E-07,  9.6401E-08,  3.8053E-07,  2.4001E-08,  3.9979E-07,  5.4010E-08,  2.6014E-07,  3.0068E-08,  3.6038E-07,  3.4017E-08,  2.2035E-07,  2.2035E-08,  3.8061E-07,  5.5945E-08,  6.6654E-07,  4.5344E-07,  1.3321E-06,  1.9671E-07,  1.7042E-07,  2.4016E-07,  2.6028E-06,  1.5183E-07,  0.0000E+00,  0.0000E+00,  0.0000E+00,  0.0000E+00,  0.0000E+00,  0.0000E+00,  3.6068E-08,  0.0000E+00,  9.3818E-09
'End of File'
