'*',    89,     1,    41,    43,     3,   185,    95,     0
'SPENVIS 4.6.13.3554          - 18-Sep-2025 21:08:55'
'PRJ_DEF', -1,'RADFX2'
'PRJ_HDR', -1,'IU ME RADFX Unit 2 HW2 P1'
'MOD_ABB', -1,'GCR'
'MIS_PLA',  1,    3,' '
'MIS_NTR',  1,    1,' '
'MIS_STA',  1,  27759.00000000,' '
'MIS_END',  1,  28489.00000000,' '
'MIS_DUR',  1, 7.300000E+02,'days'
'ORB_HDR', -1,'HEO'
'ORB_TYP', -1,'GEN'
'ORB_MJD',  1,  27759.00000000,' '
'ORB_YEA',  1, 2026,' '
'ORB_MON',  1,  1,' '
'ORB_DAY',  1,  1,' '
'ORB_HOU',  1,  0,' '
'ORB_MIN',  1,  0,' '
'ORB_SEC',  1,  0.0,' '
'ORB_APO',  1, 7.000000E+04,'km'
'ORB_PER',  1, 2.500000E+03,'km'
'ORB_INC',  1,    28.00,'deg'
'ORB_RAA',  1,     0.00,'deg'
'ORB_ARG',  1,     0.00,'deg'
'ORB_TRA',  1,     0.00,'deg'
'ORB_PRD',  1, 2.432442E+01,'hrs'
'ORB_DUR',  1, 3.000000E+01,'days'
'ORB_TSE',  1,  28489.00000000,' '
'ORB_AXM',  1,  2,' '
'ORB_MJR', -1,'1 Jan 1950, 00:00 UT'
'ORB_GDR', -1,'Astron. J. 66, 15, 1961'
'GCR_IEL',  1,  1,' '
'GCR_JEL',  1, 92,' '
'GCR_MOD', -1,'CREME96'
'GCR_IWI',  1,9677,' '
'GCR_IAC',  1,  0,' '
'GCR_IGC',  1,  1,' '
'GCR_IGV',  1,  1,' '
'GCR_IST',  1,  0,' '
'GCR_OMN',  1,  0,' '
'GCR_ABS', -1,'Energy'
'PLT_HDR', -1,'ion spectrum (GCR)'
'SPECIES', -92,'H ','He','Li','Be','B ','C ','N ','O ','F ','Ne','Na','Mg','Al','Si','P ','S ','Cl','Ar','K ','Ca','Sc','Ti','V ','Cr','Mn','Fe','Co','Ni','Cu','Zn','Ga','Ge','As','Se','Br','Kr','Rb','Sr','Y ','Zr','Nb','Mo','Tc','Ru','Rh','Pd','Ag','Cd','In','Sn','Sb','Te','I ','Xe','Cs','Ba','La','Ce','Pr','Nd','Pm','Sm','Eu','Gd','Tb','Dy','Ho','Er','Tm','Yb','Lu','Hf','Ta','W ','Re','Os','Ir','Pt','Au','Hg','Tl','Pb','Bi','Po','At','Rn','Fr','Ra','Ac','Th','Pa','U '
'PS Annotation',  8,  2
'Mission start: 01/01/2026 00:00:00'
 0.05, 0.00, 0.00
'Mission end: 01/01/2028 00:00:00'
 0.95, 0.00, 1.00
'Nr. of segments:   1'
 0.05, 1.50, 0.00
'Duration: 730.00 days'
 0.95, 0.00, 1.00
'PS Annotation', 24,  1
'Segment  1: HEO'
 0.05, 2.00, 0.00
'Apogee: 70000.0 km'
 0.05, 1.50, 0.00
'Perigee: 2500.0 km'
 0.50, 0.00, 0.50
'Inclination: 28.0 deg'
 0.95, 0.00, 1.00
'R.A. Asc. Node: 0.0 deg'
 0.05, 1.50, 0.00
'Arg. Per.: 0.0 deg'
 0.50, 0.00, 0.50
'True Anomaly: 0.0 deg'
 0.95, 0.00, 1.00
'Period: 24.32 hrs'
 0.05, 1.50, 0.00
'Duration: 30.00 days'
 0.50, 0.00, 0.50
'29.60 Orbits'
 0.95, 0.00, 1.00
'Orbit start: 01/01/2026 00:00:00'
 0.05, 1.50, 0.00
'Orbit end: 31/01/2026 00:00:00'
 0.95, 0.00, 1.00
'PS Annotation',  8,  0
'GCR model: CREME96'
 0.05, 1.50, 0.00
'Ion range: H  - U                     Interplanetary weather index: M =9677'
 0.05, 1.50, 0.00
'no propagation of flux'
 0.05, 1.50, 0.00
'Magnetic shielding on'
 0.05, 1.50, 0.00
'Energy','MeV/n', 1,'Energy'
'IFlux','m!u-2!n sr!u-1!n s!u-1!n', 92,'Integral Flux of ','SPECIES'
'DFlux','m!u-2!n sr!u-1!n s!u-1!n (MeV/n)!u-1!n', 92,'Differential Flux of ','SPECIES'
  1.0000E+00,  3.5527E+03,  3.3774E+02,  1.3008E+00,  7.3625E-01,  2.5270E+00,  8.7763E+00,  2.4172E+00,  8.9724E+00,  1.8915E-01,  1.5092E+00,  2.8191E-01,  1.7716E+00,  3.1379E-01,  1.2640E+00,  5.4185E-02,  2.3951E-01,  5.3492E-02,  1.1187E-01,  8.8167E-02,  2.3013E-01,  4.2278E-02,  1.4187E-01,  7.3339E-02,  1.4757E-01,  9.4336E-02,  9.3407E-01,  5.7023E-03,  4.5478E-02,  1.0887E-05,  1.0887E-05,  1.0887E-05,  1.0887E-05,  1.0887E-05,  1.0887E-05,  1.0887E-05,  1.0887E-05,  1.0887E-05,  1.0887E-05,  1.0887E-05,  1.0887E-05,  1.0887E-05,  1.0887E-05,  1.0887E-05,  1.0887E-05,  1.0887E-05,  1.0887E-05,  1.0887E-05,  1.0887E-05,  1.0887E-05,  1.0887E-05,  1.0887E-05,  1.0888E-05,  1.0887E-05,  1.0888E-05,  1.0888E-05,  1.0888E-05,  1.0888E-05,  1.0888E-05,  1.0887E-05,  1.0888E-05,  1.0887E-05,  1.0888E-05,  1.0888E-05,  1.0888E-05,  1.0888E-05,  1.0888E-05,  1.0888E-05,  1.0888E-05,  1.0888E-05,  1.0888E-05,  1.0888E-05,  1.0888E-05,  1.0888E-05,  1.0888E-05,  1.0888E-05,  1.0888E-05,  1.0888E-05,  1.0888E-05,  1.0888E-05,  1.0888E-05,  1.0888E-05,  1.0888E-05,  1.0888E-05,  1.0888E-05,  1.0888E-05,  1.0888E-05,  1.0888E-05,  1.0888E-05,  1.0888E-05,  1.0888E-05,  1.0888E-05,  1.0888E-05,  1.8186E+02,  1.0054E+01,  1.0061E-02,  5.3276E-04,  1.4652E-02,  2.0249E-01,  2.4101E-02,  2.2351E-01,  1.4694E-03,  3.7473E-02,  4.6924E-03,  4.4748E-02,  6.4068E-03,  2.6929E-02,  2.0381E-04,  2.0038E-03,  5.8218E-05,  5.7598E-04,  2.2687E-04,  4.0321E-03,  3.9878E-04,  1.5798E-03,  1.5481E-03,  2.6560E-03,  2.2674E-03,  1.2070E-02,  9.9916E-06,  4.4992E-04,  9.0295E-11,  9.0295E-11,  9.0295E-11,  9.0295E-11,  9.0295E-11,  9.0295E-11,  9.0295E-11,  9.0295E-11,  9.0295E-11,  9.0295E-11,  9.0295E-11,  9.0295E-11,  9.0295E-11,  9.0295E-11,  9.0295E-11,  9.0295E-11,  9.0295E-11,  9.0295E-11,  9.0295E-11,  9.0295E-11,  9.0295E-11,  9.0295E-11,  9.0295E-11,  9.0295E-11,  9.0295E-11,  9.0295E-11,  9.0295E-11,  9.0295E-11,  9.0295E-11,  9.0295E-11,  9.0295E-11,  9.0295E-11,  9.0295E-11,  9.0295E-11,  9.0295E-11,  9.0295E-11,  9.0295E-11,  9.0295E-11,  9.0295E-11,  9.0295E-11,  9.0295E-11,  9.0295E-11,  9.0295E-11,  9.0295E-11,  9.0295E-11,  9.0295E-11,  9.0295E-11,  9.0295E-11,  9.0295E-11,  9.0295E-11,  9.0295E-11,  9.0295E-11,  9.0295E-11,  9.0295E-11,  9.0295E-11,  9.0295E-11,  9.0295E-11,  9.0295E-11,  9.0295E-11,  9.0295E-11,  9.0295E-11,  9.0295E-11,  9.0295E-11,  9.0295E-11
  1.1000E+00,  3.5330E+03,  3.3668E+02,  1.2998E+00,  7.3619E-01,  2.5254E+00,  8.7549E+00,  2.4146E+00,  8.9488E+00,  1.8900E-01,  1.5053E+00,  2.8141E-01,  1.7669E+00,  3.1312E-01,  1.2612E+00,  5.4163E-02,  2.3930E-01,  5.3486E-02,  1.1181E-01,  8.8143E-02,  2.2970E-01,  4.2236E-02,  1.4170E-01,  7.3176E-02,  1.4729E-01,  9.4097E-02,  9.3280E-01,  5.7012E-03,  4.5430E-02,  1.0887E-05,  1.0887E-05,  1.0887E-05,  1.0887E-05,  1.0887E-05,  1.0887E-05,  1.0887E-05,  1.0887E-05,  1.0887E-05,  1.0887E-05,  1.0887E-05,  1.0887E-05,  1.0887E-05,  1.0887E-05,  1.0887E-05,  1.0887E-05,  1.0887E-05,  1.0887E-05,  1.0887E-05,  1.0887E-05,  1.0887E-05,  1.0887E-05,  1.0887E-05,  1.0888E-05,  1.0887E-05,  1.0888E-05,  1.0888E-05,  1.0888E-05,  1.0888E-05,  1.0888E-05,  1.0887E-05,  1.0888E-05,  1.0887E-05,  1.0888E-05,  1.0888E-05,  1.0888E-05,  1.0888E-05,  1.0888E-05,  1.0888E-05,  1.0888E-05,  1.0888E-05,  1.0888E-05,  1.0888E-05,  1.0888E-05,  1.0888E-05,  1.0888E-05,  1.0888E-05,  1.0888E-05,  1.0888E-05,  1.0888E-05,  1.0888E-05,  1.0888E-05,  1.0888E-05,  1.0888E-05,  1.0888E-05,  1.0888E-05,  1.0888E-05,  1.0888E-05,  1.0888E-05,  1.0888E-05,  1.0888E-05,  1.0888E-05,  1.0888E-05,  1.0888E-05,  2.1106E+02,  1.1127E+01,  1.1275E-02,  6.2401E-04,  1.6643E-02,  2.2517E-01,  2.7211E-02,  2.4782E-01,  1.6635E-03,  4.1515E-02,  5.2403E-03,  4.9603E-02,  7.1241E-03,  2.9946E-02,  2.3382E-04,  2.2657E-03,  6.8189E-05,  6.2741E-04,  2.6225E-04,  4.5051E-03,  4.4890E-04,  1.7722E-03,  1.7145E-03,  2.9524E-03,  2.5004E-03,  1.3457E-02,  1.1532E-05,  5.0478E-04,  9.0295E-11,  9.0295E-11,  9.0295E-11,  9.0295E-11,  9.0295E-11,  9.0295E-11,  9.0295E-11,  9.0295E-11,  9.0295E-11,  9.0295E-11,  9.0295E-11,  9.0295E-11,  9.0295E-11,  9.0295E-11,  9.0295E-11,  9.0295E-11,  9.0295E-11,  9.0295E-11,  9.0295E-11,  9.0295E-11,  9.0295E-11,  9.0295E-11,  9.0295E-11,  9.0295E-11,  9.0295E-11,  9.0295E-11,  9.0295E-11,  9.0295E-11,  9.0295E-11,  9.0295E-11,  9.0295E-11,  9.0295E-11,  9.0295E-11,  9.0295E-11,  9.0295E-11,  9.0295E-11,  9.0295E-11,  9.0295E-11,  9.0295E-11,  9.0295E-11,  9.0295E-11,  9.0295E-11,  9.0295E-11,  9.0295E-11,  9.0295E-11,  9.0295E-11,  9.0295E-11,  9.0295E-11,  9.0295E-11,  9.0295E-11,  9.0295E-11,  9.0295E-11,  9.0295E-11,  9.0295E-11,  9.0295E-11,  9.0295E-11,  9.0295E-11,  9.0295E-11,  9.0295E-11,  9.0295E-11,  9.0295E-11,  9.0295E-11,  9.0295E-11,  9.0295E-11
  1.2000E+00,  3.5141E+03,  3.3566E+02,  1.2987E+00,  7.3614E-01,  2.5239E+00,  8.7341E+00,  2.4121E+00,  8.9259E+00,  1.8884E-01,  1.5014E+00,  2.8092E-01,  1.7623E+00,  3.1246E-01,  1.2584E+00,  5.4141E-02,  2.3909E-01,  5.3479E-02,  1.1174E-01,  8.8118E-02,  2.2929E-01,  4.2194E-02,  1.4153E-01,  7.3017E-02,  1.4702E-01,  9.3866E-02,  9.3155E-01,  5.7002E-03,  4.5383E-02,  1.0887E-05,  1.0887E-05,  1.0887E-05,  1.0887E-05,  1.0887E-05,  1.0887E-05,  1.0887E-05,  1.0887E-05,  1.0887E-05,  1.0887E-05,  1.0887E-05,  1.0887E-05,  1.0887E-05,  1.0887E-05,  1.0887E-05,  1.0887E-05,  1.0887E-05,  1.0887E-05,  1.0887E-05,  1.0887E-05,  1.0887E-05,  1.0887E-05,  1.0887E-05,  1.0888E-05,  1.0887E-05,  1.0888E-05,  1.0888E-05,  1.0888E-05,  1.0888E-05,  1.0888E-05,  1.0887E-05,  1.0888E-05,  1.0887E-05,  1.0888E-05,  1.0888E-05,  1.0888E-05,  1.0888E-05,  1.0888E-05,  1.0888E-05,  1.0888E-05,  1.0888E-05,  1.0888E-05,  1.0888E-05,  1.0888E-05,  1.0888E-05,  1.0888E-05,  1.0888E-05,  1.0888E-05,  1.0888E-05,  1.0888E-05,  1.0888E-05,  1.0888E-05,  1.0888E-05,  1.0888E-05,  1.0888E-05,  1.0888E-05,  1.0888E-05,  1.0888E-05,  1.0888E-05,  1.0888E-05,  1.0888E-05,  1.0888E-05,  1.0888E-05,  1.0888E-05,  1.6821E+02,  9.3498E+00,  9.7512E-03,  5.6031E-04,  1.4455E-02,  1.8993E-01,  2.3598E-02,  2.1137E-01,  1.4363E-03,  3.6689E-02,  4.4629E-03,  4.1785E-02,  6.0381E-03,  2.5259E-02,  2.0377E-04,  1.9403E-03,  6.0643E-05,  6.5309E-04,  2.2994E-04,  3.8164E-03,  3.8630E-04,  1.5235E-03,  1.4596E-03,  2.5152E-03,  2.1184E-03,  1.1481E-02,  1.0177E-05,  4.3185E-04,  9.0295E-11,  9.0295E-11,  9.0295E-11,  9.0295E-11,  9.0295E-11,  9.0295E-11,  9.0295E-11,  9.0295E-11,  9.0295E-11,  9.0295E-11,  9.0295E-11,  9.0295E-11,  9.0295E-11,  9.0295E-11,  9.0295E-11,  9.0295E-11,  9.0295E-11,  9.0295E-11,  9.0295E-11,  9.0295E-11,  9.0295E-11,  9.0295E-11,  9.0295E-11,  9.0295E-11,  9.0295E-11,  9.0295E-11,  9.0295E-11,  9.0295E-11,  9.0295E-11,  9.0295E-11,  9.0295E-11,  9.0295E-11,  9.0295E-11,  9.0295E-11,  9.0295E-11,  9.0295E-11,  9.0295E-11,  9.0295E-11,  9.0295E-11,  9.0295E-11,  9.0295E-11,  9.0295E-11,  9.0295E-11,  9.0295E-11,  9.0295E-11,  9.0295E-11,  9.0295E-11,  9.0295E-11,  9.0295E-11,  9.0295E-11,  9.0295E-11,  9.0295E-11,  9.0295E-11,  9.0295E-11,  9.0295E-11,  9.0295E-11,  9.0295E-11,  9.0295E-11,  9.0295E-11,  9.0295E-11,  9.0295E-11,  9.0295E-11,  9.0295E-11,  9.0295E-11
  1.4000E+00,  3.4863E+03,  3.3405E+02,  1.2970E+00,  7.3603E-01,  2.5213E+00,  8.7013E+00,  2.4079E+00,  8.8889E+00,  1.8859E-01,  1.4947E+00,  2.8015E-01,  1.7551E+00,  3.1141E-01,  1.2541E+00,  5.4105E-02,  2.3875E-01,  5.3469E-02,  1.1161E-01,  8.8077E-02,  2.2863E-01,  4.2126E-02,  1.4127E-01,  7.2763E-02,  1.4658E-01,  9.3499E-02,  9.2955E-01,  5.6983E-03,  4.5308E-02,  1.0887E-05,  1.0887E-05,  1.0887E-05,  1.0887E-05,  1.0887E-05,  1.0887E-05,  1.0887E-05,  1.0887E-05,  1.0887E-05,  1.0887E-05,  1.0887E-05,  1.0887E-05,  1.0887E-05,  1.0887E-05,  1.0887E-05,  1.0887E-05,  1.0887E-05,  1.0887E-05,  1.0887E-05,  1.0887E-05,  1.0887E-05,  1.0887E-05,  1.0887E-05,  1.0888E-05,  1.0887E-05,  1.0888E-05,  1.0888E-05,  1.0888E-05,  1.0888E-05,  1.0888E-05,  1.0887E-05,  1.0887E-05,  1.0887E-05,  1.0888E-05,  1.0888E-05,  1.0888E-05,  1.0888E-05,  1.0888E-05,  1.0888E-05,  1.0888E-05,  1.0888E-05,  1.0888E-05,  1.0888E-05,  1.0888E-05,  1.0888E-05,  1.0888E-05,  1.0888E-05,  1.0888E-05,  1.0888E-05,  1.0888E-05,  1.0888E-05,  1.0888E-05,  1.0888E-05,  1.0888E-05,  1.0888E-05,  1.0888E-05,  1.0888E-05,  1.0888E-05,  1.0888E-05,  1.0888E-05,  1.0888E-05,  1.0888E-05,  1.0888E-05,  1.0888E-05,  1.0936E+02,  6.7511E+00,  7.4186E-03,  4.5545E-04,  1.1071E-02,  1.3801E-01,  1.8184E-02,  1.5834E-01,  1.0882E-03,  2.9822E-02,  3.3000E-03,  3.0292E-02,  4.4265E-03,  1.8350E-02,  1.5693E-04,  1.4481E-03,  4.8416E-05,  6.9957E-04,  1.7896E-04,  2.7939E-03,  2.9106E-04,  1.1459E-03,  1.0794E-03,  1.8618E-03,  1.5530E-03,  8.5209E-03,  8.0190E-06,  3.2193E-04,  9.0295E-11,  9.0295E-11,  9.0295E-11,  9.0295E-11,  9.0295E-11,  9.0295E-11,  9.0295E-11,  9.0295E-11,  9.0295E-11,  9.0295E-11,  9.0295E-11,  9.0295E-11,  9.0295E-11,  9.0295E-11,  9.0295E-11,  9.0295E-11,  9.0295E-11,  9.0295E-11,  9.0295E-11,  9.0295E-11,  9.0295E-11,  9.0295E-11,  9.0295E-11,  9.0295E-11,  9.0295E-11,  9.0295E-11,  9.0295E-11,  9.0295E-11,  9.0295E-11,  9.0295E-11,  9.0295E-11,  9.0295E-11,  9.0295E-11,  9.0295E-11,  9.0295E-11,  9.0295E-11,  9.0295E-11,  9.0295E-11,  9.0295E-11,  9.0295E-11,  9.0295E-11,  9.0295E-11,  9.0295E-11,  9.0295E-11,  9.0295E-11,  9.0295E-11,  9.0295E-11,  9.0295E-11,  9.0295E-11,  9.0295E-11,  9.0295E-11,  9.0295E-11,  9.0295E-11,  9.0295E-11,  9.0295E-11,  9.0295E-11,  9.0295E-11,  9.0295E-11,  9.0295E-11,  9.0295E-11,  9.0295E-11,  9.0295E-11,  9.0295E-11,  9.0295E-11
  1.6000E+00,  3.4680E+03,  3.3287E+02,  1.2957E+00,  7.3595E-01,  2.5193E+00,  8.6772E+00,  2.4046E+00,  8.8607E+00,  1.8840E-01,  1.4892E+00,  2.7957E-01,  1.7498E+00,  3.1063E-01,  1.2509E+00,  5.4077E-02,  2.3850E-01,  5.3460E-02,  1.1146E-01,  8.8045E-02,  2.2814E-01,  4.2075E-02,  1.4106E-01,  7.2573E-02,  1.4625E-01,  9.3226E-02,  9.2804E-01,  5.6969E-03,  4.5251E-02,  1.0887E-05,  1.0887E-05,  1.0887E-05,  1.0887E-05,  1.0887E-05,  1.0887E-05,  1.0887E-05,  1.0887E-05,  1.0887E-05,  1.0887E-05,  1.0887E-05,  1.0887E-05,  1.0887E-05,  1.0887E-05,  1.0887E-05,  1.0887E-05,  1.0887E-05,  1.0887E-05,  1.0887E-05,  1.0887E-05,  1.0887E-05,  1.0887E-05,  1.0887E-05,  1.0888E-05,  1.0887E-05,  1.0888E-05,  1.0888E-05,  1.0888E-05,  1.0888E-05,  1.0888E-05,  1.0887E-05,  1.0887E-05,  1.0887E-05,  1.0888E-05,  1.0887E-05,  1.0888E-05,  1.0888E-05,  1.0888E-05,  1.0888E-05,  1.0888E-05,  1.0888E-05,  1.0888E-05,  1.0888E-05,  1.0888E-05,  1.0888E-05,  1.0888E-05,  1.0888E-05,  1.0888E-05,  1.0888E-05,  1.0888E-05,  1.0888E-05,  1.0888E-05,  1.0888E-05,  1.0888E-05,  1.0888E-05,  1.0888E-05,  1.0888E-05,  1.0888E-05,  1.0888E-05,  1.0888E-05,  1.0888E-05,  1.0888E-05,  1.0888E-05,  1.0888E-05,  7.3966E+01,  5.0467E+00,  5.8071E-03,  3.7740E-04,  8.7101E-03,  1.0366E-01,  1.4565E-02,  1.2401E-01,  8.4795E-04,  2.5577E-02,  2.5173E-03,  2.2708E-02,  3.3514E-03,  1.3780E-02,  1.2399E-04,  1.1130E-03,  3.9470E-05,  7.3892E-04,  1.4269E-04,  2.1120E-03,  2.2572E-04,  8.8757E-04,  8.2395E-04,  1.4221E-03,  1.1765E-03,  6.5225E-03,  6.4662E-06,  2.4733E-04,  9.0295E-11,  9.0295E-11,  9.0295E-11,  9.0295E-11,  9.0295E-11,  9.0295E-11,  9.0295E-11,  9.0295E-11,  9.0295E-11,  9.0295E-11,  9.0295E-11,  9.0295E-11,  9.0295E-11,  9.0295E-11,  9.0295E-11,  9.0295E-11,  9.0295E-11,  9.0295E-11,  9.0295E-11,  9.0295E-11,  9.0295E-11,  9.0295E-11,  9.0295E-11,  9.0295E-11,  9.0295E-11,  9.0295E-11,  9.0295E-11,  9.0295E-11,  9.0295E-11,  9.0295E-11,  9.0295E-11,  9.0295E-11,  9.0295E-11,  9.0295E-11,  9.0295E-11,  9.0295E-11,  9.0295E-11,  9.0295E-11,  9.0295E-11,  9.0295E-11,  9.0295E-11,  9.0295E-11,  9.0295E-11,  9.0295E-11,  9.0295E-11,  9.0295E-11,  9.0295E-11,  9.0295E-11,  9.0295E-11,  9.0295E-11,  9.0295E-11,  9.0295E-11,  9.0295E-11,  9.0295E-11,  9.0295E-11,  9.0295E-11,  9.0295E-11,  9.0295E-11,  9.0295E-11,  9.0295E-11,  9.0295E-11,  9.0295E-11,  9.0295E-11,  9.0295E-11
  1.8000E+00,  3.4554E+03,  3.3197E+02,  1.2946E+00,  7.3588E-01,  2.5178E+00,  8.6588E+00,  2.4020E+00,  8.8382E+00,  1.8824E-01,  1.4843E+00,  2.7912E-01,  1.7458E+00,  3.1004E-01,  1.2484E+00,  5.4055E-02,  2.3830E-01,  5.3453E-02,  1.1131E-01,  8.8019E-02,  2.2776E-01,  4.2034E-02,  1.4090E-01,  7.2426E-02,  1.4600E-01,  9.3017E-02,  9.2688E-01,  5.6957E-03,  4.5207E-02,  1.0887E-05,  1.0887E-05,  1.0887E-05,  1.0887E-05,  1.0887E-05,  1.0887E-05,  1.0887E-05,  1.0887E-05,  1.0887E-05,  1.0887E-05,  1.0887E-05,  1.0887E-05,  1.0887E-05,  1.0887E-05,  1.0887E-05,  1.0887E-05,  1.0887E-05,  1.0887E-05,  1.0887E-05,  1.0887E-05,  1.0887E-05,  1.0887E-05,  1.0887E-05,  1.0888E-05,  1.0887E-05,  1.0888E-05,  1.0887E-05,  1.0888E-05,  1.0888E-05,  1.0887E-05,  1.0887E-05,  1.0887E-05,  1.0887E-05,  1.0888E-05,  1.0887E-05,  1.0888E-05,  1.0888E-05,  1.0888E-05,  1.0888E-05,  1.0888E-05,  1.0888E-05,  1.0888E-05,  1.0888E-05,  1.0888E-05,  1.0888E-05,  1.0888E-05,  1.0888E-05,  1.0888E-05,  1.0888E-05,  1.0888E-05,  1.0888E-05,  1.0888E-05,  1.0888E-05,  1.0888E-05,  1.0888E-05,  1.0888E-05,  1.0888E-05,  1.0888E-05,  1.0888E-05,  1.0888E-05,  1.0888E-05,  1.0888E-05,  1.0888E-05,  1.0888E-05,  5.1719E+01,  3.8824E+00,  4.6524E-03,  3.1796E-04,  7.0084E-03,  8.0016E-02,  1.2071E-02,  1.0099E-01,  6.7622E-04,  2.2901E-02,  1.9702E-03,  1.7497E-02,  2.6056E-03,  1.0632E-02,  1.0008E-04,  8.7662E-04,  3.2754E-05,  7.6997E-04,  1.1610E-04,  1.6392E-03,  1.7931E-04,  7.0446E-04,  6.4570E-04,  1.1149E-03,  9.1577E-04,  5.1228E-03,  5.3175E-06,  1.9479E-04,  9.0295E-11,  9.0295E-11,  9.0295E-11,  9.0295E-11,  9.0295E-11,  9.0295E-11,  9.0295E-11,  9.0295E-11,  9.0295E-11,  9.0295E-11,  9.0295E-11,  9.0295E-11,  9.0295E-11,  9.0295E-11,  9.0295E-11,  9.0295E-11,  9.0295E-11,  9.0295E-11,  9.0295E-11,  9.0295E-11,  9.0295E-11,  9.0295E-11,  9.0295E-11,  9.0295E-11,  9.0295E-11,  9.0295E-11,  9.0295E-11,  9.0295E-11,  9.0295E-11,  9.0295E-11,  9.0295E-11,  9.0295E-11,  9.0295E-11,  9.0295E-11,  9.0295E-11,  9.0295E-11,  9.0295E-11,  9.0295E-11,  9.0295E-11,  9.0295E-11,  9.0295E-11,  9.0295E-11,  9.0295E-11,  9.0295E-11,  9.0295E-11,  9.0295E-11,  9.0295E-11,  9.0295E-11,  9.0295E-11,  9.0295E-11,  9.0295E-11,  9.0295E-11,  9.0295E-11,  9.0295E-11,  9.0295E-11,  9.0295E-11,  9.0295E-11,  9.0295E-11,  9.0295E-11,  9.0295E-11,  9.0295E-11,  9.0295E-11,  9.0295E-11,  9.0295E-11
  2.0000E+00,  3.4465E+03,  3.3128E+02,  1.2938E+00,  7.3582E-01,  2.5165E+00,  8.6445E+00,  2.3997E+00,  8.8196E+00,  1.8812E-01,  1.4799E+00,  2.7876E-01,  1.7427E+00,  3.0957E-01,  1.2465E+00,  5.4037E-02,  2.3814E-01,  5.3447E-02,  1.1116E-01,  8.7998E-02,  2.2747E-01,  4.2002E-02,  1.4078E-01,  7.2310E-02,  1.4580E-01,  9.2852E-02,  9.2596E-01,  5.6947E-03,  4.5171E-02,  1.0887E-05,  1.0887E-05,  1.0887E-05,  1.0887E-05,  1.0887E-05,  1.0887E-05,  1.0887E-05,  1.0887E-05,  1.0887E-05,  1.0887E-05,  1.0887E-05,  1.0887E-05,  1.0887E-05,  1.0887E-05,  1.0887E-05,  1.0887E-05,  1.0887E-05,  1.0887E-05,  1.0887E-05,  1.0887E-05,  1.0887E-05,  1.0887E-05,  1.0887E-05,  1.0888E-05,  1.0887E-05,  1.0888E-05,  1.0887E-05,  1.0888E-05,  1.0888E-05,  1.0887E-05,  1.0887E-05,  1.0887E-05,  1.0887E-05,  1.0887E-05,  1.0887E-05,  1.0888E-05,  1.0888E-05,  1.0888E-05,  1.0888E-05,  1.0888E-05,  1.0888E-05,  1.0888E-05,  1.0888E-05,  1.0888E-05,  1.0888E-05,  1.0888E-05,  1.0888E-05,  1.0888E-05,  1.0888E-05,  1.0888E-05,  1.0888E-05,  1.0888E-05,  1.0888E-05,  1.0888E-05,  1.0888E-05,  1.0888E-05,  1.0888E-05,  1.0888E-05,  1.0888E-05,  1.0888E-05,  1.0888E-05,  1.0888E-05,  1.0888E-05,  1.0888E-05,  3.7180E+01,  3.0592E+00,  3.8004E-03,  2.7163E-04,  5.7440E-03,  6.3179E-02,  1.0309E-02,  8.5123E-02,  5.5003E-04,  2.1198E-02,  1.5758E-03,  1.3792E-02,  2.0715E-03,  8.3910E-03,  8.2280E-05,  7.0466E-04,  2.7605E-05,  7.9229E-04,  9.6126E-05,  1.3004E-03,  1.4531E-04,  5.7035E-04,  5.1692E-04,  8.9274E-04,  7.2867E-04,  4.1086E-03,  4.4443E-06,  1.5667E-04,  9.0295E-11,  9.0295E-11,  9.0295E-11,  9.0295E-11,  9.0295E-11,  9.0295E-11,  9.0295E-11,  9.0295E-11,  9.0295E-11,  9.0295E-11,  9.0295E-11,  9.0295E-11,  9.0295E-11,  9.0295E-11,  9.0295E-11,  9.0295E-11,  9.0295E-11,  9.0295E-11,  9.0295E-11,  9.0295E-11,  9.0295E-11,  9.0295E-11,  9.0295E-11,  9.0295E-11,  9.0295E-11,  9.0295E-11,  9.0295E-11,  9.0295E-11,  9.0295E-11,  9.0295E-11,  9.0295E-11,  9.0295E-11,  9.0295E-11,  9.0295E-11,  9.0295E-11,  9.0295E-11,  9.0295E-11,  9.0295E-11,  9.0295E-11,  9.0295E-11,  9.0295E-11,  9.0295E-11,  9.0295E-11,  9.0295E-11,  9.0295E-11,  9.0295E-11,  9.0295E-11,  9.0295E-11,  9.0295E-11,  9.0295E-11,  9.0295E-11,  9.0295E-11,  9.0295E-11,  9.0295E-11,  9.0295E-11,  9.0295E-11,  9.0295E-11,  9.0295E-11,  9.0295E-11,  9.0295E-11,  9.0295E-11,  9.0295E-11,  9.0295E-11,  9.0295E-11
  2.2000E+00,  3.4401E+03,  3.3073E+02,  1.2931E+00,  7.3577E-01,  2.5154E+00,  8.6331E+00,  2.3978E+00,  8.8036E+00,  1.8802E-01,  1.4758E+00,  2.7848E-01,  1.7402E+00,  3.0920E-01,  1.2450E+00,  5.4022E-02,  2.3801E-01,  5.3441E-02,  1.1100E-01,  8.7980E-02,  2.2723E-01,  4.1975E-02,  1.4067E-01,  7.2216E-02,  1.4563E-01,  9.2720E-02,  9.2521E-01,  5.6939E-03,  4.5143E-02,  1.0887E-05,  1.0887E-05,  1.0887E-05,  1.0887E-05,  1.0887E-05,  1.0887E-05,  1.0887E-05,  1.0887E-05,  1.0887E-05,  1.0887E-05,  1.0887E-05,  1.0887E-05,  1.0887E-05,  1.0887E-05,  1.0887E-05,  1.0887E-05,  1.0887E-05,  1.0887E-05,  1.0887E-05,  1.0887E-05,  1.0887E-05,  1.0887E-05,  1.0887E-05,  1.0888E-05,  1.0887E-05,  1.0887E-05,  1.0887E-05,  1.0888E-05,  1.0888E-05,  1.0887E-05,  1.0887E-05,  1.0887E-05,  1.0887E-05,  1.0887E-05,  1.0887E-05,  1.0888E-05,  1.0888E-05,  1.0888E-05,  1.0888E-05,  1.0888E-05,  1.0888E-05,  1.0888E-05,  1.0888E-05,  1.0888E-05,  1.0888E-05,  1.0888E-05,  1.0888E-05,  1.0888E-05,  1.0888E-05,  1.0888E-05,  1.0888E-05,  1.0888E-05,  1.0888E-05,  1.0888E-05,  1.0888E-05,  1.0888E-05,  1.0888E-05,  1.0888E-05,  1.0888E-05,  1.0888E-05,  1.0888E-05,  1.0888E-05,  1.0888E-05,  1.0888E-05,  2.7413E+01,  2.4629E+00,  3.1571E-03,  2.3495E-04,  4.7849E-03,  5.0895E-02,  9.0452E-03,  7.3996E-02,  4.5488E-04,  2.0120E-02,  1.2835E-03,  1.1093E-02,  1.6780E-03,  6.7556E-03,  6.8702E-05,  5.7683E-04,  2.3574E-05,  8.0584E-04,  8.0774E-05,  1.0519E-03,  1.1980E-04,  4.6992E-04,  4.2160E-04,  7.2821E-04,  5.9103E-04,  3.3561E-03,  3.7685E-06,  1.2825E-04,  9.0295E-11,  9.0295E-11,  9.0295E-11,  9.0295E-11,  9.0295E-11,  9.0295E-11,  9.0295E-11,  9.0295E-11,  9.0295E-11,  9.0295E-11,  9.0295E-11,  9.0295E-11,  9.0295E-11,  9.0295E-11,  9.0295E-11,  9.0295E-11,  9.0295E-11,  9.0295E-11,  9.0295E-11,  9.0295E-11,  9.0295E-11,  9.0295E-11,  9.0295E-11,  9.0295E-11,  9.0295E-11,  9.0295E-11,  9.0295E-11,  9.0295E-11,  9.0295E-11,  9.0295E-11,  9.0295E-11,  9.0295E-11,  9.0295E-11,  9.0295E-11,  9.0295E-11,  9.0295E-11,  9.0295E-11,  9.0295E-11,  9.0295E-11,  9.0295E-11,  9.0295E-11,  9.0295E-11,  9.0295E-11,  9.0295E-11,  9.0295E-11,  9.0295E-11,  9.0295E-11,  9.0295E-11,  9.0295E-11,  9.0295E-11,  9.0295E-11,  9.0295E-11,  9.0295E-11,  9.0295E-11,  9.0295E-11,  9.0295E-11,  9.0295E-11,  9.0295E-11,  9.0295E-11,  9.0295E-11,  9.0295E-11,  9.0295E-11,  9.0295E-11,  9.0295E-11
  2.5000E+00,  3.4333E+03,  3.3008E+02,  1.2923E+00,  7.3571E-01,  2.5142E+00,  8.6197E+00,  2.3953E+00,  8.7831E+00,  1.8790E-01,  1.4699E+00,  2.7814E-01,  1.7373E+00,  3.0876E-01,  1.2432E+00,  5.4003E-02,  2.3786E-01,  5.3435E-02,  1.1075E-01,  8.7958E-02,  2.2696E-01,  4.1944E-02,  1.4055E-01,  7.2105E-02,  1.4544E-01,  9.2565E-02,  9.2432E-01,  5.6929E-03,  4.5109E-02,  1.0887E-05,  1.0887E-05,  1.0887E-05,  1.0887E-05,  1.0887E-05,  1.0887E-05,  1.0887E-05,  1.0887E-05,  1.0887E-05,  1.0887E-05,  1.0887E-05,  1.0887E-05,  1.0887E-05,  1.0887E-05,  1.0887E-05,  1.0887E-05,  1.0887E-05,  1.0887E-05,  1.0887E-05,  1.0887E-05,  1.0887E-05,  1.0887E-05,  1.0887E-05,  1.0888E-05,  1.0887E-05,  1.0887E-05,  1.0887E-05,  1.0888E-05,  1.0887E-05,  1.0887E-05,  1.0887E-05,  1.0887E-05,  1.0887E-05,  1.0887E-05,  1.0887E-05,  1.0888E-05,  1.0888E-05,  1.0888E-05,  1.0888E-05,  1.0888E-05,  1.0888E-05,  1.0888E-05,  1.0888E-05,  1.0888E-05,  1.0888E-05,  1.0888E-05,  1.0888E-05,  1.0888E-05,  1.0888E-05,  1.0888E-05,  1.0888E-05,  1.0888E-05,  1.0888E-05,  1.0888E-05,  1.0888E-05,  1.0888E-05,  1.0888E-05,  1.0888E-05,  1.0888E-05,  1.0888E-05,  1.0888E-05,  1.0888E-05,  1.0888E-05,  1.0888E-05,  1.8041E+01,  1.8398E+00,  2.4560E-03,  1.9291E-04,  3.7345E-03,  3.7958E-02,  7.7607E-03,  6.2952E-02,  3.5156E-04,  1.9208E-02,  9.7179E-04,  8.2525E-03,  1.2611E-03,  5.0324E-03,  5.3774E-05,  4.3936E-04,  1.9018E-05,  8.1051E-04,  6.3762E-05,  7.8859E-04,  9.2212E-05,  3.6141E-04,  3.1992E-04,  5.5259E-04,  4.4514E-04,  2.5514E-03,  3.0122E-06,  9.7780E-05,  9.0295E-11,  9.0295E-11,  9.0295E-11,  9.0295E-11,  9.0295E-11,  9.0295E-11,  9.0295E-11,  9.0295E-11,  9.0295E-11,  9.0295E-11,  9.0295E-11,  9.0295E-11,  9.0295E-11,  9.0295E-11,  9.0295E-11,  9.0295E-11,  9.0295E-11,  9.0295E-11,  9.0295E-11,  9.0295E-11,  9.0295E-11,  9.0295E-11,  9.0295E-11,  9.0295E-11,  9.0295E-11,  9.0295E-11,  9.0295E-11,  9.0295E-11,  9.0295E-11,  9.0295E-11,  9.0295E-11,  9.0295E-11,  9.0295E-11,  9.0295E-11,  9.0295E-11,  9.0295E-11,  9.0295E-11,  9.0295E-11,  9.0295E-11,  9.0295E-11,  9.0295E-11,  9.0295E-11,  9.0295E-11,  9.0295E-11,  9.0295E-11,  9.0295E-11,  9.0295E-11,  9.0295E-11,  9.0295E-11,  9.0295E-11,  9.0295E-11,  9.0295E-11,  9.0295E-11,  9.0295E-11,  9.0295E-11,  9.0295E-11,  9.0295E-11,  9.0295E-11,  9.0295E-11,  9.0295E-11,  9.0295E-11,  9.0295E-11,  9.0295E-11,  9.0295E-11
  2.8000E+00,  3.4287E+03,  3.2959E+02,  1.2916E+00,  7.3565E-01,  2.5132E+00,  8.6097E+00,  2.3931E+00,  8.7652E+00,  1.8780E-01,  1.4642E+00,  2.7788E-01,  1.7351E+00,  3.0842E-01,  1.2419E+00,  5.3989E-02,  2.3774E-01,  5.3430E-02,  1.1051E-01,  8.7941E-02,  2.2675E-01,  4.1919E-02,  1.4045E-01,  7.2019E-02,  1.4529E-01,  9.2446E-02,  9.2364E-01,  5.6921E-03,  4.5083E-02,  1.0887E-05,  1.0887E-05,  1.0887E-05,  1.0887E-05,  1.0887E-05,  1.0887E-05,  1.0887E-05,  1.0887E-05,  1.0887E-05,  1.0887E-05,  1.0887E-05,  1.0887E-05,  1.0887E-05,  1.0887E-05,  1.0887E-05,  1.0887E-05,  1.0887E-05,  1.0887E-05,  1.0887E-05,  1.0887E-05,  1.0887E-05,  1.0887E-05,  1.0887E-05,  1.0888E-05,  1.0887E-05,  1.0887E-05,  1.0887E-05,  1.0887E-05,  1.0887E-05,  1.0887E-05,  1.0887E-05,  1.0887E-05,  1.0887E-05,  1.0887E-05,  1.0887E-05,  1.0888E-05,  1.0887E-05,  1.0888E-05,  1.0888E-05,  1.0888E-05,  1.0887E-05,  1.0888E-05,  1.0888E-05,  1.0888E-05,  1.0888E-05,  1.0888E-05,  1.0888E-05,  1.0888E-05,  1.0888E-05,  1.0888E-05,  1.0888E-05,  1.0888E-05,  1.0888E-05,  1.0888E-05,  1.0888E-05,  1.0888E-05,  1.0888E-05,  1.0888E-05,  1.0888E-05,  1.0888E-05,  1.0888E-05,  1.0888E-05,  1.0888E-05,  1.0888E-05,  1.2369E+01,  1.4238E+00,  1.9639E-03,  1.6179E-04,  2.9940E-03,  2.9233E-02,  6.9502E-03,  5.6170E-02,  2.7936E-04,  1.8775E-02,  7.5826E-04,  6.3389E-03,  9.7767E-04,  3.8696E-03,  4.3210E-05,  3.4457E-04,  1.5697E-05,  7.9831E-04,  5.1621E-05,  6.0979E-04,  7.3021E-05,  2.8600E-04,  2.5019E-04,  4.3211E-04,  3.4582E-04,  1.9983E-03,  2.4666E-06,  7.6762E-05,  9.0295E-11,  9.0295E-11,  9.0295E-11,  9.0295E-11,  9.0295E-11,  9.0295E-11,  9.0295E-11,  9.0295E-11,  9.0295E-11,  9.0295E-11,  9.0295E-11,  9.0295E-11,  9.0295E-11,  9.0295E-11,  9.0295E-11,  9.0295E-11,  9.0295E-11,  9.0295E-11,  9.0295E-11,  9.0295E-11,  9.0295E-11,  9.0295E-11,  9.0295E-11,  9.0295E-11,  9.0295E-11,  9.0295E-11,  9.0295E-11,  9.0295E-11,  9.0295E-11,  9.0295E-11,  9.0295E-11,  9.0295E-11,  9.0295E-11,  9.0295E-11,  9.0295E-11,  9.0295E-11,  9.0295E-11,  9.0295E-11,  9.0295E-11,  9.0295E-11,  9.0295E-11,  9.0295E-11,  9.0295E-11,  9.0295E-11,  9.0295E-11,  9.0295E-11,  9.0295E-11,  9.0295E-11,  9.0295E-11,  9.0295E-11,  9.0295E-11,  9.0295E-11,  9.0295E-11,  9.0295E-11,  9.0295E-11,  9.0295E-11,  9.0295E-11,  9.0295E-11,  9.0295E-11,  9.0295E-11,  9.0295E-11,  9.0295E-11,  9.0295E-11,  9.0295E-11
  3.2000E+00,  3.4246E+03,  3.2910E+02,  1.2909E+00,  7.3559E-01,  2.5121E+00,  8.5995E+00,  2.3904E+00,  8.7438E+00,  1.8771E-01,  1.4567E+00,  2.7761E-01,  1.7329E+00,  3.0808E-01,  1.2406E+00,  5.3973E-02,  2.3762E-01,  5.3424E-02,  1.1020E-01,  8.7923E-02,  2.2653E-01,  4.1893E-02,  1.4035E-01,  7.1932E-02,  1.4514E-01,  9.2326E-02,  9.2294E-01,  5.6912E-03,  4.5056E-02,  1.0887E-05,  1.0887E-05,  1.0887E-05,  1.0887E-05,  1.0887E-05,  1.0887E-05,  1.0887E-05,  1.0887E-05,  1.0887E-05,  1.0887E-05,  1.0887E-05,  1.0887E-05,  1.0887E-05,  1.0887E-05,  1.0887E-05,  1.0887E-05,  1.0887E-05,  1.0887E-05,  1.0887E-05,  1.0887E-05,  1.0887E-05,  1.0887E-05,  1.0887E-05,  1.0887E-05,  1.0887E-05,  1.0887E-05,  1.0887E-05,  1.0887E-05,  1.0887E-05,  1.0887E-05,  1.0887E-05,  1.0887E-05,  1.0887E-05,  1.0887E-05,  1.0887E-05,  1.0887E-05,  1.0887E-05,  1.0887E-05,  1.0887E-05,  1.0887E-05,  1.0887E-05,  1.0888E-05,  1.0887E-05,  1.0888E-05,  1.0888E-05,  1.0888E-05,  1.0888E-05,  1.0888E-05,  1.0888E-05,  1.0888E-05,  1.0888E-05,  1.0888E-05,  1.0888E-05,  1.0888E-05,  1.0888E-05,  1.0888E-05,  1.0888E-05,  1.0888E-05,  1.0888E-05,  1.0888E-05,  1.0888E-05,  1.0888E-05,  1.0888E-05,  1.0888E-05,  7.8902E+00,  1.0599E+00,  1.5103E-03,  1.3161E-04,  2.3088E-03,  2.1511E-02,  6.3112E-03,  5.0966E-02,  2.1319E-04,  1.8541E-02,  5.6630E-04,  4.6464E-03,  7.2451E-04,  2.8398E-03,  3.3405E-05,  2.5882E-04,  1.2525E-05,  7.6047E-04,  4.0260E-05,  4.5047E-04,  5.5495E-05,  2.1722E-04,  1.8740E-04,  3.2359E-04,  2.5700E-04,  1.4992E-03,  1.9504E-06,  5.7744E-05,  9.0295E-11,  9.0295E-11,  9.0295E-11,  9.0295E-11,  9.0295E-11,  9.0295E-11,  9.0295E-11,  9.0295E-11,  9.0295E-11,  9.0295E-11,  9.0295E-11,  9.0295E-11,  9.0295E-11,  9.0295E-11,  9.0295E-11,  9.0295E-11,  9.0295E-11,  9.0295E-11,  9.0295E-11,  9.0295E-11,  9.0295E-11,  9.0295E-11,  9.0295E-11,  9.0295E-11,  9.0295E-11,  9.0295E-11,  9.0295E-11,  9.0295E-11,  9.0295E-11,  9.0295E-11,  9.0295E-11,  9.0295E-11,  9.0295E-11,  9.0295E-11,  9.0295E-11,  9.0295E-11,  9.0295E-11,  9.0295E-11,  9.0295E-11,  9.0295E-11,  9.0295E-11,  9.0295E-11,  9.0295E-11,  9.0295E-11,  9.0295E-11,  9.0295E-11,  9.0295E-11,  9.0295E-11,  9.0295E-11,  9.0295E-11,  9.0295E-11,  9.0295E-11,  9.0295E-11,  9.0295E-11,  9.0295E-11,  9.0295E-11,  9.0295E-11,  9.0295E-11,  9.0295E-11,  9.0295E-11,  9.0295E-11,  9.0295E-11,  9.0295E-11,  9.0295E-11
  3.5000E+00,  3.4226E+03,  3.2880E+02,  1.2905E+00,  7.3556E-01,  2.5115E+00,  8.5937E+00,  2.3886E+00,  8.7288E+00,  1.8765E-01,  1.4512E+00,  2.7746E-01,  1.7316E+00,  3.0788E-01,  1.2398E+00,  5.3964E-02,  2.3755E-01,  5.3421E-02,  1.0998E-01,  8.7912E-02,  2.2641E-01,  4.1878E-02,  1.4029E-01,  7.1880E-02,  1.4505E-01,  9.2256E-02,  9.2253E-01,  5.6906E-03,  4.5040E-02,  1.0887E-05,  1.0887E-05,  1.0887E-05,  1.0887E-05,  1.0887E-05,  1.0887E-05,  1.0887E-05,  1.0887E-05,  1.0887E-05,  1.0887E-05,  1.0887E-05,  1.0887E-05,  1.0887E-05,  1.0887E-05,  1.0887E-05,  1.0887E-05,  1.0887E-05,  1.0887E-05,  1.0887E-05,  1.0887E-05,  1.0887E-05,  1.0887E-05,  1.0887E-05,  1.0887E-05,  1.0887E-05,  1.0887E-05,  1.0887E-05,  1.0887E-05,  1.0887E-05,  1.0887E-05,  1.0887E-05,  1.0887E-05,  1.0887E-05,  1.0887E-05,  1.0887E-05,  1.0887E-05,  1.0887E-05,  1.0887E-05,  1.0887E-05,  1.0887E-05,  1.0887E-05,  1.0887E-05,  1.0887E-05,  1.0888E-05,  1.0888E-05,  1.0888E-05,  1.0888E-05,  1.0888E-05,  1.0888E-05,  1.0888E-05,  1.0888E-05,  1.0888E-05,  1.0888E-05,  1.0888E-05,  1.0888E-05,  1.0888E-05,  1.0887E-05,  1.0888E-05,  1.0888E-05,  1.0888E-05,  1.0888E-05,  1.0888E-05,  1.0888E-05,  1.0888E-05,  5.8345E+00,  8.7614E-01,  1.2692E-03,  1.1483E-04,  1.9434E-03,  1.7556E-02,  6.0368E-03,  4.8781E-02,  1.7817E-04,  1.8460E-02,  4.6651E-04,  3.7797E-03,  5.9375E-04,  2.3119E-03,  2.8163E-05,  2.1401E-04,  1.0787E-05,  7.1973E-04,  3.4141E-05,  3.6836E-04,  4.6257E-05,  1.8098E-04,  1.5470E-04,  2.6708E-04,  2.1104E-04,  1.2389E-03,  1.6695E-06,  4.7800E-05,  9.0295E-11,  9.0295E-11,  9.0295E-11,  9.0295E-11,  9.0295E-11,  9.0295E-11,  9.0295E-11,  9.0295E-11,  9.0295E-11,  9.0295E-11,  9.0295E-11,  9.0295E-11,  9.0295E-11,  9.0295E-11,  9.0295E-11,  9.0295E-11,  9.0295E-11,  9.0295E-11,  9.0295E-11,  9.0295E-11,  9.0295E-11,  9.0295E-11,  9.0295E-11,  9.0295E-11,  9.0295E-11,  9.0295E-11,  9.0295E-11,  9.0295E-11,  9.0295E-11,  9.0295E-11,  9.0295E-11,  9.0295E-11,  9.0295E-11,  9.0295E-11,  9.0295E-11,  9.0295E-11,  9.0295E-11,  9.0295E-11,  9.0295E-11,  9.0295E-11,  9.0295E-11,  9.0295E-11,  9.0295E-11,  9.0295E-11,  9.0295E-11,  9.0295E-11,  9.0295E-11,  9.0295E-11,  9.0295E-11,  9.0295E-11,  9.0295E-11,  9.0295E-11,  9.0295E-11,  9.0295E-11,  9.0295E-11,  9.0295E-11,  9.0295E-11,  9.0295E-11,  9.0295E-11,  9.0295E-11,  9.0295E-11,  9.0295E-11,  9.0295E-11,  9.0295E-11
  4.0000E+00,  3.4202E+03,  3.2842E+02,  1.2899E+00,  7.3551E-01,  2.5106E+00,  8.5860E+00,  2.3856E+00,  8.7049E+00,  1.8757E-01,  1.4420E+00,  2.7725E-01,  1.7300E+00,  3.0762E-01,  1.2388E+00,  5.3952E-02,  2.3746E-01,  5.3416E-02,  1.0964E-01,  8.7896E-02,  2.2625E-01,  4.1857E-02,  1.4021E-01,  7.1812E-02,  1.4494E-01,  9.2163E-02,  9.2199E-01,  5.6899E-03,  4.5019E-02,  1.0887E-05,  1.0887E-05,  1.0887E-05,  1.0887E-05,  1.0887E-05,  1.0887E-05,  1.0887E-05,  1.0887E-05,  1.0887E-05,  1.0887E-05,  1.0887E-05,  1.0887E-05,  1.0887E-05,  1.0887E-05,  1.0887E-05,  1.0887E-05,  1.0887E-05,  1.0887E-05,  1.0887E-05,  1.0887E-05,  1.0887E-05,  1.0887E-05,  1.0887E-05,  1.0887E-05,  1.0887E-05,  1.0887E-05,  1.0887E-05,  1.0887E-05,  1.0887E-05,  1.0887E-05,  1.0887E-05,  1.0887E-05,  1.0887E-05,  1.0887E-05,  1.0887E-05,  1.0887E-05,  1.0887E-05,  1.0887E-05,  1.0887E-05,  1.0887E-05,  1.0887E-05,  1.0887E-05,  1.0887E-05,  1.0887E-05,  1.0887E-05,  1.0887E-05,  1.0887E-05,  1.0888E-05,  1.0888E-05,  1.0888E-05,  1.0887E-05,  1.0888E-05,  1.0888E-05,  1.0888E-05,  1.0888E-05,  1.0887E-05,  1.0887E-05,  1.0888E-05,  1.0888E-05,  1.0888E-05,  1.0888E-05,  1.0888E-05,  1.0888E-05,  1.0888E-05,  3.7364E+00,  6.7061E-01,  9.8819E-04,  9.4553E-05,  1.5130E-03,  1.3058E-02,  5.8039E-03,  4.6937E-02,  1.3712E-04,  1.8310E-02,  3.5136E-04,  2.7937E-03,  4.4374E-04,  1.7107E-03,  2.1955E-05,  1.6208E-04,  8.6794E-06,  6.3708E-04,  2.6849E-05,  2.7437E-04,  3.5456E-05,  1.3913E-04,  1.1730E-04,  2.0246E-04,  1.5877E-04,  9.3748E-04,  1.3362E-06,  3.6265E-05,  9.0295E-11,  9.0295E-11,  9.0295E-11,  9.0295E-11,  9.0295E-11,  9.0295E-11,  9.0295E-11,  9.0295E-11,  9.0295E-11,  9.0295E-11,  9.0295E-11,  9.0295E-11,  9.0295E-11,  9.0295E-11,  9.0295E-11,  9.0295E-11,  9.0295E-11,  9.0295E-11,  9.0295E-11,  9.0295E-11,  9.0295E-11,  9.0295E-11,  9.0295E-11,  9.0295E-11,  9.0295E-11,  9.0295E-11,  9.0295E-11,  9.0295E-11,  9.0295E-11,  9.0295E-11,  9.0295E-11,  9.0295E-11,  9.0295E-11,  9.0295E-11,  9.0295E-11,  9.0295E-11,  9.0295E-11,  9.0295E-11,  9.0295E-11,  9.0295E-11,  9.0295E-11,  9.0295E-11,  9.0295E-11,  9.0295E-11,  9.0295E-11,  9.0295E-11,  9.0295E-11,  9.0295E-11,  9.0295E-11,  9.0295E-11,  9.0295E-11,  9.0295E-11,  9.0295E-11,  9.0295E-11,  9.0295E-11,  9.0295E-11,  9.0295E-11,  9.0295E-11,  9.0295E-11,  9.0295E-11,  9.0295E-11,  9.0295E-11,  9.0295E-11,  9.0295E-11
  4.5000E+00,  3.4186E+03,  3.2811E+02,  1.2895E+00,  7.3546E-01,  2.5099E+00,  8.5802E+00,  2.3827E+00,  8.6816E+00,  1.8751E-01,  1.4329E+00,  2.7710E-01,  1.7288E+00,  3.0742E-01,  1.2380E+00,  5.3942E-02,  2.3738E-01,  5.3412E-02,  1.0934E-01,  8.7884E-02,  2.2613E-01,  4.1841E-02,  1.4015E-01,  7.1760E-02,  1.4485E-01,  9.2092E-02,  9.2157E-01,  5.6893E-03,  4.5003E-02,  1.0887E-05,  1.0886E-05,  1.0887E-05,  1.0887E-05,  1.0887E-05,  1.0887E-05,  1.0887E-05,  1.0887E-05,  1.0887E-05,  1.0887E-05,  1.0887E-05,  1.0887E-05,  1.0887E-05,  1.0887E-05,  1.0887E-05,  1.0887E-05,  1.0887E-05,  1.0887E-05,  1.0887E-05,  1.0887E-05,  1.0887E-05,  1.0887E-05,  1.0887E-05,  1.0887E-05,  1.0887E-05,  1.0887E-05,  1.0887E-05,  1.0887E-05,  1.0887E-05,  1.0887E-05,  1.0887E-05,  1.0887E-05,  1.0887E-05,  1.0887E-05,  1.0887E-05,  1.0887E-05,  1.0887E-05,  1.0887E-05,  1.0887E-05,  1.0887E-05,  1.0887E-05,  1.0887E-05,  1.0887E-05,  1.0887E-05,  1.0887E-05,  1.0887E-05,  1.0887E-05,  1.0887E-05,  1.0887E-05,  1.0887E-05,  1.0887E-05,  1.0887E-05,  1.0888E-05,  1.0888E-05,  1.0888E-05,  1.0887E-05,  1.0887E-05,  1.0888E-05,  1.0888E-05,  1.0888E-05,  1.0888E-05,  1.0888E-05,  1.0888E-05,  1.0888E-05,  2.5419E+00,  5.4168E-01,  7.9700E-04,  8.0110E-05,  1.2261E-03,  1.0162E-02,  5.7282E-03,  4.6276E-02,  1.1019E-04,  1.8020E-02,  2.7705E-04,  2.1581E-03,  3.4751E-04,  1.3229E-03,  1.7845E-05,  1.2792E-04,  7.2542E-06,  5.4621E-04,  2.1991E-05,  2.1340E-04,  2.8392E-05,  1.1096E-04,  9.2417E-05,  1.5947E-04,  1.2423E-04,  7.4228E-04,  1.1042E-06,  2.8779E-05,  9.0295E-11,  9.0295E-11,  9.0295E-11,  9.0295E-11,  9.0295E-11,  9.0295E-11,  9.0295E-11,  9.0295E-11,  9.0295E-11,  9.0295E-11,  9.0295E-11,  9.0295E-11,  9.0295E-11,  9.0295E-11,  9.0295E-11,  9.0295E-11,  9.0295E-11,  9.0295E-11,  9.0295E-11,  9.0295E-11,  9.0295E-11,  9.0295E-11,  9.0295E-11,  9.0295E-11,  9.0295E-11,  9.0295E-11,  9.0295E-11,  9.0295E-11,  9.0295E-11,  9.0295E-11,  9.0295E-11,  9.0295E-11,  9.0295E-11,  9.0295E-11,  9.0295E-11,  9.0295E-11,  9.0295E-11,  9.0295E-11,  9.0295E-11,  9.0295E-11,  9.0295E-11,  9.0295E-11,  9.0295E-11,  9.0295E-11,  9.0295E-11,  9.0295E-11,  9.0295E-11,  9.0295E-11,  9.0295E-11,  9.0295E-11,  9.0295E-11,  9.0295E-11,  9.0295E-11,  9.0295E-11,  9.0295E-11,  9.0295E-11,  9.0295E-11,  9.0295E-11,  9.0295E-11,  9.0295E-11,  9.0295E-11,  9.0295E-11,  9.0295E-11,  9.0295E-11
  5.0000E+00,  3.4175E+03,  3.2786E+02,  1.2891E+00,  7.3542E-01,  2.5093E+00,  8.5756E+00,  2.3799E+00,  8.6585E+00,  1.8746E-01,  1.4240E+00,  2.7697E-01,  1.7278E+00,  3.0727E-01,  1.2374E+00,  5.3933E-02,  2.3732E-01,  5.3408E-02,  1.0909E-01,  8.7874E-02,  2.2603E-01,  4.1828E-02,  1.4010E-01,  7.1718E-02,  1.4477E-01,  9.2036E-02,  9.2123E-01,  5.6888E-03,  4.4990E-02,  1.0886E-05,  1.0886E-05,  1.0887E-05,  1.0887E-05,  1.0887E-05,  1.0887E-05,  1.0887E-05,  1.0887E-05,  1.0887E-05,  1.0887E-05,  1.0887E-05,  1.0887E-05,  1.0887E-05,  1.0887E-05,  1.0887E-05,  1.0887E-05,  1.0887E-05,  1.0887E-05,  1.0887E-05,  1.0887E-05,  1.0887E-05,  1.0887E-05,  1.0887E-05,  1.0887E-05,  1.0887E-05,  1.0887E-05,  1.0887E-05,  1.0887E-05,  1.0887E-05,  1.0887E-05,  1.0887E-05,  1.0887E-05,  1.0887E-05,  1.0887E-05,  1.0887E-05,  1.0887E-05,  1.0887E-05,  1.0887E-05,  1.0887E-05,  1.0887E-05,  1.0887E-05,  1.0887E-05,  1.0887E-05,  1.0887E-05,  1.0887E-05,  1.0887E-05,  1.0887E-05,  1.0887E-05,  1.0887E-05,  1.0887E-05,  1.0887E-05,  1.0887E-05,  1.0887E-05,  1.0887E-05,  1.0887E-05,  1.0887E-05,  1.0887E-05,  1.0888E-05,  1.0888E-05,  1.0888E-05,  1.0888E-05,  1.0888E-05,  1.0888E-05,  1.0888E-05,  1.8216E+00,  4.5920E-01,  6.6359E-04,  6.9706E-05,  1.0229E-03,  8.2454E-03,  5.7342E-03,  4.6157E-02,  9.1172E-05,  1.7545E-02,  2.2539E-04,  1.7369E-03,  2.8099E-04,  1.0657E-03,  1.4916E-05,  1.0495E-04,  6.2166E-06,  4.5649E-04,  1.8509E-05,  1.7280E-04,  2.3417E-05,  9.1468E-05,  7.5362E-05,  1.3002E-04,  1.0068E-04,  6.0608E-04,  9.3958E-07,  2.3547E-05,  9.0295E-11,  9.0295E-11,  9.0295E-11,  9.0295E-11,  9.0295E-11,  9.0295E-11,  9.0295E-11,  9.0295E-11,  9.0295E-11,  9.0295E-11,  9.0295E-11,  9.0295E-11,  9.0295E-11,  9.0295E-11,  9.0295E-11,  9.0295E-11,  9.0295E-11,  9.0295E-11,  9.0295E-11,  9.0295E-11,  9.0295E-11,  9.0295E-11,  9.0295E-11,  9.0295E-11,  9.0295E-11,  9.0295E-11,  9.0295E-11,  9.0295E-11,  9.0295E-11,  9.0295E-11,  9.0295E-11,  9.0295E-11,  9.0295E-11,  9.0295E-11,  9.0295E-11,  9.0295E-11,  9.0295E-11,  9.0295E-11,  9.0295E-11,  9.0295E-11,  9.0295E-11,  9.0295E-11,  9.0295E-11,  9.0295E-11,  9.0295E-11,  9.0295E-11,  9.0295E-11,  9.0295E-11,  9.0295E-11,  9.0295E-11,  9.0295E-11,  9.0295E-11,  9.0295E-11,  9.0295E-11,  9.0295E-11,  9.0295E-11,  9.0295E-11,  9.0295E-11,  9.0295E-11,  9.0295E-11,  9.0295E-11,  9.0295E-11,  9.0295E-11,  9.0295E-11
  5.5000E+00,  3.4167E+03,  3.2765E+02,  1.2888E+00,  7.3539E-01,  2.5089E+00,  8.5718E+00,  2.3770E+00,  8.6354E+00,  1.8741E-01,  1.4154E+00,  2.7687E-01,  1.7270E+00,  3.0714E-01,  1.2369E+00,  5.3926E-02,  2.3728E-01,  5.3406E-02,  1.0889E-01,  8.7865E-02,  2.2595E-01,  4.1818E-02,  1.4006E-01,  7.1683E-02,  1.4471E-01,  9.1990E-02,  9.2095E-01,  5.6883E-03,  4.4979E-02,  1.0886E-05,  1.0886E-05,  1.0887E-05,  1.0887E-05,  1.0887E-05,  1.0887E-05,  1.0887E-05,  1.0887E-05,  1.0887E-05,  1.0887E-05,  1.0887E-05,  1.0887E-05,  1.0887E-05,  1.0887E-05,  1.0887E-05,  1.0887E-05,  1.0887E-05,  1.0887E-05,  1.0887E-05,  1.0887E-05,  1.0887E-05,  1.0887E-05,  1.0887E-05,  1.0887E-05,  1.0887E-05,  1.0887E-05,  1.0887E-05,  1.0887E-05,  1.0887E-05,  1.0887E-05,  1.0887E-05,  1.0887E-05,  1.0887E-05,  1.0887E-05,  1.0887E-05,  1.0887E-05,  1.0887E-05,  1.0887E-05,  1.0887E-05,  1.0887E-05,  1.0887E-05,  1.0887E-05,  1.0887E-05,  1.0887E-05,  1.0887E-05,  1.0887E-05,  1.0887E-05,  1.0887E-05,  1.0887E-05,  1.0887E-05,  1.0887E-05,  1.0887E-05,  1.0887E-05,  1.0887E-05,  1.0887E-05,  1.0887E-05,  1.0887E-05,  1.0888E-05,  1.0888E-05,  1.0888E-05,  1.0888E-05,  1.0888E-05,  1.0887E-05,  1.0888E-05,  1.3648E+00,  4.0258E-01,  5.6744E-04,  6.2033E-05,  8.7647E-04,  6.8775E-03,  5.7659E-03,  4.6149E-02,  7.7540E-05,  1.6874E-02,  1.8878E-04,  1.4358E-03,  2.3407E-04,  8.8167E-04,  1.2805E-05,  8.8276E-05,  5.4579E-06,  3.7420E-04,  1.5988E-05,  1.4364E-04,  1.9859E-05,  7.7531E-05,  6.3249E-05,  1.0911E-04,  8.4035E-05,  5.0932E-04,  8.1955E-07,  1.9826E-05,  9.0295E-11,  9.0295E-11,  9.0295E-11,  9.0295E-11,  9.0295E-11,  9.0295E-11,  9.0295E-11,  9.0295E-11,  9.0295E-11,  9.0295E-11,  9.0295E-11,  9.0295E-11,  9.0295E-11,  9.0295E-11,  9.0295E-11,  9.0295E-11,  9.0295E-11,  9.0295E-11,  9.0295E-11,  9.0295E-11,  9.0295E-11,  9.0295E-11,  9.0295E-11,  9.0295E-11,  9.0295E-11,  9.0295E-11,  9.0295E-11,  9.0295E-11,  9.0295E-11,  9.0295E-11,  9.0295E-11,  9.0295E-11,  9.0295E-11,  9.0295E-11,  9.0295E-11,  9.0295E-11,  9.0295E-11,  9.0295E-11,  9.0295E-11,  9.0295E-11,  9.0295E-11,  9.0295E-11,  9.0295E-11,  9.0295E-11,  9.0295E-11,  9.0295E-11,  9.0295E-11,  9.0295E-11,  9.0295E-11,  9.0295E-11,  9.0295E-11,  9.0295E-11,  9.0295E-11,  9.0295E-11,  9.0295E-11,  9.0295E-11,  9.0295E-11,  9.0295E-11,  9.0295E-11,  9.0295E-11,  9.0295E-11,  9.0295E-11,  9.0295E-11,  9.0295E-11
  6.3000E+00,  3.4158E+03,  3.2735E+02,  1.2884E+00,  7.3535E-01,  2.5082E+00,  8.5669E+00,  2.3724E+00,  8.5986E+00,  1.8736E-01,  1.4025E+00,  2.7673E-01,  1.7260E+00,  3.0697E-01,  1.2363E+00,  5.3917E-02,  2.3721E-01,  5.3402E-02,  1.0863E-01,  8.7854E-02,  2.2585E-01,  4.1803E-02,  1.4000E-01,  7.1638E-02,  1.4464E-01,  9.1930E-02,  9.2059E-01,  5.6877E-03,  4.4965E-02,  1.0886E-05,  1.0886E-05,  1.0887E-05,  1.0887E-05,  1.0887E-05,  1.0887E-05,  1.0887E-05,  1.0887E-05,  1.0887E-05,  1.0887E-05,  1.0887E-05,  1.0887E-05,  1.0887E-05,  1.0887E-05,  1.0887E-05,  1.0887E-05,  1.0887E-05,  1.0887E-05,  1.0887E-05,  1.0887E-05,  1.0887E-05,  1.0887E-05,  1.0887E-05,  1.0887E-05,  1.0887E-05,  1.0887E-05,  1.0887E-05,  1.0887E-05,  1.0887E-05,  1.0887E-05,  1.0887E-05,  1.0887E-05,  1.0887E-05,  1.0887E-05,  1.0887E-05,  1.0887E-05,  1.0887E-05,  1.0887E-05,  1.0887E-05,  1.0887E-05,  1.0887E-05,  1.0887E-05,  1.0887E-05,  1.0887E-05,  1.0887E-05,  1.0887E-05,  1.0887E-05,  1.0887E-05,  1.0887E-05,  1.0887E-05,  1.0887E-05,  1.0887E-05,  1.0887E-05,  1.0887E-05,  1.0887E-05,  1.0887E-05,  1.0887E-05,  1.0888E-05,  1.0887E-05,  1.0887E-05,  1.0887E-05,  1.0888E-05,  1.0887E-05,  1.0888E-05,  9.3013E-01,  3.4647E-01,  4.6246E-04,  5.3521E-05,  7.1672E-04,  5.4293E-03,  5.8234E-03,  4.6000E-02,  6.2750E-05,  1.5474E-02,  1.4950E-04,  1.1161E-03,  1.8394E-04,  6.8631E-04,  1.0502E-05,  7.0350E-05,  4.6217E-06,  2.6565E-04,  1.3231E-05,  1.1255E-04,  1.6003E-05,  6.2423E-05,  5.0206E-05,  8.6617E-05,  6.6189E-05,  4.0514E-04,  6.8736E-07,  1.5817E-05,  9.0295E-11,  9.0295E-11,  9.0295E-11,  9.0295E-11,  9.0295E-11,  9.0295E-11,  9.0295E-11,  9.0295E-11,  9.0295E-11,  9.0295E-11,  9.0295E-11,  9.0295E-11,  9.0295E-11,  9.0295E-11,  9.0295E-11,  9.0295E-11,  9.0295E-11,  9.0295E-11,  9.0295E-11,  9.0295E-11,  9.0295E-11,  9.0295E-11,  9.0295E-11,  9.0295E-11,  9.0295E-11,  9.0295E-11,  9.0295E-11,  9.0295E-11,  9.0295E-11,  9.0295E-11,  9.0295E-11,  9.0295E-11,  9.0295E-11,  9.0295E-11,  9.0295E-11,  9.0295E-11,  9.0295E-11,  9.0295E-11,  9.0295E-11,  9.0295E-11,  9.0295E-11,  9.0295E-11,  9.0295E-11,  9.0295E-11,  9.0295E-11,  9.0295E-11,  9.0295E-11,  9.0295E-11,  9.0295E-11,  9.0295E-11,  9.0295E-11,  9.0295E-11,  9.0295E-11,  9.0295E-11,  9.0295E-11,  9.0295E-11,  9.0295E-11,  9.0295E-11,  9.0295E-11,  9.0295E-11,  9.0295E-11,  9.0295E-11,  9.0295E-11,  9.0295E-11
  7.1000E+00,  3.4152E+03,  3.2709E+02,  1.2880E+00,  7.3530E-01,  2.5077E+00,  8.5629E+00,  2.3677E+00,  8.5620E+00,  1.8731E-01,  1.3908E+00,  2.7662E-01,  1.7252E+00,  3.0684E-01,  1.2358E+00,  5.3909E-02,  2.3716E-01,  5.3398E-02,  1.0845E-01,  8.7844E-02,  2.2577E-01,  4.1791E-02,  1.3995E-01,  7.1601E-02,  1.4457E-01,  9.1881E-02,  9.2029E-01,  5.6872E-03,  4.4953E-02,  1.0886E-05,  1.0886E-05,  1.0886E-05,  1.0887E-05,  1.0887E-05,  1.0887E-05,  1.0887E-05,  1.0887E-05,  1.0887E-05,  1.0887E-05,  1.0887E-05,  1.0887E-05,  1.0887E-05,  1.0887E-05,  1.0887E-05,  1.0887E-05,  1.0887E-05,  1.0887E-05,  1.0887E-05,  1.0887E-05,  1.0887E-05,  1.0887E-05,  1.0887E-05,  1.0887E-05,  1.0887E-05,  1.0887E-05,  1.0887E-05,  1.0887E-05,  1.0887E-05,  1.0887E-05,  1.0887E-05,  1.0887E-05,  1.0887E-05,  1.0887E-05,  1.0887E-05,  1.0887E-05,  1.0887E-05,  1.0887E-05,  1.0887E-05,  1.0887E-05,  1.0887E-05,  1.0887E-05,  1.0887E-05,  1.0887E-05,  1.0887E-05,  1.0887E-05,  1.0887E-05,  1.0887E-05,  1.0887E-05,  1.0887E-05,  1.0887E-05,  1.0887E-05,  1.0887E-05,  1.0887E-05,  1.0887E-05,  1.0887E-05,  1.0887E-05,  1.0887E-05,  1.0887E-05,  1.0887E-05,  1.0887E-05,  1.0887E-05,  1.0887E-05,  1.0887E-05,  6.8682E-01,  3.1501E-01,  3.9454E-04,  4.8015E-05,  6.1364E-04,  4.5193E-03,  5.8464E-03,  4.5401E-02,  5.3249E-05,  1.3807E-02,  1.2449E-04,  9.1462E-04,  1.5213E-04,  5.6317E-04,  9.0196E-06,  5.8933E-05,  4.0818E-06,  1.8734E-04,  1.1453E-05,  9.2900E-05,  1.3527E-05,  5.2718E-05,  4.1867E-05,  7.2250E-05,  5.4826E-05,  3.3860E-04,  6.0171E-07,  1.3257E-05,  9.0295E-11,  9.0295E-11,  9.0295E-11,  9.0295E-11,  9.0295E-11,  9.0295E-11,  9.0295E-11,  9.0295E-11,  9.0295E-11,  9.0295E-11,  9.0295E-11,  9.0295E-11,  9.0295E-11,  9.0295E-11,  9.0295E-11,  9.0295E-11,  9.0295E-11,  9.0295E-11,  9.0295E-11,  9.0295E-11,  9.0295E-11,  9.0295E-11,  9.0295E-11,  9.0295E-11,  9.0295E-11,  9.0295E-11,  9.0295E-11,  9.0295E-11,  9.0295E-11,  9.0295E-11,  9.0295E-11,  9.0295E-11,  9.0295E-11,  9.0295E-11,  9.0295E-11,  9.0295E-11,  9.0295E-11,  9.0295E-11,  9.0295E-11,  9.0295E-11,  9.0295E-11,  9.0295E-11,  9.0295E-11,  9.0295E-11,  9.0295E-11,  9.0295E-11,  9.0295E-11,  9.0295E-11,  9.0295E-11,  9.0295E-11,  9.0295E-11,  9.0295E-11,  9.0295E-11,  9.0295E-11,  9.0295E-11,  9.0295E-11,  9.0295E-11,  9.0295E-11,  9.0295E-11,  9.0295E-11,  9.0295E-11,  9.0295E-11,  9.0295E-11,  9.0295E-11
  8.0000E+00,  3.4146E+03,  3.2681E+02,  1.2877E+00,  7.3526E-01,  2.5072E+00,  8.5591E+00,  2.3624E+00,  8.5217E+00,  1.8727E-01,  1.3792E+00,  2.7652E-01,  1.7244E+00,  3.0671E-01,  1.2354E+00,  5.3902E-02,  2.3711E-01,  5.3395E-02,  1.0831E-01,  8.7834E-02,  2.2569E-01,  4.1780E-02,  1.3991E-01,  7.1566E-02,  1.4451E-01,  9.1836E-02,  9.2000E-01,  5.6867E-03,  4.4942E-02,  1.0886E-05,  1.0886E-05,  1.0886E-05,  1.0886E-05,  1.0886E-05,  1.0887E-05,  1.0887E-05,  1.0887E-05,  1.0887E-05,  1.0887E-05,  1.0887E-05,  1.0887E-05,  1.0886E-05,  1.0887E-05,  1.0886E-05,  1.0887E-05,  1.0887E-05,  1.0887E-05,  1.0887E-05,  1.0887E-05,  1.0887E-05,  1.0887E-05,  1.0887E-05,  1.0887E-05,  1.0887E-05,  1.0887E-05,  1.0887E-05,  1.0887E-05,  1.0887E-05,  1.0887E-05,  1.0887E-05,  1.0887E-05,  1.0887E-05,  1.0887E-05,  1.0887E-05,  1.0887E-05,  1.0887E-05,  1.0887E-05,  1.0887E-05,  1.0887E-05,  1.0887E-05,  1.0887E-05,  1.0887E-05,  1.0887E-05,  1.0887E-05,  1.0887E-05,  1.0887E-05,  1.0887E-05,  1.0887E-05,  1.0887E-05,  1.0887E-05,  1.0887E-05,  1.0887E-05,  1.0887E-05,  1.0887E-05,  1.0887E-05,  1.0887E-05,  1.0887E-05,  1.0887E-05,  1.0887E-05,  1.0887E-05,  1.0887E-05,  1.0887E-05,  1.0887E-05,  5.2754E-01,  2.9588E-01,  3.4446E-04,  4.4087E-05,  5.3807E-04,  3.8596E-03,  5.8055E-03,  4.4070E-02,  4.6292E-05,  1.1811E-02,  1.0621E-04,  7.6843E-04,  1.2895E-04,  4.7383E-04,  7.9377E-06,  5.0615E-05,  3.6932E-06,  1.2949E-04,  1.0161E-05,  7.8616E-05,  1.1713E-05,  4.5594E-05,  3.5750E-05,  6.1726E-05,  4.6506E-05,  2.8987E-04,  5.3936E-07,  1.1384E-05,  9.0295E-11,  9.0295E-11,  9.0295E-11,  9.0295E-11,  9.0295E-11,  9.0295E-11,  9.0295E-11,  9.0295E-11,  9.0295E-11,  9.0295E-11,  9.0295E-11,  9.0295E-11,  9.0295E-11,  9.0295E-11,  9.0295E-11,  9.0295E-11,  9.0295E-11,  9.0295E-11,  9.0295E-11,  9.0295E-11,  9.0295E-11,  9.0295E-11,  9.0295E-11,  9.0295E-11,  9.0295E-11,  9.0295E-11,  9.0295E-11,  9.0295E-11,  9.0295E-11,  9.0295E-11,  9.0295E-11,  9.0295E-11,  9.0295E-11,  9.0295E-11,  9.0295E-11,  9.0295E-11,  9.0295E-11,  9.0295E-11,  9.0295E-11,  9.0295E-11,  9.0295E-11,  9.0295E-11,  9.0295E-11,  9.0295E-11,  9.0295E-11,  9.0295E-11,  9.0295E-11,  9.0295E-11,  9.0295E-11,  9.0295E-11,  9.0295E-11,  9.0295E-11,  9.0295E-11,  9.0295E-11,  9.0295E-11,  9.0295E-11,  9.0295E-11,  9.0295E-11,  9.0295E-11,  9.0295E-11,  9.0295E-11,  9.0295E-11,  9.0295E-11,  9.0295E-11
  9.0000E+00,  3.4141E+03,  3.2652E+02,  1.2874E+00,  7.3522E-01,  2.5067E+00,  8.5555E+00,  2.3567E+00,  8.4788E+00,  1.8722E-01,  1.3685E+00,  2.7642E-01,  1.7237E+00,  3.0659E-01,  1.2349E+00,  5.3894E-02,  2.3706E-01,  5.3391E-02,  1.0820E-01,  8.7824E-02,  2.2562E-01,  4.1769E-02,  1.3987E-01,  7.1533E-02,  1.4445E-01,  9.1792E-02,  9.1973E-01,  5.6862E-03,  4.4931E-02,  1.0886E-05,  1.0886E-05,  1.0886E-05,  1.0886E-05,  1.0886E-05,  1.0887E-05,  1.0886E-05,  1.0887E-05,  1.0887E-05,  1.0887E-05,  1.0886E-05,  1.0886E-05,  1.0886E-05,  1.0886E-05,  1.0886E-05,  1.0886E-05,  1.0886E-05,  1.0887E-05,  1.0886E-05,  1.0887E-05,  1.0887E-05,  1.0887E-05,  1.0887E-05,  1.0887E-05,  1.0887E-05,  1.0887E-05,  1.0887E-05,  1.0887E-05,  1.0887E-05,  1.0887E-05,  1.0887E-05,  1.0887E-05,  1.0887E-05,  1.0887E-05,  1.0887E-05,  1.0887E-05,  1.0887E-05,  1.0887E-05,  1.0887E-05,  1.0887E-05,  1.0887E-05,  1.0887E-05,  1.0887E-05,  1.0887E-05,  1.0887E-05,  1.0887E-05,  1.0887E-05,  1.0887E-05,  1.0887E-05,  1.0887E-05,  1.0887E-05,  1.0887E-05,  1.0887E-05,  1.0887E-05,  1.0887E-05,  1.0887E-05,  1.0887E-05,  1.0887E-05,  1.0887E-05,  1.0887E-05,  1.0887E-05,  1.0887E-05,  1.0887E-05,  1.0887E-05,  4.2513E-01,  2.8583E-01,  3.0975E-04,  4.1547E-05,  4.8484E-04,  3.3896E-03,  5.6712E-03,  4.1837E-02,  4.1374E-05,  9.6550E-03,  9.3207E-05,  6.6445E-04,  1.1244E-04,  4.1039E-04,  7.1829E-06,  4.4737E-05,  3.4341E-06,  9.0966E-05,  9.2679E-06,  6.8481E-05,  1.0425E-05,  4.0525E-05,  3.1368E-05,  5.4208E-05,  4.0548E-05,  2.5514E-04,  4.9661E-07,  1.0055E-05,  9.0295E-11,  9.0295E-11,  9.0295E-11,  9.0295E-11,  9.0295E-11,  9.0295E-11,  9.0295E-11,  9.0295E-11,  9.0295E-11,  9.0295E-11,  9.0295E-11,  9.0295E-11,  9.0295E-11,  9.0295E-11,  9.0295E-11,  9.0295E-11,  9.0295E-11,  9.0295E-11,  9.0295E-11,  9.0295E-11,  9.0295E-11,  9.0295E-11,  9.0295E-11,  9.0295E-11,  9.0295E-11,  9.0295E-11,  9.0295E-11,  9.0295E-11,  9.0295E-11,  9.0295E-11,  9.0295E-11,  9.0295E-11,  9.0295E-11,  9.0295E-11,  9.0295E-11,  9.0295E-11,  9.0295E-11,  9.0295E-11,  9.0295E-11,  9.0295E-11,  9.0295E-11,  9.0295E-11,  9.0295E-11,  9.0295E-11,  9.0295E-11,  9.0295E-11,  9.0295E-11,  9.0295E-11,  9.0295E-11,  9.0295E-11,  9.0295E-11,  9.0295E-11,  9.0295E-11,  9.0295E-11,  9.0295E-11,  9.0295E-11,  9.0295E-11,  9.0295E-11,  9.0295E-11,  9.0295E-11,  9.0295E-11,  9.0295E-11,  9.0295E-11,  9.0295E-11
  1.0000E+01,  3.4137E+03,  3.2624E+02,  1.2871E+00,  7.3518E-01,  2.5062E+00,  8.5523E+00,  2.3511E+00,  8.4384E+00,  1.8718E-01,  1.3598E+00,  2.7633E-01,  1.7231E+00,  3.0648E-01,  1.2345E+00,  5.3887E-02,  2.3702E-01,  5.3388E-02,  1.0812E-01,  8.7815E-02,  2.2555E-01,  4.1759E-02,  1.3983E-01,  7.1503E-02,  1.4440E-01,  9.1754E-02,  9.1949E-01,  5.6857E-03,  4.4922E-02,  1.0886E-05,  1.0886E-05,  1.0886E-05,  1.0886E-05,  1.0886E-05,  1.0886E-05,  1.0886E-05,  1.0886E-05,  1.0886E-05,  1.0886E-05,  1.0886E-05,  1.0886E-05,  1.0886E-05,  1.0886E-05,  1.0886E-05,  1.0886E-05,  1.0886E-05,  1.0886E-05,  1.0886E-05,  1.0887E-05,  1.0887E-05,  1.0887E-05,  1.0887E-05,  1.0887E-05,  1.0887E-05,  1.0887E-05,  1.0887E-05,  1.0887E-05,  1.0887E-05,  1.0887E-05,  1.0887E-05,  1.0887E-05,  1.0887E-05,  1.0887E-05,  1.0887E-05,  1.0887E-05,  1.0887E-05,  1.0887E-05,  1.0887E-05,  1.0887E-05,  1.0887E-05,  1.0887E-05,  1.0887E-05,  1.0887E-05,  1.0887E-05,  1.0887E-05,  1.0887E-05,  1.0887E-05,  1.0887E-05,  1.0887E-05,  1.0887E-05,  1.0887E-05,  1.0887E-05,  1.0887E-05,  1.0887E-05,  1.0887E-05,  1.0887E-05,  1.0887E-05,  1.0887E-05,  1.0887E-05,  1.0887E-05,  1.0887E-05,  1.0887E-05,  1.0887E-05,  3.6409E-01,  2.8235E-01,  2.8729E-04,  4.0430E-05,  4.5209E-04,  3.0856E-03,  5.4516E-03,  3.8978E-02,  3.8314E-05,  7.7281E-03,  8.4927E-05,  5.9780E-04,  1.0188E-04,  3.6983E-04,  6.7277E-06,  4.1052E-05,  3.2949E-06,  6.8403E-05,  8.7430E-06,  6.2027E-05,  9.6153E-06,  3.7407E-05,  2.8649E-05,  4.9509E-05,  3.6829E-05,  2.3300E-04,  4.7359E-07,  9.2138E-06,  9.0295E-11,  9.0295E-11,  9.0295E-11,  9.0295E-11,  9.0295E-11,  9.0295E-11,  9.0295E-11,  9.0295E-11,  9.0295E-11,  9.0295E-11,  9.0295E-11,  9.0295E-11,  9.0295E-11,  9.0295E-11,  9.0295E-11,  9.0295E-11,  9.0295E-11,  9.0295E-11,  9.0295E-11,  9.0295E-11,  9.0295E-11,  9.0295E-11,  9.0295E-11,  9.0295E-11,  9.0295E-11,  9.0295E-11,  9.0295E-11,  9.0295E-11,  9.0295E-11,  9.0295E-11,  9.0295E-11,  9.0295E-11,  9.0295E-11,  9.0295E-11,  9.0295E-11,  9.0295E-11,  9.0295E-11,  9.0295E-11,  9.0295E-11,  9.0295E-11,  9.0295E-11,  9.0295E-11,  9.0295E-11,  9.0295E-11,  9.0295E-11,  9.0295E-11,  9.0295E-11,  9.0295E-11,  9.0295E-11,  9.0295E-11,  9.0295E-11,  9.0295E-11,  9.0295E-11,  9.0295E-11,  9.0295E-11,  9.0295E-11,  9.0295E-11,  9.0295E-11,  9.0295E-11,  9.0295E-11,  9.0295E-11,  9.0295E-11,  9.0295E-11,  9.0295E-11
  1.1000E+01,  3.4134E+03,  3.2595E+02,  1.2868E+00,  7.3514E-01,  2.5058E+00,  8.5493E+00,  2.3458E+00,  8.4010E+00,  1.8715E-01,  1.3529E+00,  2.7625E-01,  1.7225E+00,  3.0638E-01,  1.2342E+00,  5.3881E-02,  2.3698E-01,  5.3384E-02,  1.0805E-01,  8.7807E-02,  2.2549E-01,  4.1750E-02,  1.3979E-01,  7.1475E-02,  1.4435E-01,  9.1718E-02,  9.1926E-01,  5.6852E-03,  4.4913E-02,  1.0886E-05,  1.0886E-05,  1.0886E-05,  1.0886E-05,  1.0886E-05,  1.0886E-05,  1.0886E-05,  1.0886E-05,  1.0886E-05,  1.0886E-05,  1.0886E-05,  1.0886E-05,  1.0886E-05,  1.0886E-05,  1.0886E-05,  1.0886E-05,  1.0886E-05,  1.0886E-05,  1.0886E-05,  1.0886E-05,  1.0886E-05,  1.0887E-05,  1.0887E-05,  1.0887E-05,  1.0887E-05,  1.0887E-05,  1.0887E-05,  1.0887E-05,  1.0887E-05,  1.0887E-05,  1.0887E-05,  1.0887E-05,  1.0887E-05,  1.0887E-05,  1.0887E-05,  1.0887E-05,  1.0887E-05,  1.0887E-05,  1.0887E-05,  1.0887E-05,  1.0887E-05,  1.0887E-05,  1.0887E-05,  1.0887E-05,  1.0887E-05,  1.0887E-05,  1.0887E-05,  1.0887E-05,  1.0887E-05,  1.0887E-05,  1.0887E-05,  1.0887E-05,  1.0887E-05,  1.0887E-05,  1.0887E-05,  1.0887E-05,  1.0887E-05,  1.0887E-05,  1.0887E-05,  1.0887E-05,  1.0887E-05,  1.0887E-05,  1.0887E-05,  1.0887E-05,  3.2699E-01,  2.8243E-01,  2.7346E-04,  4.0087E-05,  4.3422E-04,  2.8840E-03,  5.1636E-03,  3.5712E-02,  3.6581E-05,  6.1113E-03,  7.9920E-05,  5.5448E-04,  9.5257E-05,  3.4361E-04,  6.4823E-06,  3.8769E-05,  3.2489E-06,  5.4189E-05,  8.4629E-06,  5.7892E-05,  9.1463E-06,  3.5449E-05,  2.6829E-05,  4.6472E-05,  3.4320E-05,  2.1965E-04,  4.6123E-07,  8.7155E-06,  9.0295E-11,  9.0295E-11,  9.0295E-11,  9.0295E-11,  9.0295E-11,  9.0295E-11,  9.0295E-11,  9.0295E-11,  9.0295E-11,  9.0295E-11,  9.0295E-11,  9.0295E-11,  9.0295E-11,  9.0295E-11,  9.0295E-11,  9.0295E-11,  9.0295E-11,  9.0295E-11,  9.0295E-11,  9.0295E-11,  9.0295E-11,  9.0295E-11,  9.0295E-11,  9.0295E-11,  9.0295E-11,  9.0295E-11,  9.0295E-11,  9.0295E-11,  9.0295E-11,  9.0295E-11,  9.0295E-11,  9.0295E-11,  9.0295E-11,  9.0295E-11,  9.0295E-11,  9.0295E-11,  9.0295E-11,  9.0295E-11,  9.0295E-11,  9.0295E-11,  9.0295E-11,  9.0295E-11,  9.0295E-11,  9.0295E-11,  9.0295E-11,  9.0295E-11,  9.0295E-11,  9.0295E-11,  9.0295E-11,  9.0295E-11,  9.0295E-11,  9.0295E-11,  9.0295E-11,  9.0295E-11,  9.0295E-11,  9.0295E-11,  9.0295E-11,  9.0295E-11,  9.0295E-11,  9.0295E-11,  9.0295E-11,  9.0295E-11,  9.0295E-11,  9.0295E-11
  1.2000E+01,  3.4131E+03,  3.2567E+02,  1.2865E+00,  7.3510E-01,  2.5053E+00,  8.5465E+00,  2.3408E+00,  8.3670E+00,  1.8711E-01,  1.3474E+00,  2.7617E-01,  1.7219E+00,  3.0629E-01,  1.2338E+00,  5.3874E-02,  2.3694E-01,  5.3381E-02,  1.0801E-01,  8.7798E-02,  2.2544E-01,  4.1741E-02,  1.3976E-01,  7.1449E-02,  1.4431E-01,  9.1685E-02,  9.1905E-01,  5.6848E-03,  4.4904E-02,  1.0886E-05,  1.0886E-05,  1.0886E-05,  1.0886E-05,  1.0886E-05,  1.0886E-05,  1.0886E-05,  1.0886E-05,  1.0886E-05,  1.0886E-05,  1.0886E-05,  1.0886E-05,  1.0886E-05,  1.0886E-05,  1.0886E-05,  1.0886E-05,  1.0886E-05,  1.0886E-05,  1.0886E-05,  1.0886E-05,  1.0886E-05,  1.0886E-05,  1.0886E-05,  1.0887E-05,  1.0887E-05,  1.0887E-05,  1.0887E-05,  1.0887E-05,  1.0887E-05,  1.0887E-05,  1.0886E-05,  1.0887E-05,  1.0886E-05,  1.0887E-05,  1.0887E-05,  1.0887E-05,  1.0887E-05,  1.0887E-05,  1.0887E-05,  1.0887E-05,  1.0887E-05,  1.0887E-05,  1.0887E-05,  1.0887E-05,  1.0887E-05,  1.0887E-05,  1.0887E-05,  1.0887E-05,  1.0887E-05,  1.0887E-05,  1.0887E-05,  1.0887E-05,  1.0887E-05,  1.0887E-05,  1.0887E-05,  1.0887E-05,  1.0887E-05,  1.0887E-05,  1.0887E-05,  1.0887E-05,  1.0887E-05,  1.0887E-05,  1.0887E-05,  1.0887E-05,  3.0449E-01,  2.8479E-01,  2.6556E-04,  4.0414E-05,  4.2415E-04,  2.7586E-03,  4.8284E-03,  3.2258E-02,  3.5549E-05,  4.8218E-03,  7.6654E-05,  5.2854E-04,  9.1095E-05,  3.2809E-04,  6.3712E-06,  3.7574E-05,  3.2516E-06,  4.4389E-05,  8.3853E-06,  5.5509E-05,  8.8566E-06,  3.4272E-05,  2.5679E-05,  4.4543E-05,  3.2708E-05,  2.1097E-04,  4.5763E-07,  8.3987E-06,  9.0295E-11,  9.0295E-11,  9.0295E-11,  9.0295E-11,  9.0295E-11,  9.0295E-11,  9.0295E-11,  9.0295E-11,  9.0295E-11,  9.0295E-11,  9.0295E-11,  9.0295E-11,  9.0295E-11,  9.0295E-11,  9.0295E-11,  9.0295E-11,  9.0295E-11,  9.0295E-11,  9.0295E-11,  9.0295E-11,  9.0295E-11,  9.0295E-11,  9.0295E-11,  9.0295E-11,  9.0295E-11,  9.0295E-11,  9.0295E-11,  9.0295E-11,  9.0295E-11,  9.0295E-11,  9.0295E-11,  9.0295E-11,  9.0295E-11,  9.0295E-11,  9.0295E-11,  9.0295E-11,  9.0295E-11,  9.0295E-11,  9.0295E-11,  9.0295E-11,  9.0295E-11,  9.0295E-11,  9.0295E-11,  9.0295E-11,  9.0295E-11,  9.0295E-11,  9.0295E-11,  9.0295E-11,  9.0295E-11,  9.0295E-11,  9.0295E-11,  9.0295E-11,  9.0295E-11,  9.0295E-11,  9.0295E-11,  9.0295E-11,  9.0295E-11,  9.0295E-11,  9.0295E-11,  9.0295E-11,  9.0295E-11,  9.0295E-11,  9.0295E-11,  9.0295E-11
  1.4000E+01,  3.4125E+03,  3.2509E+02,  1.2860E+00,  7.3502E-01,  2.5045E+00,  8.5411E+00,  2.3319E+00,  8.3094E+00,  1.8704E-01,  1.3395E+00,  2.7602E-01,  1.7209E+00,  3.0611E-01,  1.2332E+00,  5.3861E-02,  2.3687E-01,  5.3374E-02,  1.0793E-01,  8.7781E-02,  2.2533E-01,  4.1723E-02,  1.3969E-01,  7.1398E-02,  1.4422E-01,  9.1621E-02,  9.1863E-01,  5.6838E-03,  4.4887E-02,  1.0886E-05,  1.0886E-05,  1.0886E-05,  1.0886E-05,  1.0886E-05,  1.0886E-05,  1.0886E-05,  1.0886E-05,  1.0886E-05,  1.0886E-05,  1.0886E-05,  1.0886E-05,  1.0886E-05,  1.0886E-05,  1.0886E-05,  1.0886E-05,  1.0886E-05,  1.0886E-05,  1.0886E-05,  1.0886E-05,  1.0886E-05,  1.0886E-05,  1.0886E-05,  1.0886E-05,  1.0886E-05,  1.0886E-05,  1.0886E-05,  1.0886E-05,  1.0886E-05,  1.0886E-05,  1.0886E-05,  1.0886E-05,  1.0886E-05,  1.0886E-05,  1.0886E-05,  1.0887E-05,  1.0886E-05,  1.0887E-05,  1.0887E-05,  1.0887E-05,  1.0886E-05,  1.0887E-05,  1.0887E-05,  1.0887E-05,  1.0887E-05,  1.0887E-05,  1.0887E-05,  1.0887E-05,  1.0887E-05,  1.0887E-05,  1.0887E-05,  1.0887E-05,  1.0887E-05,  1.0887E-05,  1.0887E-05,  1.0887E-05,  1.0887E-05,  1.0887E-05,  1.0887E-05,  1.0887E-05,  1.0887E-05,  1.0887E-05,  1.0887E-05,  1.0887E-05,  2.8490E-01,  2.9083E-01,  2.6144E-04,  4.2531E-05,  4.2262E-04,  2.6160E-03,  4.0840E-03,  2.5430E-02,  3.5119E-05,  3.0912E-03,  7.4016E-05,  5.0219E-04,  8.7289E-05,  3.1275E-04,  6.4087E-06,  3.6773E-05,  3.3849E-06,  3.1586E-05,  8.5271E-06,  5.3304E-05,  8.6911E-06,  3.3523E-05,  2.4669E-05,  4.2918E-05,  3.1187E-05,  2.0406E-04,  4.6862E-07,  8.1772E-06,  9.0295E-11,  9.0295E-11,  9.0295E-11,  9.0295E-11,  9.0295E-11,  9.0295E-11,  9.0295E-11,  9.0295E-11,  9.0295E-11,  9.0295E-11,  9.0295E-11,  9.0295E-11,  9.0295E-11,  9.0295E-11,  9.0295E-11,  9.0295E-11,  9.0295E-11,  9.0295E-11,  9.0295E-11,  9.0295E-11,  9.0295E-11,  9.0295E-11,  9.0295E-11,  9.0295E-11,  9.0295E-11,  9.0295E-11,  9.0295E-11,  9.0295E-11,  9.0295E-11,  9.0295E-11,  9.0295E-11,  9.0295E-11,  9.0295E-11,  9.0295E-11,  9.0295E-11,  9.0295E-11,  9.0295E-11,  9.0295E-11,  9.0295E-11,  9.0295E-11,  9.0295E-11,  9.0295E-11,  9.0295E-11,  9.0295E-11,  9.0295E-11,  9.0295E-11,  9.0295E-11,  9.0295E-11,  9.0295E-11,  9.0295E-11,  9.0295E-11,  9.0295E-11,  9.0295E-11,  9.0295E-11,  9.0295E-11,  9.0295E-11,  9.0295E-11,  9.0295E-11,  9.0295E-11,  9.0295E-11,  9.0295E-11,  9.0295E-11,  9.0295E-11,  9.0295E-11
  1.6000E+01,  3.4119E+03,  3.2451E+02,  1.2855E+00,  7.3493E-01,  2.5036E+00,  8.5359E+00,  2.3245E+00,  8.2644E+00,  1.8697E-01,  1.3343E+00,  2.7587E-01,  1.7199E+00,  3.0594E-01,  1.2326E+00,  5.3848E-02,  2.3679E-01,  5.3367E-02,  1.0787E-01,  8.7764E-02,  2.2522E-01,  4.1706E-02,  1.3962E-01,  7.1349E-02,  1.4414E-01,  9.1558E-02,  9.1822E-01,  5.6829E-03,  4.4871E-02,  1.0885E-05,  1.0885E-05,  1.0886E-05,  1.0886E-05,  1.0886E-05,  1.0886E-05,  1.0886E-05,  1.0886E-05,  1.0886E-05,  1.0886E-05,  1.0886E-05,  1.0886E-05,  1.0886E-05,  1.0886E-05,  1.0886E-05,  1.0886E-05,  1.0886E-05,  1.0886E-05,  1.0886E-05,  1.0886E-05,  1.0886E-05,  1.0886E-05,  1.0886E-05,  1.0886E-05,  1.0886E-05,  1.0886E-05,  1.0886E-05,  1.0886E-05,  1.0886E-05,  1.0886E-05,  1.0886E-05,  1.0886E-05,  1.0886E-05,  1.0886E-05,  1.0886E-05,  1.0886E-05,  1.0886E-05,  1.0886E-05,  1.0886E-05,  1.0886E-05,  1.0886E-05,  1.0886E-05,  1.0886E-05,  1.0886E-05,  1.0886E-05,  1.0886E-05,  1.0886E-05,  1.0886E-05,  1.0886E-05,  1.0886E-05,  1.0886E-05,  1.0886E-05,  1.0886E-05,  1.0886E-05,  1.0886E-05,  1.0886E-05,  1.0886E-05,  1.0887E-05,  1.0887E-05,  1.0887E-05,  1.0887E-05,  1.0887E-05,  1.0887E-05,  1.0887E-05,  2.8431E-01,  2.9671E-01,  2.6718E-04,  4.6065E-05,  4.3710E-04,  2.5758E-03,  3.3479E-03,  1.9494E-02,  3.6080E-05,  2.1528E-03,  7.4578E-05,  4.9948E-04,  8.7393E-05,  3.1207E-04,  6.6914E-06,  3.7536E-05,  3.6395E-06,  2.3969E-05,  8.9892E-06,  5.3524E-05,  8.8739E-06,  3.4119E-05,  2.4706E-05,  4.3122E-05,  3.1043E-05,  2.0579E-04,  4.9617E-07,  8.2987E-06,  9.0295E-11,  9.0295E-11,  9.0295E-11,  9.0295E-11,  9.0295E-11,  9.0295E-11,  9.0295E-11,  9.0295E-11,  9.0295E-11,  9.0295E-11,  9.0295E-11,  9.0295E-11,  9.0295E-11,  9.0295E-11,  9.0295E-11,  9.0295E-11,  9.0295E-11,  9.0295E-11,  9.0295E-11,  9.0295E-11,  9.0295E-11,  9.0295E-11,  9.0295E-11,  9.0295E-11,  9.0295E-11,  9.0295E-11,  9.0295E-11,  9.0295E-11,  9.0295E-11,  9.0295E-11,  9.0295E-11,  9.0295E-11,  9.0295E-11,  9.0295E-11,  9.0295E-11,  9.0295E-11,  9.0295E-11,  9.0295E-11,  9.0295E-11,  9.0295E-11,  9.0295E-11,  9.0295E-11,  9.0295E-11,  9.0295E-11,  9.0295E-11,  9.0295E-11,  9.0295E-11,  9.0295E-11,  9.0295E-11,  9.0295E-11,  9.0295E-11,  9.0296E-11,  9.0296E-11,  9.0296E-11,  9.0296E-11,  9.0295E-11,  9.0295E-11,  9.0299E-11,  9.0297E-11,  9.0298E-11,  9.0297E-11,  9.0299E-11,  9.0296E-11,  9.0299E-11
  1.8000E+01,  3.4113E+03,  3.2391E+02,  1.2849E+00,  7.3483E-01,  2.5027E+00,  8.5307E+00,  2.3184E+00,  8.2301E+00,  1.8689E-01,  1.3305E+00,  2.7572E-01,  1.7189E+00,  3.0576E-01,  1.2319E+00,  5.3834E-02,  2.3672E-01,  5.3360E-02,  1.0783E-01,  8.7745E-02,  2.2511E-01,  4.1687E-02,  1.3955E-01,  7.1299E-02,  1.4405E-01,  9.1496E-02,  9.1780E-01,  5.6818E-03,  4.4854E-02,  1.0885E-05,  1.0885E-05,  1.0886E-05,  1.0886E-05,  1.0886E-05,  1.0886E-05,  1.0886E-05,  1.0886E-05,  1.0886E-05,  1.0886E-05,  1.0886E-05,  1.0886E-05,  1.0886E-05,  1.0886E-05,  1.0886E-05,  1.0886E-05,  1.0886E-05,  1.0886E-05,  1.0886E-05,  1.0886E-05,  1.0886E-05,  1.0886E-05,  1.0886E-05,  1.0886E-05,  1.0886E-05,  1.0886E-05,  1.0886E-05,  1.0886E-05,  1.0886E-05,  1.0886E-05,  1.0886E-05,  1.0886E-05,  1.0886E-05,  1.0886E-05,  1.0886E-05,  1.0886E-05,  1.0886E-05,  1.0886E-05,  1.0886E-05,  1.0886E-05,  1.0886E-05,  1.0886E-05,  1.0886E-05,  1.0886E-05,  1.0886E-05,  1.0886E-05,  1.0886E-05,  1.0886E-05,  1.0886E-05,  1.0886E-05,  1.0886E-05,  1.0886E-05,  1.0886E-05,  1.0886E-05,  1.0886E-05,  1.0886E-05,  1.0886E-05,  1.0886E-05,  1.0886E-05,  1.0886E-05,  1.0886E-05,  1.0886E-05,  1.0886E-05,  1.0886E-05,  2.9427E-01,  3.0080E-01,  2.7897E-04,  5.0641E-05,  4.6179E-04,  2.5978E-03,  2.7013E-03,  1.4853E-02,  3.7911E-05,  1.6450E-03,  7.7052E-05,  5.1058E-04,  8.9802E-05,  3.1999E-04,  7.1351E-06,  3.9265E-05,  3.9814E-06,  1.9489E-05,  9.6678E-06,  5.5187E-05,  9.2712E-06,  3.5533E-05,  2.5360E-05,  4.4409E-05,  3.1700E-05,  2.1268E-04,  5.3502E-07,  8.6285E-06,  9.0295E-11,  9.0295E-11,  9.0295E-11,  9.0295E-11,  9.0295E-11,  9.0295E-11,  9.0295E-11,  9.0295E-11,  9.0295E-11,  9.0295E-11,  9.0295E-11,  9.0295E-11,  9.0295E-11,  9.0295E-11,  9.0295E-11,  9.0295E-11,  9.0295E-11,  9.0295E-11,  9.0295E-11,  9.0295E-11,  9.0295E-11,  9.0296E-11,  9.0296E-11,  9.0302E-11,  9.0296E-11,  9.0299E-11,  9.0298E-11,  9.0301E-11,  9.0299E-11,  9.0297E-11,  9.0296E-11,  9.0297E-11,  9.0296E-11,  9.0298E-11,  9.0297E-11,  9.0302E-11,  9.0300E-11,  9.0303E-11,  9.0303E-11,  9.0303E-11,  9.0301E-11,  9.0305E-11,  9.0303E-11,  9.0306E-11,  9.0306E-11,  9.0308E-11,  9.0307E-11,  9.0312E-11,  9.0310E-11,  9.0312E-11,  9.0310E-11,  9.0313E-11,  9.0319E-11,  9.0320E-11,  9.0317E-11,  9.0308E-11,  9.0304E-11,  9.0343E-11,  9.0334E-11,  9.0336E-11,  9.0329E-11,  9.0341E-11,  9.0324E-11,  9.0346E-11
  2.0000E+01,  3.4107E+03,  3.2331E+02,  1.2844E+00,  7.3472E-01,  2.5018E+00,  8.5255E+00,  2.3136E+00,  8.2037E+00,  1.8682E-01,  1.3275E+00,  2.7556E-01,  1.7179E+00,  3.0558E-01,  1.2313E+00,  5.3820E-02,  2.3664E-01,  5.3351E-02,  1.0779E-01,  8.7725E-02,  2.2500E-01,  4.1668E-02,  1.3948E-01,  7.1247E-02,  1.4396E-01,  9.1431E-02,  9.1737E-01,  5.6807E-03,  4.4836E-02,  1.0885E-05,  1.0885E-05,  1.0885E-05,  1.0885E-05,  1.0885E-05,  1.0886E-05,  1.0885E-05,  1.0886E-05,  1.0886E-05,  1.0886E-05,  1.0885E-05,  1.0885E-05,  1.0885E-05,  1.0885E-05,  1.0885E-05,  1.0885E-05,  1.0885E-05,  1.0886E-05,  1.0885E-05,  1.0886E-05,  1.0886E-05,  1.0886E-05,  1.0886E-05,  1.0886E-05,  1.0886E-05,  1.0886E-05,  1.0886E-05,  1.0886E-05,  1.0886E-05,  1.0886E-05,  1.0886E-05,  1.0886E-05,  1.0886E-05,  1.0886E-05,  1.0886E-05,  1.0886E-05,  1.0886E-05,  1.0886E-05,  1.0886E-05,  1.0886E-05,  1.0886E-05,  1.0886E-05,  1.0886E-05,  1.0886E-05,  1.0886E-05,  1.0886E-05,  1.0886E-05,  1.0886E-05,  1.0886E-05,  1.0886E-05,  1.0886E-05,  1.0886E-05,  1.0886E-05,  1.0886E-05,  1.0886E-05,  1.0886E-05,  1.0886E-05,  1.0886E-05,  1.0886E-05,  1.0886E-05,  1.0886E-05,  1.0886E-05,  1.0886E-05,  1.0886E-05,  3.1291E-01,  3.0260E-01,  2.9471E-04,  5.6025E-05,  4.9339E-04,  2.6619E-03,  2.1812E-03,  1.1503E-02,  4.0323E-05,  1.3479E-03,  8.0745E-05,  5.3027E-04,  9.3659E-05,  3.3332E-04,  7.6918E-06,  4.1633E-05,  4.3901E-06,  1.6946E-05,  1.0503E-05,  5.7768E-05,  9.8087E-06,  3.7478E-05,  2.6400E-05,  4.6380E-05,  3.2853E-05,  2.2286E-04,  5.8210E-07,  9.0938E-06,  9.0295E-11,  9.0295E-11,  9.0296E-11,  9.0296E-11,  9.0296E-11,  9.0301E-11,  9.0297E-11,  9.0302E-11,  9.0299E-11,  9.0299E-11,  9.0297E-11,  9.0297E-11,  9.0296E-11,  9.0297E-11,  9.0296E-11,  9.0298E-11,  9.0297E-11,  9.0300E-11,  9.0298E-11,  9.0304E-11,  9.0305E-11,  9.0312E-11,  9.0317E-11,  9.0346E-11,  9.0319E-11,  9.0335E-11,  9.0328E-11,  9.0345E-11,  9.0337E-11,  9.0328E-11,  9.0317E-11,  9.0323E-11,  9.0313E-11,  9.0332E-11,  9.0326E-11,  9.0348E-11,  9.0341E-11,  9.0351E-11,  9.0350E-11,  9.0350E-11,  9.0343E-11,  9.0356E-11,  9.0352E-11,  9.0360E-11,  9.0360E-11,  9.0364E-11,  9.0363E-11,  9.0375E-11,  9.0371E-11,  9.0374E-11,  9.0369E-11,  9.0378E-11,  9.0389E-11,  9.0392E-11,  9.0386E-11,  9.0366E-11,  9.0355E-11,  9.0434E-11,  9.0419E-11,  9.0423E-11,  9.0409E-11,  9.0431E-11,  9.0400E-11,  9.0439E-11
  2.2000E+01,  3.4101E+03,  3.2270E+02,  1.2838E+00,  7.3461E-01,  2.5007E+00,  8.5201E+00,  2.3096E+00,  8.1830E+00,  1.8673E-01,  1.3250E+00,  2.7540E-01,  1.7168E+00,  3.0538E-01,  1.2306E+00,  5.3804E-02,  2.3655E-01,  5.3342E-02,  1.0776E-01,  8.7703E-02,  2.2488E-01,  4.1648E-02,  1.3940E-01,  7.1193E-02,  1.4386E-01,  9.1364E-02,  9.1691E-01,  5.6795E-03,  4.4818E-02,  1.0885E-05,  1.0885E-05,  1.0885E-05,  1.0885E-05,  1.0885E-05,  1.0885E-05,  1.0885E-05,  1.0885E-05,  1.0885E-05,  1.0885E-05,  1.0885E-05,  1.0885E-05,  1.0885E-05,  1.0885E-05,  1.0885E-05,  1.0885E-05,  1.0885E-05,  1.0885E-05,  1.0885E-05,  1.0885E-05,  1.0885E-05,  1.0886E-05,  1.0886E-05,  1.0886E-05,  1.0886E-05,  1.0886E-05,  1.0886E-05,  1.0886E-05,  1.0886E-05,  1.0886E-05,  1.0886E-05,  1.0886E-05,  1.0886E-05,  1.0886E-05,  1.0886E-05,  1.0886E-05,  1.0886E-05,  1.0886E-05,  1.0886E-05,  1.0886E-05,  1.0886E-05,  1.0886E-05,  1.0886E-05,  1.0886E-05,  1.0886E-05,  1.0886E-05,  1.0886E-05,  1.0886E-05,  1.0886E-05,  1.0886E-05,  1.0886E-05,  1.0886E-05,  1.0886E-05,  1.0886E-05,  1.0886E-05,  1.0886E-05,  1.0886E-05,  1.0886E-05,  1.0886E-05,  1.0886E-05,  1.0886E-05,  1.0886E-05,  1.0886E-05,  1.0886E-05,  3.3410E-01,  3.0212E-01,  3.1316E-04,  6.2066E-05,  5.2982E-04,  2.7559E-03,  1.7911E-03,  9.2255E-03,  4.3135E-05,  1.1553E-03,  8.5236E-05,  5.5547E-04,  9.8459E-05,  3.5015E-04,  8.3305E-06,  4.4442E-05,  4.8521E-06,  1.5597E-05,  1.1455E-05,  6.0952E-05,  1.0442E-05,  3.9777E-05,  2.7688E-05,  4.8792E-05,  3.4318E-05,  2.3520E-04,  6.3536E-07,  9.6486E-06,  9.0298E-11,  9.0297E-11,  9.0308E-11,  9.0314E-11,  9.0315E-11,  9.0338E-11,  9.0320E-11,  9.0340E-11,  9.0332E-11,  9.0329E-11,  9.0318E-11,  9.0318E-11,  9.0313E-11,  9.0320E-11,  9.0310E-11,  9.0325E-11,  9.0321E-11,  9.0333E-11,  9.0325E-11,  9.0348E-11,  9.0349E-11,  9.0368E-11,  9.0378E-11,  9.0429E-11,  9.0382E-11,  9.0410E-11,  9.0398E-11,  9.0427E-11,  9.0415E-11,  9.0398E-11,  9.0377E-11,  9.0388E-11,  9.0370E-11,  9.0406E-11,  9.0395E-11,  9.0432E-11,  9.0421E-11,  9.0436E-11,  9.0435E-11,  9.0434E-11,  9.0424E-11,  9.0444E-11,  9.0438E-11,  9.0451E-11,  9.0450E-11,  9.0456E-11,  9.0454E-11,  9.0472E-11,  9.0466E-11,  9.0471E-11,  9.0464E-11,  9.0477E-11,  9.0492E-11,  9.0496E-11,  9.0487E-11,  9.0459E-11,  9.0443E-11,  9.0551E-11,  9.0532E-11,  9.0537E-11,  9.0519E-11,  9.0547E-11,  9.0507E-11,  9.0557E-11
  2.5000E+01,  3.4090E+03,  3.2180E+02,  1.2828E+00,  7.3440E-01,  2.4991E+00,  8.5115E+00,  2.3048E+00,  8.1584E+00,  1.8660E-01,  1.3218E+00,  2.7513E-01,  1.7150E+00,  3.0508E-01,  1.2295E+00,  5.3777E-02,  2.3641E-01,  5.3326E-02,  1.0772E-01,  8.7666E-02,  2.2469E-01,  4.1615E-02,  1.3928E-01,  7.1107E-02,  1.4371E-01,  9.1257E-02,  9.1617E-01,  5.6775E-03,  4.4787E-02,  1.0885E-05,  1.0885E-05,  1.0885E-05,  1.0885E-05,  1.0885E-05,  1.0885E-05,  1.0885E-05,  1.0885E-05,  1.0885E-05,  1.0885E-05,  1.0885E-05,  1.0885E-05,  1.0885E-05,  1.0885E-05,  1.0885E-05,  1.0885E-05,  1.0885E-05,  1.0885E-05,  1.0885E-05,  1.0885E-05,  1.0885E-05,  1.0885E-05,  1.0885E-05,  1.0885E-05,  1.0885E-05,  1.0885E-05,  1.0885E-05,  1.0885E-05,  1.0885E-05,  1.0885E-05,  1.0885E-05,  1.0885E-05,  1.0885E-05,  1.0885E-05,  1.0885E-05,  1.0886E-05,  1.0885E-05,  1.0886E-05,  1.0886E-05,  1.0886E-05,  1.0885E-05,  1.0886E-05,  1.0886E-05,  1.0886E-05,  1.0886E-05,  1.0886E-05,  1.0886E-05,  1.0886E-05,  1.0886E-05,  1.0886E-05,  1.0886E-05,  1.0886E-05,  1.0886E-05,  1.0886E-05,  1.0886E-05,  1.0886E-05,  1.0886E-05,  1.0886E-05,  1.0886E-05,  1.0886E-05,  1.0886E-05,  1.0886E-05,  1.0886E-05,  1.0886E-05,  3.7163E-01,  2.9770E-01,  3.4408E-04,  7.2113E-05,  5.9062E-04,  2.9361E-03,  1.4125E-03,  7.2063E-03,  4.7847E-05,  9.6908E-04,  9.2893E-05,  5.9944E-04,  1.0672E-04,  3.7937E-04,  9.3964E-06,  4.9191E-05,  5.6225E-06,  1.4905E-05,  1.3044E-05,  6.6425E-05,  1.1506E-05,  4.3654E-05,  2.9903E-05,  5.2922E-05,  3.6874E-05,  2.5621E-04,  7.2391E-07,  1.0589E-05,  9.0345E-11,  9.0339E-11,  9.0385E-11,  9.0401E-11,  9.0402E-11,  9.0451E-11,  9.0413E-11,  9.0455E-11,  9.0439E-11,  9.0433E-11,  9.0411E-11,  9.0411E-11,  9.0399E-11,  9.0414E-11,  9.0391E-11,  9.0424E-11,  9.0417E-11,  9.0441E-11,  9.0425E-11,  9.0468E-11,  9.0469E-11,  9.0501E-11,  9.0517E-11,  9.0591E-11,  9.0523E-11,  9.0565E-11,  9.0547E-11,  9.0588E-11,  9.0571E-11,  9.0546E-11,  9.0516E-11,  9.0533E-11,  9.0505E-11,  9.0558E-11,  9.0543E-11,  9.0596E-11,  9.0580E-11,  9.0601E-11,  9.0600E-11,  9.0599E-11,  9.0584E-11,  9.0612E-11,  9.0604E-11,  9.0622E-11,  9.0620E-11,  9.0629E-11,  9.0626E-11,  9.0651E-11,  9.0643E-11,  9.0649E-11,  9.0640E-11,  9.0657E-11,  9.0678E-11,  9.0682E-11,  9.0671E-11,  9.0633E-11,  9.0611E-11,  9.0757E-11,  9.0731E-11,  9.0738E-11,  9.0714E-11,  9.0752E-11,  9.0698E-11,  9.0765E-11
  2.8000E+01,  3.4079E+03,  3.2092E+02,  1.2817E+00,  7.3417E-01,  2.4972E+00,  8.5024E+00,  2.3008E+00,  8.1383E+00,  1.8644E-01,  1.3190E+00,  2.7484E-01,  1.7132E+00,  3.0474E-01,  1.2283E+00,  5.3747E-02,  2.3625E-01,  5.3308E-02,  1.0767E-01,  8.7625E-02,  2.2448E-01,  4.1579E-02,  1.3914E-01,  7.1013E-02,  1.4354E-01,  9.1142E-02,  9.1537E-01,  5.6752E-03,  4.4754E-02,  1.0884E-05,  1.0884E-05,  1.0885E-05,  1.0885E-05,  1.0885E-05,  1.0885E-05,  1.0885E-05,  1.0885E-05,  1.0885E-05,  1.0885E-05,  1.0885E-05,  1.0885E-05,  1.0885E-05,  1.0885E-05,  1.0885E-05,  1.0885E-05,  1.0885E-05,  1.0885E-05,  1.0885E-05,  1.0885E-05,  1.0885E-05,  1.0885E-05,  1.0885E-05,  1.0885E-05,  1.0885E-05,  1.0885E-05,  1.0885E-05,  1.0885E-05,  1.0885E-05,  1.0885E-05,  1.0885E-05,  1.0885E-05,  1.0885E-05,  1.0885E-05,  1.0885E-05,  1.0885E-05,  1.0885E-05,  1.0885E-05,  1.0885E-05,  1.0885E-05,  1.0885E-05,  1.0885E-05,  1.0885E-05,  1.0885E-05,  1.0885E-05,  1.0885E-05,  1.0885E-05,  1.0885E-05,  1.0885E-05,  1.0885E-05,  1.0885E-05,  1.0885E-05,  1.0885E-05,  1.0885E-05,  1.0885E-05,  1.0885E-05,  1.0885E-05,  1.0886E-05,  1.0886E-05,  1.0886E-05,  1.0885E-05,  1.0886E-05,  1.0885E-05,  1.0886E-05,  4.1378E-01,  2.9008E-01,  3.7746E-04,  8.3125E-05,  6.5611E-04,  3.1465E-03,  1.2112E-03,  6.1761E-03,  5.2929E-05,  8.5859E-04,  1.0118E-04,  6.4738E-04,  1.1569E-04,  4.1117E-04,  1.0550E-05,  5.4331E-05,  6.4645E-06,  1.5159E-05,  1.4768E-05,  7.2363E-05,  1.2653E-05,  4.7828E-05,  3.2303E-05,  5.7388E-05,  3.9650E-05,  2.7895E-04,  8.1983E-07,  1.1606E-05,  9.0446E-11,  9.0437E-11,  9.0509E-11,  9.0532E-11,  9.0534E-11,  9.0599E-11,  9.0549E-11,  9.0605E-11,  9.0583E-11,  9.0576E-11,  9.0545E-11,  9.0546E-11,  9.0529E-11,  9.0550E-11,  9.0518E-11,  9.0564E-11,  9.0554E-11,  9.0586E-11,  9.0565E-11,  9.0623E-11,  9.0624E-11,  9.0666E-11,  9.0686E-11,  9.0782E-11,  9.0695E-11,  9.0748E-11,  9.0726E-11,  9.0779E-11,  9.0756E-11,  9.0725E-11,  9.0686E-11,  9.0707E-11,  9.0670E-11,  9.0740E-11,  9.0721E-11,  9.0788E-11,  9.0768E-11,  9.0794E-11,  9.0793E-11,  9.0791E-11,  9.0773E-11,  9.0809E-11,  9.0798E-11,  9.0821E-11,  9.0819E-11,  9.0830E-11,  9.0826E-11,  9.0857E-11,  9.0847E-11,  9.0855E-11,  9.0843E-11,  9.0865E-11,  9.0890E-11,  9.0895E-11,  9.0881E-11,  9.0834E-11,  9.0807E-11,  9.0982E-11,  9.0953E-11,  9.0960E-11,  9.0932E-11,  9.0976E-11,  9.0913E-11,  9.0990E-11
  3.2000E+01,  3.4061E+03,  3.1978E+02,  1.2801E+00,  7.3381E-01,  2.4944E+00,  8.4892E+00,  2.2962E+00,  8.1149E+00,  1.8622E-01,  1.3158E+00,  2.7441E-01,  1.7104E+00,  3.0426E-01,  1.2266E+00,  5.3702E-02,  2.3602E-01,  5.3280E-02,  1.0761E-01,  8.7561E-02,  2.2417E-01,  4.1525E-02,  1.3894E-01,  7.0877E-02,  1.4330E-01,  9.0976E-02,  9.1419E-01,  5.6716E-03,  4.4705E-02,  1.0884E-05,  1.0884E-05,  1.0884E-05,  1.0884E-05,  1.0884E-05,  1.0884E-05,  1.0884E-05,  1.0884E-05,  1.0884E-05,  1.0884E-05,  1.0884E-05,  1.0884E-05,  1.0884E-05,  1.0884E-05,  1.0884E-05,  1.0884E-05,  1.0884E-05,  1.0884E-05,  1.0884E-05,  1.0885E-05,  1.0885E-05,  1.0885E-05,  1.0885E-05,  1.0885E-05,  1.0885E-05,  1.0885E-05,  1.0885E-05,  1.0885E-05,  1.0885E-05,  1.0885E-05,  1.0885E-05,  1.0885E-05,  1.0885E-05,  1.0885E-05,  1.0885E-05,  1.0885E-05,  1.0885E-05,  1.0885E-05,  1.0885E-05,  1.0885E-05,  1.0885E-05,  1.0885E-05,  1.0885E-05,  1.0885E-05,  1.0885E-05,  1.0885E-05,  1.0885E-05,  1.0885E-05,  1.0885E-05,  1.0885E-05,  1.0885E-05,  1.0885E-05,  1.0885E-05,  1.0885E-05,  1.0885E-05,  1.0885E-05,  1.0885E-05,  1.0885E-05,  1.0885E-05,  1.0885E-05,  1.0885E-05,  1.0885E-05,  1.0885E-05,  1.0885E-05,  4.7417E-01,  2.7752E-01,  4.2267E-04,  9.8653E-05,  7.4736E-04,  3.4516E-03,  1.0981E-03,  5.5193E-03,  6.0012E-05,  7.8396E-04,  1.1268E-04,  7.1348E-04,  1.2813E-04,  4.5511E-04,  1.2165E-05,  6.1478E-05,  7.6695E-06,  1.6315E-05,  1.7198E-05,  8.0573E-05,  1.4245E-05,  5.3597E-05,  3.5583E-05,  6.3547E-05,  4.3471E-05,  3.1042E-04,  9.5513E-07,  1.3021E-05,  9.0625E-11,  9.0612E-11,  9.0711E-11,  9.0743E-11,  9.0745E-11,  9.0832E-11,  9.0765E-11,  9.0839E-11,  9.0811E-11,  9.0802E-11,  9.0760E-11,  9.0761E-11,  9.0738E-11,  9.0766E-11,  9.0723E-11,  9.0786E-11,  9.0772E-11,  9.0815E-11,  9.0786E-11,  9.0862E-11,  9.0864E-11,  9.0917E-11,  9.0941E-11,  9.1054E-11,  9.0951E-11,  9.1015E-11,  9.0989E-11,  9.1050E-11,  9.1024E-11,  9.0987E-11,  9.0941E-11,  9.0967E-11,  9.0922E-11,  9.1005E-11,  9.0983E-11,  9.1060E-11,  9.1038E-11,  9.1068E-11,  9.1066E-11,  9.1065E-11,  9.1043E-11,  9.1084E-11,  9.1073E-11,  9.1098E-11,  9.1096E-11,  9.1108E-11,  9.1104E-11,  9.1139E-11,  9.1128E-11,  9.1137E-11,  9.1123E-11,  9.1148E-11,  9.1176E-11,  9.1182E-11,  9.1166E-11,  9.1114E-11,  9.1083E-11,  9.1280E-11,  9.1247E-11,  9.1256E-11,  9.1225E-11,  9.1274E-11,  9.1203E-11,  9.1290E-11
  3.5000E+01,  3.4046E+03,  3.1897E+02,  1.2788E+00,  7.3349E-01,  2.4920E+00,  8.4785E+00,  2.2930E+00,  8.0987E+00,  1.8603E-01,  1.3134E+00,  2.7406E-01,  1.7082E+00,  3.0386E-01,  1.2252E+00,  5.3663E-02,  2.3583E-01,  5.3256E-02,  1.0756E-01,  8.7506E-02,  2.2392E-01,  4.1481E-02,  1.3877E-01,  7.0767E-02,  1.4310E-01,  9.0842E-02,  9.1322E-01,  5.6686E-03,  4.4664E-02,  1.0884E-05,  1.0884E-05,  1.0884E-05,  1.0884E-05,  1.0884E-05,  1.0884E-05,  1.0884E-05,  1.0884E-05,  1.0884E-05,  1.0884E-05,  1.0884E-05,  1.0884E-05,  1.0884E-05,  1.0884E-05,  1.0884E-05,  1.0884E-05,  1.0884E-05,  1.0884E-05,  1.0884E-05,  1.0884E-05,  1.0884E-05,  1.0884E-05,  1.0884E-05,  1.0885E-05,  1.0884E-05,  1.0885E-05,  1.0884E-05,  1.0885E-05,  1.0885E-05,  1.0884E-05,  1.0884E-05,  1.0884E-05,  1.0884E-05,  1.0885E-05,  1.0884E-05,  1.0885E-05,  1.0885E-05,  1.0885E-05,  1.0885E-05,  1.0885E-05,  1.0885E-05,  1.0885E-05,  1.0885E-05,  1.0885E-05,  1.0885E-05,  1.0885E-05,  1.0885E-05,  1.0885E-05,  1.0885E-05,  1.0885E-05,  1.0885E-05,  1.0885E-05,  1.0885E-05,  1.0885E-05,  1.0885E-05,  1.0885E-05,  1.0885E-05,  1.0885E-05,  1.0885E-05,  1.0885E-05,  1.0885E-05,  1.0885E-05,  1.0885E-05,  1.0885E-05,  5.2112E-01,  2.6795E-01,  4.5631E-04,  1.1072E-04,  8.1582E-04,  3.6892E-03,  1.0730E-03,  5.2788E-03,  6.5313E-05,  7.6180E-04,  1.2118E-04,  7.6331E-04,  1.3731E-04,  4.8834E-04,  1.3411E-05,  6.6945E-05,  8.6045E-06,  1.7529E-05,  1.9084E-05,  8.6798E-05,  1.5429E-05,  5.7872E-05,  3.7987E-05,  6.8075E-05,  4.6260E-05,  3.3368E-04,  1.0586E-06,  1.4074E-05,  9.0780E-11,  9.0764E-11,  9.0882E-11,  9.0918E-11,  9.0919E-11,  9.1016E-11,  9.0943E-11,  9.1023E-11,  9.0993E-11,  9.0983E-11,  9.0937E-11,  9.0938E-11,  9.0913E-11,  9.0944E-11,  9.0895E-11,  9.0965E-11,  9.0950E-11,  9.0997E-11,  9.0966E-11,  9.1048E-11,  9.1051E-11,  9.1108E-11,  9.1134E-11,  9.1257E-11,  9.1145E-11,  9.1214E-11,  9.1186E-11,  9.1253E-11,  9.1224E-11,  9.1185E-11,  9.1134E-11,  9.1162E-11,  9.1113E-11,  9.1204E-11,  9.1179E-11,  9.1264E-11,  9.1239E-11,  9.1272E-11,  9.1271E-11,  9.1269E-11,  9.1245E-11,  9.1290E-11,  9.1277E-11,  9.1305E-11,  9.1303E-11,  9.1316E-11,  9.1311E-11,  9.1350E-11,  9.1337E-11,  9.1347E-11,  9.1332E-11,  9.1359E-11,  9.1390E-11,  9.1397E-11,  9.1380E-11,  9.1322E-11,  9.1288E-11,  9.1504E-11,  9.1468E-11,  9.1477E-11,  9.1443E-11,  9.1496E-11,  9.1419E-11,  9.1514E-11
  4.0000E+01,  3.4018E+03,  3.1766E+02,  1.2764E+00,  7.3289E-01,  2.4877E+00,  8.4591E+00,  2.2876E+00,  8.0728E+00,  1.8568E-01,  1.3096E+00,  2.7342E-01,  1.7042E+00,  3.0313E-01,  1.2226E+00,  5.3591E-02,  2.3547E-01,  5.3209E-02,  1.0746E-01,  8.7403E-02,  2.2346E-01,  4.1399E-02,  1.3846E-01,  7.0568E-02,  1.4275E-01,  9.0599E-02,  9.1146E-01,  5.6629E-03,  4.4589E-02,  1.0883E-05,  1.0883E-05,  1.0884E-05,  1.0884E-05,  1.0884E-05,  1.0884E-05,  1.0884E-05,  1.0884E-05,  1.0884E-05,  1.0884E-05,  1.0884E-05,  1.0884E-05,  1.0884E-05,  1.0884E-05,  1.0884E-05,  1.0884E-05,  1.0884E-05,  1.0884E-05,  1.0884E-05,  1.0884E-05,  1.0884E-05,  1.0884E-05,  1.0884E-05,  1.0884E-05,  1.0884E-05,  1.0884E-05,  1.0884E-05,  1.0884E-05,  1.0884E-05,  1.0884E-05,  1.0884E-05,  1.0884E-05,  1.0884E-05,  1.0884E-05,  1.0884E-05,  1.0884E-05,  1.0884E-05,  1.0884E-05,  1.0884E-05,  1.0884E-05,  1.0884E-05,  1.0884E-05,  1.0884E-05,  1.0884E-05,  1.0884E-05,  1.0884E-05,  1.0884E-05,  1.0884E-05,  1.0884E-05,  1.0884E-05,  1.0884E-05,  1.0884E-05,  1.0884E-05,  1.0884E-05,  1.0884E-05,  1.0884E-05,  1.0884E-05,  1.0884E-05,  1.0884E-05,  1.0884E-05,  1.0884E-05,  1.0884E-05,  1.0884E-05,  1.0884E-05,  6.0028E-01,  2.5369E-01,  5.1047E-04,  1.3120E-04,  9.2800E-04,  4.0725E-03,  1.0781E-03,  5.0983E-03,  7.3975E-05,  7.5792E-04,  1.3487E-04,  8.4209E-04,  1.5203E-04,  5.4115E-04,  1.5463E-05,  7.5817E-05,  1.0194E-05,  1.9908E-05,  2.2220E-05,  9.6746E-05,  1.7352E-05,  6.4772E-05,  4.1802E-05,  7.5309E-05,  5.0674E-05,  3.7110E-04,  1.2313E-06,  1.5784E-05,  9.1053E-11,  9.1034E-11,  9.1168E-11,  9.1209E-11,  9.1211E-11,  9.1320E-11,  9.1237E-11,  9.1329E-11,  9.1294E-11,  9.1283E-11,  9.1231E-11,  9.1232E-11,  9.1203E-11,  9.1238E-11,  9.1183E-11,  9.1263E-11,  9.1245E-11,  9.1299E-11,  9.1264E-11,  9.1357E-11,  9.1360E-11,  9.1425E-11,  9.1454E-11,  9.1593E-11,  9.1467E-11,  9.1546E-11,  9.1514E-11,  9.1589E-11,  9.1557E-11,  9.1512E-11,  9.1454E-11,  9.1486E-11,  9.1431E-11,  9.1534E-11,  9.1506E-11,  9.1602E-11,  9.1574E-11,  9.1611E-11,  9.1609E-11,  9.1607E-11,  9.1581E-11,  9.1631E-11,  9.1617E-11,  9.1647E-11,  9.1645E-11,  9.1660E-11,  9.1655E-11,  9.1697E-11,  9.1683E-11,  9.1694E-11,  9.1678E-11,  9.1708E-11,  9.1742E-11,  9.1749E-11,  9.1730E-11,  9.1666E-11,  9.1629E-11,  9.1865E-11,  9.1826E-11,  9.1837E-11,  9.1799E-11,  9.1857E-11,  9.1774E-11,  9.1877E-11
  4.5000E+01,  3.3986E+03,  3.1642E+02,  1.2737E+00,  7.3218E-01,  2.4828E+00,  8.4378E+00,  2.2821E+00,  8.0473E+00,  1.8529E-01,  1.3058E+00,  2.7271E-01,  1.6998E+00,  3.0234E-01,  1.2198E+00,  5.3509E-02,  2.3507E-01,  5.3154E-02,  1.0736E-01,  8.7284E-02,  2.2296E-01,  4.1307E-02,  1.3812E-01,  7.0350E-02,  1.4235E-01,  9.0336E-02,  9.0952E-01,  5.6563E-03,  4.4506E-02,  1.0883E-05,  1.0883E-05,  1.0883E-05,  1.0883E-05,  1.0883E-05,  1.0883E-05,  1.0883E-05,  1.0883E-05,  1.0883E-05,  1.0883E-05,  1.0883E-05,  1.0883E-05,  1.0883E-05,  1.0883E-05,  1.0883E-05,  1.0883E-05,  1.0883E-05,  1.0883E-05,  1.0883E-05,  1.0883E-05,  1.0883E-05,  1.0883E-05,  1.0883E-05,  1.0884E-05,  1.0884E-05,  1.0884E-05,  1.0884E-05,  1.0884E-05,  1.0884E-05,  1.0884E-05,  1.0883E-05,  1.0884E-05,  1.0883E-05,  1.0884E-05,  1.0884E-05,  1.0884E-05,  1.0884E-05,  1.0884E-05,  1.0884E-05,  1.0884E-05,  1.0884E-05,  1.0884E-05,  1.0884E-05,  1.0884E-05,  1.0884E-05,  1.0884E-05,  1.0884E-05,  1.0884E-05,  1.0884E-05,  1.0884E-05,  1.0884E-05,  1.0884E-05,  1.0884E-05,  1.0884E-05,  1.0884E-05,  1.0884E-05,  1.0884E-05,  1.0884E-05,  1.0884E-05,  1.0884E-05,  1.0884E-05,  1.0884E-05,  1.0884E-05,  1.0884E-05,  6.7855E-01,  2.4357E-01,  5.6126E-04,  1.5170E-04,  1.0353E-03,  4.4336E-03,  1.1113E-03,  5.0811E-03,  8.2230E-05,  7.7569E-04,  1.4766E-04,  9.1515E-04,  1.6571E-04,  5.9049E-04,  1.7461E-05,  8.4318E-05,  1.1788E-05,  2.2516E-05,  2.5308E-05,  1.0609E-04,  1.9169E-05,  7.1246E-05,  4.5304E-05,  8.2003E-05,  5.4707E-05,  4.0604E-04,  1.4011E-06,  1.7399E-05,  9.1324E-11,  9.1303E-11,  9.1454E-11,  9.1499E-11,  9.1502E-11,  9.1623E-11,  9.1531E-11,  9.1633E-11,  9.1594E-11,  9.1582E-11,  9.1524E-11,  9.1525E-11,  9.1493E-11,  9.1532E-11,  9.1470E-11,  9.1560E-11,  9.1540E-11,  9.1599E-11,  9.1560E-11,  9.1664E-11,  9.1667E-11,  9.1737E-11,  9.1769E-11,  9.1917E-11,  9.1783E-11,  9.1867E-11,  9.1833E-11,  9.1913E-11,  9.1879E-11,  9.1831E-11,  9.1769E-11,  9.1803E-11,  9.1744E-11,  9.1854E-11,  9.1825E-11,  9.1926E-11,  9.1896E-11,  9.1936E-11,  9.1934E-11,  9.1932E-11,  9.1904E-11,  9.1957E-11,  9.1942E-11,  9.1974E-11,  9.1972E-11,  9.1988E-11,  9.1982E-11,  9.2027E-11,  9.2012E-11,  9.2024E-11,  9.2007E-11,  9.2038E-11,  9.2074E-11,  9.2081E-11,  9.2061E-11,  9.1994E-11,  9.1955E-11,  9.2202E-11,  9.2162E-11,  9.2173E-11,  9.2134E-11,  9.2194E-11,  9.2107E-11,  9.2215E-11
  5.0000E+01,  3.3950E+03,  3.1521E+02,  1.2708E+00,  7.3137E-01,  2.4773E+00,  8.4148E+00,  2.2764E+00,  8.0217E+00,  1.8486E-01,  1.3019E+00,  2.7194E-01,  1.6951E+00,  3.0148E-01,  1.2167E+00,  5.3417E-02,  2.3463E-01,  5.3091E-02,  1.0724E-01,  8.7150E-02,  2.2241E-01,  4.1207E-02,  1.3775E-01,  7.0115E-02,  1.4193E-01,  9.0053E-02,  9.0741E-01,  5.6489E-03,  4.4416E-02,  1.0882E-05,  1.0882E-05,  1.0883E-05,  1.0883E-05,  1.0883E-05,  1.0883E-05,  1.0883E-05,  1.0883E-05,  1.0883E-05,  1.0883E-05,  1.0883E-05,  1.0883E-05,  1.0883E-05,  1.0883E-05,  1.0883E-05,  1.0883E-05,  1.0883E-05,  1.0883E-05,  1.0883E-05,  1.0883E-05,  1.0883E-05,  1.0883E-05,  1.0883E-05,  1.0883E-05,  1.0883E-05,  1.0883E-05,  1.0883E-05,  1.0883E-05,  1.0883E-05,  1.0883E-05,  1.0883E-05,  1.0883E-05,  1.0883E-05,  1.0883E-05,  1.0883E-05,  1.0883E-05,  1.0883E-05,  1.0883E-05,  1.0883E-05,  1.0883E-05,  1.0883E-05,  1.0883E-05,  1.0883E-05,  1.0883E-05,  1.0883E-05,  1.0883E-05,  1.0883E-05,  1.0883E-05,  1.0883E-05,  1.0883E-05,  1.0883E-05,  1.0883E-05,  1.0883E-05,  1.0883E-05,  1.0883E-05,  1.0883E-05,  1.0883E-05,  1.0884E-05,  1.0883E-05,  1.0883E-05,  1.0883E-05,  1.0884E-05,  1.0883E-05,  1.0884E-05,  7.5716E-01,  2.3803E-01,  6.0825E-04,  1.7190E-04,  1.1365E-03,  4.7663E-03,  1.1581E-03,  5.1552E-03,  8.9982E-05,  8.0284E-04,  1.5942E-04,  9.8185E-04,  1.7822E-04,  6.3579E-04,  1.9378E-05,  9.2328E-05,  1.3359E-05,  2.5209E-05,  2.8300E-05,  1.1473E-04,  2.0862E-05,  7.7238E-05,  4.8471E-05,  8.8111E-05,  5.8339E-05,  4.3821E-04,  1.5655E-06,  1.8902E-05,  9.1595E-11,  9.1572E-11,  9.1735E-11,  9.1784E-11,  9.1786E-11,  9.1914E-11,  9.1817E-11,  9.1924E-11,  9.1884E-11,  9.1871E-11,  9.1809E-11,  9.1811E-11,  9.1777E-11,  9.1819E-11,  9.1753E-11,  9.1847E-11,  9.1827E-11,  9.1889E-11,  9.1848E-11,  9.1957E-11,  9.1960E-11,  9.2034E-11,  9.2067E-11,  9.2221E-11,  9.2082E-11,  9.2169E-11,  9.2134E-11,  9.2217E-11,  9.2182E-11,  9.2132E-11,  9.2067E-11,  9.2103E-11,  9.2041E-11,  9.2156E-11,  9.2125E-11,  9.2231E-11,  9.2200E-11,  9.2241E-11,  9.2239E-11,  9.2236E-11,  9.2207E-11,  9.2262E-11,  9.2247E-11,  9.2280E-11,  9.2278E-11,  9.2294E-11,  9.2288E-11,  9.2335E-11,  9.2320E-11,  9.2332E-11,  9.2314E-11,  9.2346E-11,  9.2383E-11,  9.2391E-11,  9.2370E-11,  9.2301E-11,  9.2260E-11,  9.2515E-11,  9.2474E-11,  9.2485E-11,  9.2445E-11,  9.2507E-11,  9.2417E-11,  9.2528E-11
  5.5000E+01,  3.3910E+03,  3.1403E+02,  1.2676E+00,  7.3046E-01,  2.4714E+00,  8.3902E+00,  2.2705E+00,  7.9956E+00,  1.8439E-01,  1.2978E+00,  2.7112E-01,  1.6900E+00,  3.0056E-01,  1.2134E+00,  5.3315E-02,  2.3415E-01,  5.3020E-02,  1.0710E-01,  8.7002E-02,  2.2181E-01,  4.1099E-02,  1.3735E-01,  6.9866E-02,  1.4147E-01,  8.9753E-02,  9.0514E-01,  5.6406E-03,  4.4318E-02,  1.0882E-05,  1.0882E-05,  1.0882E-05,  1.0882E-05,  1.0882E-05,  1.0882E-05,  1.0882E-05,  1.0882E-05,  1.0882E-05,  1.0882E-05,  1.0882E-05,  1.0882E-05,  1.0882E-05,  1.0882E-05,  1.0882E-05,  1.0882E-05,  1.0882E-05,  1.0882E-05,  1.0882E-05,  1.0882E-05,  1.0882E-05,  1.0883E-05,  1.0883E-05,  1.0883E-05,  1.0883E-05,  1.0883E-05,  1.0883E-05,  1.0883E-05,  1.0883E-05,  1.0883E-05,  1.0883E-05,  1.0883E-05,  1.0883E-05,  1.0883E-05,  1.0883E-05,  1.0883E-05,  1.0883E-05,  1.0883E-05,  1.0883E-05,  1.0883E-05,  1.0883E-05,  1.0883E-05,  1.0883E-05,  1.0883E-05,  1.0883E-05,  1.0883E-05,  1.0883E-05,  1.0883E-05,  1.0883E-05,  1.0883E-05,  1.0883E-05,  1.0883E-05,  1.0883E-05,  1.0883E-05,  1.0883E-05,  1.0883E-05,  1.0883E-05,  1.0883E-05,  1.0883E-05,  1.0883E-05,  1.0883E-05,  1.0883E-05,  1.0883E-05,  1.0883E-05,  8.3026E-01,  2.3645E-01,  6.5129E-04,  1.9158E-04,  1.2311E-03,  5.0690E-03,  1.2117E-03,  5.2776E-03,  9.7197E-05,  8.3354E-04,  1.7014E-04,  1.0421E-03,  1.8956E-04,  6.7700E-04,  2.1198E-05,  9.9811E-05,  1.4891E-05,  2.7906E-05,  3.1168E-05,  1.2265E-04,  2.2424E-05,  8.2727E-05,  5.1305E-05,  9.3626E-05,  6.1577E-05,  4.6757E-04,  1.7230E-06,  2.0290E-05,  9.1857E-11,  9.1833E-11,  9.2004E-11,  9.2054E-11,  9.2057E-11,  9.2189E-11,  9.2089E-11,  9.2200E-11,  9.2158E-11,  9.2144E-11,  9.2081E-11,  9.2082E-11,  9.2047E-11,  9.2090E-11,  9.2022E-11,  9.2120E-11,  9.2099E-11,  9.2164E-11,  9.2121E-11,  9.2234E-11,  9.2237E-11,  9.2313E-11,  9.2347E-11,  9.2505E-11,  9.2362E-11,  9.2452E-11,  9.2415E-11,  9.2500E-11,  9.2465E-11,  9.2413E-11,  9.2347E-11,  9.2384E-11,  9.2320E-11,  9.2438E-11,  9.2407E-11,  9.2515E-11,  9.2483E-11,  9.2525E-11,  9.2523E-11,  9.2521E-11,  9.2491E-11,  9.2547E-11,  9.2531E-11,  9.2565E-11,  9.2563E-11,  9.2579E-11,  9.2573E-11,  9.2620E-11,  9.2605E-11,  9.2617E-11,  9.2599E-11,  9.2632E-11,  9.2669E-11,  9.2677E-11,  9.2656E-11,  9.2586E-11,  9.2545E-11,  9.2801E-11,  9.2760E-11,  9.2771E-11,  9.2731E-11,  9.2793E-11,  9.2703E-11,  9.2814E-11
  6.3000E+01,  3.3840E+03,  3.1212E+02,  1.2621E+00,  7.2881E-01,  2.4610E+00,  8.3480E+00,  2.2605E+00,  7.9525E+00,  1.8357E-01,  1.2909E+00,  2.6970E-01,  1.6813E+00,  2.9898E-01,  1.2078E+00,  5.3135E-02,  2.3331E-01,  5.2892E-02,  1.0686E-01,  8.6735E-02,  2.2079E-01,  4.0911E-02,  1.3666E-01,  6.9440E-02,  1.4069E-01,  8.9243E-02,  9.0124E-01,  5.6259E-03,  4.4148E-02,  1.0881E-05,  1.0881E-05,  1.0881E-05,  1.0881E-05,  1.0881E-05,  1.0882E-05,  1.0882E-05,  1.0882E-05,  1.0882E-05,  1.0882E-05,  1.0882E-05,  1.0882E-05,  1.0881E-05,  1.0882E-05,  1.0881E-05,  1.0882E-05,  1.0882E-05,  1.0882E-05,  1.0882E-05,  1.0882E-05,  1.0882E-05,  1.0882E-05,  1.0882E-05,  1.0882E-05,  1.0882E-05,  1.0882E-05,  1.0882E-05,  1.0882E-05,  1.0882E-05,  1.0882E-05,  1.0882E-05,  1.0882E-05,  1.0882E-05,  1.0882E-05,  1.0882E-05,  1.0882E-05,  1.0882E-05,  1.0882E-05,  1.0882E-05,  1.0882E-05,  1.0882E-05,  1.0882E-05,  1.0882E-05,  1.0882E-05,  1.0882E-05,  1.0882E-05,  1.0882E-05,  1.0882E-05,  1.0882E-05,  1.0882E-05,  1.0882E-05,  1.0882E-05,  1.0882E-05,  1.0882E-05,  1.0882E-05,  1.0882E-05,  1.0882E-05,  1.0882E-05,  1.0882E-05,  1.0882E-05,  1.0882E-05,  1.0882E-05,  1.0882E-05,  1.0882E-05,  9.3978E-01,  2.3950E-01,  7.1234E-04,  2.2165E-04,  1.3683E-03,  5.4944E-03,  1.3020E-03,  5.5109E-03,  1.0761E-04,  8.8323E-04,  1.8523E-04,  1.1258E-03,  2.0540E-04,  7.3492E-04,  2.3894E-05,  1.1068E-04,  1.7235E-05,  3.2121E-05,  3.5471E-05,  1.3385E-04,  2.4656E-05,  9.0505E-05,  5.5201E-05,  1.0131E-04,  6.5999E-05,  5.0896E-04,  1.9592E-06,  2.2274E-05,  9.2250E-11,  9.2225E-11,  9.2403E-11,  9.2456E-11,  9.2458E-11,  9.2595E-11,  9.2492E-11,  9.2606E-11,  9.2563E-11,  9.2549E-11,  9.2484E-11,  9.2485E-11,  9.2448E-11,  9.2493E-11,  9.2423E-11,  9.2524E-11,  9.2502E-11,  9.2569E-11,  9.2525E-11,  9.2641E-11,  9.2644E-11,  9.2721E-11,  9.2756E-11,  9.2913E-11,  9.2771E-11,  9.2860E-11,  9.2824E-11,  9.2908E-11,  9.2873E-11,  9.2822E-11,  9.2756E-11,  9.2793E-11,  9.2729E-11,  9.2847E-11,  9.2815E-11,  9.2922E-11,  9.2891E-11,  9.2932E-11,  9.2930E-11,  9.2928E-11,  9.2899E-11,  9.2954E-11,  9.2938E-11,  9.2971E-11,  9.2969E-11,  9.2985E-11,  9.2979E-11,  9.3025E-11,  9.3010E-11,  9.3022E-11,  9.3004E-11,  9.3036E-11,  9.3071E-11,  9.3079E-11,  9.3059E-11,  9.2992E-11,  9.2952E-11,  9.3197E-11,  9.3158E-11,  9.3169E-11,  9.3131E-11,  9.3189E-11,  9.3105E-11,  9.3209E-11
  7.1000E+01,  3.3760E+03,  3.1018E+02,  1.2562E+00,  7.2693E-01,  2.4496E+00,  8.3026E+00,  2.2497E+00,  7.9075E+00,  1.8268E-01,  1.2837E+00,  2.6817E-01,  1.6721E+00,  2.9728E-01,  1.2017E+00,  5.2934E-02,  2.3239E-01,  5.2745E-02,  1.0659E-01,  8.6436E-02,  2.1968E-01,  4.0706E-02,  1.3591E-01,  6.8986E-02,  1.3986E-01,  8.8701E-02,  8.9703E-01,  5.6094E-03,  4.3962E-02,  1.0880E-05,  1.0880E-05,  1.0881E-05,  1.0881E-05,  1.0881E-05,  1.0881E-05,  1.0881E-05,  1.0881E-05,  1.0881E-05,  1.0881E-05,  1.0881E-05,  1.0881E-05,  1.0881E-05,  1.0881E-05,  1.0881E-05,  1.0881E-05,  1.0881E-05,  1.0881E-05,  1.0881E-05,  1.0881E-05,  1.0881E-05,  1.0881E-05,  1.0881E-05,  1.0881E-05,  1.0881E-05,  1.0881E-05,  1.0881E-05,  1.0881E-05,  1.0881E-05,  1.0881E-05,  1.0881E-05,  1.0881E-05,  1.0881E-05,  1.0881E-05,  1.0881E-05,  1.0881E-05,  1.0881E-05,  1.0881E-05,  1.0881E-05,  1.0881E-05,  1.0881E-05,  1.0881E-05,  1.0881E-05,  1.0881E-05,  1.0881E-05,  1.0881E-05,  1.0881E-05,  1.0881E-05,  1.0881E-05,  1.0881E-05,  1.0881E-05,  1.0881E-05,  1.0881E-05,  1.0881E-05,  1.0881E-05,  1.0881E-05,  1.0881E-05,  1.0882E-05,  1.0882E-05,  1.0882E-05,  1.0882E-05,  1.0882E-05,  1.0881E-05,  1.0882E-05,  1.0398E+00,  2.4592E-01,  7.6446E-04,  2.4976E-04,  1.4889E-03,  5.8529E-03,  1.3896E-03,  5.7457E-03,  1.1670E-04,  9.2926E-04,  1.9799E-04,  1.1957E-03,  2.1866E-04,  7.8380E-04,  2.6324E-05,  1.2024E-04,  1.9426E-05,  3.6125E-05,  3.9401E-05,  1.4341E-04,  2.6582E-05,  9.7141E-05,  5.8394E-05,  1.0769E-04,  6.9600E-05,  5.4407E-04,  2.1749E-06,  2.3988E-05,  9.2610E-11,  9.2584E-11,  9.2765E-11,  9.2817E-11,  9.2820E-11,  9.2954E-11,  9.2853E-11,  9.2965E-11,  9.2923E-11,  9.2909E-11,  9.2845E-11,  9.2846E-11,  9.2810E-11,  9.2854E-11,  9.2784E-11,  9.2885E-11,  9.2863E-11,  9.2929E-11,  9.2886E-11,  9.2999E-11,  9.3001E-11,  9.3076E-11,  9.3109E-11,  9.3258E-11,  9.3123E-11,  9.3208E-11,  9.3174E-11,  9.3253E-11,  9.3220E-11,  9.3172E-11,  9.3109E-11,  9.3144E-11,  9.3083E-11,  9.3195E-11,  9.3166E-11,  9.3267E-11,  9.3238E-11,  9.3276E-11,  9.3274E-11,  9.3272E-11,  9.3245E-11,  9.3296E-11,  9.3282E-11,  9.3313E-11,  9.3311E-11,  9.3326E-11,  9.3321E-11,  9.3363E-11,  9.3349E-11,  9.3360E-11,  9.3344E-11,  9.3373E-11,  9.3407E-11,  9.3414E-11,  9.3395E-11,  9.3332E-11,  9.3295E-11,  9.3524E-11,  9.3488E-11,  9.3498E-11,  9.3462E-11,  9.3517E-11,  9.3438E-11,  9.3535E-11
  8.0000E+01,  3.3662E+03,  3.0793E+02,  1.2491E+00,  7.2455E-01,  2.4357E+00,  8.2484E+00,  2.2368E+00,  7.8547E+00,  1.8159E-01,  1.2751E+00,  2.6633E-01,  1.6610E+00,  2.9526E-01,  1.1944E+00,  5.2686E-02,  2.3126E-01,  5.2560E-02,  1.0625E-01,  8.6063E-02,  2.1835E-01,  4.0458E-02,  1.3500E-01,  6.8447E-02,  1.3886E-01,  8.8060E-02,  8.9198E-01,  5.5888E-03,  4.3739E-02,  1.0880E-05,  1.0880E-05,  1.0880E-05,  1.0880E-05,  1.0880E-05,  1.0880E-05,  1.0880E-05,  1.0880E-05,  1.0880E-05,  1.0880E-05,  1.0880E-05,  1.0880E-05,  1.0880E-05,  1.0880E-05,  1.0880E-05,  1.0880E-05,  1.0880E-05,  1.0880E-05,  1.0880E-05,  1.0880E-05,  1.0880E-05,  1.0880E-05,  1.0880E-05,  1.0880E-05,  1.0880E-05,  1.0880E-05,  1.0880E-05,  1.0880E-05,  1.0880E-05,  1.0880E-05,  1.0880E-05,  1.0880E-05,  1.0880E-05,  1.0880E-05,  1.0880E-05,  1.0880E-05,  1.0880E-05,  1.0880E-05,  1.0880E-05,  1.0880E-05,  1.0880E-05,  1.0880E-05,  1.0880E-05,  1.0880E-05,  1.0880E-05,  1.0881E-05,  1.0880E-05,  1.0881E-05,  1.0881E-05,  1.0881E-05,  1.0881E-05,  1.0881E-05,  1.0881E-05,  1.0881E-05,  1.0881E-05,  1.0881E-05,  1.0880E-05,  1.0881E-05,  1.0881E-05,  1.0881E-05,  1.0881E-05,  1.0881E-05,  1.0881E-05,  1.0881E-05,  1.1412E+00,  2.5390E-01,  8.1366E-04,  2.7888E-04,  1.6062E-03,  6.1863E-03,  1.4797E-03,  5.9856E-03,  1.2548E-04,  9.7449E-04,  2.0989E-04,  1.2600E-03,  2.3092E-04,  8.2940E-04,  2.8749E-05,  1.2956E-04,  2.1699E-05,  4.0318E-05,  4.3382E-05,  1.5242E-04,  2.8420E-05,  1.0338E-04,  6.1270E-05,  1.1356E-04,  7.2822E-05,  5.7700E-04,  2.3935E-06,  2.5628E-05,  9.2970E-11,  9.2944E-11,  9.3119E-11,  9.3168E-11,  9.3171E-11,  9.3298E-11,  9.3202E-11,  9.3308E-11,  9.3269E-11,  9.3256E-11,  9.3194E-11,  9.3195E-11,  9.3161E-11,  9.3203E-11,  9.3137E-11,  9.3232E-11,  9.3211E-11,  9.3274E-11,  9.3233E-11,  9.3340E-11,  9.3342E-11,  9.3412E-11,  9.3443E-11,  9.3581E-11,  9.3456E-11,  9.3535E-11,  9.3503E-11,  9.3577E-11,  9.3546E-11,  9.3501E-11,  9.3443E-11,  9.3475E-11,  9.3418E-11,  9.3523E-11,  9.3495E-11,  9.3589E-11,  9.3562E-11,  9.3598E-11,  9.3596E-11,  9.3594E-11,  9.3569E-11,  9.3616E-11,  9.3603E-11,  9.3632E-11,  9.3630E-11,  9.3644E-11,  9.3639E-11,  9.3678E-11,  9.3666E-11,  9.3676E-11,  9.3661E-11,  9.3688E-11,  9.3719E-11,  9.3725E-11,  9.3708E-11,  9.3650E-11,  9.3615E-11,  9.3826E-11,  9.3793E-11,  9.3802E-11,  9.3770E-11,  9.3820E-11,  9.3747E-11,  9.3836E-11
  9.0000E+01,  3.3543E+03,  3.0535E+02,  1.2408E+00,  7.2161E-01,  2.4191E+00,  8.1851E+00,  2.2216E+00,  7.7937E+00,  1.8029E-01,  1.2651E+00,  2.6418E-01,  1.6481E+00,  2.9290E-01,  1.1859E+00,  5.2387E-02,  2.2992E-01,  5.2332E-02,  1.0582E-01,  8.5610E-02,  2.1678E-01,  4.0166E-02,  1.3394E-01,  6.7822E-02,  1.3770E-01,  8.7318E-02,  8.8606E-01,  5.5638E-03,  4.3475E-02,  1.0879E-05,  1.0879E-05,  1.0879E-05,  1.0879E-05,  1.0879E-05,  1.0879E-05,  1.0879E-05,  1.0879E-05,  1.0879E-05,  1.0879E-05,  1.0879E-05,  1.0879E-05,  1.0879E-05,  1.0879E-05,  1.0879E-05,  1.0879E-05,  1.0879E-05,  1.0879E-05,  1.0879E-05,  1.0879E-05,  1.0879E-05,  1.0879E-05,  1.0879E-05,  1.0879E-05,  1.0879E-05,  1.0879E-05,  1.0879E-05,  1.0879E-05,  1.0879E-05,  1.0879E-05,  1.0879E-05,  1.0879E-05,  1.0879E-05,  1.0879E-05,  1.0879E-05,  1.0879E-05,  1.0879E-05,  1.0880E-05,  1.0880E-05,  1.0880E-05,  1.0879E-05,  1.0880E-05,  1.0880E-05,  1.0880E-05,  1.0880E-05,  1.0880E-05,  1.0880E-05,  1.0880E-05,  1.0880E-05,  1.0880E-05,  1.0880E-05,  1.0880E-05,  1.0880E-05,  1.0880E-05,  1.0880E-05,  1.0880E-05,  1.0880E-05,  1.0880E-05,  1.0880E-05,  1.0880E-05,  1.0880E-05,  1.0880E-05,  1.0880E-05,  1.0880E-05,  1.2408E+00,  2.6189E-01,  8.5823E-04,  3.0812E-04,  1.7161E-03,  6.4827E-03,  1.5672E-03,  6.2115E-03,  1.3364E-04,  1.0162E-03,  2.2050E-04,  1.3164E-03,  2.4172E-04,  8.7012E-04,  3.1089E-05,  1.3833E-04,  2.3983E-05,  4.4563E-05,  4.7281E-05,  1.6057E-04,  3.0102E-05,  1.0901E-04,  6.3720E-05,  1.1868E-04,  7.5542E-05,  6.0658E-04,  2.6080E-06,  2.7137E-05,  9.3309E-11,  9.3286E-11,  9.3449E-11,  9.3495E-11,  9.3497E-11,  9.3615E-11,  9.3527E-11,  9.3624E-11,  9.3588E-11,  9.3576E-11,  9.3519E-11,  9.3520E-11,  9.3489E-11,  9.3528E-11,  9.3466E-11,  9.3554E-11,  9.3535E-11,  9.3593E-11,  9.3555E-11,  9.3654E-11,  9.3656E-11,  9.3721E-11,  9.3749E-11,  9.3877E-11,  9.3761E-11,  9.3834E-11,  9.3805E-11,  9.3873E-11,  9.3844E-11,  9.3803E-11,  9.3749E-11,  9.3779E-11,  9.3727E-11,  9.3823E-11,  9.3798E-11,  9.3884E-11,  9.3859E-11,  9.3892E-11,  9.3891E-11,  9.3889E-11,  9.3865E-11,  9.3910E-11,  9.3897E-11,  9.3924E-11,  9.3922E-11,  9.3935E-11,  9.3930E-11,  9.3966E-11,  9.3955E-11,  9.3964E-11,  9.3950E-11,  9.3975E-11,  9.4004E-11,  9.4009E-11,  9.3994E-11,  9.3940E-11,  9.3908E-11,  9.4103E-11,  9.4073E-11,  9.4081E-11,  9.4051E-11,  9.4097E-11,  9.4030E-11,  9.4112E-11
  1.0000E+02,  3.3415E+03,  3.0270E+02,  1.2320E+00,  7.1840E-01,  2.4014E+00,  8.1191E+00,  2.2055E+00,  7.7307E+00,  1.7892E-01,  1.2548E+00,  2.6193E-01,  1.6347E+00,  2.9044E-01,  1.1771E+00,  5.2066E-02,  2.2850E-01,  5.2082E-02,  1.0536E-01,  8.5120E-02,  2.1514E-01,  3.9858E-02,  1.3283E-01,  6.7176E-02,  1.3649E-01,  8.6553E-02,  8.7988E-01,  5.5368E-03,  4.3198E-02,  1.0878E-05,  1.0878E-05,  1.0878E-05,  1.0878E-05,  1.0878E-05,  1.0878E-05,  1.0878E-05,  1.0878E-05,  1.0878E-05,  1.0878E-05,  1.0878E-05,  1.0878E-05,  1.0878E-05,  1.0878E-05,  1.0878E-05,  1.0878E-05,  1.0878E-05,  1.0878E-05,  1.0878E-05,  1.0878E-05,  1.0878E-05,  1.0878E-05,  1.0878E-05,  1.0879E-05,  1.0878E-05,  1.0878E-05,  1.0878E-05,  1.0879E-05,  1.0879E-05,  1.0878E-05,  1.0878E-05,  1.0878E-05,  1.0878E-05,  1.0878E-05,  1.0878E-05,  1.0879E-05,  1.0879E-05,  1.0879E-05,  1.0879E-05,  1.0879E-05,  1.0879E-05,  1.0879E-05,  1.0879E-05,  1.0879E-05,  1.0879E-05,  1.0879E-05,  1.0879E-05,  1.0879E-05,  1.0879E-05,  1.0879E-05,  1.0879E-05,  1.0879E-05,  1.0879E-05,  1.0879E-05,  1.0879E-05,  1.0879E-05,  1.0879E-05,  1.0879E-05,  1.0879E-05,  1.0879E-05,  1.0879E-05,  1.0879E-05,  1.0879E-05,  1.0879E-05,  1.3284E+00,  2.6834E-01,  8.9391E-04,  3.3424E-04,  1.8069E-03,  6.7128E-03,  1.6410E-03,  6.3927E-03,  1.4031E-04,  1.0493E-03,  2.2878E-04,  1.3594E-03,  2.5004E-04,  9.0196E-04,  3.3087E-05,  1.4562E-04,  2.6019E-05,  4.8374E-05,  5.0668E-05,  1.6706E-04,  3.1457E-05,  1.1347E-04,  6.5528E-05,  1.2258E-04,  7.7527E-05,  6.2993E-04,  2.7948E-06,  2.8361E-05,  9.3595E-11,  9.3573E-11,  9.3725E-11,  9.3768E-11,  9.3770E-11,  9.3880E-11,  9.3797E-11,  9.3888E-11,  9.3854E-11,  9.3843E-11,  9.3790E-11,  9.3791E-11,  9.3762E-11,  9.3798E-11,  9.3741E-11,  9.3823E-11,  9.3805E-11,  9.3859E-11,  9.3824E-11,  9.3916E-11,  9.3918E-11,  9.3978E-11,  9.4004E-11,  9.4123E-11,  9.4016E-11,  9.4083E-11,  9.4056E-11,  9.4119E-11,  9.4093E-11,  9.4055E-11,  9.4004E-11,  9.4032E-11,  9.3983E-11,  9.4073E-11,  9.4049E-11,  9.4130E-11,  9.4107E-11,  9.4137E-11,  9.4136E-11,  9.4134E-11,  9.4112E-11,  9.4153E-11,  9.4142E-11,  9.4167E-11,  9.4165E-11,  9.4177E-11,  9.4173E-11,  9.4207E-11,  9.4196E-11,  9.4204E-11,  9.4192E-11,  9.4215E-11,  9.4241E-11,  9.4247E-11,  9.4232E-11,  9.4182E-11,  9.4152E-11,  9.4334E-11,  9.4305E-11,  9.4313E-11,  9.4285E-11,  9.4328E-11,  9.4266E-11,  9.4343E-11
  1.1000E+02,  3.3278E+03,  3.0000E+02,  1.2229E+00,  7.1494E-01,  2.3830E+00,  8.0511E+00,  2.1888E+00,  7.6660E+00,  1.7749E-01,  1.2442E+00,  2.5961E-01,  1.6210E+00,  2.8791E-01,  1.1679E+00,  5.1727E-02,  2.2702E-01,  5.1812E-02,  1.0486E-01,  8.4599E-02,  2.1345E-01,  3.9538E-02,  1.3168E-01,  6.6514E-02,  1.3525E-01,  8.5770E-02,  8.7349E-01,  5.5080E-03,  4.2909E-02,  1.0877E-05,  1.0877E-05,  1.0877E-05,  1.0877E-05,  1.0877E-05,  1.0877E-05,  1.0877E-05,  1.0877E-05,  1.0877E-05,  1.0877E-05,  1.0877E-05,  1.0877E-05,  1.0877E-05,  1.0877E-05,  1.0877E-05,  1.0877E-05,  1.0877E-05,  1.0877E-05,  1.0877E-05,  1.0877E-05,  1.0877E-05,  1.0877E-05,  1.0877E-05,  1.0878E-05,  1.0877E-05,  1.0878E-05,  1.0878E-05,  1.0878E-05,  1.0878E-05,  1.0878E-05,  1.0877E-05,  1.0877E-05,  1.0877E-05,  1.0878E-05,  1.0877E-05,  1.0878E-05,  1.0878E-05,  1.0878E-05,  1.0878E-05,  1.0878E-05,  1.0878E-05,  1.0878E-05,  1.0878E-05,  1.0878E-05,  1.0878E-05,  1.0878E-05,  1.0878E-05,  1.0878E-05,  1.0878E-05,  1.0878E-05,  1.0878E-05,  1.0878E-05,  1.0878E-05,  1.0878E-05,  1.0878E-05,  1.0878E-05,  1.0878E-05,  1.0878E-05,  1.0878E-05,  1.0878E-05,  1.0878E-05,  1.0878E-05,  1.0878E-05,  1.0878E-05,  1.4058E+00,  2.7327E-01,  9.2209E-04,  3.5739E-04,  1.8815E-03,  6.8877E-03,  1.7022E-03,  6.5326E-03,  1.4574E-04,  1.0749E-03,  2.3512E-04,  1.3916E-03,  2.5629E-04,  9.2642E-04,  3.4781E-05,  1.5163E-04,  2.7821E-05,  5.1767E-05,  5.3586E-05,  1.7211E-04,  3.2540E-05,  1.1696E-04,  6.6818E-05,  1.2549E-04,  7.8928E-05,  6.4816E-04,  2.9568E-06,  2.9346E-05,  9.3837E-11,  9.3817E-11,  9.3959E-11,  9.3999E-11,  9.4001E-11,  9.4104E-11,  9.4027E-11,  9.4112E-11,  9.4080E-11,  9.4070E-11,  9.4020E-11,  9.4021E-11,  9.3994E-11,  9.4028E-11,  9.3974E-11,  9.4051E-11,  9.4034E-11,  9.4085E-11,  9.4052E-11,  9.4138E-11,  9.4140E-11,  9.4196E-11,  9.4221E-11,  9.4332E-11,  9.4232E-11,  9.4295E-11,  9.4269E-11,  9.4329E-11,  9.4304E-11,  9.4268E-11,  9.4221E-11,  9.4247E-11,  9.4201E-11,  9.4285E-11,  9.4263E-11,  9.4339E-11,  9.4317E-11,  9.4346E-11,  9.4344E-11,  9.4343E-11,  9.4322E-11,  9.4361E-11,  9.4350E-11,  9.4373E-11,  9.4372E-11,  9.4383E-11,  9.4379E-11,  9.4411E-11,  9.4400E-11,  9.4408E-11,  9.4396E-11,  9.4418E-11,  9.4443E-11,  9.4448E-11,  9.4435E-11,  9.4388E-11,  9.4359E-11,  9.4530E-11,  9.4503E-11,  9.4511E-11,  9.4484E-11,  9.4525E-11,  9.4466E-11,  9.4538E-11
  1.2000E+02,  3.3134E+03,  2.9724E+02,  1.2136E+00,  7.1127E-01,  2.3639E+00,  7.9816E+00,  2.1715E+00,  7.6002E+00,  1.7601E-01,  1.2333E+00,  2.5724E-01,  1.6070E+00,  2.8532E-01,  1.1586E+00,  5.1372E-02,  2.2548E-01,  5.1526E-02,  1.0433E-01,  8.4050E-02,  2.1171E-01,  3.9208E-02,  1.3049E-01,  6.5842E-02,  1.3399E-01,  8.4976E-02,  8.6694E-01,  5.4778E-03,  4.2612E-02,  1.0876E-05,  1.0876E-05,  1.0876E-05,  1.0876E-05,  1.0876E-05,  1.0876E-05,  1.0876E-05,  1.0876E-05,  1.0876E-05,  1.0876E-05,  1.0876E-05,  1.0876E-05,  1.0876E-05,  1.0876E-05,  1.0876E-05,  1.0876E-05,  1.0876E-05,  1.0876E-05,  1.0876E-05,  1.0876E-05,  1.0876E-05,  1.0876E-05,  1.0876E-05,  1.0877E-05,  1.0877E-05,  1.0877E-05,  1.0877E-05,  1.0877E-05,  1.0877E-05,  1.0877E-05,  1.0876E-05,  1.0877E-05,  1.0876E-05,  1.0877E-05,  1.0877E-05,  1.0877E-05,  1.0877E-05,  1.0877E-05,  1.0877E-05,  1.0877E-05,  1.0877E-05,  1.0877E-05,  1.0877E-05,  1.0877E-05,  1.0877E-05,  1.0877E-05,  1.0877E-05,  1.0877E-05,  1.0877E-05,  1.0877E-05,  1.0877E-05,  1.0877E-05,  1.0877E-05,  1.0877E-05,  1.0877E-05,  1.0877E-05,  1.0877E-05,  1.0877E-05,  1.0877E-05,  1.0877E-05,  1.0877E-05,  1.0877E-05,  1.0877E-05,  1.0877E-05,  1.4748E+00,  2.7686E-01,  9.4415E-04,  3.7791E-04,  1.9420E-03,  7.0177E-03,  1.7521E-03,  6.6369E-03,  1.5009E-04,  1.0940E-03,  2.3988E-04,  1.4149E-03,  2.6088E-04,  9.4482E-04,  3.6213E-05,  1.5656E-04,  2.9414E-05,  5.4780E-05,  5.6095E-05,  1.7600E-04,  3.3391E-05,  1.1963E-04,  6.7690E-05,  1.2758E-04,  7.9855E-05,  6.6209E-04,  3.0968E-06,  3.0130E-05,  9.4046E-11,  9.4027E-11,  9.4161E-11,  9.4199E-11,  9.4201E-11,  9.4297E-11,  9.4225E-11,  9.4305E-11,  9.4275E-11,  9.4265E-11,  9.4219E-11,  9.4220E-11,  9.4193E-11,  9.4226E-11,  9.4175E-11,  9.4248E-11,  9.4232E-11,  9.4279E-11,  9.4248E-11,  9.4329E-11,  9.4331E-11,  9.4384E-11,  9.4408E-11,  9.4513E-11,  9.4418E-11,  9.4478E-11,  9.4453E-11,  9.4509E-11,  9.4486E-11,  9.4452E-11,  9.4407E-11,  9.4432E-11,  9.4389E-11,  9.4468E-11,  9.4448E-11,  9.4519E-11,  9.4498E-11,  9.4525E-11,  9.4524E-11,  9.4523E-11,  9.4503E-11,  9.4540E-11,  9.4530E-11,  9.4552E-11,  9.4550E-11,  9.4561E-11,  9.4557E-11,  9.4587E-11,  9.4577E-11,  9.4585E-11,  9.4573E-11,  9.4594E-11,  9.4617E-11,  9.4622E-11,  9.4610E-11,  9.4565E-11,  9.4538E-11,  9.4700E-11,  9.4674E-11,  9.4681E-11,  9.4656E-11,  9.4695E-11,  9.4639E-11,  9.4708E-11
  1.4000E+02,  3.2827E+03,  2.9167E+02,  1.1944E+00,  7.0337E-01,  2.3242E+00,  7.8397E+00,  2.1358E+00,  7.4662E+00,  1.7295E-01,  1.2112E+00,  2.5238E-01,  1.5784E+00,  2.8005E-01,  1.1395E+00,  5.0626E-02,  2.2227E-01,  5.0912E-02,  1.0318E-01,  8.2889E-02,  2.0814E-01,  3.8529E-02,  1.2807E-01,  6.4480E-02,  1.3141E-01,  8.3371E-02,  8.5352E-01,  5.4136E-03,  4.1999E-02,  1.0874E-05,  1.0874E-05,  1.0874E-05,  1.0874E-05,  1.0874E-05,  1.0874E-05,  1.0874E-05,  1.0874E-05,  1.0874E-05,  1.0874E-05,  1.0874E-05,  1.0874E-05,  1.0874E-05,  1.0874E-05,  1.0874E-05,  1.0874E-05,  1.0874E-05,  1.0874E-05,  1.0874E-05,  1.0874E-05,  1.0874E-05,  1.0875E-05,  1.0875E-05,  1.0875E-05,  1.0875E-05,  1.0875E-05,  1.0875E-05,  1.0875E-05,  1.0875E-05,  1.0875E-05,  1.0875E-05,  1.0875E-05,  1.0875E-05,  1.0875E-05,  1.0875E-05,  1.0875E-05,  1.0875E-05,  1.0875E-05,  1.0875E-05,  1.0875E-05,  1.0875E-05,  1.0875E-05,  1.0875E-05,  1.0875E-05,  1.0875E-05,  1.0875E-05,  1.0875E-05,  1.0875E-05,  1.0875E-05,  1.0875E-05,  1.0875E-05,  1.0875E-05,  1.0875E-05,  1.0875E-05,  1.0875E-05,  1.0875E-05,  1.0875E-05,  1.0875E-05,  1.0875E-05,  1.0875E-05,  1.0875E-05,  1.0875E-05,  1.0875E-05,  1.0875E-05,  1.5927E+00,  2.8065E-01,  9.7366E-04,  4.1186E-04,  2.0290E-03,  7.1706E-03,  1.8233E-03,  6.7568E-03,  1.5618E-04,  1.1162E-03,  2.4561E-04,  1.4407E-03,  2.6612E-04,  9.6731E-04,  3.8402E-05,  1.6371E-04,  3.2028E-05,  5.9784E-05,  6.0038E-05,  1.8099E-04,  3.4540E-05,  1.2304E-04,  6.8487E-05,  1.2988E-04,  8.0650E-05,  6.8000E-04,  3.3204E-06,  3.1214E-05,  9.4389E-11,  9.4372E-11,  9.4492E-11,  9.4527E-11,  9.4528E-11,  9.4616E-11,  9.4550E-11,  9.4623E-11,  9.4596E-11,  9.4587E-11,  9.4545E-11,  9.4545E-11,  9.4522E-11,  9.4551E-11,  9.4505E-11,  9.4571E-11,  9.4556E-11,  9.4599E-11,  9.4571E-11,  9.4644E-11,  9.4646E-11,  9.4694E-11,  9.4716E-11,  9.4810E-11,  9.4725E-11,  9.4779E-11,  9.4757E-11,  9.4808E-11,  9.4786E-11,  9.4756E-11,  9.4715E-11,  9.4738E-11,  9.4699E-11,  9.4771E-11,  9.4752E-11,  9.4816E-11,  9.4797E-11,  9.4822E-11,  9.4821E-11,  9.4819E-11,  9.4802E-11,  9.4835E-11,  9.4826E-11,  9.4846E-11,  9.4844E-11,  9.4854E-11,  9.4851E-11,  9.4878E-11,  9.4869E-11,  9.4876E-11,  9.4866E-11,  9.4885E-11,  9.4906E-11,  9.4910E-11,  9.4899E-11,  9.4858E-11,  9.4834E-11,  9.4981E-11,  9.4957E-11,  9.4964E-11,  9.4941E-11,  9.4976E-11,  9.4926E-11,  9.4988E-11
  1.6000E+02,  3.2499E+03,  2.8605E+02,  1.1748E+00,  6.9487E-01,  2.2831E+00,  7.6958E+00,  2.0989E+00,  7.3308E+00,  1.6979E-01,  1.1888E+00,  2.4745E-01,  1.5495E+00,  2.7471E-01,  1.1200E+00,  4.9843E-02,  2.1895E-01,  5.0251E-02,  1.0195E-01,  8.1660E-02,  2.0449E-01,  3.7832E-02,  1.2559E-01,  6.3111E-02,  1.2881E-01,  8.1760E-02,  8.3984E-01,  5.3456E-03,  4.1368E-02,  1.0872E-05,  1.0872E-05,  1.0872E-05,  1.0872E-05,  1.0872E-05,  1.0873E-05,  1.0872E-05,  1.0873E-05,  1.0872E-05,  1.0872E-05,  1.0872E-05,  1.0872E-05,  1.0872E-05,  1.0872E-05,  1.0872E-05,  1.0872E-05,  1.0872E-05,  1.0872E-05,  1.0872E-05,  1.0873E-05,  1.0873E-05,  1.0873E-05,  1.0873E-05,  1.0873E-05,  1.0873E-05,  1.0873E-05,  1.0873E-05,  1.0873E-05,  1.0873E-05,  1.0873E-05,  1.0873E-05,  1.0873E-05,  1.0873E-05,  1.0873E-05,  1.0873E-05,  1.0873E-05,  1.0873E-05,  1.0873E-05,  1.0873E-05,  1.0873E-05,  1.0873E-05,  1.0873E-05,  1.0873E-05,  1.0873E-05,  1.0873E-05,  1.0873E-05,  1.0873E-05,  1.0873E-05,  1.0873E-05,  1.0873E-05,  1.0873E-05,  1.0873E-05,  1.0873E-05,  1.0873E-05,  1.0873E-05,  1.0873E-05,  1.0873E-05,  1.0873E-05,  1.0873E-05,  1.0873E-05,  1.0873E-05,  1.0873E-05,  1.0873E-05,  1.0873E-05,  1.6866E+00,  2.8099E-01,  9.8884E-04,  4.3789E-04,  2.0811E-03,  7.2204E-03,  1.8646E-03,  6.7884E-03,  1.5962E-04,  1.1229E-03,  2.4770E-04,  1.4467E-03,  2.6760E-04,  9.7582E-04,  3.9879E-05,  1.6811E-04,  3.4006E-05,  6.3634E-05,  6.2825E-05,  1.8322E-04,  3.5137E-05,  1.2457E-04,  6.8397E-05,  1.3039E-04,  8.0461E-05,  6.8816E-04,  3.4829E-06,  3.1817E-05,  9.4661E-11,  9.4645E-11,  9.4756E-11,  9.4787E-11,  9.4789E-11,  9.4870E-11,  9.4809E-11,  9.4876E-11,  9.4851E-11,  9.4843E-11,  9.4804E-11,  9.4805E-11,  9.4783E-11,  9.4810E-11,  9.4768E-11,  9.4828E-11,  9.4815E-11,  9.4854E-11,  9.4828E-11,  9.4896E-11,  9.4898E-11,  9.4941E-11,  9.4961E-11,  9.5049E-11,  9.4969E-11,  9.5019E-11,  9.4999E-11,  9.5046E-11,  9.5027E-11,  9.4998E-11,  9.4961E-11,  9.4982E-11,  9.4945E-11,  9.5012E-11,  9.4994E-11,  9.5054E-11,  9.5037E-11,  9.5060E-11,  9.5058E-11,  9.5057E-11,  9.5041E-11,  9.5072E-11,  9.5063E-11,  9.5081E-11,  9.5080E-11,  9.5089E-11,  9.5086E-11,  9.5111E-11,  9.5103E-11,  9.5109E-11,  9.5100E-11,  9.5117E-11,  9.5137E-11,  9.5141E-11,  9.5130E-11,  9.5093E-11,  9.5070E-11,  9.5206E-11,  9.5185E-11,  9.5190E-11,  9.5169E-11,  9.5202E-11,  9.5155E-11,  9.5212E-11
  1.8000E+02,  3.2154E+03,  2.8045E+02,  1.1550E+00,  6.8592E-01,  2.2412E+00,  7.5516E+00,  2.0614E+00,  7.1953E+00,  1.6658E-01,  1.1664E+00,  2.4250E-01,  1.5207E+00,  2.6937E-01,  1.1005E+00,  4.9036E-02,  2.1557E-01,  4.9557E-02,  1.0064E-01,  8.0385E-02,  2.0083E-01,  3.7127E-02,  1.2310E-01,  6.1750E-02,  1.2621E-01,  8.0159E-02,  8.2606E-01,  5.2748E-03,  4.0729E-02,  1.0870E-05,  1.0870E-05,  1.0870E-05,  1.0870E-05,  1.0870E-05,  1.0871E-05,  1.0871E-05,  1.0871E-05,  1.0871E-05,  1.0871E-05,  1.0870E-05,  1.0870E-05,  1.0870E-05,  1.0871E-05,  1.0870E-05,  1.0871E-05,  1.0871E-05,  1.0871E-05,  1.0871E-05,  1.0871E-05,  1.0871E-05,  1.0871E-05,  1.0871E-05,  1.0871E-05,  1.0871E-05,  1.0871E-05,  1.0871E-05,  1.0871E-05,  1.0871E-05,  1.0871E-05,  1.0871E-05,  1.0871E-05,  1.0871E-05,  1.0871E-05,  1.0871E-05,  1.0871E-05,  1.0871E-05,  1.0871E-05,  1.0871E-05,  1.0871E-05,  1.0871E-05,  1.0871E-05,  1.0871E-05,  1.0871E-05,  1.0871E-05,  1.0871E-05,  1.0871E-05,  1.0871E-05,  1.0871E-05,  1.0871E-05,  1.0871E-05,  1.0871E-05,  1.0871E-05,  1.0871E-05,  1.0871E-05,  1.0871E-05,  1.0871E-05,  1.0871E-05,  1.0871E-05,  1.0871E-05,  1.0871E-05,  1.0871E-05,  1.0871E-05,  1.0871E-05,  1.7621E+00,  2.7891E-01,  9.9398E-04,  4.5757E-04,  2.1077E-03,  7.2003E-03,  1.8839E-03,  6.7591E-03,  1.6116E-04,  1.1190E-03,  2.4730E-04,  1.4395E-03,  2.6654E-04,  9.7486E-04,  4.0821E-05,  1.7049E-04,  3.5475E-05,  6.6554E-05,  6.4721E-05,  1.8355E-04,  3.5345E-05,  1.2478E-04,  6.7729E-05,  1.2970E-04,  7.9639E-05,  6.8963E-04,  3.5983E-06,  3.2079E-05,  9.4885E-11,  9.4870E-11,  9.4972E-11,  9.5002E-11,  9.5003E-11,  9.5078E-11,  9.5022E-11,  9.5084E-11,  9.5061E-11,  9.5053E-11,  9.5017E-11,  9.5018E-11,  9.4998E-11,  9.5023E-11,  9.4983E-11,  9.5040E-11,  9.5027E-11,  9.5064E-11,  9.5040E-11,  9.5103E-11,  9.5104E-11,  9.5145E-11,  9.5164E-11,  9.5245E-11,  9.5171E-11,  9.5218E-11,  9.5199E-11,  9.5243E-11,  9.5225E-11,  9.5198E-11,  9.5163E-11,  9.5183E-11,  9.5149E-11,  9.5211E-11,  9.5195E-11,  9.5250E-11,  9.5234E-11,  9.5255E-11,  9.5254E-11,  9.5253E-11,  9.5238E-11,  9.5267E-11,  9.5259E-11,  9.5276E-11,  9.5275E-11,  9.5283E-11,  9.5280E-11,  9.5303E-11,  9.5296E-11,  9.5302E-11,  9.5293E-11,  9.5309E-11,  9.5328E-11,  9.5331E-11,  9.5321E-11,  9.5286E-11,  9.5266E-11,  9.5393E-11,  9.5372E-11,  9.5378E-11,  9.5358E-11,  9.5389E-11,  9.5345E-11,  9.5399E-11
  2.0000E+02,  3.1796E+03,  2.7491E+02,  1.1351E+00,  6.7662E-01,  2.1990E+00,  7.4082E+00,  2.0237E+00,  7.0608E+00,  1.6336E-01,  1.1442E+00,  2.3758E-01,  1.4920E+00,  2.6407E-01,  1.0811E+00,  4.8214E-02,  2.1215E-01,  4.8837E-02,  9.9291E-02,  7.9078E-02,  1.9717E-01,  3.6421E-02,  1.2061E-01,  6.0406E-02,  1.2363E-01,  7.8579E-02,  8.1230E-01,  5.2020E-03,  4.0087E-02,  1.0868E-05,  1.0868E-05,  1.0869E-05,  1.0869E-05,  1.0869E-05,  1.0869E-05,  1.0869E-05,  1.0869E-05,  1.0869E-05,  1.0869E-05,  1.0869E-05,  1.0869E-05,  1.0869E-05,  1.0869E-05,  1.0869E-05,  1.0869E-05,  1.0869E-05,  1.0869E-05,  1.0869E-05,  1.0869E-05,  1.0869E-05,  1.0869E-05,  1.0869E-05,  1.0869E-05,  1.0869E-05,  1.0869E-05,  1.0869E-05,  1.0869E-05,  1.0869E-05,  1.0869E-05,  1.0869E-05,  1.0869E-05,  1.0869E-05,  1.0869E-05,  1.0869E-05,  1.0869E-05,  1.0869E-05,  1.0869E-05,  1.0869E-05,  1.0869E-05,  1.0869E-05,  1.0869E-05,  1.0869E-05,  1.0869E-05,  1.0869E-05,  1.0869E-05,  1.0869E-05,  1.0869E-05,  1.0869E-05,  1.0869E-05,  1.0869E-05,  1.0869E-05,  1.0869E-05,  1.0869E-05,  1.0869E-05,  1.0869E-05,  1.0869E-05,  1.0869E-05,  1.0869E-05,  1.0869E-05,  1.0869E-05,  1.0869E-05,  1.0869E-05,  1.0869E-05,  1.8216E+00,  2.7520E-01,  9.9202E-04,  4.7211E-04,  2.1156E-03,  7.1328E-03,  1.8873E-03,  6.6880E-03,  1.6133E-04,  1.1079E-03,  2.4518E-04,  1.4234E-03,  2.6378E-04,  9.6740E-04,  4.1354E-05,  1.7141E-04,  3.6533E-05,  6.8720E-05,  6.5923E-05,  1.8254E-04,  3.5276E-05,  1.2408E-04,  6.6684E-05,  1.2820E-04,  7.8410E-05,  6.8643E-04,  3.6770E-06,  3.2097E-05,  9.5073E-11,  9.5059E-11,  9.5155E-11,  9.5183E-11,  9.5184E-11,  9.5254E-11,  9.5201E-11,  9.5260E-11,  9.5238E-11,  9.5231E-11,  9.5197E-11,  9.5198E-11,  9.5179E-11,  9.5202E-11,  9.5165E-11,  9.5218E-11,  9.5207E-11,  9.5241E-11,  9.5218E-11,  9.5277E-11,  9.5279E-11,  9.5317E-11,  9.5335E-11,  9.5412E-11,  9.5342E-11,  9.5386E-11,  9.5368E-11,  9.5410E-11,  9.5392E-11,  9.5367E-11,  9.5335E-11,  9.5353E-11,  9.5321E-11,  9.5379E-11,  9.5364E-11,  9.5417E-11,  9.5401E-11,  9.5422E-11,  9.5420E-11,  9.5419E-11,  9.5405E-11,  9.5432E-11,  9.5425E-11,  9.5441E-11,  9.5440E-11,  9.5447E-11,  9.5445E-11,  9.5467E-11,  9.5460E-11,  9.5465E-11,  9.5457E-11,  9.5472E-11,  9.5490E-11,  9.5493E-11,  9.5484E-11,  9.5451E-11,  9.5431E-11,  9.5551E-11,  9.5532E-11,  9.5537E-11,  9.5519E-11,  9.5547E-11,  9.5506E-11,  9.5557E-11
  2.2000E+02,  3.1427E+03,  2.6946E+02,  1.1153E+00,  6.6707E-01,  2.1567E+00,  7.2666E+00,  1.9860E+00,  6.9281E+00,  1.6014E-01,  1.1222E+00,  2.3270E-01,  1.4638E+00,  2.5883E-01,  1.0619E+00,  4.7385E-02,  2.0872E-01,  4.8099E-02,  9.7901E-02,  7.7753E-02,  1.9353E-01,  3.5718E-02,  1.1814E-01,  5.9085E-02,  1.2109E-01,  7.7025E-02,  7.9863E-01,  5.1280E-03,  3.9447E-02,  1.0866E-05,  1.0866E-05,  1.0867E-05,  1.0867E-05,  1.0867E-05,  1.0867E-05,  1.0867E-05,  1.0867E-05,  1.0867E-05,  1.0867E-05,  1.0867E-05,  1.0867E-05,  1.0867E-05,  1.0867E-05,  1.0867E-05,  1.0867E-05,  1.0867E-05,  1.0867E-05,  1.0867E-05,  1.0867E-05,  1.0867E-05,  1.0867E-05,  1.0867E-05,  1.0867E-05,  1.0867E-05,  1.0867E-05,  1.0867E-05,  1.0867E-05,  1.0867E-05,  1.0867E-05,  1.0867E-05,  1.0867E-05,  1.0867E-05,  1.0867E-05,  1.0867E-05,  1.0867E-05,  1.0867E-05,  1.0867E-05,  1.0867E-05,  1.0867E-05,  1.0867E-05,  1.0867E-05,  1.0867E-05,  1.0867E-05,  1.0867E-05,  1.0867E-05,  1.0867E-05,  1.0867E-05,  1.0867E-05,  1.0867E-05,  1.0867E-05,  1.0867E-05,  1.0867E-05,  1.0867E-05,  1.0867E-05,  1.0867E-05,  1.0867E-05,  1.0867E-05,  1.0867E-05,  1.0867E-05,  1.0867E-05,  1.0867E-05,  1.0867E-05,  1.0867E-05,  1.8673E+00,  2.7040E-01,  9.8505E-04,  4.8251E-04,  2.1099E-03,  7.0331E-03,  1.8788E-03,  6.5887E-03,  1.6049E-04,  1.0919E-03,  2.4189E-04,  1.4015E-03,  2.5987E-04,  9.5557E-04,  4.1577E-05,  1.7124E-04,  3.7262E-05,  7.0277E-05,  6.6590E-05,  1.8063E-04,  3.5008E-05,  1.2273E-04,  6.5398E-05,  1.2617E-04,  7.6923E-05,  6.8001E-04,  3.7268E-06,  3.1941E-05,  9.5234E-11,  9.5221E-11,  9.5312E-11,  9.5338E-11,  9.5339E-11,  9.5406E-11,  9.5356E-11,  9.5411E-11,  9.5391E-11,  9.5384E-11,  9.5352E-11,  9.5352E-11,  9.5335E-11,  9.5357E-11,  9.5322E-11,  9.5372E-11,  9.5361E-11,  9.5393E-11,  9.5372E-11,  9.5428E-11,  9.5429E-11,  9.5466E-11,  9.5483E-11,  9.5556E-11,  9.5489E-11,  9.5531E-11,  9.5514E-11,  9.5554E-11,  9.5537E-11,  9.5513E-11,  9.5482E-11,  9.5500E-11,  9.5470E-11,  9.5525E-11,  9.5510E-11,  9.5560E-11,  9.5546E-11,  9.5565E-11,  9.5564E-11,  9.5563E-11,  9.5549E-11,  9.5575E-11,  9.5568E-11,  9.5583E-11,  9.5582E-11,  9.5590E-11,  9.5587E-11,  9.5608E-11,  9.5601E-11,  9.5607E-11,  9.5599E-11,  9.5613E-11,  9.5630E-11,  9.5633E-11,  9.5624E-11,  9.5593E-11,  9.5574E-11,  9.5689E-11,  9.5670E-11,  9.5675E-11,  9.5658E-11,  9.5685E-11,  9.5645E-11,  9.5694E-11
  2.5000E+02,  3.0860E+03,  2.6147E+02,  1.0860E+00,  6.5246E-01,  2.0938E+00,  7.0584E+00,  1.9301E+00,  6.7331E+00,  1.5536E-01,  1.0898E+00,  2.2554E-01,  1.4223E+00,  2.5115E-01,  1.0335E+00,  4.6139E-02,  2.0361E-01,  4.6972E-02,  9.5771E-02,  7.5752E-02,  1.8817E-01,  3.4678E-02,  1.1450E-01,  5.7156E-02,  1.1736E-01,  7.4755E-02,  7.7844E-01,  5.0157E-03,  3.8496E-02,  1.0864E-05,  1.0864E-05,  1.0864E-05,  1.0864E-05,  1.0864E-05,  1.0864E-05,  1.0864E-05,  1.0864E-05,  1.0864E-05,  1.0864E-05,  1.0864E-05,  1.0864E-05,  1.0864E-05,  1.0864E-05,  1.0864E-05,  1.0864E-05,  1.0864E-05,  1.0864E-05,  1.0864E-05,  1.0864E-05,  1.0864E-05,  1.0864E-05,  1.0864E-05,  1.0864E-05,  1.0864E-05,  1.0864E-05,  1.0864E-05,  1.0864E-05,  1.0864E-05,  1.0864E-05,  1.0864E-05,  1.0864E-05,  1.0864E-05,  1.0864E-05,  1.0864E-05,  1.0864E-05,  1.0864E-05,  1.0864E-05,  1.0864E-05,  1.0864E-05,  1.0864E-05,  1.0864E-05,  1.0864E-05,  1.0864E-05,  1.0864E-05,  1.0864E-05,  1.0864E-05,  1.0864E-05,  1.0864E-05,  1.0864E-05,  1.0864E-05,  1.0864E-05,  1.0864E-05,  1.0864E-05,  1.0864E-05,  1.0864E-05,  1.0864E-05,  1.0865E-05,  1.0865E-05,  1.0865E-05,  1.0864E-05,  1.0865E-05,  1.0864E-05,  1.0865E-05,  1.9131E+00,  2.6202E-01,  9.6814E-04,  4.9199E-04,  2.0832E-03,  6.8461E-03,  1.8510E-03,  6.4072E-03,  1.5794E-04,  1.0623E-03,  2.3555E-04,  1.3619E-03,  2.5266E-04,  9.3258E-04,  4.1484E-05,  1.6958E-04,  3.7875E-05,  7.1713E-05,  6.6834E-05,  1.7662E-04,  3.4356E-05,  1.1991E-04,  6.3205E-05,  1.2251E-04,  7.4420E-05,  6.6638E-04,  3.7607E-06,  3.1484E-05,  9.5439E-11,  9.5427E-11,  9.5512E-11,  9.5536E-11,  9.5537E-11,  9.5600E-11,  9.5553E-11,  9.5605E-11,  9.5585E-11,  9.5579E-11,  9.5549E-11,  9.5550E-11,  9.5533E-11,  9.5554E-11,  9.5521E-11,  9.5568E-11,  9.5558E-11,  9.5588E-11,  9.5568E-11,  9.5620E-11,  9.5622E-11,  9.5656E-11,  9.5671E-11,  9.5740E-11,  9.5678E-11,  9.5717E-11,  9.5701E-11,  9.5738E-11,  9.5723E-11,  9.5700E-11,  9.5671E-11,  9.5688E-11,  9.5659E-11,  9.5711E-11,  9.5697E-11,  9.5744E-11,  9.5731E-11,  9.5749E-11,  9.5748E-11,  9.5747E-11,  9.5734E-11,  9.5758E-11,  9.5751E-11,  9.5766E-11,  9.5765E-11,  9.5772E-11,  9.5769E-11,  9.5789E-11,  9.5783E-11,  9.5788E-11,  9.5780E-11,  9.5794E-11,  9.5810E-11,  9.5813E-11,  9.5804E-11,  9.5775E-11,  9.5757E-11,  9.5865E-11,  9.5848E-11,  9.5853E-11,  9.5836E-11,  9.5862E-11,  9.5824E-11,  9.5870E-11
  2.8000E+02,  3.0283E+03,  2.5375E+02,  1.0573E+00,  6.3764E-01,  2.0319E+00,  6.8562E+00,  1.8752E+00,  6.5440E+00,  1.5068E-01,  1.0585E+00,  2.1859E-01,  1.3821E+00,  2.4369E-01,  1.0060E+00,  4.4901E-02,  1.9857E-01,  4.5833E-02,  9.3611E-02,  7.3753E-02,  1.8295E-01,  3.3660E-02,  1.1096E-01,  5.5295E-02,  1.1374E-01,  7.2563E-02,  7.5870E-01,  4.9029E-03,  3.7561E-02,  1.0861E-05,  1.0861E-05,  1.0861E-05,  1.0861E-05,  1.0861E-05,  1.0861E-05,  1.0861E-05,  1.0861E-05,  1.0861E-05,  1.0861E-05,  1.0861E-05,  1.0861E-05,  1.0861E-05,  1.0861E-05,  1.0861E-05,  1.0861E-05,  1.0861E-05,  1.0861E-05,  1.0861E-05,  1.0861E-05,  1.0861E-05,  1.0861E-05,  1.0861E-05,  1.0861E-05,  1.0861E-05,  1.0861E-05,  1.0861E-05,  1.0861E-05,  1.0861E-05,  1.0861E-05,  1.0861E-05,  1.0861E-05,  1.0861E-05,  1.0861E-05,  1.0861E-05,  1.0861E-05,  1.0861E-05,  1.0861E-05,  1.0861E-05,  1.0861E-05,  1.0861E-05,  1.0861E-05,  1.0861E-05,  1.0861E-05,  1.0861E-05,  1.0861E-05,  1.0861E-05,  1.0862E-05,  1.0861E-05,  1.0862E-05,  1.0861E-05,  1.0862E-05,  1.0862E-05,  1.0862E-05,  1.0862E-05,  1.0861E-05,  1.0861E-05,  1.0862E-05,  1.0862E-05,  1.0862E-05,  1.0862E-05,  1.0862E-05,  1.0862E-05,  1.0862E-05,  1.9363E+00,  2.5290E-01,  9.4630E-04,  4.9584E-04,  2.0419E-03,  6.6334E-03,  1.8111E-03,  6.2039E-03,  1.5435E-04,  1.0288E-03,  2.2824E-04,  1.3179E-03,  2.4455E-04,  9.0587E-04,  4.1028E-05,  1.6675E-04,  3.8049E-05,  7.2318E-05,  6.6421E-05,  1.7179E-04,  3.3511E-05,  1.1651E-04,  6.0855E-05,  1.1844E-04,  7.1759E-05,  6.4980E-04,  3.7582E-06,  3.0851E-05,  9.5611E-11,  9.5600E-11,  9.5680E-11,  9.5703E-11,  9.5704E-11,  9.5763E-11,  9.5719E-11,  9.5768E-11,  9.5749E-11,  9.5743E-11,  9.5715E-11,  9.5716E-11,  9.5700E-11,  9.5719E-11,  9.5689E-11,  9.5733E-11,  9.5723E-11,  9.5752E-11,  9.5733E-11,  9.5782E-11,  9.5784E-11,  9.5816E-11,  9.5831E-11,  9.5896E-11,  9.5837E-11,  9.5874E-11,  9.5859E-11,  9.5894E-11,  9.5880E-11,  9.5859E-11,  9.5831E-11,  9.5846E-11,  9.5819E-11,  9.5869E-11,  9.5856E-11,  9.5900E-11,  9.5887E-11,  9.5904E-11,  9.5903E-11,  9.5902E-11,  9.5890E-11,  9.5913E-11,  9.5907E-11,  9.5921E-11,  9.5919E-11,  9.5926E-11,  9.5924E-11,  9.5943E-11,  9.5937E-11,  9.5942E-11,  9.5934E-11,  9.5947E-11,  9.5962E-11,  9.5965E-11,  9.5957E-11,  9.5929E-11,  9.5912E-11,  9.6015E-11,  9.5998E-11,  9.6003E-11,  9.5987E-11,  9.6011E-11,  9.5976E-11,  9.6020E-11
  3.2000E+02,  2.9507E+03,  2.4388E+02,  1.0201E+00,  6.1783E-01,  1.9516E+00,  6.5969E+00,  1.8040E+00,  6.3015E+00,  1.4462E-01,  1.0183E+00,  2.0967E-01,  1.3307E+00,  2.3413E-01,  9.7050E-01,  4.3280E-02,  1.9199E-01,  4.4316E-02,  9.0720E-02,  7.1121E-02,  1.7622E-01,  3.2345E-02,  1.0640E-01,  5.2925E-02,  1.0912E-01,  6.9764E-02,  7.3319E-01,  4.7534E-03,  3.6347E-02,  1.0857E-05,  1.0857E-05,  1.0857E-05,  1.0857E-05,  1.0857E-05,  1.0857E-05,  1.0857E-05,  1.0857E-05,  1.0857E-05,  1.0857E-05,  1.0857E-05,  1.0857E-05,  1.0857E-05,  1.0857E-05,  1.0857E-05,  1.0857E-05,  1.0857E-05,  1.0857E-05,  1.0857E-05,  1.0857E-05,  1.0857E-05,  1.0857E-05,  1.0857E-05,  1.0858E-05,  1.0857E-05,  1.0858E-05,  1.0857E-05,  1.0858E-05,  1.0858E-05,  1.0857E-05,  1.0857E-05,  1.0857E-05,  1.0857E-05,  1.0857E-05,  1.0857E-05,  1.0858E-05,  1.0858E-05,  1.0858E-05,  1.0858E-05,  1.0858E-05,  1.0858E-05,  1.0858E-05,  1.0858E-05,  1.0858E-05,  1.0858E-05,  1.0858E-05,  1.0858E-05,  1.0858E-05,  1.0858E-05,  1.0858E-05,  1.0858E-05,  1.0858E-05,  1.0858E-05,  1.0858E-05,  1.0858E-05,  1.0858E-05,  1.0858E-05,  1.0858E-05,  1.0858E-05,  1.0858E-05,  1.0858E-05,  1.0858E-05,  1.0858E-05,  1.0858E-05,  1.9400E+00,  2.4039E-01,  9.1274E-04,  4.9462E-04,  1.9730E-03,  6.3327E-03,  1.7470E-03,  5.9194E-03,  1.4866E-04,  9.8169E-04,  2.1777E-04,  1.2567E-03,  2.3316E-04,  8.6763E-04,  4.0052E-05,  1.6190E-04,  3.7799E-05,  7.2189E-05,  6.5183E-05,  1.6473E-04,  3.2216E-05,  1.1150E-04,  5.7660E-05,  1.1276E-04,  6.8161E-05,  6.2531E-04,  3.7155E-06,  2.9851E-05,  9.5805E-11,  9.5794E-11,  9.5869E-11,  9.5890E-11,  9.5891E-11,  9.5947E-11,  9.5905E-11,  9.5951E-11,  9.5934E-11,  9.5928E-11,  9.5902E-11,  9.5902E-11,  9.5887E-11,  9.5906E-11,  9.5877E-11,  9.5918E-11,  9.5909E-11,  9.5936E-11,  9.5919E-11,  9.5965E-11,  9.5966E-11,  9.5997E-11,  9.6011E-11,  9.6072E-11,  9.6017E-11,  9.6052E-11,  9.6037E-11,  9.6071E-11,  9.6057E-11,  9.6037E-11,  9.6011E-11,  9.6025E-11,  9.6000E-11,  9.6046E-11,  9.6034E-11,  9.6076E-11,  9.6064E-11,  9.6080E-11,  9.6079E-11,  9.6078E-11,  9.6067E-11,  9.6088E-11,  9.6082E-11,  9.6095E-11,  9.6094E-11,  9.6101E-11,  9.6099E-11,  9.6116E-11,  9.6111E-11,  9.6115E-11,  9.6108E-11,  9.6121E-11,  9.6135E-11,  9.6138E-11,  9.6130E-11,  9.6103E-11,  9.6088E-11,  9.6185E-11,  9.6169E-11,  9.6173E-11,  9.6158E-11,  9.6182E-11,  9.6148E-11,  9.6189E-11
  3.5000E+02,  2.8927E+03,  2.3681E+02,  9.9317E-01,  6.0306E-01,  1.8933E+00,  6.4103E+00,  1.7524E+00,  6.1271E+00,  1.4023E-01,  9.8936E-01,  2.0325E-01,  1.2936E+00,  2.2727E-01,  9.4491E-01,  4.2092E-02,  1.8720E-01,  4.3188E-02,  8.8564E-02,  6.9185E-02,  1.7136E-01,  3.1394E-02,  1.0311E-01,  5.1230E-02,  1.0580E-01,  6.7759E-02,  7.1472E-01,  4.6427E-03,  3.5463E-02,  1.0854E-05,  1.0854E-05,  1.0854E-05,  1.0854E-05,  1.0854E-05,  1.0854E-05,  1.0854E-05,  1.0854E-05,  1.0854E-05,  1.0854E-05,  1.0854E-05,  1.0854E-05,  1.0854E-05,  1.0854E-05,  1.0854E-05,  1.0854E-05,  1.0854E-05,  1.0854E-05,  1.0854E-05,  1.0854E-05,  1.0854E-05,  1.0854E-05,  1.0855E-05,  1.0855E-05,  1.0855E-05,  1.0855E-05,  1.0855E-05,  1.0855E-05,  1.0855E-05,  1.0855E-05,  1.0855E-05,  1.0855E-05,  1.0854E-05,  1.0855E-05,  1.0855E-05,  1.0855E-05,  1.0855E-05,  1.0855E-05,  1.0855E-05,  1.0855E-05,  1.0855E-05,  1.0855E-05,  1.0855E-05,  1.0855E-05,  1.0855E-05,  1.0855E-05,  1.0855E-05,  1.0855E-05,  1.0855E-05,  1.0855E-05,  1.0855E-05,  1.0855E-05,  1.0855E-05,  1.0855E-05,  1.0855E-05,  1.0855E-05,  1.0855E-05,  1.0855E-05,  1.0855E-05,  1.0855E-05,  1.0855E-05,  1.0855E-05,  1.0855E-05,  1.0855E-05,  1.9276E+00,  2.3107E-01,  8.8584E-04,  4.9024E-04,  1.9154E-03,  6.1043E-03,  1.6945E-03,  5.7047E-03,  1.4402E-04,  9.4596E-04,  2.0976E-04,  1.2107E-03,  2.2453E-04,  8.3831E-04,  3.9144E-05,  1.5778E-04,  3.7353E-05,  7.1580E-05,  6.3909E-05,  1.5923E-04,  3.1182E-05,  1.0759E-04,  5.5292E-05,  1.0847E-04,  6.5503E-05,  6.0613E-04,  3.6630E-06,  2.9037E-05,  9.5929E-11,  9.5918E-11,  9.5991E-11,  9.6012E-11,  9.6012E-11,  9.6066E-11,  9.6026E-11,  9.6070E-11,  9.6053E-11,  9.6048E-11,  9.6022E-11,  9.6023E-11,  9.6009E-11,  9.6026E-11,  9.5998E-11,  9.6038E-11,  9.6029E-11,  9.6056E-11,  9.6038E-11,  9.6083E-11,  9.6085E-11,  9.6114E-11,  9.6127E-11,  9.6187E-11,  9.6133E-11,  9.6167E-11,  9.6153E-11,  9.6185E-11,  9.6172E-11,  9.6152E-11,  9.6127E-11,  9.6141E-11,  9.6117E-11,  9.6162E-11,  9.6150E-11,  9.6190E-11,  9.6179E-11,  9.6194E-11,  9.6193E-11,  9.6192E-11,  9.6181E-11,  9.6202E-11,  9.6196E-11,  9.6209E-11,  9.6208E-11,  9.6214E-11,  9.6212E-11,  9.6229E-11,  9.6224E-11,  9.6228E-11,  9.6222E-11,  9.6233E-11,  9.6247E-11,  9.6250E-11,  9.6243E-11,  9.6217E-11,  9.6202E-11,  9.6295E-11,  9.6280E-11,  9.6284E-11,  9.6270E-11,  9.6292E-11,  9.6260E-11,  9.6300E-11
  4.0000E+02,  2.7973E+03,  2.2563E+02,  9.5003E-01,  5.7884E-01,  1.8001E+00,  6.1144E+00,  1.6699E+00,  5.8507E+00,  1.3323E-01,  9.4352E-01,  1.9310E-01,  1.2350E+00,  2.1639E-01,  9.0420E-01,  4.0177E-02,  1.7949E-01,  4.1348E-02,  8.5027E-02,  6.6052E-02,  1.6363E-01,  2.9879E-02,  9.7893E-02,  4.8561E-02,  1.0055E-01,  6.4591E-02,  6.8522E-01,  4.4624E-03,  3.4047E-02,  1.0849E-05,  1.0849E-05,  1.0849E-05,  1.0849E-05,  1.0849E-05,  1.0850E-05,  1.0849E-05,  1.0850E-05,  1.0850E-05,  1.0850E-05,  1.0849E-05,  1.0849E-05,  1.0849E-05,  1.0849E-05,  1.0849E-05,  1.0849E-05,  1.0849E-05,  1.0850E-05,  1.0849E-05,  1.0850E-05,  1.0850E-05,  1.0850E-05,  1.0850E-05,  1.0850E-05,  1.0850E-05,  1.0850E-05,  1.0850E-05,  1.0850E-05,  1.0850E-05,  1.0850E-05,  1.0850E-05,  1.0850E-05,  1.0850E-05,  1.0850E-05,  1.0850E-05,  1.0850E-05,  1.0850E-05,  1.0850E-05,  1.0850E-05,  1.0850E-05,  1.0850E-05,  1.0850E-05,  1.0850E-05,  1.0850E-05,  1.0850E-05,  1.0850E-05,  1.0850E-05,  1.0850E-05,  1.0850E-05,  1.0850E-05,  1.0850E-05,  1.0850E-05,  1.0850E-05,  1.0850E-05,  1.0850E-05,  1.0850E-05,  1.0850E-05,  1.0850E-05,  1.0850E-05,  1.0850E-05,  1.0850E-05,  1.0850E-05,  1.0850E-05,  1.0850E-05,  1.8872E+00,  2.1606E-01,  8.3988E-04,  4.7839E-04,  1.8140E-03,  5.7303E-03,  1.6036E-03,  5.3548E-03,  1.3599E-04,  8.8760E-04,  1.9656E-04,  1.1358E-03,  2.1044E-04,  7.8997E-04,  3.7437E-05,  1.5047E-04,  3.6282E-05,  6.9893E-05,  6.1389E-05,  1.5006E-04,  2.9422E-05,  1.0106E-04,  5.1484E-05,  1.0149E-04,  6.1237E-05,  5.7391E-04,  3.5501E-06,  2.7630E-05,  9.6108E-11,  9.6098E-11,  9.6166E-11,  9.6186E-11,  9.6187E-11,  9.6237E-11,  9.6199E-11,  9.6241E-11,  9.6226E-11,  9.6220E-11,  9.6196E-11,  9.6197E-11,  9.6183E-11,  9.6200E-11,  9.6173E-11,  9.6211E-11,  9.6203E-11,  9.6228E-11,  9.6211E-11,  9.6254E-11,  9.6255E-11,  9.6283E-11,  9.6296E-11,  9.6352E-11,  9.6301E-11,  9.6333E-11,  9.6320E-11,  9.6351E-11,  9.6338E-11,  9.6319E-11,  9.6295E-11,  9.6309E-11,  9.6286E-11,  9.6328E-11,  9.6317E-11,  9.6356E-11,  9.6345E-11,  9.6359E-11,  9.6359E-11,  9.6358E-11,  9.6347E-11,  9.6367E-11,  9.6362E-11,  9.6373E-11,  9.6373E-11,  9.6378E-11,  9.6376E-11,  9.6393E-11,  9.6387E-11,  9.6392E-11,  9.6385E-11,  9.6397E-11,  9.6410E-11,  9.6412E-11,  9.6405E-11,  9.6381E-11,  9.6366E-11,  9.6456E-11,  9.6442E-11,  9.6445E-11,  9.6431E-11,  9.6453E-11,  9.6422E-11,  9.6460E-11
  4.5000E+02,  2.7044E+03,  2.1518E+02,  9.0918E-01,  5.5531E-01,  1.7119E+00,  5.8369E+00,  1.5920E+00,  5.5913E+00,  1.2663E-01,  9.0053E-01,  1.8358E-01,  1.1800E+00,  2.0621E-01,  8.6587E-01,  3.8351E-02,  1.7215E-01,  3.9567E-02,  8.1588E-02,  6.3053E-02,  1.5635E-01,  2.8452E-02,  9.2999E-02,  4.6076E-02,  9.5644E-02,  6.1629E-02,  6.5731E-01,  4.2882E-03,  3.2700E-02,  1.0844E-05,  1.0844E-05,  1.0845E-05,  1.0845E-05,  1.0845E-05,  1.0845E-05,  1.0845E-05,  1.0845E-05,  1.0845E-05,  1.0845E-05,  1.0845E-05,  1.0845E-05,  1.0845E-05,  1.0845E-05,  1.0845E-05,  1.0845E-05,  1.0845E-05,  1.0845E-05,  1.0845E-05,  1.0845E-05,  1.0845E-05,  1.0845E-05,  1.0845E-05,  1.0845E-05,  1.0845E-05,  1.0845E-05,  1.0845E-05,  1.0845E-05,  1.0845E-05,  1.0845E-05,  1.0845E-05,  1.0845E-05,  1.0845E-05,  1.0845E-05,  1.0845E-05,  1.0845E-05,  1.0845E-05,  1.0845E-05,  1.0845E-05,  1.0845E-05,  1.0845E-05,  1.0845E-05,  1.0845E-05,  1.0845E-05,  1.0845E-05,  1.0845E-05,  1.0845E-05,  1.0845E-05,  1.0845E-05,  1.0845E-05,  1.0845E-05,  1.0845E-05,  1.0845E-05,  1.0845E-05,  1.0845E-05,  1.0845E-05,  1.0845E-05,  1.0845E-05,  1.0845E-05,  1.0845E-05,  1.0845E-05,  1.0845E-05,  1.0845E-05,  1.0845E-05,  1.8312E+00,  2.0190E-01,  7.9397E-04,  4.6284E-04,  1.7113E-03,  5.3726E-03,  1.5126E-03,  5.0216E-03,  1.2796E-04,  8.3189E-04,  1.8388E-04,  1.0646E-03,  1.9698E-04,  7.4340E-04,  3.5612E-05,  1.4298E-04,  3.4949E-05,  6.7658E-05,  5.8590E-05,  1.4116E-04,  2.7681E-05,  9.4698E-05,  4.7909E-05,  9.4842E-05,  5.7233E-05,  5.4235E-04,  3.4180E-06,  2.6218E-05,  9.6260E-11,  9.6250E-11,  9.6316E-11,  9.6335E-11,  9.6335E-11,  9.6384E-11,  9.6347E-11,  9.6388E-11,  9.6373E-11,  9.6368E-11,  9.6344E-11,  9.6345E-11,  9.6332E-11,  9.6348E-11,  9.6323E-11,  9.6359E-11,  9.6351E-11,  9.6375E-11,  9.6359E-11,  9.6400E-11,  9.6401E-11,  9.6428E-11,  9.6440E-11,  9.6494E-11,  9.6445E-11,  9.6476E-11,  9.6464E-11,  9.6493E-11,  9.6481E-11,  9.6463E-11,  9.6440E-11,  9.6453E-11,  9.6430E-11,  9.6471E-11,  9.6460E-11,  9.6498E-11,  9.6487E-11,  9.6501E-11,  9.6500E-11,  9.6500E-11,  9.6490E-11,  9.6509E-11,  9.6503E-11,  9.6515E-11,  9.6514E-11,  9.6520E-11,  9.6518E-11,  9.6533E-11,  9.6528E-11,  9.6532E-11,  9.6526E-11,  9.6537E-11,  9.6550E-11,  9.6552E-11,  9.6546E-11,  9.6522E-11,  9.6508E-11,  9.6594E-11,  9.6580E-11,  9.6584E-11,  9.6571E-11,  9.6592E-11,  9.6561E-11,  9.6599E-11
  5.0000E+02,  2.6144E+03,  2.0542E+02,  8.7060E-01,  5.3261E-01,  1.6289E+00,  5.5767E+00,  1.5186E+00,  5.3480E+00,  1.2043E-01,  8.6025E-01,  1.7469E-01,  1.1284E+00,  1.9668E-01,  8.2980E-01,  3.6617E-02,  1.6519E-01,  3.7856E-02,  7.8270E-02,  6.0196E-02,  1.4950E-01,  2.7110E-02,  8.8417E-02,  4.3764E-02,  9.1058E-02,  5.8861E-02,  6.3096E-01,  4.1209E-03,  3.1424E-02,  1.0840E-05,  1.0840E-05,  1.0840E-05,  1.0840E-05,  1.0840E-05,  1.0840E-05,  1.0840E-05,  1.0840E-05,  1.0840E-05,  1.0840E-05,  1.0840E-05,  1.0840E-05,  1.0840E-05,  1.0840E-05,  1.0840E-05,  1.0840E-05,  1.0840E-05,  1.0840E-05,  1.0840E-05,  1.0840E-05,  1.0840E-05,  1.0840E-05,  1.0840E-05,  1.0840E-05,  1.0840E-05,  1.0840E-05,  1.0840E-05,  1.0840E-05,  1.0840E-05,  1.0840E-05,  1.0840E-05,  1.0840E-05,  1.0840E-05,  1.0840E-05,  1.0840E-05,  1.0840E-05,  1.0840E-05,  1.0840E-05,  1.0840E-05,  1.0840E-05,  1.0840E-05,  1.0840E-05,  1.0840E-05,  1.0840E-05,  1.0840E-05,  1.0840E-05,  1.0840E-05,  1.0840E-05,  1.0840E-05,  1.0840E-05,  1.0840E-05,  1.0840E-05,  1.0840E-05,  1.0840E-05,  1.0840E-05,  1.0840E-05,  1.0840E-05,  1.0840E-05,  1.0840E-05,  1.0840E-05,  1.0840E-05,  1.0840E-05,  1.0840E-05,  1.0840E-05,  1.7664E+00,  1.8871E-01,  7.4929E-04,  4.4502E-04,  1.6101E-03,  5.0355E-03,  1.4240E-03,  4.7083E-03,  1.2016E-04,  7.7952E-04,  1.7190E-04,  9.9783E-04,  1.8433E-04,  6.9924E-04,  3.3759E-05,  1.3556E-04,  3.3477E-05,  6.5085E-05,  5.5689E-05,  1.3268E-04,  2.6000E-05,  8.8613E-05,  4.4575E-05,  8.8584E-05,  5.3496E-05,  5.1200E-04,  3.2752E-06,  2.4840E-05,  9.6392E-11,  9.6383E-11,  9.6446E-11,  9.6464E-11,  9.6465E-11,  9.6512E-11,  9.6477E-11,  9.6516E-11,  9.6501E-11,  9.6496E-11,  9.6474E-11,  9.6474E-11,  9.6462E-11,  9.6477E-11,  9.6453E-11,  9.6488E-11,  9.6480E-11,  9.6503E-11,  9.6488E-11,  9.6527E-11,  9.6528E-11,  9.6554E-11,  9.6566E-11,  9.6619E-11,  9.6571E-11,  9.6601E-11,  9.6589E-11,  9.6618E-11,  9.6606E-11,  9.6588E-11,  9.6566E-11,  9.6579E-11,  9.6557E-11,  9.6597E-11,  9.6586E-11,  9.6622E-11,  9.6612E-11,  9.6626E-11,  9.6625E-11,  9.6624E-11,  9.6614E-11,  9.6633E-11,  9.6628E-11,  9.6639E-11,  9.6638E-11,  9.6643E-11,  9.6641E-11,  9.6657E-11,  9.6652E-11,  9.6656E-11,  9.6650E-11,  9.6661E-11,  9.6673E-11,  9.6675E-11,  9.6669E-11,  9.6646E-11,  9.6632E-11,  9.6716E-11,  9.6703E-11,  9.6707E-11,  9.6693E-11,  9.6714E-11,  9.6684E-11,  9.6720E-11
  5.5000E+02,  2.5279E+03,  1.9629E+02,  8.3421E-01,  5.1084E-01,  1.5508E+00,  5.3328E+00,  1.4495E+00,  5.1199E+00,  1.1461E-01,  8.2250E-01,  1.6638E-01,  1.0801E+00,  1.8775E-01,  7.9587E-01,  3.4975E-02,  1.5859E-01,  3.6221E-02,  7.5084E-02,  5.7484E-02,  1.4307E-01,  2.5850E-02,  8.4130E-02,  4.1612E-02,  8.6775E-02,  5.6273E-02,  6.0608E-01,  3.9608E-03,  3.0215E-02,  1.0835E-05,  1.0835E-05,  1.0835E-05,  1.0835E-05,  1.0835E-05,  1.0835E-05,  1.0835E-05,  1.0835E-05,  1.0835E-05,  1.0835E-05,  1.0835E-05,  1.0835E-05,  1.0835E-05,  1.0835E-05,  1.0835E-05,  1.0835E-05,  1.0835E-05,  1.0835E-05,  1.0835E-05,  1.0835E-05,  1.0835E-05,  1.0835E-05,  1.0835E-05,  1.0835E-05,  1.0835E-05,  1.0835E-05,  1.0835E-05,  1.0835E-05,  1.0835E-05,  1.0835E-05,  1.0835E-05,  1.0835E-05,  1.0835E-05,  1.0835E-05,  1.0835E-05,  1.0835E-05,  1.0835E-05,  1.0835E-05,  1.0835E-05,  1.0835E-05,  1.0835E-05,  1.0835E-05,  1.0835E-05,  1.0835E-05,  1.0835E-05,  1.0835E-05,  1.0835E-05,  1.0835E-05,  1.0835E-05,  1.0835E-05,  1.0835E-05,  1.0835E-05,  1.0836E-05,  1.0836E-05,  1.0836E-05,  1.0835E-05,  1.0835E-05,  1.0836E-05,  1.0836E-05,  1.0836E-05,  1.0836E-05,  1.0836E-05,  1.0836E-05,  1.0836E-05,  1.6975E+00,  1.7649E-01,  7.0649E-04,  4.2602E-04,  1.5125E-03,  4.7207E-03,  1.3392E-03,  4.4162E-03,  1.1269E-04,  7.3047E-04,  1.6066E-04,  9.3550E-04,  1.7250E-04,  6.5778E-04,  3.1923E-05,  1.2836E-04,  3.1933E-05,  6.2333E-05,  5.2769E-05,  1.2467E-04,  2.4398E-05,  8.2872E-05,  4.1491E-05,  8.2747E-05,  5.0030E-05,  4.8310E-04,  3.1283E-06,  2.3511E-05,  9.6510E-11,  9.6501E-11,  9.6562E-11,  9.6580E-11,  9.6580E-11,  9.6626E-11,  9.6592E-11,  9.6630E-11,  9.6615E-11,  9.6611E-11,  9.6589E-11,  9.6589E-11,  9.6577E-11,  9.6592E-11,  9.6568E-11,  9.6603E-11,  9.6595E-11,  9.6617E-11,  9.6603E-11,  9.6641E-11,  9.6642E-11,  9.6667E-11,  9.6679E-11,  9.6731E-11,  9.6684E-11,  9.6713E-11,  9.6701E-11,  9.6729E-11,  9.6717E-11,  9.6701E-11,  9.6679E-11,  9.6691E-11,  9.6670E-11,  9.6709E-11,  9.6698E-11,  9.6734E-11,  9.6723E-11,  9.6737E-11,  9.6736E-11,  9.6735E-11,  9.6726E-11,  9.6744E-11,  9.6739E-11,  9.6750E-11,  9.6749E-11,  9.6754E-11,  9.6752E-11,  9.6767E-11,  9.6762E-11,  9.6766E-11,  9.6761E-11,  9.6771E-11,  9.6783E-11,  9.6785E-11,  9.6779E-11,  9.6756E-11,  9.6743E-11,  9.6826E-11,  9.6812E-11,  9.6816E-11,  9.6803E-11,  9.6823E-11,  9.6794E-11,  9.6830E-11
  6.3000E+02,  2.3965E+03,  1.8288E+02,  7.8024E-01,  4.7800E-01,  1.4357E+00,  4.9735E+00,  1.3475E+00,  4.7836E+00,  1.0604E-01,  7.6692E-01,  1.5418E-01,  1.0089E+00,  1.7464E-01,  7.4569E-01,  3.2533E-02,  1.4876E-01,  3.3766E-02,  7.0278E-02,  5.3444E-02,  1.3356E-01,  2.3993E-02,  7.7837E-02,  3.8471E-02,  8.0494E-02,  5.2471E-02,  5.6914E-01,  3.7199E-03,  2.8414E-02,  1.0827E-05,  1.0827E-05,  1.0827E-05,  1.0827E-05,  1.0827E-05,  1.0827E-05,  1.0827E-05,  1.0827E-05,  1.0827E-05,  1.0827E-05,  1.0827E-05,  1.0827E-05,  1.0827E-05,  1.0827E-05,  1.0827E-05,  1.0827E-05,  1.0827E-05,  1.0827E-05,  1.0827E-05,  1.0827E-05,  1.0827E-05,  1.0827E-05,  1.0827E-05,  1.0828E-05,  1.0828E-05,  1.0828E-05,  1.0828E-05,  1.0828E-05,  1.0828E-05,  1.0828E-05,  1.0827E-05,  1.0828E-05,  1.0827E-05,  1.0828E-05,  1.0828E-05,  1.0828E-05,  1.0828E-05,  1.0828E-05,  1.0828E-05,  1.0828E-05,  1.0828E-05,  1.0828E-05,  1.0828E-05,  1.0828E-05,  1.0828E-05,  1.0828E-05,  1.0828E-05,  1.0828E-05,  1.0828E-05,  1.0828E-05,  1.0828E-05,  1.0828E-05,  1.0828E-05,  1.0828E-05,  1.0828E-05,  1.0828E-05,  1.0828E-05,  1.0828E-05,  1.0828E-05,  1.0828E-05,  1.0828E-05,  1.0828E-05,  1.0828E-05,  1.0828E-05,  1.5855E+00,  1.5880E-01,  6.4258E-04,  3.9486E-04,  1.3664E-03,  4.2609E-03,  1.2126E-03,  3.9903E-03,  1.0158E-04,  6.5904E-04,  1.4427E-04,  8.4481E-04,  1.5528E-04,  5.9684E-04,  2.9109E-05,  1.1746E-04,  2.9444E-05,  5.7810E-05,  4.8233E-05,  1.1289E-04,  2.2026E-05,  7.4447E-05,  3.7051E-05,  7.4272E-05,  4.5021E-05,  4.4024E-04,  2.8941E-06,  2.1514E-05,  9.6674E-11,  9.6665E-11,  9.6725E-11,  9.6741E-11,  9.6742E-11,  9.6786E-11,  9.6753E-11,  9.6790E-11,  9.6776E-11,  9.6771E-11,  9.6750E-11,  9.6751E-11,  9.6739E-11,  9.6753E-11,  9.6731E-11,  9.6763E-11,  9.6756E-11,  9.6778E-11,  9.6764E-11,  9.6801E-11,  9.6802E-11,  9.6827E-11,  9.6838E-11,  9.6887E-11,  9.6842E-11,  9.6871E-11,  9.6859E-11,  9.6886E-11,  9.6875E-11,  9.6859E-11,  9.6838E-11,  9.6849E-11,  9.6829E-11,  9.6866E-11,  9.6856E-11,  9.6890E-11,  9.6881E-11,  9.6894E-11,  9.6893E-11,  9.6892E-11,  9.6883E-11,  9.6901E-11,  9.6896E-11,  9.6907E-11,  9.6906E-11,  9.6911E-11,  9.6909E-11,  9.6924E-11,  9.6919E-11,  9.6923E-11,  9.6917E-11,  9.6927E-11,  9.6939E-11,  9.6942E-11,  9.6935E-11,  9.6913E-11,  9.6900E-11,  9.6980E-11,  9.6968E-11,  9.6971E-11,  9.6959E-11,  9.6978E-11,  9.6950E-11,  9.6984E-11
  7.1000E+02,  2.2741E+03,  1.7079E+02,  7.3116E-01,  4.4764E-01,  1.3317E+00,  4.6490E+00,  1.2550E+00,  4.4795E+00,  9.8309E-02,  7.1673E-01,  1.4322E-01,  9.4449E-01,  1.6283E-01,  7.0012E-01,  3.0309E-02,  1.3976E-01,  3.1507E-02,  6.5832E-02,  4.9756E-02,  1.2495E-01,  2.2316E-02,  7.2181E-02,  3.5662E-02,  7.4852E-02,  4.9045E-02,  5.3547E-01,  3.4973E-03,  2.6766E-02,  1.0819E-05,  1.0819E-05,  1.0819E-05,  1.0819E-05,  1.0819E-05,  1.0820E-05,  1.0820E-05,  1.0820E-05,  1.0820E-05,  1.0820E-05,  1.0820E-05,  1.0820E-05,  1.0819E-05,  1.0820E-05,  1.0819E-05,  1.0820E-05,  1.0820E-05,  1.0820E-05,  1.0820E-05,  1.0820E-05,  1.0820E-05,  1.0820E-05,  1.0820E-05,  1.0820E-05,  1.0820E-05,  1.0820E-05,  1.0820E-05,  1.0820E-05,  1.0820E-05,  1.0820E-05,  1.0820E-05,  1.0820E-05,  1.0820E-05,  1.0820E-05,  1.0820E-05,  1.0820E-05,  1.0820E-05,  1.0820E-05,  1.0820E-05,  1.0820E-05,  1.0820E-05,  1.0820E-05,  1.0820E-05,  1.0820E-05,  1.0820E-05,  1.0820E-05,  1.0820E-05,  1.0820E-05,  1.0820E-05,  1.0820E-05,  1.0820E-05,  1.0820E-05,  1.0820E-05,  1.0820E-05,  1.0820E-05,  1.0820E-05,  1.0820E-05,  1.0820E-05,  1.0820E-05,  1.0820E-05,  1.0820E-05,  1.0820E-05,  1.0820E-05,  1.0820E-05,  1.4764E+00,  1.4322E-01,  5.8458E-04,  3.6424E-04,  1.2338E-03,  3.8528E-03,  1.0981E-03,  3.6126E-03,  9.1572E-05,  5.9569E-04,  1.2976E-04,  7.6446E-04,  1.4004E-04,  5.4239E-04,  2.6496E-05,  1.0744E-04,  2.7034E-05,  5.3358E-05,  4.3974E-05,  1.0234E-04,  1.9892E-05,  6.6941E-05,  3.3165E-05,  6.6788E-05,  4.0612E-05,  4.0151E-04,  2.6689E-06,  1.9690E-05,  9.6817E-11,  9.6809E-11,  9.6866E-11,  9.6882E-11,  9.6883E-11,  9.6926E-11,  9.6894E-11,  9.6930E-11,  9.6916E-11,  9.6912E-11,  9.6891E-11,  9.6891E-11,  9.6880E-11,  9.6894E-11,  9.6872E-11,  9.6904E-11,  9.6897E-11,  9.6918E-11,  9.6904E-11,  9.6941E-11,  9.6942E-11,  9.6966E-11,  9.6976E-11,  9.7026E-11,  9.6981E-11,  9.7009E-11,  9.6998E-11,  9.7024E-11,  9.7013E-11,  9.6997E-11,  9.6976E-11,  9.6988E-11,  9.6968E-11,  9.7005E-11,  9.6995E-11,  9.7029E-11,  9.7019E-11,  9.7032E-11,  9.7031E-11,  9.7031E-11,  9.7021E-11,  9.7039E-11,  9.7034E-11,  9.7044E-11,  9.7044E-11,  9.7049E-11,  9.7047E-11,  9.7061E-11,  9.7057E-11,  9.7060E-11,  9.7055E-11,  9.7065E-11,  9.7076E-11,  9.7079E-11,  9.7072E-11,  9.7051E-11,  9.7038E-11,  9.7117E-11,  9.7104E-11,  9.7108E-11,  9.7096E-11,  9.7115E-11,  9.7087E-11,  9.7121E-11
  8.0000E+02,  2.1464E+03,  1.5859E+02,  6.8117E-01,  4.1632E-01,  1.2266E+00,  4.3204E+00,  1.1614E+00,  4.1712E+00,  9.0517E-02,  6.6593E-01,  1.3218E-01,  8.7926E-01,  1.5090E-01,  6.5374E-01,  2.8045E-02,  1.3055E-01,  2.9188E-02,  6.1243E-02,  4.5996E-02,  1.1622E-01,  2.0622E-02,  6.6491E-02,  3.2848E-02,  6.9172E-02,  4.5585E-02,  5.0109E-01,  3.2678E-03,  2.5077E-02,  1.0811E-05,  1.0811E-05,  1.0811E-05,  1.0811E-05,  1.0811E-05,  1.0811E-05,  1.0811E-05,  1.0811E-05,  1.0811E-05,  1.0811E-05,  1.0811E-05,  1.0811E-05,  1.0811E-05,  1.0811E-05,  1.0811E-05,  1.0811E-05,  1.0811E-05,  1.0811E-05,  1.0811E-05,  1.0811E-05,  1.0811E-05,  1.0811E-05,  1.0811E-05,  1.0811E-05,  1.0811E-05,  1.0811E-05,  1.0811E-05,  1.0811E-05,  1.0811E-05,  1.0811E-05,  1.0811E-05,  1.0811E-05,  1.0811E-05,  1.0811E-05,  1.0811E-05,  1.0811E-05,  1.0811E-05,  1.0811E-05,  1.0811E-05,  1.0811E-05,  1.0811E-05,  1.0811E-05,  1.0811E-05,  1.0811E-05,  1.0811E-05,  1.0811E-05,  1.0811E-05,  1.0811E-05,  1.0811E-05,  1.0811E-05,  1.0811E-05,  1.0811E-05,  1.0811E-05,  1.0811E-05,  1.0811E-05,  1.0811E-05,  1.0811E-05,  1.0811E-05,  1.0811E-05,  1.0811E-05,  1.0811E-05,  1.0811E-05,  1.0811E-05,  1.0811E-05,  1.3608E+00,  1.2792E-01,  5.2624E-04,  3.3161E-04,  1.1008E-03,  3.4493E-03,  9.8324E-04,  3.2391E-03,  8.1580E-05,  5.3309E-04,  1.1545E-04,  6.8508E-04,  1.2499E-04,  4.8818E-04,  2.3827E-05,  9.7242E-05,  2.4493E-05,  4.8605E-05,  3.9589E-05,  9.1837E-05,  1.7764E-05,  5.9515E-05,  2.9373E-05,  5.9428E-05,  3.6280E-05,  3.6262E-04,  2.4322E-06,  1.7840E-05,  9.6959E-11,  9.6950E-11,  9.7007E-11,  9.7023E-11,  9.7024E-11,  9.7066E-11,  9.7034E-11,  9.7069E-11,  9.7056E-11,  9.7052E-11,  9.7032E-11,  9.7032E-11,  9.7021E-11,  9.7035E-11,  9.7013E-11,  9.7044E-11,  9.7037E-11,  9.7058E-11,  9.7045E-11,  9.7080E-11,  9.7081E-11,  9.7105E-11,  9.7116E-11,  9.7165E-11,  9.7120E-11,  9.7148E-11,  9.7137E-11,  9.7163E-11,  9.7152E-11,  9.7136E-11,  9.7116E-11,  9.7127E-11,  9.7107E-11,  9.7144E-11,  9.7134E-11,  9.7167E-11,  9.7158E-11,  9.7171E-11,  9.7170E-11,  9.7169E-11,  9.7160E-11,  9.7177E-11,  9.7172E-11,  9.7183E-11,  9.7182E-11,  9.7187E-11,  9.7185E-11,  9.7200E-11,  9.7195E-11,  9.7199E-11,  9.7193E-11,  9.7203E-11,  9.7215E-11,  9.7217E-11,  9.7211E-11,  9.7189E-11,  9.7177E-11,  9.7256E-11,  9.7243E-11,  9.7247E-11,  9.7234E-11,  9.7253E-11,  9.7225E-11,  9.7260E-11
  9.0000E+02,  2.0162E+03,  1.4653E+02,  6.3139E-01,  3.8483E-01,  1.1230E+00,  3.9948E+00,  1.0686E+00,  3.8653E+00,  8.2842E-02,  6.1563E-01,  1.2132E-01,  8.1457E-01,  1.3912E-01,  6.0755E-01,  2.5793E-02,  1.2133E-01,  2.6867E-02,  5.6626E-02,  4.2254E-02,  1.0754E-01,  1.8948E-02,  6.0896E-02,  3.0090E-02,  6.3581E-02,  4.2164E-02,  4.6672E-01,  3.0366E-03,  2.3384E-02,  1.0801E-05,  1.0801E-05,  1.0801E-05,  1.0801E-05,  1.0801E-05,  1.0801E-05,  1.0801E-05,  1.0801E-05,  1.0801E-05,  1.0801E-05,  1.0801E-05,  1.0801E-05,  1.0801E-05,  1.0801E-05,  1.0801E-05,  1.0801E-05,  1.0801E-05,  1.0801E-05,  1.0801E-05,  1.0801E-05,  1.0801E-05,  1.0801E-05,  1.0801E-05,  1.0801E-05,  1.0801E-05,  1.0801E-05,  1.0801E-05,  1.0801E-05,  1.0801E-05,  1.0801E-05,  1.0801E-05,  1.0801E-05,  1.0801E-05,  1.0801E-05,  1.0801E-05,  1.0801E-05,  1.0801E-05,  1.0801E-05,  1.0801E-05,  1.0801E-05,  1.0801E-05,  1.0801E-05,  1.0801E-05,  1.0801E-05,  1.0801E-05,  1.0801E-05,  1.0801E-05,  1.0802E-05,  1.0801E-05,  1.0802E-05,  1.0801E-05,  1.0802E-05,  1.0802E-05,  1.0802E-05,  1.0802E-05,  1.0801E-05,  1.0801E-05,  1.0802E-05,  1.0802E-05,  1.0802E-05,  1.0802E-05,  1.0802E-05,  1.0802E-05,  1.0802E-05,  1.2429E+00,  1.1329E-01,  4.6935E-04,  2.9832E-04,  9.7170E-04,  3.0612E-03,  8.7174E-04,  2.8796E-03,  7.1925E-05,  4.7293E-04,  1.0174E-04,  6.0877E-04,  1.1058E-04,  4.3569E-04,  2.1195E-05,  8.7183E-05,  2.1926E-05,  4.3750E-05,  3.5238E-05,  8.1677E-05,  1.5708E-05,  5.2390E-05,  2.5777E-05,  5.2396E-05,  3.2140E-05,  3.2470E-04,  2.1927E-06,  1.6023E-05,  9.7099E-11,  9.7091E-11,  9.7147E-11,  9.7163E-11,  9.7163E-11,  9.7205E-11,  9.7174E-11,  9.7209E-11,  9.7196E-11,  9.7191E-11,  9.7171E-11,  9.7172E-11,  9.7160E-11,  9.7174E-11,  9.7152E-11,  9.7184E-11,  9.7177E-11,  9.7197E-11,  9.7184E-11,  9.7219E-11,  9.7220E-11,  9.7244E-11,  9.7255E-11,  9.7304E-11,  9.7260E-11,  9.7287E-11,  9.7276E-11,  9.7302E-11,  9.7291E-11,  9.7275E-11,  9.7255E-11,  9.7266E-11,  9.7247E-11,  9.7283E-11,  9.7273E-11,  9.7307E-11,  9.7297E-11,  9.7310E-11,  9.7309E-11,  9.7308E-11,  9.7299E-11,  9.7317E-11,  9.7312E-11,  9.7322E-11,  9.7321E-11,  9.7327E-11,  9.7325E-11,  9.7339E-11,  9.7335E-11,  9.7338E-11,  9.7333E-11,  9.7343E-11,  9.7354E-11,  9.7357E-11,  9.7351E-11,  9.7329E-11,  9.7316E-11,  9.7396E-11,  9.7383E-11,  9.7386E-11,  9.7374E-11,  9.7393E-11,  9.7365E-11,  9.7400E-11
  1.0000E+03,  1.8972E+03,  1.3583E+02,  5.8693E-01,  3.5649E-01,  1.0314E+00,  3.7054E+00,  9.8628E-01,  3.5928E+00,  7.6065E-02,  5.7093E-01,  1.1174E-01,  7.5698E-01,  1.2869E-01,  5.6626E-01,  2.3789E-02,  1.1306E-01,  2.4789E-02,  5.2469E-02,  3.8922E-02,  9.9813E-02,  1.7466E-02,  5.5962E-02,  2.7665E-02,  5.8641E-02,  3.9127E-02,  4.3591E-01,  2.8280E-03,  2.1862E-02,  1.0791E-05,  1.0791E-05,  1.0791E-05,  1.0791E-05,  1.0791E-05,  1.0791E-05,  1.0791E-05,  1.0791E-05,  1.0791E-05,  1.0791E-05,  1.0791E-05,  1.0791E-05,  1.0791E-05,  1.0791E-05,  1.0791E-05,  1.0791E-05,  1.0791E-05,  1.0791E-05,  1.0791E-05,  1.0791E-05,  1.0791E-05,  1.0792E-05,  1.0792E-05,  1.0792E-05,  1.0792E-05,  1.0792E-05,  1.0792E-05,  1.0792E-05,  1.0792E-05,  1.0792E-05,  1.0792E-05,  1.0792E-05,  1.0792E-05,  1.0792E-05,  1.0792E-05,  1.0792E-05,  1.0792E-05,  1.0792E-05,  1.0792E-05,  1.0792E-05,  1.0792E-05,  1.0792E-05,  1.0792E-05,  1.0792E-05,  1.0792E-05,  1.0792E-05,  1.0792E-05,  1.0792E-05,  1.0792E-05,  1.0792E-05,  1.0792E-05,  1.0792E-05,  1.0792E-05,  1.0792E-05,  1.0792E-05,  1.0792E-05,  1.0792E-05,  1.0792E-05,  1.0792E-05,  1.0792E-05,  1.0792E-05,  1.0792E-05,  1.0792E-05,  1.0792E-05,  1.1362E+00,  1.0075E-01,  4.1985E-04,  2.6836E-04,  8.6020E-04,  2.7273E-03,  7.7514E-04,  2.5701E-03,  6.3609E-05,  4.2118E-04,  9.0022E-05,  5.4309E-04,  9.8203E-05,  3.9023E-04,  1.8889E-05,  7.8351E-05,  1.9634E-05,  3.9375E-05,  3.1410E-05,  7.2892E-05,  1.3934E-05,  4.6288E-05,  2.2725E-05,  4.6387E-05,  2.8594E-05,  2.9164E-04,  1.9784E-06,  1.4428E-05,  9.7226E-11,  9.7218E-11,  9.7273E-11,  9.7289E-11,  9.7290E-11,  9.7333E-11,  9.7301E-11,  9.7336E-11,  9.7323E-11,  9.7318E-11,  9.7298E-11,  9.7298E-11,  9.7287E-11,  9.7301E-11,  9.7279E-11,  9.7310E-11,  9.7304E-11,  9.7324E-11,  9.7311E-11,  9.7347E-11,  9.7348E-11,  9.7372E-11,  9.7383E-11,  9.7432E-11,  9.7387E-11,  9.7415E-11,  9.7404E-11,  9.7430E-11,  9.7419E-11,  9.7403E-11,  9.7382E-11,  9.7394E-11,  9.7374E-11,  9.7411E-11,  9.7401E-11,  9.7435E-11,  9.7425E-11,  9.7438E-11,  9.7438E-11,  9.7437E-11,  9.7428E-11,  9.7445E-11,  9.7440E-11,  9.7451E-11,  9.7450E-11,  9.7455E-11,  9.7454E-11,  9.7468E-11,  9.7464E-11,  9.7467E-11,  9.7462E-11,  9.7472E-11,  9.7484E-11,  9.7486E-11,  9.7480E-11,  9.7458E-11,  9.7445E-11,  9.7526E-11,  9.7513E-11,  9.7516E-11,  9.7504E-11,  9.7524E-11,  9.7495E-11,  9.7530E-11
  1.1000E+03,  1.7884E+03,  1.2629E+02,  5.4710E-01,  3.3099E-01,  9.5019E-01,  3.4471E+00,  9.1294E-01,  3.3491E+00,  7.0062E-02,  5.3104E-01,  1.0324E-01,  7.0550E-01,  1.1940E-01,  5.2921E-01,  2.2001E-02,  1.0561E-01,  2.2927E-02,  4.8727E-02,  3.5948E-02,  9.2904E-02,  1.6149E-02,  5.1594E-02,  2.5523E-02,  5.4260E-02,  3.6420E-02,  4.0818E-01,  2.6397E-03,  2.0489E-02,  1.0781E-05,  1.0781E-05,  1.0782E-05,  1.0782E-05,  1.0782E-05,  1.0782E-05,  1.0782E-05,  1.0782E-05,  1.0782E-05,  1.0782E-05,  1.0782E-05,  1.0782E-05,  1.0782E-05,  1.0782E-05,  1.0782E-05,  1.0782E-05,  1.0782E-05,  1.0782E-05,  1.0782E-05,  1.0782E-05,  1.0782E-05,  1.0782E-05,  1.0782E-05,  1.0782E-05,  1.0782E-05,  1.0782E-05,  1.0782E-05,  1.0782E-05,  1.0782E-05,  1.0782E-05,  1.0782E-05,  1.0782E-05,  1.0782E-05,  1.0782E-05,  1.0782E-05,  1.0782E-05,  1.0782E-05,  1.0782E-05,  1.0782E-05,  1.0782E-05,  1.0782E-05,  1.0782E-05,  1.0782E-05,  1.0782E-05,  1.0782E-05,  1.0782E-05,  1.0782E-05,  1.0782E-05,  1.0782E-05,  1.0782E-05,  1.0782E-05,  1.0782E-05,  1.0782E-05,  1.0782E-05,  1.0782E-05,  1.0782E-05,  1.0782E-05,  1.0782E-05,  1.0782E-05,  1.0782E-05,  1.0782E-05,  1.0782E-05,  1.0782E-05,  1.0782E-05,  1.0403E+00,  8.9984E-02,  3.7681E-04,  2.4167E-04,  7.6395E-04,  2.4392E-03,  6.9150E-04,  2.3028E-03,  5.6448E-05,  3.7658E-04,  7.9971E-05,  4.8643E-04,  8.7576E-05,  3.5078E-04,  1.6877E-05,  7.0606E-05,  1.7605E-05,  3.5475E-05,  2.8058E-05,  6.5287E-05,  1.2405E-05,  4.1056E-05,  2.0125E-05,  4.1239E-05,  2.5550E-05,  2.6284E-04,  1.7878E-06,  1.3031E-05,  9.7343E-11,  9.7335E-11,  9.7391E-11,  9.7407E-11,  9.7408E-11,  9.7451E-11,  9.7419E-11,  9.7454E-11,  9.7441E-11,  9.7436E-11,  9.7416E-11,  9.7416E-11,  9.7405E-11,  9.7419E-11,  9.7397E-11,  9.7429E-11,  9.7422E-11,  9.7443E-11,  9.7429E-11,  9.7465E-11,  9.7466E-11,  9.7491E-11,  9.7502E-11,  9.7553E-11,  9.7507E-11,  9.7536E-11,  9.7524E-11,  9.7551E-11,  9.7540E-11,  9.7523E-11,  9.7502E-11,  9.7514E-11,  9.7493E-11,  9.7531E-11,  9.7521E-11,  9.7556E-11,  9.7546E-11,  9.7559E-11,  9.7559E-11,  9.7558E-11,  9.7548E-11,  9.7567E-11,  9.7561E-11,  9.7573E-11,  9.7572E-11,  9.7577E-11,  9.7575E-11,  9.7591E-11,  9.7586E-11,  9.7590E-11,  9.7584E-11,  9.7595E-11,  9.7607E-11,  9.7609E-11,  9.7603E-11,  9.7580E-11,  9.7566E-11,  9.7651E-11,  9.7637E-11,  9.7641E-11,  9.7628E-11,  9.7649E-11,  9.7618E-11,  9.7656E-11
  1.2000E+03,  1.6887E+03,  1.1776E+02,  5.1129E-01,  3.0801E-01,  8.7796E-01,  3.2156E+00,  8.4742E-01,  3.1304E+00,  6.4726E-02,  4.9531E-01,  9.5671E-02,  6.5932E-01,  1.1110E-01,  4.9585E-01,  2.0401E-02,  9.8887E-02,  2.1256E-02,  4.5353E-02,  3.3289E-02,  8.6706E-02,  1.4974E-02,  4.7714E-02,  2.3621E-02,  5.0358E-02,  3.3997E-02,  3.8316E-01,  2.4694E-03,  1.9247E-02,  1.0772E-05,  1.0772E-05,  1.0772E-05,  1.0772E-05,  1.0772E-05,  1.0772E-05,  1.0772E-05,  1.0772E-05,  1.0772E-05,  1.0772E-05,  1.0772E-05,  1.0772E-05,  1.0772E-05,  1.0772E-05,  1.0772E-05,  1.0772E-05,  1.0772E-05,  1.0772E-05,  1.0772E-05,  1.0772E-05,  1.0772E-05,  1.0772E-05,  1.0772E-05,  1.0772E-05,  1.0772E-05,  1.0772E-05,  1.0772E-05,  1.0772E-05,  1.0772E-05,  1.0772E-05,  1.0772E-05,  1.0772E-05,  1.0772E-05,  1.0772E-05,  1.0772E-05,  1.0772E-05,  1.0772E-05,  1.0772E-05,  1.0772E-05,  1.0772E-05,  1.0772E-05,  1.0772E-05,  1.0772E-05,  1.0772E-05,  1.0772E-05,  1.0772E-05,  1.0772E-05,  1.0772E-05,  1.0772E-05,  1.0772E-05,  1.0772E-05,  1.0772E-05,  1.0772E-05,  1.0772E-05,  1.0772E-05,  1.0772E-05,  1.0772E-05,  1.0772E-05,  1.0772E-05,  1.0772E-05,  1.0772E-05,  1.0772E-05,  1.0772E-05,  1.0772E-05,  9.5414E-01,  8.0684E-02,  3.3929E-04,  2.1800E-04,  6.8074E-04,  2.1897E-03,  6.1893E-04,  2.0710E-03,  5.0270E-05,  3.3798E-04,  7.1321E-05,  4.3732E-04,  7.8398E-05,  3.1642E-04,  1.5120E-05,  6.3807E-05,  1.5815E-05,  3.2011E-05,  2.5127E-05,  5.8681E-05,  1.1083E-05,  3.6555E-05,  1.7901E-05,  3.6810E-05,  2.2921E-05,  2.3765E-04,  1.6187E-06,  1.1803E-05,  9.7453E-11,  9.7444E-11,  9.7501E-11,  9.7518E-11,  9.7519E-11,  9.7564E-11,  9.7530E-11,  9.7567E-11,  9.7553E-11,  9.7549E-11,  9.7527E-11,  9.7528E-11,  9.7516E-11,  9.7531E-11,  9.7508E-11,  9.7541E-11,  9.7533E-11,  9.7555E-11,  9.7541E-11,  9.7579E-11,  9.7580E-11,  9.7605E-11,  9.7617E-11,  9.7670E-11,  9.7622E-11,  9.7652E-11,  9.7640E-11,  9.7669E-11,  9.7656E-11,  9.7639E-11,  9.7617E-11,  9.7629E-11,  9.7608E-11,  9.7647E-11,  9.7637E-11,  9.7674E-11,  9.7663E-11,  9.7677E-11,  9.7676E-11,  9.7676E-11,  9.7665E-11,  9.7685E-11,  9.7679E-11,  9.7691E-11,  9.7690E-11,  9.7696E-11,  9.7694E-11,  9.7711E-11,  9.7705E-11,  9.7710E-11,  9.7703E-11,  9.7715E-11,  9.7728E-11,  9.7731E-11,  9.7724E-11,  9.7699E-11,  9.7684E-11,  9.7778E-11,  9.7762E-11,  9.7766E-11,  9.7751E-11,  9.7775E-11,  9.7741E-11,  9.7783E-11
  1.4000E+03,  1.5125E+03,  1.0313E+02,  4.4958E-01,  2.6836E-01,  7.5527E-01,  2.8183E+00,  7.3545E-01,  2.7540E+00,  5.5670E-02,  4.3399E-01,  8.2801E-02,  5.7985E-01,  9.6905E-02,  4.3819E-01,  1.7665E-02,  8.7250E-02,  1.8389E-02,  3.9528E-02,  2.8745E-02,  7.6048E-02,  1.2972E-02,  4.1127E-02,  2.0397E-02,  4.3709E-02,  2.9838E-02,  3.3977E-01,  2.1739E-03,  1.7089E-02,  1.0752E-05,  1.0752E-05,  1.0752E-05,  1.0752E-05,  1.0752E-05,  1.0752E-05,  1.0752E-05,  1.0752E-05,  1.0752E-05,  1.0752E-05,  1.0752E-05,  1.0752E-05,  1.0752E-05,  1.0752E-05,  1.0752E-05,  1.0752E-05,  1.0752E-05,  1.0752E-05,  1.0752E-05,  1.0752E-05,  1.0752E-05,  1.0752E-05,  1.0753E-05,  1.0753E-05,  1.0753E-05,  1.0753E-05,  1.0753E-05,  1.0753E-05,  1.0753E-05,  1.0753E-05,  1.0753E-05,  1.0753E-05,  1.0752E-05,  1.0753E-05,  1.0753E-05,  1.0753E-05,  1.0753E-05,  1.0753E-05,  1.0753E-05,  1.0753E-05,  1.0753E-05,  1.0753E-05,  1.0753E-05,  1.0753E-05,  1.0753E-05,  1.0753E-05,  1.0753E-05,  1.0753E-05,  1.0753E-05,  1.0753E-05,  1.0753E-05,  1.0753E-05,  1.0753E-05,  1.0753E-05,  1.0753E-05,  1.0753E-05,  1.0753E-05,  1.0753E-05,  1.0753E-05,  1.0753E-05,  1.0753E-05,  1.0753E-05,  1.0753E-05,  1.0753E-05,  8.0730E-01,  6.5609E-02,  2.7784E-04,  1.7853E-04,  5.4613E-04,  1.7840E-03,  5.0083E-04,  1.6932E-03,  4.0293E-05,  2.7523E-04,  5.7377E-05,  3.5734E-04,  6.3536E-05,  2.6012E-04,  1.2242E-05,  5.2565E-05,  1.2852E-05,  2.6231E-05,  2.0319E-05,  4.7899E-05,  8.9404E-06,  2.9308E-05,  1.4339E-05,  2.9672E-05,  1.8663E-05,  1.9618E-04,  1.3363E-06,  9.7719E-06,  9.7660E-11,  9.7651E-11,  9.7714E-11,  9.7733E-11,  9.7734E-11,  9.7786E-11,  9.7746E-11,  9.7790E-11,  9.7773E-11,  9.7768E-11,  9.7743E-11,  9.7744E-11,  9.7731E-11,  9.7747E-11,  9.7721E-11,  9.7758E-11,  9.7750E-11,  9.7776E-11,  9.7759E-11,  9.7804E-11,  9.7805E-11,  9.7838E-11,  9.7853E-11,  9.7921E-11,  9.7860E-11,  9.7898E-11,  9.7883E-11,  9.7919E-11,  9.7904E-11,  9.7882E-11,  9.7853E-11,  9.7869E-11,  9.7842E-11,  9.7893E-11,  9.7879E-11,  9.7924E-11,  9.7911E-11,  9.7929E-11,  9.7928E-11,  9.7927E-11,  9.7915E-11,  9.7938E-11,  9.7931E-11,  9.7945E-11,  9.7944E-11,  9.7951E-11,  9.7948E-11,  9.7967E-11,  9.7961E-11,  9.7966E-11,  9.7959E-11,  9.7972E-11,  9.7986E-11,  9.7989E-11,  9.7981E-11,  9.7953E-11,  9.7937E-11,  9.8037E-11,  9.8022E-11,  9.8026E-11,  9.8011E-11,  9.8034E-11,  9.8000E-11,  9.8042E-11
  1.6000E+03,  1.3630E+03,  9.1160E+01,  3.9875E-01,  2.3574E-01,  6.5625E-01,  2.4926E+00,  6.4432E-01,  2.4444E+00,  4.8367E-02,  3.8375E-01,  7.2382E-02,  5.1452E-01,  8.5330E-02,  3.9053E-01,  1.5438E-02,  7.7613E-02,  1.6049E-02,  3.4735E-02,  2.5051E-02,  6.7297E-02,  1.1347E-02,  3.5813E-02,  1.7797E-02,  3.8316E-02,  2.6431E-02,  3.0376E-01,  1.9288E-03,  1.5294E-02,  1.0733E-05,  1.0733E-05,  1.0733E-05,  1.0733E-05,  1.0733E-05,  1.0733E-05,  1.0733E-05,  1.0733E-05,  1.0733E-05,  1.0733E-05,  1.0733E-05,  1.0733E-05,  1.0733E-05,  1.0733E-05,  1.0733E-05,  1.0733E-05,  1.0733E-05,  1.0733E-05,  1.0733E-05,  1.0733E-05,  1.0733E-05,  1.0733E-05,  1.0733E-05,  1.0733E-05,  1.0733E-05,  1.0733E-05,  1.0733E-05,  1.0733E-05,  1.0733E-05,  1.0733E-05,  1.0733E-05,  1.0733E-05,  1.0733E-05,  1.0733E-05,  1.0733E-05,  1.0733E-05,  1.0733E-05,  1.0733E-05,  1.0733E-05,  1.0733E-05,  1.0733E-05,  1.0733E-05,  1.0733E-05,  1.0733E-05,  1.0733E-05,  1.0733E-05,  1.0733E-05,  1.0733E-05,  1.0733E-05,  1.0733E-05,  1.0733E-05,  1.0733E-05,  1.0733E-05,  1.0733E-05,  1.0733E-05,  1.0733E-05,  1.0733E-05,  1.0733E-05,  1.0733E-05,  1.0733E-05,  1.0733E-05,  1.0733E-05,  1.0733E-05,  1.0733E-05,  6.8842E-01,  5.4094E-02,  2.3043E-04,  1.4762E-04,  4.4403E-04,  1.4729E-03,  4.1048E-04,  1.4028E-03,  3.2737E-05,  2.2716E-04,  4.6818E-05,  2.9592E-04,  5.2210E-05,  2.1654E-04,  1.0031E-05,  4.3798E-05,  1.0551E-05,  2.1701E-05,  1.6619E-05,  3.9604E-05,  7.3101E-06,  2.3837E-05,  1.1662E-05,  2.4267E-05,  1.5413E-05,  1.6394E-04,  1.1143E-06,  8.1839E-06,  9.7878E-11,  9.7867E-11,  9.7942E-11,  9.7964E-11,  9.7965E-11,  9.8018E-11,  9.7978E-11,  9.8022E-11,  9.8006E-11,  9.8000E-11,  9.7975E-11,  9.7975E-11,  9.7961E-11,  9.7978E-11,  9.7950E-11,  9.7991E-11,  9.7982E-11,  9.8008E-11,  9.7991E-11,  9.8035E-11,  9.8036E-11,  9.8065E-11,  9.8077E-11,  9.8133E-11,  9.8083E-11,  9.8115E-11,  9.8102E-11,  9.8132E-11,  9.8119E-11,  9.8101E-11,  9.8077E-11,  9.8091E-11,  9.8067E-11,  9.8110E-11,  9.8099E-11,  9.8137E-11,  9.8126E-11,  9.8140E-11,  9.8139E-11,  9.8139E-11,  9.8128E-11,  9.8148E-11,  9.8142E-11,  9.8154E-11,  9.8153E-11,  9.8159E-11,  9.8157E-11,  9.8172E-11,  9.8167E-11,  9.8171E-11,  9.8165E-11,  9.8176E-11,  9.8188E-11,  9.8190E-11,  9.8184E-11,  9.8161E-11,  9.8147E-11,  9.8229E-11,  9.8216E-11,  9.8219E-11,  9.8207E-11,  9.8226E-11,  9.8198E-11,  9.8232E-11
  1.8000E+03,  1.2350E+03,  8.1234E+01,  3.5639E-01,  2.0866E-01,  5.7530E-01,  2.2222E+00,  5.6922E-01,  2.1865E+00,  4.2400E-02,  3.4205E-01,  6.3830E-02,  4.6013E-01,  7.5764E-02,  3.5064E-01,  1.3603E-02,  6.9545E-02,  1.4119E-02,  3.0753E-02,  2.2014E-02,  6.0023E-02,  1.0011E-02,  3.1466E-02,  1.5670E-02,  3.3879E-02,  2.3601E-02,  2.7352E-01,  1.7236E-03,  1.3783E-02,  1.0713E-05,  1.0713E-05,  1.0713E-05,  1.0713E-05,  1.0713E-05,  1.0713E-05,  1.0713E-05,  1.0713E-05,  1.0713E-05,  1.0713E-05,  1.0713E-05,  1.0713E-05,  1.0713E-05,  1.0713E-05,  1.0713E-05,  1.0713E-05,  1.0713E-05,  1.0713E-05,  1.0713E-05,  1.0713E-05,  1.0713E-05,  1.0713E-05,  1.0713E-05,  1.0713E-05,  1.0713E-05,  1.0713E-05,  1.0713E-05,  1.0713E-05,  1.0713E-05,  1.0713E-05,  1.0713E-05,  1.0713E-05,  1.0713E-05,  1.0713E-05,  1.0713E-05,  1.0713E-05,  1.0713E-05,  1.0713E-05,  1.0713E-05,  1.0713E-05,  1.0713E-05,  1.0713E-05,  1.0713E-05,  1.0713E-05,  1.0713E-05,  1.0713E-05,  1.0713E-05,  1.0713E-05,  1.0713E-05,  1.0713E-05,  1.0713E-05,  1.0713E-05,  1.0713E-05,  1.0713E-05,  1.0713E-05,  1.0713E-05,  1.0713E-05,  1.0713E-05,  1.0713E-05,  1.0713E-05,  1.0713E-05,  1.0713E-05,  1.0713E-05,  1.0713E-05,  5.9136E-01,  4.5161E-02,  1.9321E-04,  1.2320E-04,  3.6547E-04,  1.2310E-03,  3.4047E-04,  1.1763E-03,  2.6936E-05,  1.8980E-04,  3.8700E-05,  2.4804E-04,  4.3448E-05,  1.8236E-04,  8.3127E-06,  3.6885E-05,  8.7505E-06,  1.8120E-05,  1.3745E-05,  3.3136E-05,  6.0510E-06,  1.9635E-05,  9.6116E-06,  2.0102E-05,  1.2887E-05,  1.3852E-04,  9.3802E-07,  6.9280E-06,  9.8078E-11,  9.8068E-11,  9.8133E-11,  9.8151E-11,  9.8151E-11,  9.8196E-11,  9.8163E-11,  9.8199E-11,  9.8186E-11,  9.8181E-11,  9.8160E-11,  9.8160E-11,  9.8148E-11,  9.8163E-11,  9.8139E-11,  9.8173E-11,  9.8166E-11,  9.8187E-11,  9.8173E-11,  9.8210E-11,  9.8211E-11,  9.8235E-11,  9.8245E-11,  9.8293E-11,  9.8250E-11,  9.8277E-11,  9.8266E-11,  9.8291E-11,  9.8281E-11,  9.8265E-11,  9.8245E-11,  9.8256E-11,  9.8237E-11,  9.8273E-11,  9.8263E-11,  9.8295E-11,  9.8286E-11,  9.8298E-11,  9.8298E-11,  9.8297E-11,  9.8288E-11,  9.8305E-11,  9.8300E-11,  9.8310E-11,  9.8309E-11,  9.8314E-11,  9.8312E-11,  9.8326E-11,  9.8322E-11,  9.8325E-11,  9.8320E-11,  9.8329E-11,  9.8340E-11,  9.8342E-11,  9.8336E-11,  9.8316E-11,  9.8304E-11,  9.8377E-11,  9.8365E-11,  9.8368E-11,  9.8357E-11,  9.8375E-11,  9.8349E-11,  9.8380E-11
  2.0000E+03,  1.1247E+03,  7.2906E+01,  3.2071E-01,  1.8597E-01,  5.0835E-01,  1.9951E+00,  5.0663E-01,  1.9692E+00,  3.7466E-02,  3.0704E-01,  5.6725E-02,  4.1431E-01,  6.7765E-02,  3.1688E-01,  1.2076E-02,  6.2720E-02,  1.2511E-02,  2.7415E-02,  1.9492E-02,  5.3908E-02,  8.8995E-03,  2.7867E-02,  1.3907E-02,  3.0185E-02,  2.1223E-02,  2.4785E-01,  1.5501E-03,  1.2498E-02,  1.0693E-05,  1.0693E-05,  1.0693E-05,  1.0693E-05,  1.0693E-05,  1.0694E-05,  1.0694E-05,  1.0694E-05,  1.0694E-05,  1.0694E-05,  1.0693E-05,  1.0694E-05,  1.0693E-05,  1.0694E-05,  1.0693E-05,  1.0694E-05,  1.0694E-05,  1.0694E-05,  1.0694E-05,  1.0694E-05,  1.0694E-05,  1.0694E-05,  1.0694E-05,  1.0694E-05,  1.0694E-05,  1.0694E-05,  1.0694E-05,  1.0694E-05,  1.0694E-05,  1.0694E-05,  1.0694E-05,  1.0694E-05,  1.0694E-05,  1.0694E-05,  1.0694E-05,  1.0694E-05,  1.0694E-05,  1.0694E-05,  1.0694E-05,  1.0694E-05,  1.0694E-05,  1.0694E-05,  1.0694E-05,  1.0694E-05,  1.0694E-05,  1.0694E-05,  1.0694E-05,  1.0694E-05,  1.0694E-05,  1.0694E-05,  1.0694E-05,  1.0694E-05,  1.0694E-05,  1.0694E-05,  1.0694E-05,  1.0694E-05,  1.0694E-05,  1.0694E-05,  1.0694E-05,  1.0694E-05,  1.0694E-05,  1.0694E-05,  1.0694E-05,  1.0694E-05,  5.1158E-01,  3.8120E-02,  1.6355E-04,  1.0374E-04,  3.0409E-04,  1.0400E-03,  2.8547E-04,  9.9682E-04,  2.2408E-05,  1.6030E-04,  3.2347E-05,  2.1013E-04,  3.6550E-05,  1.5516E-04,  6.9590E-06,  3.1366E-05,  7.3257E-06,  1.5264E-05,  1.1483E-05,  2.8019E-05,  5.0629E-06,  1.6356E-05,  8.0138E-06,  1.6837E-05,  1.0891E-05,  1.1817E-04,  7.9653E-07,  5.9196E-06,  9.8232E-11,  9.8224E-11,  9.8278E-11,  9.8294E-11,  9.8295E-11,  9.8334E-11,  9.8305E-11,  9.8337E-11,  9.8325E-11,  9.8321E-11,  9.8302E-11,  9.8303E-11,  9.8292E-11,  9.8305E-11,  9.8284E-11,  9.8314E-11,  9.8308E-11,  9.8327E-11,  9.8314E-11,  9.8347E-11,  9.8348E-11,  9.8370E-11,  9.8379E-11,  9.8422E-11,  9.8383E-11,  9.8408E-11,  9.8398E-11,  9.8420E-11,  9.8411E-11,  9.8397E-11,  9.8379E-11,  9.8389E-11,  9.8372E-11,  9.8404E-11,  9.8395E-11,  9.8424E-11,  9.8416E-11,  9.8427E-11,  9.8426E-11,  9.8426E-11,  9.8418E-11,  9.8433E-11,  9.8428E-11,  9.8437E-11,  9.8437E-11,  9.8441E-11,  9.8439E-11,  9.8451E-11,  9.8447E-11,  9.8450E-11,  9.8446E-11,  9.8454E-11,  9.8463E-11,  9.8465E-11,  9.8460E-11,  9.8443E-11,  9.8432E-11,  9.8495E-11,  9.8485E-11,  9.8488E-11,  9.8478E-11,  9.8493E-11,  9.8472E-11,  9.8498E-11
  2.2000E+03,  1.0290E+03,  6.5846E+01,  2.9038E-01,  1.6679E-01,  4.5240E-01,  1.8024E+00,  4.5392E-01,  1.7843E+00,  3.3343E-02,  2.7735E-01,  5.0759E-02,  3.7533E-01,  6.1005E-02,  2.8805E-01,  1.0792E-02,  5.6893E-02,  1.1160E-02,  2.4592E-02,  1.7375E-02,  4.8715E-02,  7.9657E-03,  2.4855E-02,  1.2431E-02,  2.7077E-02,  1.9205E-02,  2.2587E-01,  1.4023E-03,  1.1396E-02,  1.0674E-05,  1.0674E-05,  1.0674E-05,  1.0674E-05,  1.0674E-05,  1.0674E-05,  1.0674E-05,  1.0674E-05,  1.0674E-05,  1.0674E-05,  1.0674E-05,  1.0674E-05,  1.0674E-05,  1.0674E-05,  1.0674E-05,  1.0674E-05,  1.0674E-05,  1.0674E-05,  1.0674E-05,  1.0674E-05,  1.0674E-05,  1.0674E-05,  1.0674E-05,  1.0674E-05,  1.0674E-05,  1.0674E-05,  1.0674E-05,  1.0674E-05,  1.0674E-05,  1.0674E-05,  1.0674E-05,  1.0674E-05,  1.0674E-05,  1.0674E-05,  1.0674E-05,  1.0674E-05,  1.0674E-05,  1.0674E-05,  1.0674E-05,  1.0674E-05,  1.0674E-05,  1.0674E-05,  1.0674E-05,  1.0674E-05,  1.0674E-05,  1.0674E-05,  1.0674E-05,  1.0674E-05,  1.0674E-05,  1.0674E-05,  1.0674E-05,  1.0674E-05,  1.0674E-05,  1.0674E-05,  1.0674E-05,  1.0674E-05,  1.0674E-05,  1.0674E-05,  1.0674E-05,  1.0674E-05,  1.0674E-05,  1.0674E-05,  1.0674E-05,  1.0674E-05,  4.4550E-01,  3.2486E-02,  1.3979E-04,  8.8052E-05,  2.5541E-04,  8.8691E-04,  2.4162E-04,  8.5257E-04,  1.8823E-05,  1.3666E-04,  2.7310E-05,  1.7965E-04,  3.1046E-05,  1.3319E-04,  5.8798E-06,  2.6901E-05,  6.1867E-06,  1.2960E-05,  9.6822E-06,  2.3909E-05,  4.2755E-06,  1.3757E-05,  6.7485E-06,  1.4237E-05,  9.2883E-06,  1.0165E-04,  6.8165E-07,  5.1007E-06,  9.8357E-11,  9.8350E-11,  9.8399E-11,  9.8413E-11,  9.8414E-11,  9.8449E-11,  9.8423E-11,  9.8452E-11,  9.8441E-11,  9.8438E-11,  9.8421E-11,  9.8421E-11,  9.8411E-11,  9.8423E-11,  9.8404E-11,  9.8431E-11,  9.8425E-11,  9.8443E-11,  9.8431E-11,  9.8461E-11,  9.8461E-11,  9.8480E-11,  9.8488E-11,  9.8523E-11,  9.8492E-11,  9.8512E-11,  9.8504E-11,  9.8522E-11,  9.8515E-11,  9.8503E-11,  9.8488E-11,  9.8497E-11,  9.8482E-11,  9.8509E-11,  9.8502E-11,  9.8525E-11,  9.8519E-11,  9.8527E-11,  9.8527E-11,  9.8526E-11,  9.8520E-11,  9.8531E-11,  9.8528E-11,  9.8535E-11,  9.8535E-11,  9.8538E-11,  9.8537E-11,  9.8546E-11,  9.8543E-11,  9.8545E-11,  9.8542E-11,  9.8548E-11,  9.8555E-11,  9.8557E-11,  9.8553E-11,  9.8539E-11,  9.8531E-11,  9.8581E-11,  9.8573E-11,  9.8575E-11,  9.8567E-11,  9.8579E-11,  9.8562E-11,  9.8583E-11
  2.5000E+03,  9.0724E+02,  5.7081E+01,  2.5259E-01,  1.4309E-01,  3.8408E-01,  1.5630E+00,  3.8902E-01,  1.5537E+00,  2.8308E-02,  2.4047E-01,  4.3433E-02,  3.2676E-01,  5.2645E-02,  2.5195E-01,  9.2147E-03,  4.9608E-02,  9.5012E-03,  2.1104E-02,  1.4781E-02,  4.2259E-02,  6.8180E-03,  2.1172E-02,  1.0622E-02,  2.3252E-02,  1.6696E-02,  1.9827E-01,  1.2179E-03,  1.0010E-02,  1.0644E-05,  1.0644E-05,  1.0644E-05,  1.0644E-05,  1.0644E-05,  1.0644E-05,  1.0644E-05,  1.0644E-05,  1.0644E-05,  1.0644E-05,  1.0644E-05,  1.0644E-05,  1.0644E-05,  1.0644E-05,  1.0644E-05,  1.0644E-05,  1.0644E-05,  1.0644E-05,  1.0644E-05,  1.0644E-05,  1.0644E-05,  1.0644E-05,  1.0644E-05,  1.0644E-05,  1.0644E-05,  1.0644E-05,  1.0644E-05,  1.0644E-05,  1.0644E-05,  1.0644E-05,  1.0644E-05,  1.0644E-05,  1.0644E-05,  1.0644E-05,  1.0644E-05,  1.0644E-05,  1.0644E-05,  1.0644E-05,  1.0644E-05,  1.0644E-05,  1.0644E-05,  1.0644E-05,  1.0644E-05,  1.0644E-05,  1.0644E-05,  1.0644E-05,  1.0644E-05,  1.0644E-05,  1.0644E-05,  1.0644E-05,  1.0644E-05,  1.0644E-05,  1.0644E-05,  1.0644E-05,  1.0644E-05,  1.0644E-05,  1.0644E-05,  1.0645E-05,  1.0644E-05,  1.0645E-05,  1.0644E-05,  1.0645E-05,  1.0644E-05,  1.0645E-05,  3.6616E-01,  2.5949E-02,  1.1216E-04,  6.9912E-05,  2.0007E-04,  7.0902E-04,  1.9106E-04,  6.8441E-04,  1.4739E-05,  1.0922E-04,  2.1531E-05,  1.4417E-04,  2.4686E-05,  1.0745E-04,  4.6365E-06,  2.1665E-05,  4.8723E-06,  1.0295E-05,  7.6109E-06,  1.9129E-05,  3.3753E-06,  1.0801E-05,  5.3095E-06,  1.1265E-05,  7.4386E-06,  8.2344E-05,  5.4769E-07,  4.1362E-06,  9.8505E-11,  9.8500E-11,  9.8537E-11,  9.8548E-11,  9.8548E-11,  9.8574E-11,  9.8555E-11,  9.8576E-11,  9.8568E-11,  9.8566E-11,  9.8553E-11,  9.8553E-11,  9.8546E-11,  9.8555E-11,  9.8541E-11,  9.8561E-11,  9.8556E-11,  9.8569E-11,  9.8561E-11,  9.8583E-11,  9.8583E-11,  9.8598E-11,  9.8604E-11,  9.8633E-11,  9.8607E-11,  9.8624E-11,  9.8617E-11,  9.8632E-11,  9.8626E-11,  9.8617E-11,  9.8604E-11,  9.8611E-11,  9.8599E-11,  9.8621E-11,  9.8615E-11,  9.8635E-11,  9.8629E-11,  9.8637E-11,  9.8636E-11,  9.8636E-11,  9.8631E-11,  9.8641E-11,  9.8638E-11,  9.8644E-11,  9.8643E-11,  9.8646E-11,  9.8645E-11,  9.8654E-11,  9.8651E-11,  9.8653E-11,  9.8650E-11,  9.8656E-11,  9.8662E-11,  9.8664E-11,  9.8660E-11,  9.8648E-11,  9.8640E-11,  9.8685E-11,  9.8678E-11,  9.8680E-11,  9.8673E-11,  9.8684E-11,  9.8668E-11,  9.8687E-11
  2.8000E+03,  8.0662E+02,  5.0026E+01,  2.2205E-01,  1.2415E-01,  3.3014E-01,  1.3702E+00,  3.3730E-01,  1.3673E+00,  2.4335E-02,  2.1077E-01,  3.7612E-02,  2.8749E-01,  4.5946E-02,  2.2262E-01,  7.9613E-03,  4.3700E-02,  8.1851E-03,  1.8314E-02,  1.2726E-02,  3.7055E-02,  5.9052E-03,  1.8257E-02,  9.1880E-03,  2.0202E-02,  1.4672E-02,  1.7576E-01,  1.0688E-03,  8.8790E-03,  1.0615E-05,  1.0615E-05,  1.0615E-05,  1.0615E-05,  1.0615E-05,  1.0615E-05,  1.0615E-05,  1.0615E-05,  1.0615E-05,  1.0615E-05,  1.0615E-05,  1.0615E-05,  1.0615E-05,  1.0615E-05,  1.0615E-05,  1.0615E-05,  1.0615E-05,  1.0615E-05,  1.0615E-05,  1.0615E-05,  1.0615E-05,  1.0615E-05,  1.0615E-05,  1.0615E-05,  1.0615E-05,  1.0615E-05,  1.0615E-05,  1.0615E-05,  1.0615E-05,  1.0615E-05,  1.0615E-05,  1.0615E-05,  1.0615E-05,  1.0615E-05,  1.0615E-05,  1.0615E-05,  1.0615E-05,  1.0615E-05,  1.0615E-05,  1.0615E-05,  1.0615E-05,  1.0615E-05,  1.0615E-05,  1.0615E-05,  1.0615E-05,  1.0615E-05,  1.0615E-05,  1.0615E-05,  1.0615E-05,  1.0615E-05,  1.0615E-05,  1.0615E-05,  1.0615E-05,  1.0615E-05,  1.0615E-05,  1.0615E-05,  1.0615E-05,  1.0615E-05,  1.0615E-05,  1.0615E-05,  1.0615E-05,  1.0615E-05,  1.0615E-05,  1.0615E-05,  3.0466E-01,  2.1084E-02,  9.1431E-05,  5.6384E-05,  1.5948E-04,  5.7646E-04,  1.5372E-04,  5.5862E-04,  1.1749E-05,  8.8773E-05,  1.7281E-05,  1.1762E-04,  1.9972E-05,  8.8098E-05,  3.7194E-06,  1.7726E-05,  3.9017E-06,  8.3057E-06,  6.0866E-06,  1.5562E-05,  2.7105E-06,  8.6315E-06,  4.2525E-06,  9.0675E-06,  6.0559E-06,  6.7726E-05,  4.4668E-07,  3.4061E-06,  9.8608E-11,  9.8603E-11,  9.8636E-11,  9.8645E-11,  9.8646E-11,  9.8670E-11,  9.8652E-11,  9.8672E-11,  9.8664E-11,  9.8662E-11,  9.8650E-11,  9.8650E-11,  9.8644E-11,  9.8652E-11,  9.8639E-11,  9.8657E-11,  9.8653E-11,  9.8665E-11,  9.8657E-11,  9.8678E-11,  9.8678E-11,  9.8691E-11,  9.8697E-11,  9.8722E-11,  9.8699E-11,  9.8714E-11,  9.8708E-11,  9.8722E-11,  9.8716E-11,  9.8708E-11,  9.8697E-11,  9.8703E-11,  9.8692E-11,  9.8712E-11,  9.8707E-11,  9.8724E-11,  9.8719E-11,  9.8726E-11,  9.8725E-11,  9.8725E-11,  9.8720E-11,  9.8729E-11,  9.8727E-11,  9.8732E-11,  9.8732E-11,  9.8734E-11,  9.8733E-11,  9.8741E-11,  9.8738E-11,  9.8740E-11,  9.8737E-11,  9.8742E-11,  9.8748E-11,  9.8749E-11,  9.8746E-11,  9.8735E-11,  9.8729E-11,  9.8768E-11,  9.8762E-11,  9.8763E-11,  9.8757E-11,  9.8766E-11,  9.8753E-11,  9.8769E-11
  3.2000E+03,  6.9718E+02,  4.2540E+01,  1.8953E-01,  1.0422E-01,  2.7410E-01,  1.1654E+00,  2.8302E-01,  1.1685E+00,  2.0206E-02,  1.7924E-01,  3.1516E-02,  2.4564E-01,  3.8872E-02,  1.9119E-01,  6.6501E-03,  3.7384E-02,  6.8112E-03,  1.5378E-02,  1.0584E-02,  3.1527E-02,  4.9488E-03,  1.5219E-02,  7.6894E-03,  1.6999E-02,  1.2519E-02,  1.5155E-01,  9.0991E-04,  7.6611E-03,  1.0575E-05,  1.0575E-05,  1.0575E-05,  1.0575E-05,  1.0575E-05,  1.0575E-05,  1.0575E-05,  1.0575E-05,  1.0575E-05,  1.0575E-05,  1.0575E-05,  1.0575E-05,  1.0575E-05,  1.0575E-05,  1.0575E-05,  1.0575E-05,  1.0575E-05,  1.0575E-05,  1.0575E-05,  1.0575E-05,  1.0575E-05,  1.0575E-05,  1.0575E-05,  1.0575E-05,  1.0575E-05,  1.0575E-05,  1.0575E-05,  1.0575E-05,  1.0575E-05,  1.0575E-05,  1.0575E-05,  1.0575E-05,  1.0575E-05,  1.0575E-05,  1.0575E-05,  1.0575E-05,  1.0575E-05,  1.0575E-05,  1.0575E-05,  1.0575E-05,  1.0575E-05,  1.0575E-05,  1.0575E-05,  1.0575E-05,  1.0575E-05,  1.0575E-05,  1.0575E-05,  1.0575E-05,  1.0575E-05,  1.0575E-05,  1.0575E-05,  1.0575E-05,  1.0575E-05,  1.0575E-05,  1.0575E-05,  1.0575E-05,  1.0575E-05,  1.0575E-05,  1.0575E-05,  1.0575E-05,  1.0575E-05,  1.0575E-05,  1.0575E-05,  1.0575E-05,  2.4255E-01,  1.6345E-02,  7.1167E-05,  4.3264E-05,  1.2075E-04,  4.4716E-04,  1.1769E-04,  4.3540E-04,  8.8959E-06,  6.8842E-05,  1.3197E-05,  9.1648E-05,  1.5402E-05,  6.9037E-05,  2.8364E-06,  1.3850E-05,  2.9677E-06,  6.3755E-06,  4.6232E-06,  1.2079E-05,  2.0712E-06,  6.5572E-06,  3.2407E-06,  6.9513E-06,  4.7080E-06,  5.3288E-05,  3.4756E-07,  2.6833E-06,  9.8717E-11,  9.8713E-11,  9.8741E-11,  9.8749E-11,  9.8750E-11,  9.8770E-11,  9.8755E-11,  9.8771E-11,  9.8765E-11,  9.8763E-11,  9.8754E-11,  9.8754E-11,  9.8748E-11,  9.8755E-11,  9.8744E-11,  9.8760E-11,  9.8756E-11,  9.8766E-11,  9.8760E-11,  9.8776E-11,  9.8777E-11,  9.8787E-11,  9.8792E-11,  9.8812E-11,  9.8794E-11,  9.8805E-11,  9.8801E-11,  9.8811E-11,  9.8807E-11,  9.8801E-11,  9.8792E-11,  9.8797E-11,  9.8788E-11,  9.8804E-11,  9.8800E-11,  9.8813E-11,  9.8809E-11,  9.8814E-11,  9.8814E-11,  9.8814E-11,  9.8810E-11,  9.8817E-11,  9.8815E-11,  9.8819E-11,  9.8819E-11,  9.8821E-11,  9.8820E-11,  9.8825E-11,  9.8823E-11,  9.8825E-11,  9.8823E-11,  9.8826E-11,  9.8830E-11,  9.8831E-11,  9.8829E-11,  9.8821E-11,  9.8817E-11,  9.8843E-11,  9.8839E-11,  9.8840E-11,  9.8836E-11,  9.8842E-11,  9.8833E-11,  9.8844E-11
  3.5000E+03,  6.2979E+02,  3.8033E+01,  1.6989E-01,  9.2332E-02,  2.4105E-01,  1.0421E+00,  2.5070E-01,  1.0482E+00,  1.7772E-02,  1.6026E-01,  2.7895E-02,  2.2033E-01,  3.4632E-02,  1.7210E-01,  5.8723E-03,  3.3557E-02,  5.9982E-03,  1.3626E-02,  9.3183E-03,  2.8196E-02,  4.3804E-03,  1.3423E-02,  6.8007E-03,  1.5089E-02,  1.1220E-02,  1.3679E-01,  8.1400E-04,  6.9176E-03,  1.0546E-05,  1.0546E-05,  1.0546E-05,  1.0546E-05,  1.0546E-05,  1.0546E-05,  1.0546E-05,  1.0546E-05,  1.0546E-05,  1.0546E-05,  1.0546E-05,  1.0546E-05,  1.0546E-05,  1.0546E-05,  1.0546E-05,  1.0546E-05,  1.0546E-05,  1.0546E-05,  1.0546E-05,  1.0546E-05,  1.0546E-05,  1.0546E-05,  1.0546E-05,  1.0546E-05,  1.0546E-05,  1.0546E-05,  1.0546E-05,  1.0546E-05,  1.0546E-05,  1.0546E-05,  1.0546E-05,  1.0546E-05,  1.0546E-05,  1.0546E-05,  1.0546E-05,  1.0546E-05,  1.0546E-05,  1.0546E-05,  1.0546E-05,  1.0546E-05,  1.0546E-05,  1.0546E-05,  1.0546E-05,  1.0546E-05,  1.0546E-05,  1.0546E-05,  1.0546E-05,  1.0546E-05,  1.0546E-05,  1.0546E-05,  1.0546E-05,  1.0546E-05,  1.0546E-05,  1.0546E-05,  1.0546E-05,  1.0546E-05,  1.0546E-05,  1.0546E-05,  1.0546E-05,  1.0546E-05,  1.0546E-05,  1.0546E-05,  1.0546E-05,  1.0546E-05,  2.0674E-01,  1.3697E-02,  5.9795E-05,  3.5970E-05,  9.9517E-05,  3.7484E-04,  9.7742E-05,  3.6621E-04,  7.3320E-06,  5.7698E-05,  1.0944E-05,  7.7065E-05,  1.2860E-05,  5.8279E-05,  2.3489E-06,  1.1665E-05,  2.4524E-06,  5.3020E-06,  3.8176E-06,  1.0129E-05,  1.7180E-06,  5.4177E-06,  2.6838E-06,  5.7801E-06,  3.9533E-06,  4.5109E-05,  2.9182E-07,  2.2732E-06,  9.8782E-11,  9.8778E-11,  9.8802E-11,  9.8809E-11,  9.8809E-11,  9.8825E-11,  9.8813E-11,  9.8826E-11,  9.8821E-11,  9.8820E-11,  9.8812E-11,  9.8812E-11,  9.8808E-11,  9.8813E-11,  9.8804E-11,  9.8817E-11,  9.8814E-11,  9.8822E-11,  9.8817E-11,  9.8829E-11,  9.8830E-11,  9.8837E-11,  9.8840E-11,  9.8855E-11,  9.8842E-11,  9.8850E-11,  9.8847E-11,  9.8855E-11,  9.8852E-11,  9.8847E-11,  9.8840E-11,  9.8844E-11,  9.8838E-11,  9.8849E-11,  9.8846E-11,  9.8856E-11,  9.8853E-11,  9.8857E-11,  9.8857E-11,  9.8857E-11,  9.8854E-11,  9.8859E-11,  9.8858E-11,  9.8861E-11,  9.8861E-11,  9.8862E-11,  9.8862E-11,  9.8866E-11,  9.8865E-11,  9.8866E-11,  9.8864E-11,  9.8867E-11,  9.8870E-11,  9.8871E-11,  9.8869E-11,  9.8863E-11,  9.8859E-11,  9.8882E-11,  9.8878E-11,  9.8879E-11,  9.8876E-11,  9.8881E-11,  9.8873E-11,  9.8883E-11
  4.0000E+03,  5.3774E+02,  3.1999E+01,  1.4350E-01,  7.6574E-02,  1.9769E-01,  8.7697E-01,  2.0790E-01,  8.8649E-01,  1.4577E-02,  1.3484E-01,  2.3107E-02,  1.8630E-01,  2.8981E-02,  1.4630E-01,  4.8458E-03,  2.8402E-02,  4.9281E-03,  1.1303E-02,  7.6531E-03,  2.3732E-02,  3.6287E-03,  1.1058E-02,  5.6274E-03,  1.2555E-02,  9.4756E-03,  1.1679E-01,  6.8531E-04,  5.9089E-03,  1.0496E-05,  1.0496E-05,  1.0496E-05,  1.0496E-05,  1.0496E-05,  1.0496E-05,  1.0496E-05,  1.0496E-05,  1.0496E-05,  1.0496E-05,  1.0496E-05,  1.0496E-05,  1.0496E-05,  1.0496E-05,  1.0496E-05,  1.0496E-05,  1.0496E-05,  1.0496E-05,  1.0496E-05,  1.0496E-05,  1.0496E-05,  1.0496E-05,  1.0496E-05,  1.0496E-05,  1.0496E-05,  1.0496E-05,  1.0496E-05,  1.0496E-05,  1.0496E-05,  1.0496E-05,  1.0496E-05,  1.0496E-05,  1.0496E-05,  1.0496E-05,  1.0496E-05,  1.0496E-05,  1.0496E-05,  1.0496E-05,  1.0496E-05,  1.0496E-05,  1.0496E-05,  1.0496E-05,  1.0496E-05,  1.0496E-05,  1.0496E-05,  1.0496E-05,  1.0496E-05,  1.0496E-05,  1.0496E-05,  1.0496E-05,  1.0496E-05,  1.0496E-05,  1.0496E-05,  1.0496E-05,  1.0496E-05,  1.0496E-05,  1.0496E-05,  1.0496E-05,  1.0496E-05,  1.0496E-05,  1.0496E-05,  1.0496E-05,  1.0496E-05,  1.0496E-05,  1.6142E-01,  1.0440E-02,  4.5754E-05,  2.7063E-05,  7.3924E-05,  2.8584E-04,  7.3464E-05,  2.8070E-04,  5.4470E-06,  4.3988E-05,  8.2089E-06,  5.9051E-05,  9.7466E-06,  4.4920E-05,  1.7573E-06,  8.9570E-06,  1.8281E-06,  3.9906E-06,  2.8433E-06,  7.7277E-06,  1.2890E-06,  4.0406E-06,  2.0094E-06,  4.3539E-06,  3.0229E-06,  3.4915E-05,  2.2293E-07,  1.7613E-06,  9.8854E-11,  9.8852E-11,  9.8868E-11,  9.8873E-11,  9.8873E-11,  9.8885E-11,  9.8876E-11,  9.8886E-11,  9.8882E-11,  9.8881E-11,  9.8875E-11,  9.8875E-11,  9.8872E-11,  9.8876E-11,  9.8870E-11,  9.8879E-11,  9.8877E-11,  9.8883E-11,  9.8879E-11,  9.8889E-11,  9.8889E-11,  9.8895E-11,  9.8898E-11,  9.8910E-11,  9.8899E-11,  9.8906E-11,  9.8903E-11,  9.8909E-11,  9.8907E-11,  9.8903E-11,  9.8898E-11,  9.8901E-11,  9.8896E-11,  9.8905E-11,  9.8902E-11,  9.8910E-11,  9.8908E-11,  9.8911E-11,  9.8911E-11,  9.8911E-11,  9.8909E-11,  9.8913E-11,  9.8912E-11,  9.8914E-11,  9.8914E-11,  9.8915E-11,  9.8915E-11,  9.8918E-11,  9.8917E-11,  9.8918E-11,  9.8916E-11,  9.8919E-11,  9.8921E-11,  9.8921E-11,  9.8920E-11,  9.8916E-11,  9.8913E-11,  9.8929E-11,  9.8926E-11,  9.8927E-11,  9.8925E-11,  9.8928E-11,  9.8923E-11,  9.8929E-11
  4.5000E+03,  4.6522E+02,  2.7351E+01,  1.2310E-01,  6.4590E-02,  1.6512E-01,  7.4968E-01,  1.7538E-01,  7.6124E-01,  1.2176E-02,  1.1526E-01,  1.9475E-02,  1.5995E-01,  2.4651E-02,  1.2621E-01,  4.0693E-03,  2.4403E-02,  4.1216E-03,  9.5358E-03,  6.3991E-03,  2.0290E-02,  3.0584E-03,  9.2745E-03,  4.7390E-03,  1.0626E-02,  8.1278E-03,  1.0115E-01,  5.8599E-04,  5.1197E-03,  1.0447E-05,  1.0447E-05,  1.0447E-05,  1.0447E-05,  1.0447E-05,  1.0447E-05,  1.0447E-05,  1.0447E-05,  1.0447E-05,  1.0447E-05,  1.0447E-05,  1.0447E-05,  1.0447E-05,  1.0447E-05,  1.0447E-05,  1.0447E-05,  1.0447E-05,  1.0447E-05,  1.0447E-05,  1.0447E-05,  1.0447E-05,  1.0447E-05,  1.0447E-05,  1.0447E-05,  1.0447E-05,  1.0447E-05,  1.0447E-05,  1.0447E-05,  1.0447E-05,  1.0447E-05,  1.0447E-05,  1.0447E-05,  1.0447E-05,  1.0447E-05,  1.0447E-05,  1.0447E-05,  1.0447E-05,  1.0447E-05,  1.0447E-05,  1.0447E-05,  1.0447E-05,  1.0447E-05,  1.0447E-05,  1.0447E-05,  1.0447E-05,  1.0447E-05,  1.0447E-05,  1.0447E-05,  1.0447E-05,  1.0447E-05,  1.0447E-05,  1.0447E-05,  1.0447E-05,  1.0447E-05,  1.0447E-05,  1.0447E-05,  1.0447E-05,  1.0447E-05,  1.0447E-05,  1.0447E-05,  1.0447E-05,  1.0447E-05,  1.0447E-05,  1.0447E-05,  1.2867E-01,  8.1534E-03,  3.5859E-05,  2.0874E-05,  5.6385E-05,  2.2330E-04,  5.6629E-05,  2.2030E-04,  4.1552E-06,  3.4356E-05,  6.3178E-06,  4.6334E-05,  7.5726E-06,  3.5432E-05,  1.3487E-06,  7.0390E-06,  1.3980E-06,  3.0788E-06,  2.1729E-06,  6.0388E-06,  9.9226E-07,  3.0939E-06,  1.5443E-06,  3.3643E-06,  2.3681E-06,  2.7648E-05,  1.7436E-07,  1.3958E-06,  9.8904E-11,  9.8902E-11,  9.8915E-11,  9.8918E-11,  9.8919E-11,  9.8927E-11,  9.8921E-11,  9.8928E-11,  9.8925E-11,  9.8924E-11,  9.8920E-11,  9.8920E-11,  9.8918E-11,  9.8921E-11,  9.8916E-11,  9.8923E-11,  9.8921E-11,  9.8926E-11,  9.8923E-11,  9.8930E-11,  9.8930E-11,  9.8934E-11,  9.8936E-11,  9.8944E-11,  9.8937E-11,  9.8941E-11,  9.8939E-11,  9.8944E-11,  9.8942E-11,  9.8939E-11,  9.8936E-11,  9.8938E-11,  9.8934E-11,  9.8941E-11,  9.8939E-11,  9.8944E-11,  9.8943E-11,  9.8945E-11,  9.8945E-11,  9.8945E-11,  9.8943E-11,  9.8946E-11,  9.8945E-11,  9.8947E-11,  9.8947E-11,  9.8948E-11,  9.8947E-11,  9.8950E-11,  9.8949E-11,  9.8950E-11,  9.8949E-11,  9.8950E-11,  9.8952E-11,  9.8952E-11,  9.8951E-11,  9.8948E-11,  9.8946E-11,  9.8958E-11,  9.8956E-11,  9.8957E-11,  9.8955E-11,  9.8958E-11,  9.8954E-11,  9.8959E-11
  5.0000E+03,  4.0698E+02,  2.3688E+01,  1.0696E-01,  5.5262E-02,  1.4003E-01,  6.4936E-01,  1.5007E-01,  6.6207E-01,  1.0328E-02,  9.9822E-02,  1.6654E-02,  1.3910E-01,  2.1256E-02,  1.1023E-01,  3.4677E-03,  2.1233E-02,  3.4990E-03,  8.1598E-03,  5.4315E-03,  1.7577E-02,  2.6152E-03,  7.8957E-03,  4.0497E-03,  9.1209E-03,  7.0626E-03,  8.8657E-02,  5.0763E-04,  4.4889E-03,  1.0397E-05,  1.0397E-05,  1.0397E-05,  1.0397E-05,  1.0397E-05,  1.0397E-05,  1.0397E-05,  1.0397E-05,  1.0397E-05,  1.0397E-05,  1.0397E-05,  1.0397E-05,  1.0397E-05,  1.0397E-05,  1.0397E-05,  1.0397E-05,  1.0397E-05,  1.0397E-05,  1.0397E-05,  1.0397E-05,  1.0397E-05,  1.0397E-05,  1.0397E-05,  1.0397E-05,  1.0397E-05,  1.0397E-05,  1.0397E-05,  1.0397E-05,  1.0397E-05,  1.0397E-05,  1.0397E-05,  1.0397E-05,  1.0397E-05,  1.0397E-05,  1.0397E-05,  1.0397E-05,  1.0397E-05,  1.0397E-05,  1.0397E-05,  1.0397E-05,  1.0397E-05,  1.0397E-05,  1.0397E-05,  1.0397E-05,  1.0397E-05,  1.0397E-05,  1.0397E-05,  1.0397E-05,  1.0397E-05,  1.0397E-05,  1.0397E-05,  1.0397E-05,  1.0397E-05,  1.0397E-05,  1.0397E-05,  1.0397E-05,  1.0397E-05,  1.0397E-05,  1.0397E-05,  1.0397E-05,  1.0397E-05,  1.0397E-05,  1.0397E-05,  1.0397E-05,  1.0429E-01,  6.4976E-03,  2.8668E-05,  1.6438E-05,  4.3968E-05,  1.7800E-04,  4.4585E-05,  1.7636E-04,  3.2406E-06,  2.7380E-05,  4.9679E-06,  3.7084E-05,  6.0065E-06,  2.8493E-05,  1.0575E-06,  5.6405E-06,  1.0923E-06,  2.4252E-06,  1.6971E-06,  4.8147E-06,  7.8028E-07,  2.4214E-06,  1.2129E-06,  2.6553E-06,  1.8928E-06,  2.2313E-05,  1.3908E-07,  1.1272E-06,  9.8937E-11,  9.8936E-11,  9.8945E-11,  9.8947E-11,  9.8948E-11,  9.8954E-11,  9.8949E-11,  9.8955E-11,  9.8953E-11,  9.8952E-11,  9.8949E-11,  9.8949E-11,  9.8947E-11,  9.8949E-11,  9.8946E-11,  9.8951E-11,  9.8950E-11,  9.8953E-11,  9.8951E-11,  9.8956E-11,  9.8957E-11,  9.8960E-11,  9.8962E-11,  9.8969E-11,  9.8962E-11,  9.8966E-11,  9.8965E-11,  9.8968E-11,  9.8967E-11,  9.8965E-11,  9.8962E-11,  9.8963E-11,  9.8961E-11,  9.8966E-11,  9.8964E-11,  9.8969E-11,  9.8968E-11,  9.8969E-11,  9.8969E-11,  9.8969E-11,  9.8968E-11,  9.8970E-11,  9.8970E-11,  9.8971E-11,  9.8971E-11,  9.8971E-11,  9.8971E-11,  9.8973E-11,  9.8972E-11,  9.8973E-11,  9.8972E-11,  9.8973E-11,  9.8975E-11,  9.8975E-11,  9.8974E-11,  9.8972E-11,  9.8970E-11,  9.8980E-11,  9.8978E-11,  9.8979E-11,  9.8977E-11,  9.8979E-11,  9.8976E-11,  9.8980E-11
  5.5000E+03,  3.5947E+02,  2.0746E+01,  9.3967E-02,  4.7857E-02,  1.2030E-01,  5.6877E-01,  1.2999E-01,  5.8208E-01,  8.8735E-03,  8.7425E-02,  1.4417E-02,  1.2228E-01,  1.8542E-02,  9.7281E-02,  2.9922E-03,  1.8674E-02,  3.0085E-03,  7.0672E-03,  4.6696E-03,  1.5396E-02,  2.2639E-03,  6.8075E-03,  3.5038E-03,  7.9235E-03,  6.2046E-03,  7.8503E-02,  4.4465E-04,  3.9758E-03,  1.0348E-05,  1.0348E-05,  1.0348E-05,  1.0348E-05,  1.0348E-05,  1.0348E-05,  1.0348E-05,  1.0348E-05,  1.0348E-05,  1.0348E-05,  1.0348E-05,  1.0348E-05,  1.0348E-05,  1.0348E-05,  1.0348E-05,  1.0348E-05,  1.0348E-05,  1.0348E-05,  1.0348E-05,  1.0348E-05,  1.0348E-05,  1.0348E-05,  1.0348E-05,  1.0348E-05,  1.0348E-05,  1.0348E-05,  1.0348E-05,  1.0348E-05,  1.0348E-05,  1.0348E-05,  1.0348E-05,  1.0348E-05,  1.0348E-05,  1.0348E-05,  1.0348E-05,  1.0348E-05,  1.0348E-05,  1.0348E-05,  1.0348E-05,  1.0348E-05,  1.0348E-05,  1.0348E-05,  1.0348E-05,  1.0348E-05,  1.0348E-05,  1.0348E-05,  1.0348E-05,  1.0348E-05,  1.0348E-05,  1.0348E-05,  1.0348E-05,  1.0348E-05,  1.0348E-05,  1.0348E-05,  1.0348E-05,  1.0348E-05,  1.0348E-05,  1.0348E-05,  1.0348E-05,  1.0348E-05,  1.0348E-05,  1.0348E-05,  1.0348E-05,  1.0348E-05,  8.5759E-02,  5.2689E-03,  2.3318E-05,  1.3181E-05,  3.4945E-05,  1.4437E-04,  3.5748E-05,  1.4361E-04,  2.5758E-06,  2.2204E-05,  3.9793E-06,  3.0191E-05,  4.8498E-06,  2.3297E-05,  8.4462E-07,  4.5963E-06,  8.6955E-07,  1.9450E-06,  1.3505E-06,  3.9057E-06,  6.2502E-07,  1.9312E-06,  9.7060E-07,  2.1342E-06,  1.5393E-06,  1.8305E-05,  1.1286E-07,  9.2520E-07,  9.8961E-11,  9.8960E-11,  9.8967E-11,  9.8970E-11,  9.8970E-11,  9.8975E-11,  9.8971E-11,  9.8975E-11,  9.8974E-11,  9.8973E-11,  9.8971E-11,  9.8971E-11,  9.8969E-11,  9.8971E-11,  9.8968E-11,  9.8972E-11,  9.8971E-11,  9.8974E-11,  9.8972E-11,  9.8977E-11,  9.8977E-11,  9.8979E-11,  9.8981E-11,  9.8985E-11,  9.8981E-11,  9.8984E-11,  9.8983E-11,  9.8985E-11,  9.8984E-11,  9.8983E-11,  9.8981E-11,  9.8982E-11,  9.8980E-11,  9.8984E-11,  9.8983E-11,  9.8986E-11,  9.8985E-11,  9.8986E-11,  9.8986E-11,  9.8986E-11,  9.8985E-11,  9.8986E-11,  9.8986E-11,  9.8987E-11,  9.8987E-11,  9.8987E-11,  9.8987E-11,  9.8988E-11,  9.8987E-11,  9.8988E-11,  9.8987E-11,  9.8988E-11,  9.8989E-11,  9.8989E-11,  9.8988E-11,  9.8987E-11,  9.8986E-11,  9.8991E-11,  9.8990E-11,  9.8991E-11,  9.8990E-11,  9.8991E-11,  9.8989E-11,  9.8991E-11
  6.3000E+03,  2.9941E+02,  1.7086E+01,  7.7737E-02,  3.8764E-02,  9.6320E-02,  4.6846E-01,  1.0533E-01,  4.8206E-01,  7.1057E-03,  7.1999E-02,  1.1673E-02,  1.0125E-01,  1.5182E-02,  8.1014E-02,  2.4109E-03,  1.5471E-02,  2.4113E-03,  5.7253E-03,  3.7422E-03,  1.2683E-02,  1.8329E-03,  5.4794E-03,  2.8349E-03,  6.4487E-03,  5.1332E-03,  6.5694E-02,  3.6622E-04,  3.3282E-03,  1.0269E-05,  1.0269E-05,  1.0269E-05,  1.0269E-05,  1.0269E-05,  1.0269E-05,  1.0269E-05,  1.0269E-05,  1.0269E-05,  1.0269E-05,  1.0269E-05,  1.0269E-05,  1.0269E-05,  1.0269E-05,  1.0269E-05,  1.0269E-05,  1.0269E-05,  1.0269E-05,  1.0269E-05,  1.0269E-05,  1.0269E-05,  1.0269E-05,  1.0269E-05,  1.0269E-05,  1.0269E-05,  1.0269E-05,  1.0269E-05,  1.0269E-05,  1.0269E-05,  1.0269E-05,  1.0269E-05,  1.0269E-05,  1.0269E-05,  1.0269E-05,  1.0269E-05,  1.0269E-05,  1.0269E-05,  1.0269E-05,  1.0269E-05,  1.0269E-05,  1.0269E-05,  1.0269E-05,  1.0269E-05,  1.0269E-05,  1.0269E-05,  1.0269E-05,  1.0269E-05,  1.0269E-05,  1.0269E-05,  1.0269E-05,  1.0269E-05,  1.0269E-05,  1.0269E-05,  1.0269E-05,  1.0269E-05,  1.0269E-05,  1.0269E-05,  1.0269E-05,  1.0269E-05,  1.0269E-05,  1.0269E-05,  1.0269E-05,  1.0269E-05,  1.0269E-05,  6.4387E-02,  3.8823E-03,  1.7257E-05,  9.5520E-06,  2.5007E-05,  1.0640E-04,  2.5907E-05,  1.0645E-04,  1.8436E-06,  1.6361E-05,  2.8802E-06,  2.2374E-05,  3.5513E-06,  1.7372E-05,  6.0864E-07,  3.4100E-06,  6.2345E-07,  1.4099E-06,  9.6799E-07,  2.8792E-06,  4.5241E-07,  1.3891E-06,  7.0167E-07,  1.5527E-06,  1.1391E-06,  1.3717E-05,  8.3214E-08,  6.9376E-07,  9.8986E-11,  9.8985E-11,  9.8989E-11,  9.8990E-11,  9.8990E-11,  9.8993E-11,  9.8991E-11,  9.8993E-11,  9.8992E-11,  9.8992E-11,  9.8991E-11,  9.8991E-11,  9.8990E-11,  9.8991E-11,  9.8989E-11,  9.8991E-11,  9.8991E-11,  9.8992E-11,  9.8991E-11,  9.8994E-11,  9.8994E-11,  9.8995E-11,  9.8996E-11,  9.8998E-11,  9.8996E-11,  9.8997E-11,  9.8997E-11,  9.8998E-11,  9.8998E-11,  9.8997E-11,  9.8996E-11,  9.8996E-11,  9.8995E-11,  9.8997E-11,  9.8997E-11,  9.8998E-11,  9.8998E-11,  9.8999E-11,  9.8999E-11,  9.8999E-11,  9.8998E-11,  9.8999E-11,  9.8999E-11,  9.8999E-11,  9.8999E-11,  9.9000E-11,  9.8999E-11,  9.9000E-11,  9.9000E-11,  9.9000E-11,  9.9000E-11,  9.9000E-11,  9.9001E-11,  9.9001E-11,  9.9001E-11,  9.9000E-11,  9.8999E-11,  9.9003E-11,  9.9002E-11,  9.9002E-11,  9.9002E-11,  9.9003E-11,  9.9001E-11,  9.9003E-11
  7.1000E+03,  2.5380E+02,  1.4353E+01,  6.5569E-02,  3.2084E-02,  7.8917E-02,  3.9357E-01,  8.7210E-02,  4.0696E-01,  5.8226E-03,  6.0483E-02,  9.6598E-03,  8.5472E-02,  1.2688E-02,  6.8730E-02,  1.9862E-03,  1.3065E-02,  1.9771E-03,  4.7393E-03,  3.0682E-03,  1.0656E-02,  1.5167E-03,  4.5107E-03,  2.3446E-03,  5.3612E-03,  4.3301E-03,  5.5976E-02,  3.0764E-04,  2.8366E-03,  1.0189E-05,  1.0189E-05,  1.0189E-05,  1.0189E-05,  1.0189E-05,  1.0189E-05,  1.0189E-05,  1.0189E-05,  1.0189E-05,  1.0189E-05,  1.0189E-05,  1.0189E-05,  1.0189E-05,  1.0189E-05,  1.0189E-05,  1.0189E-05,  1.0189E-05,  1.0189E-05,  1.0189E-05,  1.0189E-05,  1.0189E-05,  1.0189E-05,  1.0189E-05,  1.0189E-05,  1.0189E-05,  1.0189E-05,  1.0189E-05,  1.0189E-05,  1.0189E-05,  1.0189E-05,  1.0189E-05,  1.0189E-05,  1.0189E-05,  1.0189E-05,  1.0189E-05,  1.0189E-05,  1.0189E-05,  1.0189E-05,  1.0189E-05,  1.0189E-05,  1.0189E-05,  1.0189E-05,  1.0189E-05,  1.0189E-05,  1.0189E-05,  1.0189E-05,  1.0189E-05,  1.0189E-05,  1.0189E-05,  1.0189E-05,  1.0189E-05,  1.0189E-05,  1.0189E-05,  1.0189E-05,  1.0189E-05,  1.0189E-05,  1.0189E-05,  1.0189E-05,  1.0189E-05,  1.0189E-05,  1.0189E-05,  1.0189E-05,  1.0189E-05,  1.0189E-05,  4.9647E-02,  2.9491E-03,  1.3162E-05,  7.1461E-06,  1.8502E-05,  8.0835E-05,  1.9387E-05,  8.1291E-05,  1.3643E-06,  1.2429E-05,  2.1532E-06,  1.7083E-05,  2.6827E-06,  1.3338E-05,  4.5309E-07,  2.6059E-06,  4.6196E-07,  1.0550E-06,  7.1707E-07,  2.1878E-06,  3.3819E-07,  1.0327E-06,  5.2405E-07,  1.1662E-06,  8.6871E-07,  1.0579E-05,  6.3233E-08,  5.3528E-07,  9.8998E-11,  9.8997E-11,  9.9000E-11,  9.9001E-11,  9.9001E-11,  9.9003E-11,  9.9001E-11,  9.9003E-11,  9.9003E-11,  9.9002E-11,  9.9001E-11,  9.9001E-11,  9.9001E-11,  9.9001E-11,  9.9000E-11,  9.9002E-11,  9.9002E-11,  9.9003E-11,  9.9002E-11,  9.9004E-11,  9.9004E-11,  9.9005E-11,  9.9005E-11,  9.9007E-11,  9.9006E-11,  9.9007E-11,  9.9006E-11,  9.9007E-11,  9.9007E-11,  9.9006E-11,  9.9005E-11,  9.9006E-11,  9.9005E-11,  9.9007E-11,  9.9006E-11,  9.9008E-11,  9.9007E-11,  9.9008E-11,  9.9008E-11,  9.9008E-11,  9.9007E-11,  9.9008E-11,  9.9008E-11,  9.9008E-11,  9.9008E-11,  9.9008E-11,  9.9008E-11,  9.9009E-11,  9.9009E-11,  9.9009E-11,  9.9009E-11,  9.9009E-11,  9.9009E-11,  9.9010E-11,  9.9009E-11,  9.9008E-11,  9.9008E-11,  9.9011E-11,  9.9011E-11,  9.9011E-11,  9.9010E-11,  9.9011E-11,  9.9010E-11,  9.9011E-11
  8.0000E+03,  2.1433E+02,  1.2023E+01,  5.5150E-02,  2.6476E-02,  6.4463E-02,  3.2969E-01,  7.1992E-02,  3.4258E-01,  4.7567E-03,  5.0662E-02,  7.9702E-03,  7.1943E-02,  1.0574E-02,  5.8141E-02,  1.6313E-03,  1.1000E-02,  1.6161E-03,  3.9113E-03,  2.5078E-03,  8.9268E-03,  1.2513E-03,  3.7023E-03,  1.9336E-03,  4.4442E-03,  3.6424E-03,  4.7561E-02,  2.5767E-04,  2.4107E-03,  1.0100E-05,  1.0100E-05,  1.0100E-05,  1.0100E-05,  1.0100E-05,  1.0100E-05,  1.0100E-05,  1.0100E-05,  1.0100E-05,  1.0100E-05,  1.0100E-05,  1.0100E-05,  1.0100E-05,  1.0100E-05,  1.0100E-05,  1.0100E-05,  1.0100E-05,  1.0100E-05,  1.0100E-05,  1.0100E-05,  1.0100E-05,  1.0100E-05,  1.0100E-05,  1.0100E-05,  1.0100E-05,  1.0100E-05,  1.0100E-05,  1.0100E-05,  1.0100E-05,  1.0100E-05,  1.0100E-05,  1.0100E-05,  1.0100E-05,  1.0100E-05,  1.0100E-05,  1.0100E-05,  1.0100E-05,  1.0100E-05,  1.0100E-05,  1.0100E-05,  1.0100E-05,  1.0100E-05,  1.0100E-05,  1.0100E-05,  1.0100E-05,  1.0100E-05,  1.0100E-05,  1.0100E-05,  1.0100E-05,  1.0100E-05,  1.0100E-05,  1.0100E-05,  1.0100E-05,  1.0100E-05,  1.0100E-05,  1.0100E-05,  1.0100E-05,  1.0100E-05,  1.0100E-05,  1.0100E-05,  1.0100E-05,  1.0100E-05,  1.0100E-05,  1.0100E-05,  3.8048E-02,  2.2293E-03,  9.9905E-06,  5.3179E-06,  1.3618E-05,  6.1113E-05,  1.4432E-05,  6.1781E-05,  1.0042E-06,  9.3950E-06,  1.6014E-06,  1.2981E-05,  2.0165E-06,  1.0191E-05,  3.3550E-07,  1.9815E-06,  3.4040E-07,  7.8520E-07,  5.2830E-07,  1.6542E-06,  2.5152E-07,  7.6376E-07,  3.8945E-07,  8.7155E-07,  6.5944E-07,  8.1204E-06,  4.7809E-08,  4.1106E-07,  9.9007E-11,  9.9007E-11,  9.9009E-11,  9.9010E-11,  9.9010E-11,  9.9011E-11,  9.9010E-11,  9.9011E-11,  9.9011E-11,  9.9011E-11,  9.9010E-11,  9.9010E-11,  9.9009E-11,  9.9010E-11,  9.9009E-11,  9.9010E-11,  9.9010E-11,  9.9011E-11,  9.9010E-11,  9.9012E-11,  9.9012E-11,  9.9013E-11,  9.9013E-11,  9.9014E-11,  9.9013E-11,  9.9014E-11,  9.9014E-11,  9.9014E-11,  9.9014E-11,  9.9014E-11,  9.9013E-11,  9.9013E-11,  9.9013E-11,  9.9014E-11,  9.9014E-11,  9.9015E-11,  9.9014E-11,  9.9015E-11,  9.9015E-11,  9.9015E-11,  9.9014E-11,  9.9015E-11,  9.9015E-11,  9.9015E-11,  9.9015E-11,  9.9015E-11,  9.9015E-11,  9.9015E-11,  9.9015E-11,  9.9015E-11,  9.9015E-11,  9.9016E-11,  9.9016E-11,  9.9016E-11,  9.9016E-11,  9.9015E-11,  9.9015E-11,  9.9017E-11,  9.9017E-11,  9.9017E-11,  9.9016E-11,  9.9017E-11,  9.9016E-11,  9.9017E-11
  9.0000E+03,  1.8076E+02,  1.0066E+01,  4.6365E-02,  2.1839E-02,  5.2646E-02,  2.7605E-01,  5.9409E-02,  2.8823E-01,  3.8852E-03,  4.2416E-02,  6.5743E-03,  6.0523E-02,  8.8078E-03,  4.9155E-02,  1.3395E-03,  9.2569E-03,  1.3206E-03,  3.2267E-03,  2.0491E-03,  7.4747E-03,  1.0321E-03,  3.0381E-03,  1.5942E-03,  3.6829E-03,  3.0625E-03,  4.0386E-02,  2.1570E-04,  2.0475E-03,  1.0001E-05,  1.0001E-05,  1.0001E-05,  1.0001E-05,  1.0001E-05,  1.0001E-05,  1.0001E-05,  1.0001E-05,  1.0001E-05,  1.0001E-05,  1.0001E-05,  1.0001E-05,  1.0001E-05,  1.0001E-05,  1.0001E-05,  1.0001E-05,  1.0001E-05,  1.0001E-05,  1.0001E-05,  1.0001E-05,  1.0001E-05,  1.0001E-05,  1.0001E-05,  1.0001E-05,  1.0001E-05,  1.0001E-05,  1.0001E-05,  1.0001E-05,  1.0001E-05,  1.0001E-05,  1.0001E-05,  1.0001E-05,  1.0001E-05,  1.0001E-05,  1.0001E-05,  1.0001E-05,  1.0001E-05,  1.0001E-05,  1.0001E-05,  1.0001E-05,  1.0001E-05,  1.0001E-05,  1.0001E-05,  1.0001E-05,  1.0001E-05,  1.0001E-05,  1.0001E-05,  1.0001E-05,  1.0001E-05,  1.0001E-05,  1.0001E-05,  1.0001E-05,  1.0001E-05,  1.0001E-05,  1.0001E-05,  1.0001E-05,  1.0001E-05,  1.0001E-05,  1.0001E-05,  1.0001E-05,  1.0001E-05,  1.0001E-05,  1.0001E-05,  1.0001E-05,  2.9097E-02,  1.6841E-03,  7.5794E-06,  3.9544E-06,  1.0016E-05,  4.6173E-05,  1.0735E-05,  4.6924E-05,  7.3881E-07,  7.0975E-06,  1.1905E-06,  9.8580E-06,  1.5150E-06,  7.7821E-06,  2.4826E-07,  1.5056E-06,  2.5064E-07,  5.8397E-07,  3.8894E-07,  1.2500E-06,  1.8696E-07,  5.6458E-07,  2.8929E-07,  6.5101E-07,  5.0032E-07,  6.2295E-06,  3.6120E-08,  3.1547E-07,  9.9014E-11,  9.9014E-11,  9.9015E-11,  9.9016E-11,  9.9016E-11,  9.9017E-11,  9.9016E-11,  9.9017E-11,  9.9017E-11,  9.9017E-11,  9.9016E-11,  9.9016E-11,  9.9016E-11,  9.9016E-11,  9.9016E-11,  9.9017E-11,  9.9016E-11,  9.9017E-11,  9.9017E-11,  9.9017E-11,  9.9017E-11,  9.9018E-11,  9.9018E-11,  9.9019E-11,  9.9018E-11,  9.9019E-11,  9.9019E-11,  9.9019E-11,  9.9019E-11,  9.9019E-11,  9.9018E-11,  9.9019E-11,  9.9018E-11,  9.9019E-11,  9.9019E-11,  9.9019E-11,  9.9019E-11,  9.9019E-11,  9.9019E-11,  9.9019E-11,  9.9019E-11,  9.9020E-11,  9.9019E-11,  9.9020E-11,  9.9020E-11,  9.9020E-11,  9.9020E-11,  9.9020E-11,  9.9020E-11,  9.9020E-11,  9.9020E-11,  9.9020E-11,  9.9020E-11,  9.9020E-11,  9.9020E-11,  9.9020E-11,  9.9020E-11,  9.9021E-11,  9.9021E-11,  9.9021E-11,  9.9021E-11,  9.9021E-11,  9.9020E-11,  9.9021E-11
  1.0000E+04,  1.5482E+02,  8.5714E+00,  3.9627E-02,  1.8351E-02,  4.3848E-02,  2.3506E-01,  4.9938E-02,  2.4649E-01,  3.2363E-03,  3.6117E-02,  5.5243E-03,  5.1755E-02,  7.4661E-03,  4.2218E-02,  1.1209E-03,  7.9176E-03,  1.1003E-03,  2.7116E-03,  1.7074E-03,  6.3651E-03,  8.6720E-04,  2.5413E-03,  1.3391E-03,  3.1077E-03,  2.6177E-03,  3.4823E-02,  1.8365E-04,  1.7657E-03,  9.9022E-06,  9.9022E-06,  9.9022E-06,  9.9022E-06,  9.9022E-06,  9.9023E-06,  9.9023E-06,  9.9023E-06,  9.9023E-06,  9.9023E-06,  9.9023E-06,  9.9023E-06,  9.9022E-06,  9.9023E-06,  9.9022E-06,  9.9023E-06,  9.9023E-06,  9.9023E-06,  9.9023E-06,  9.9023E-06,  9.9023E-06,  9.9023E-06,  9.9023E-06,  9.9023E-06,  9.9023E-06,  9.9023E-06,  9.9023E-06,  9.9023E-06,  9.9023E-06,  9.9023E-06,  9.9023E-06,  9.9023E-06,  9.9023E-06,  9.9023E-06,  9.9023E-06,  9.9023E-06,  9.9023E-06,  9.9023E-06,  9.9023E-06,  9.9023E-06,  9.9023E-06,  9.9023E-06,  9.9023E-06,  9.9023E-06,  9.9023E-06,  9.9023E-06,  9.9023E-06,  9.9023E-06,  9.9023E-06,  9.9023E-06,  9.9023E-06,  9.9023E-06,  9.9023E-06,  9.9023E-06,  9.9023E-06,  9.9023E-06,  9.9023E-06,  9.9023E-06,  9.9023E-06,  9.9023E-06,  9.9023E-06,  9.9023E-06,  9.9023E-06,  9.9023E-06,  2.2779E-02,  1.3055E-03,  5.8980E-06,  3.0214E-06,  7.5786E-06,  3.5794E-05,  8.2055E-06,  3.6550E-05,  5.5906E-07,  5.5015E-06,  9.0939E-07,  7.6776E-06,  1.1684E-06,  6.0910E-06,  1.8884E-07,  1.1731E-06,  1.8979E-07,  4.4625E-07,  2.9449E-07,  9.6908E-07,  1.4281E-07,  4.2911E-07,  2.2085E-07,  4.9952E-07,  3.8937E-07,  4.8965E-06,  2.7997E-08,  2.4804E-07,  9.9019E-11,  9.9019E-11,  9.9020E-11,  9.9020E-11,  9.9020E-11,  9.9021E-11,  9.9020E-11,  9.9021E-11,  9.9020E-11,  9.9020E-11,  9.9020E-11,  9.9020E-11,  9.9020E-11,  9.9020E-11,  9.9020E-11,  9.9020E-11,  9.9020E-11,  9.9020E-11,  9.9020E-11,  9.9021E-11,  9.9021E-11,  9.9021E-11,  9.9021E-11,  9.9022E-11,  9.9021E-11,  9.9022E-11,  9.9022E-11,  9.9022E-11,  9.9022E-11,  9.9022E-11,  9.9021E-11,  9.9021E-11,  9.9021E-11,  9.9022E-11,  9.9022E-11,  9.9022E-11,  9.9022E-11,  9.9022E-11,  9.9022E-11,  9.9022E-11,  9.9022E-11,  9.9022E-11,  9.9022E-11,  9.9022E-11,  9.9022E-11,  9.9022E-11,  9.9022E-11,  9.9022E-11,  9.9022E-11,  9.9022E-11,  9.9022E-11,  9.9022E-11,  9.9022E-11,  9.9022E-11,  9.9022E-11,  9.9022E-11,  9.9022E-11,  9.9022E-11,  9.9022E-11,  9.9022E-11,  9.9022E-11,  9.9022E-11,  9.9022E-11,  9.9022E-11
  1.1000E+04,  1.3434E+02,  7.4016E+00,  3.4333E-02,  1.5660E-02,  3.7123E-02,  2.0299E-01,  4.2627E-02,  2.1368E-01,  2.7401E-03,  3.1187E-02,  4.7143E-03,  4.4863E-02,  6.4213E-03,  3.6739E-02,  9.5298E-04,  6.8642E-03,  9.3189E-04,  2.3140E-03,  1.4460E-03,  5.4968E-03,  7.3999E-04,  2.1598E-03,  1.1424E-03,  2.6619E-03,  2.2682E-03,  3.0411E-02,  1.5856E-04,  1.5422E-03,  9.8032E-06,  9.8032E-06,  9.8032E-06,  9.8032E-06,  9.8032E-06,  9.8032E-06,  9.8032E-06,  9.8032E-06,  9.8032E-06,  9.8032E-06,  9.8032E-06,  9.8032E-06,  9.8032E-06,  9.8032E-06,  9.8032E-06,  9.8032E-06,  9.8032E-06,  9.8032E-06,  9.8032E-06,  9.8032E-06,  9.8032E-06,  9.8032E-06,  9.8032E-06,  9.8032E-06,  9.8032E-06,  9.8032E-06,  9.8032E-06,  9.8032E-06,  9.8032E-06,  9.8032E-06,  9.8032E-06,  9.8032E-06,  9.8032E-06,  9.8032E-06,  9.8032E-06,  9.8032E-06,  9.8032E-06,  9.8032E-06,  9.8032E-06,  9.8032E-06,  9.8032E-06,  9.8032E-06,  9.8032E-06,  9.8032E-06,  9.8032E-06,  9.8032E-06,  9.8032E-06,  9.8032E-06,  9.8032E-06,  9.8032E-06,  9.8032E-06,  9.8032E-06,  9.8032E-06,  9.8032E-06,  9.8032E-06,  9.8032E-06,  9.8032E-06,  9.8032E-06,  9.8032E-06,  9.8032E-06,  9.8032E-06,  9.8032E-06,  9.8032E-06,  9.8032E-06,  1.8193E-02,  1.0340E-03,  4.6885E-06,  2.3617E-06,  5.8716E-06,  2.8354E-05,  6.4164E-06,  2.9078E-05,  4.3319E-07,  4.3576E-06,  7.1077E-07,  6.1076E-06,  9.2125E-07,  4.8674E-06,  1.4701E-07,  9.3353E-07,  1.4712E-07,  3.4885E-07,  2.2828E-07,  7.6769E-07,  1.1161E-07,  3.3385E-07,  1.7253E-07,  3.9202E-07,  3.0955E-07,  3.9282E-06,  2.2174E-08,  1.9903E-07,  9.9021E-11,  9.9021E-11,  9.9022E-11,  9.9022E-11,  9.9022E-11,  9.9022E-11,  9.9022E-11,  9.9022E-11,  9.9022E-11,  9.9022E-11,  9.9022E-11,  9.9022E-11,  9.9022E-11,  9.9022E-11,  9.9022E-11,  9.9022E-11,  9.9022E-11,  9.9022E-11,  9.9022E-11,  9.9022E-11,  9.9022E-11,  9.9022E-11,  9.9022E-11,  9.9023E-11,  9.9022E-11,  9.9023E-11,  9.9023E-11,  9.9023E-11,  9.9023E-11,  9.9023E-11,  9.9022E-11,  9.9023E-11,  9.9022E-11,  9.9023E-11,  9.9023E-11,  9.9023E-11,  9.9023E-11,  9.9023E-11,  9.9023E-11,  9.9023E-11,  9.9023E-11,  9.9023E-11,  9.9023E-11,  9.9023E-11,  9.9023E-11,  9.9023E-11,  9.9023E-11,  9.9023E-11,  9.9023E-11,  9.9023E-11,  9.9023E-11,  9.9023E-11,  9.9023E-11,  9.9023E-11,  9.9023E-11,  9.9023E-11,  9.9023E-11,  9.9023E-11,  9.9023E-11,  9.9023E-11,  9.9023E-11,  9.9023E-11,  9.9023E-11,  9.9023E-11
  1.2000E+04,  1.1785E+02,  6.4675E+00,  3.0091E-02,  1.3538E-02,  3.1866E-02,  1.7737E-01,  3.6861E-02,  1.8736E-01,  2.3523E-03,  2.7250E-02,  4.0756E-03,  3.9335E-02,  5.5906E-03,  3.2326E-02,  8.2111E-04,  6.0193E-03,  8.0014E-04,  2.0006E-03,  1.2416E-03,  4.8032E-03,  6.3971E-04,  1.8604E-03,  9.8743E-04,  2.3091E-03,  1.9881E-03,  2.6843E-02,  1.3853E-04,  1.3614E-03,  9.7042E-06,  9.7042E-06,  9.7042E-06,  9.7042E-06,  9.7042E-06,  9.7042E-06,  9.7042E-06,  9.7042E-06,  9.7042E-06,  9.7042E-06,  9.7042E-06,  9.7042E-06,  9.7042E-06,  9.7042E-06,  9.7042E-06,  9.7042E-06,  9.7042E-06,  9.7042E-06,  9.7042E-06,  9.7042E-06,  9.7042E-06,  9.7042E-06,  9.7042E-06,  9.7042E-06,  9.7042E-06,  9.7042E-06,  9.7042E-06,  9.7042E-06,  9.7042E-06,  9.7042E-06,  9.7042E-06,  9.7042E-06,  9.7042E-06,  9.7042E-06,  9.7042E-06,  9.7042E-06,  9.7042E-06,  9.7042E-06,  9.7042E-06,  9.7042E-06,  9.7042E-06,  9.7042E-06,  9.7042E-06,  9.7042E-06,  9.7042E-06,  9.7042E-06,  9.7042E-06,  9.7042E-06,  9.7042E-06,  9.7042E-06,  9.7042E-06,  9.7042E-06,  9.7042E-06,  9.7042E-06,  9.7042E-06,  9.7042E-06,  9.7042E-06,  9.7042E-06,  9.7042E-06,  9.7042E-06,  9.7042E-06,  9.7042E-06,  9.7042E-06,  9.7042E-06,  1.4780E-02,  8.3433E-04,  3.7955E-06,  1.8824E-06,  4.6423E-06,  2.2879E-05,  5.1161E-06,  2.3557E-05,  3.4253E-07,  3.5159E-06,  5.6651E-07,  4.9475E-06,  7.4019E-07,  3.9592E-06,  1.1674E-07,  7.5641E-07,  1.1638E-07,  2.7808E-07,  1.8058E-07,  6.1947E-07,  8.8951E-08,  2.6497E-07,  1.3746E-07,  3.1363E-07,  2.5062E-07,  3.2068E-06,  1.7889E-08,  1.6251E-07,  9.9022E-11,  9.9022E-11,  9.9023E-11,  9.9023E-11,  9.9023E-11,  9.9023E-11,  9.9023E-11,  9.9023E-11,  9.9023E-11,  9.9023E-11,  9.9023E-11,  9.9023E-11,  9.9023E-11,  9.9023E-11,  9.9023E-11,  9.9023E-11,  9.9023E-11,  9.9023E-11,  9.9023E-11,  9.9023E-11,  9.9023E-11,  9.9023E-11,  9.9023E-11,  9.9023E-11,  9.9023E-11,  9.9023E-11,  9.9023E-11,  9.9023E-11,  9.9023E-11,  9.9023E-11,  9.9023E-11,  9.9023E-11,  9.9023E-11,  9.9023E-11,  9.9023E-11,  9.9023E-11,  9.9023E-11,  9.9023E-11,  9.9023E-11,  9.9023E-11,  9.9023E-11,  9.9023E-11,  9.9023E-11,  9.9023E-11,  9.9023E-11,  9.9023E-11,  9.9023E-11,  9.9023E-11,  9.9023E-11,  9.9023E-11,  9.9023E-11,  9.9023E-11,  9.9023E-11,  9.9023E-11,  9.9023E-11,  9.9023E-11,  9.9023E-11,  9.9023E-11,  9.9023E-11,  9.9023E-11,  9.9023E-11,  9.9023E-11,  9.9023E-11,  9.9023E-11
  1.4000E+04,  9.2902E+01,  5.0654E+00,  2.3699E-02,  1.0403E-02,  2.4179E-02,  1.3892E-01,  2.8337E-02,  1.4766E-01,  1.7850E-03,  2.1342E-02,  3.1321E-03,  3.0998E-02,  4.3507E-03,  2.5633E-02,  6.2721E-04,  4.7443E-03,  6.0737E-04,  1.5374E-03,  9.4248E-04,  3.7622E-03,  4.9158E-04,  1.4204E-03,  7.5855E-04,  1.7853E-03,  1.5660E-03,  2.1409E-02,  1.0847E-04,  1.0860E-03,  9.5062E-06,  9.5062E-06,  9.5062E-06,  9.5062E-06,  9.5062E-06,  9.5062E-06,  9.5062E-06,  9.5062E-06,  9.5062E-06,  9.5062E-06,  9.5062E-06,  9.5062E-06,  9.5062E-06,  9.5062E-06,  9.5062E-06,  9.5062E-06,  9.5062E-06,  9.5062E-06,  9.5062E-06,  9.5062E-06,  9.5062E-06,  9.5062E-06,  9.5062E-06,  9.5062E-06,  9.5062E-06,  9.5062E-06,  9.5062E-06,  9.5062E-06,  9.5062E-06,  9.5062E-06,  9.5062E-06,  9.5062E-06,  9.5062E-06,  9.5062E-06,  9.5062E-06,  9.5062E-06,  9.5062E-06,  9.5062E-06,  9.5062E-06,  9.5062E-06,  9.5062E-06,  9.5062E-06,  9.5062E-06,  9.5062E-06,  9.5062E-06,  9.5062E-06,  9.5062E-06,  9.5062E-06,  9.5062E-06,  9.5062E-06,  9.5062E-06,  9.5062E-06,  9.5062E-06,  9.5062E-06,  9.5062E-06,  9.5062E-06,  9.5062E-06,  9.5062E-06,  9.5062E-06,  9.5062E-06,  9.5062E-06,  9.5062E-06,  9.5062E-06,  9.5062E-06,  1.0169E-02,  5.6769E-04,  2.5974E-06,  1.2526E-06,  3.0448E-06,  1.5568E-05,  3.4078E-06,  1.6145E-05,  2.2470E-07,  2.3922E-06,  3.7697E-07,  3.3903E-06,  4.9968E-07,  2.7331E-06,  7.7162E-08,  5.1854E-07,  7.6388E-08,  1.8507E-07,  1.1854E-07,  4.2155E-07,  5.9184E-08,  1.7501E-07,  9.1412E-08,  2.1012E-07,  1.7153E-07,  2.2274E-06,  1.2165E-08,  1.1291E-07,  9.9023E-11,  9.9023E-11,  9.9023E-11,  9.9023E-11,  9.9023E-11,  9.9023E-11,  9.9023E-11,  9.9023E-11,  9.9023E-11,  9.9023E-11,  9.9023E-11,  9.9023E-11,  9.9023E-11,  9.9023E-11,  9.9023E-11,  9.9023E-11,  9.9023E-11,  9.9023E-11,  9.9023E-11,  9.9023E-11,  9.9023E-11,  9.9023E-11,  9.9023E-11,  9.9023E-11,  9.9023E-11,  9.9023E-11,  9.9023E-11,  9.9023E-11,  9.9023E-11,  9.9023E-11,  9.9023E-11,  9.9023E-11,  9.9023E-11,  9.9023E-11,  9.9023E-11,  9.9023E-11,  9.9023E-11,  9.9023E-11,  9.9023E-11,  9.9023E-11,  9.9023E-11,  9.9023E-11,  9.9023E-11,  9.9023E-11,  9.9023E-11,  9.9023E-11,  9.9023E-11,  9.9023E-11,  9.9023E-11,  9.9023E-11,  9.9023E-11,  9.9023E-11,  9.9023E-11,  9.9023E-11,  9.9023E-11,  9.9023E-11,  9.9023E-11,  9.9023E-11,  9.9023E-11,  9.9023E-11,  9.9023E-11,  9.9023E-11,  9.9023E-11,  9.9023E-11
  1.6000E+04,  7.5419E+01,  4.0929E+00,  1.9238E-02,  8.2735E-03,  1.9030E-02,  1.1225E-01,  2.2544E-02,  1.1993E-01,  1.4050E-03,  1.7244E-02,  2.4913E-03,  2.5175E-02,  3.4969E-03,  2.0927E-02,  4.9636E-04,  3.8536E-03,  4.7817E-04,  1.2228E-03,  7.4199E-04,  3.0400E-03,  3.9098E-04,  1.1237E-03,  6.0319E-04,  1.4272E-03,  1.2714E-03,  1.7563E-02,  8.7634E-05,  8.9101E-04,  9.3081E-06,  9.3081E-06,  9.3081E-06,  9.3081E-06,  9.3081E-06,  9.3081E-06,  9.3081E-06,  9.3081E-06,  9.3081E-06,  9.3081E-06,  9.3081E-06,  9.3081E-06,  9.3081E-06,  9.3081E-06,  9.3081E-06,  9.3081E-06,  9.3081E-06,  9.3081E-06,  9.3081E-06,  9.3081E-06,  9.3081E-06,  9.3081E-06,  9.3081E-06,  9.3081E-06,  9.3081E-06,  9.3081E-06,  9.3081E-06,  9.3081E-06,  9.3081E-06,  9.3081E-06,  9.3081E-06,  9.3081E-06,  9.3081E-06,  9.3081E-06,  9.3081E-06,  9.3081E-06,  9.3081E-06,  9.3081E-06,  9.3081E-06,  9.3081E-06,  9.3081E-06,  9.3081E-06,  9.3081E-06,  9.3081E-06,  9.3081E-06,  9.3081E-06,  9.3081E-06,  9.3081E-06,  9.3081E-06,  9.3081E-06,  9.3081E-06,  9.3081E-06,  9.3081E-06,  9.3081E-06,  9.3081E-06,  9.3081E-06,  9.3081E-06,  9.3081E-06,  9.3081E-06,  9.3081E-06,  9.3081E-06,  9.3081E-06,  9.3081E-06,  9.3081E-06,  7.3145E-03,  4.0483E-04,  1.8630E-06,  8.7663E-07,  2.1042E-06,  1.1102E-05,  2.3852E-06,  1.1586E-05,  1.5530E-07,  1.7058E-06,  2.6384E-07,  2.4327E-06,  3.5415E-07,  1.9737E-06,  5.3685E-08,  3.7219E-07,  5.2819E-08,  1.2953E-07,  8.1953E-08,  3.0064E-07,  4.1418E-08,  1.2169E-07,  6.3948E-08,  1.4795E-07,  1.2306E-07,  1.6186E-06,  8.6759E-09,  8.2068E-08,  9.9023E-11,  9.9023E-11,  9.9023E-11,  9.9023E-11,  9.9023E-11,  9.9023E-11,  9.9023E-11,  9.9023E-11,  9.9023E-11,  9.9023E-11,  9.9023E-11,  9.9023E-11,  9.9023E-11,  9.9023E-11,  9.9023E-11,  9.9023E-11,  9.9023E-11,  9.9023E-11,  9.9023E-11,  9.9023E-11,  9.9023E-11,  9.9023E-11,  9.9023E-11,  9.9023E-11,  9.9023E-11,  9.9023E-11,  9.9023E-11,  9.9023E-11,  9.9023E-11,  9.9023E-11,  9.9023E-11,  9.9023E-11,  9.9023E-11,  9.9023E-11,  9.9023E-11,  9.9023E-11,  9.9023E-11,  9.9023E-11,  9.9023E-11,  9.9023E-11,  9.9023E-11,  9.9023E-11,  9.9023E-11,  9.9023E-11,  9.9023E-11,  9.9023E-11,  9.9023E-11,  9.9023E-11,  9.9023E-11,  9.9023E-11,  9.9023E-11,  9.9023E-11,  9.9023E-11,  9.9023E-11,  9.9023E-11,  9.9023E-11,  9.9023E-11,  9.9023E-11,  9.9023E-11,  9.9023E-11,  9.9023E-11,  9.9023E-11,  9.9023E-11,  9.9023E-11
  1.8000E+04,  6.2654E+01,  3.3883E+00,  1.5989E-02,  6.7588E-03,  1.5411E-02,  9.2931E-02,  1.8422E-02,  9.9713E-02,  1.1379E-03,  1.4275E-02,  2.0354E-03,  2.0931E-02,  2.8820E-03,  1.7475E-02,  4.0381E-04,  3.2042E-03,  3.8731E-04,  9.9898E-04,  6.0102E-04,  2.5167E-03,  3.1941E-04,  9.1399E-04,  4.9271E-04,  1.1710E-03,  1.0568E-03,  1.4726E-02,  7.2536E-05,  7.4717E-04,  9.1101E-06,  9.1101E-06,  9.1101E-06,  9.1101E-06,  9.1101E-06,  9.1101E-06,  9.1101E-06,  9.1101E-06,  9.1101E-06,  9.1101E-06,  9.1101E-06,  9.1101E-06,  9.1101E-06,  9.1101E-06,  9.1101E-06,  9.1101E-06,  9.1101E-06,  9.1101E-06,  9.1101E-06,  9.1101E-06,  9.1101E-06,  9.1101E-06,  9.1101E-06,  9.1101E-06,  9.1101E-06,  9.1101E-06,  9.1101E-06,  9.1101E-06,  9.1101E-06,  9.1101E-06,  9.1101E-06,  9.1101E-06,  9.1101E-06,  9.1101E-06,  9.1101E-06,  9.1101E-06,  9.1101E-06,  9.1101E-06,  9.1101E-06,  9.1101E-06,  9.1101E-06,  9.1101E-06,  9.1101E-06,  9.1101E-06,  9.1101E-06,  9.1101E-06,  9.1101E-06,  9.1101E-06,  9.1101E-06,  9.1101E-06,  9.1101E-06,  9.1101E-06,  9.1101E-06,  9.1101E-06,  9.1101E-06,  9.1101E-06,  9.1101E-06,  9.1101E-06,  9.1101E-06,  9.1101E-06,  9.1101E-06,  9.1101E-06,  9.1101E-06,  9.1101E-06,  5.4510E-03,  2.9974E-04,  1.3860E-06,  6.3808E-07,  1.5146E-06,  8.2203E-06,  1.7369E-06,  8.6264E-06,  1.1181E-07,  1.2630E-06,  1.9206E-07,  1.8112E-06,  2.6070E-07,  1.4778E-06,  3.8871E-08,  2.7714E-07,  3.8035E-08,  9.4290E-08,  5.9015E-08,  2.2260E-07,  3.0147E-08,  8.8070E-08,  4.6534E-08,  1.0827E-07,  9.1566E-08,  1.2181E-06,  6.4221E-09,  6.1777E-08,  9.9023E-11,  9.9023E-11,  9.9023E-11,  9.9023E-11,  9.9023E-11,  9.9023E-11,  9.9023E-11,  9.9023E-11,  9.9023E-11,  9.9023E-11,  9.9023E-11,  9.9023E-11,  9.9023E-11,  9.9023E-11,  9.9023E-11,  9.9023E-11,  9.9023E-11,  9.9023E-11,  9.9023E-11,  9.9023E-11,  9.9023E-11,  9.9023E-11,  9.9023E-11,  9.9023E-11,  9.9023E-11,  9.9023E-11,  9.9023E-11,  9.9023E-11,  9.9023E-11,  9.9023E-11,  9.9023E-11,  9.9023E-11,  9.9023E-11,  9.9023E-11,  9.9023E-11,  9.9023E-11,  9.9023E-11,  9.9023E-11,  9.9023E-11,  9.9023E-11,  9.9023E-11,  9.9023E-11,  9.9023E-11,  9.9023E-11,  9.9023E-11,  9.9023E-11,  9.9023E-11,  9.9023E-11,  9.9023E-11,  9.9023E-11,  9.9023E-11,  9.9023E-11,  9.9023E-11,  9.9023E-11,  9.9023E-11,  9.9023E-11,  9.9023E-11,  9.9023E-11,  9.9023E-11,  9.9023E-11,  9.9023E-11,  9.9023E-11,  9.9023E-11,  9.9023E-11
  2.0000E+04,  5.3023E+01,  2.8600E+00,  1.3541E-02,  5.6414E-03,  1.2771E-02,  7.8441E-02,  1.5380E-02,  8.4475E-02,  9.4299E-04,  1.2049E-02,  1.6991E-03,  1.7731E-02,  2.4235E-03,  1.4859E-02,  3.3588E-04,  2.7146E-03,  3.2099E-04,  8.3387E-04,  4.9811E-04,  2.1243E-03,  2.6662E-04,  7.6011E-04,  4.1123E-04,  9.8101E-04,  8.9508E-04,  1.2565E-02,  6.1217E-05,  6.3757E-04,  8.9120E-06,  8.9120E-06,  8.9120E-06,  8.9120E-06,  8.9120E-06,  8.9120E-06,  8.9120E-06,  8.9120E-06,  8.9120E-06,  8.9120E-06,  8.9120E-06,  8.9120E-06,  8.9120E-06,  8.9120E-06,  8.9120E-06,  8.9120E-06,  8.9120E-06,  8.9120E-06,  8.9120E-06,  8.9120E-06,  8.9120E-06,  8.9120E-06,  8.9120E-06,  8.9120E-06,  8.9120E-06,  8.9120E-06,  8.9120E-06,  8.9120E-06,  8.9120E-06,  8.9120E-06,  8.9120E-06,  8.9120E-06,  8.9120E-06,  8.9120E-06,  8.9120E-06,  8.9120E-06,  8.9120E-06,  8.9120E-06,  8.9120E-06,  8.9120E-06,  8.9120E-06,  8.9120E-06,  8.9120E-06,  8.9120E-06,  8.9120E-06,  8.9120E-06,  8.9120E-06,  8.9120E-06,  8.9120E-06,  8.9120E-06,  8.9120E-06,  8.9120E-06,  8.9120E-06,  8.9120E-06,  8.9120E-06,  8.9120E-06,  8.9120E-06,  8.9120E-06,  8.9120E-06,  8.9120E-06,  8.9120E-06,  8.9120E-06,  8.9120E-06,  8.9120E-06,  4.1794E-03,  2.2860E-04,  1.0618E-06,  4.7923E-07,  1.1262E-06,  6.2696E-06,  1.3050E-06,  6.6123E-06,  8.3144E-08,  9.6319E-07,  1.4427E-07,  1.3882E-06,  1.9780E-07,  1.1385E-06,  2.9057E-08,  2.1246E-07,  2.8291E-08,  7.0823E-08,  4.3896E-08,  1.6979E-07,  2.2643E-08,  6.5811E-08,  3.4943E-08,  8.1724E-08,  7.0154E-08,  9.4286E-07,  4.8969E-09,  4.7823E-08,  9.9023E-11,  9.9023E-11,  9.9023E-11,  9.9023E-11,  9.9023E-11,  9.9023E-11,  9.9023E-11,  9.9023E-11,  9.9023E-11,  9.9023E-11,  9.9023E-11,  9.9023E-11,  9.9023E-11,  9.9023E-11,  9.9023E-11,  9.9023E-11,  9.9023E-11,  9.9023E-11,  9.9023E-11,  9.9023E-11,  9.9023E-11,  9.9023E-11,  9.9023E-11,  9.9023E-11,  9.9023E-11,  9.9023E-11,  9.9023E-11,  9.9023E-11,  9.9023E-11,  9.9023E-11,  9.9023E-11,  9.9023E-11,  9.9023E-11,  9.9023E-11,  9.9023E-11,  9.9023E-11,  9.9023E-11,  9.9023E-11,  9.9023E-11,  9.9023E-11,  9.9023E-11,  9.9023E-11,  9.9023E-11,  9.9023E-11,  9.9023E-11,  9.9023E-11,  9.9023E-11,  9.9023E-11,  9.9023E-11,  9.9023E-11,  9.9023E-11,  9.9023E-11,  9.9023E-11,  9.9023E-11,  9.9023E-11,  9.9023E-11,  9.9023E-11,  9.9023E-11,  9.9023E-11,  9.9023E-11,  9.9023E-11,  9.9023E-11,  9.9023E-11,  9.9023E-11
  3.0000E+04,  2.4757E+01,  1.3202E+00,  6.3565E-03,  2.4616E-03,  5.3677E-03,  3.6210E-02,  6.7182E-03,  3.9709E-02,  3.9644E-04,  5.5615E-03,  7.4174E-04,  8.3337E-03,  1.0980E-03,  7.1115E-03,  1.4395E-04,  1.2762E-03,  1.3500E-04,  3.6392E-04,  2.0951E-04,  9.8066E-04,  1.1637E-04,  3.2552E-04,  1.7940E-04,  4.3612E-04,  4.2031E-04,  6.1174E-03,  2.8240E-05,  3.1049E-04,  7.9218E-06,  7.9218E-06,  7.9218E-06,  7.9218E-06,  7.9218E-06,  7.9218E-06,  7.9218E-06,  7.9218E-06,  7.9218E-06,  7.9218E-06,  7.9218E-06,  7.9218E-06,  7.9218E-06,  7.9218E-06,  7.9218E-06,  7.9218E-06,  7.9218E-06,  7.9218E-06,  7.9218E-06,  7.9218E-06,  7.9218E-06,  7.9218E-06,  7.9218E-06,  7.9218E-06,  7.9218E-06,  7.9218E-06,  7.9218E-06,  7.9218E-06,  7.9218E-06,  7.9218E-06,  7.9218E-06,  7.9218E-06,  7.9218E-06,  7.9218E-06,  7.9218E-06,  7.9218E-06,  7.9218E-06,  7.9218E-06,  7.9218E-06,  7.9218E-06,  7.9218E-06,  7.9218E-06,  7.9218E-06,  7.9218E-06,  7.9218E-06,  7.9218E-06,  7.9218E-06,  7.9218E-06,  7.9218E-06,  7.9218E-06,  7.9218E-06,  7.9218E-06,  7.9218E-06,  7.9218E-06,  7.9218E-06,  7.9218E-06,  7.9218E-06,  7.9218E-06,  7.9218E-06,  7.9218E-06,  7.9218E-06,  7.9218E-06,  7.9218E-06,  7.9218E-06,  1.4739E-03,  7.9361E-05,  3.7518E-07,  1.5673E-07,  3.5432E-07,  2.1767E-06,  4.2738E-07,  2.3409E-06,  2.6165E-08,  3.3435E-07,  4.7206E-08,  4.9134E-07,  6.7307E-08,  4.1100E-07,  9.3286E-09,  7.5229E-08,  8.9076E-09,  2.3167E-08,  1.3823E-08,  5.8948E-08,  7.4073E-09,  2.1106E-08,  1.1423E-08,  2.7253E-08,  2.4799E-08,  3.4673E-07,  1.6986E-09,  1.7594E-08,  9.9023E-11,  9.9023E-11,  9.9023E-11,  9.9023E-11,  9.9023E-11,  9.9023E-11,  9.9023E-11,  9.9023E-11,  9.9023E-11,  9.9023E-11,  9.9023E-11,  9.9023E-11,  9.9023E-11,  9.9023E-11,  9.9023E-11,  9.9023E-11,  9.9023E-11,  9.9023E-11,  9.9023E-11,  9.9023E-11,  9.9023E-11,  9.9023E-11,  9.9023E-11,  9.9023E-11,  9.9023E-11,  9.9023E-11,  9.9023E-11,  9.9023E-11,  9.9023E-11,  9.9023E-11,  9.9023E-11,  9.9023E-11,  9.9023E-11,  9.9023E-11,  9.9023E-11,  9.9023E-11,  9.9023E-11,  9.9023E-11,  9.9023E-11,  9.9023E-11,  9.9023E-11,  9.9023E-11,  9.9023E-11,  9.9023E-11,  9.9023E-11,  9.9023E-11,  9.9023E-11,  9.9023E-11,  9.9023E-11,  9.9023E-11,  9.9023E-11,  9.9023E-11,  9.9023E-11,  9.9023E-11,  9.9023E-11,  9.9023E-11,  9.9023E-11,  9.9023E-11,  9.9023E-11,  9.9023E-11,  9.9023E-11,  9.9023E-11,  9.9023E-11,  9.9023E-11
  4.0000E+04,  1.3919E+01,  7.3819E-01,  3.5937E-03,  1.3275E-03,  2.8255E-03,  2.0247E-02,  3.6249E-03,  2.2464E-02,  2.0871E-04,  3.1096E-03,  4.0011E-04,  4.7143E-03,  6.0663E-04,  4.0701E-03,  7.6724E-05,  7.2202E-04,  7.1080E-05,  1.9627E-04,  1.1032E-04,  5.4835E-04,  6.2764E-05,  1.7344E-04,  9.6742E-05,  2.3805E-04,  2.3767E-04,  3.5404E-03,  1.5785E-05,  1.7971E-04,  6.9316E-06,  6.9316E-06,  6.9316E-06,  6.9316E-06,  6.9316E-06,  6.9316E-06,  6.9316E-06,  6.9316E-06,  6.9316E-06,  6.9316E-06,  6.9316E-06,  6.9316E-06,  6.9316E-06,  6.9316E-06,  6.9316E-06,  6.9316E-06,  6.9316E-06,  6.9316E-06,  6.9316E-06,  6.9316E-06,  6.9316E-06,  6.9316E-06,  6.9316E-06,  6.9316E-06,  6.9316E-06,  6.9316E-06,  6.9316E-06,  6.9316E-06,  6.9316E-06,  6.9316E-06,  6.9316E-06,  6.9316E-06,  6.9316E-06,  6.9316E-06,  6.9316E-06,  6.9316E-06,  6.9316E-06,  6.9316E-06,  6.9316E-06,  6.9316E-06,  6.9316E-06,  6.9316E-06,  6.9316E-06,  6.9316E-06,  6.9316E-06,  6.9316E-06,  6.9316E-06,  6.9316E-06,  6.9316E-06,  6.9316E-06,  6.9316E-06,  6.9316E-06,  6.9316E-06,  6.9316E-06,  6.9316E-06,  6.9316E-06,  6.9316E-06,  6.9316E-06,  6.9316E-06,  6.9316E-06,  6.9316E-06,  6.9316E-06,  6.9316E-06,  6.9316E-06,  6.9367E-04,  3.7040E-05,  1.7740E-07,  7.0095E-08,  1.5412E-07,  1.0159E-06,  1.9128E-07,  1.1080E-06,  1.1382E-08,  1.5604E-07,  2.1120E-08,  2.3254E-07,  3.0969E-08,  1.9728E-07,  4.1163E-09,  3.5610E-08,  3.8759E-09,  1.0363E-08,  6.0151E-09,  2.7514E-08,  3.3134E-09,  9.3089E-09,  5.1084E-09,  1.2361E-08,  1.1729E-08,  1.6868E-07,  7.9240E-10,  8.5612E-09,  9.9023E-11,  9.9023E-11,  9.9023E-11,  9.9023E-11,  9.9023E-11,  9.9023E-11,  9.9023E-11,  9.9023E-11,  9.9023E-11,  9.9023E-11,  9.9023E-11,  9.9023E-11,  9.9023E-11,  9.9023E-11,  9.9023E-11,  9.9023E-11,  9.9023E-11,  9.9023E-11,  9.9023E-11,  9.9023E-11,  9.9023E-11,  9.9023E-11,  9.9023E-11,  9.9023E-11,  9.9023E-11,  9.9023E-11,  9.9023E-11,  9.9023E-11,  9.9023E-11,  9.9023E-11,  9.9023E-11,  9.9023E-11,  9.9023E-11,  9.9023E-11,  9.9023E-11,  9.9023E-11,  9.9023E-11,  9.9023E-11,  9.9023E-11,  9.9023E-11,  9.9023E-11,  9.9023E-11,  9.9023E-11,  9.9023E-11,  9.9023E-11,  9.9023E-11,  9.9023E-11,  9.9023E-11,  9.9023E-11,  9.9023E-11,  9.9023E-11,  9.9023E-11,  9.9023E-11,  9.9023E-11,  9.9023E-11,  9.9023E-11,  9.9023E-11,  9.9023E-11,  9.9023E-11,  9.9023E-11,  9.9023E-11,  9.9023E-11,  9.9023E-11,  9.9023E-11
  5.0000E+04,  8.5297E+00,  4.5095E-01,  2.2130E-03,  7.9024E-04,  1.6531E-03,  1.2369E-02,  2.1586E-03,  1.3839E-02,  1.2212E-04,  1.8996E-03,  2.3822E-04,  2.9041E-03,  3.6742E-04,  2.5282E-03,  4.5290E-05,  4.4480E-04,  4.1593E-05,  1.1684E-04,  6.4557E-05,  3.3498E-04,  3.7367E-05,  1.0236E-04,  5.7589E-05,  1.4294E-04,  1.4637E-04,  2.2169E-03,  9.6405E-06,  1.1254E-04,  5.9414E-06,  5.9414E-06,  5.9414E-06,  5.9414E-06,  5.9414E-06,  5.9414E-06,  5.9414E-06,  5.9414E-06,  5.9414E-06,  5.9414E-06,  5.9414E-06,  5.9414E-06,  5.9414E-06,  5.9414E-06,  5.9414E-06,  5.9414E-06,  5.9414E-06,  5.9414E-06,  5.9414E-06,  5.9414E-06,  5.9414E-06,  5.9414E-06,  5.9414E-06,  5.9414E-06,  5.9414E-06,  5.9414E-06,  5.9414E-06,  5.9414E-06,  5.9414E-06,  5.9414E-06,  5.9414E-06,  5.9414E-06,  5.9414E-06,  5.9414E-06,  5.9414E-06,  5.9414E-06,  5.9414E-06,  5.9414E-06,  5.9414E-06,  5.9414E-06,  5.9414E-06,  5.9414E-06,  5.9414E-06,  5.9414E-06,  5.9414E-06,  5.9414E-06,  5.9414E-06,  5.9414E-06,  5.9414E-06,  5.9414E-06,  5.9414E-06,  5.9414E-06,  5.9414E-06,  5.9414E-06,  5.9414E-06,  5.9414E-06,  5.9414E-06,  5.9414E-06,  5.9414E-06,  5.9414E-06,  5.9414E-06,  5.9414E-06,  5.9414E-06,  5.9414E-06,  3.8411E-04,  2.0407E-05,  9.8746E-08,  3.7355E-08,  8.0363E-08,  5.5972E-07,  1.0199E-07,  6.1713E-07,  5.9359E-09,  8.5964E-08,  1.1258E-08,  1.2951E-07,  1.6873E-08,  1.1109E-07,  2.1706E-09,  1.9835E-08,  2.0215E-09,  5.5227E-09,  3.1375E-09,  1.5159E-08,  1.7660E-09,  4.9073E-09,  2.7222E-09,  6.6604E-09,  6.5301E-09,  9.6002E-08,  4.3641E-10,  4.8729E-09,  9.9023E-11,  9.9023E-11,  9.9023E-11,  9.9023E-11,  9.9023E-11,  9.9023E-11,  9.9023E-11,  9.9023E-11,  9.9023E-11,  9.9023E-11,  9.9023E-11,  9.9023E-11,  9.9023E-11,  9.9023E-11,  9.9023E-11,  9.9023E-11,  9.9023E-11,  9.9023E-11,  9.9023E-11,  9.9023E-11,  9.9023E-11,  9.9023E-11,  9.9023E-11,  9.9023E-11,  9.9023E-11,  9.9023E-11,  9.9023E-11,  9.9023E-11,  9.9023E-11,  9.9023E-11,  9.9023E-11,  9.9023E-11,  9.9023E-11,  9.9023E-11,  9.9023E-11,  9.9023E-11,  9.9023E-11,  9.9023E-11,  9.9023E-11,  9.9023E-11,  9.9023E-11,  9.9023E-11,  9.9023E-11,  9.9023E-11,  9.9023E-11,  9.9023E-11,  9.9023E-11,  9.9023E-11,  9.9023E-11,  9.9023E-11,  9.9023E-11,  9.9023E-11,  9.9023E-11,  9.9023E-11,  9.9023E-11,  9.9023E-11,  9.9023E-11,  9.9023E-11,  9.9023E-11,  9.9023E-11,  9.9023E-11,  9.9023E-11,  9.9023E-11,  9.9023E-11
  6.0000E+04,  5.4282E+00,  2.8639E-01,  1.4141E-03,  4.9209E-04,  1.0160E-03,  7.8552E-03,  1.3444E-03,  8.8453E-03,  7.5051E-05,  1.2064E-03,  1.4836E-04,  1.8561E-03,  2.3183E-04,  1.6262E-03,  2.8021E-05,  2.8430E-04,  2.5563E-05,  7.2759E-05,  3.9678E-05,  2.1274E-04,  2.3270E-05,  6.3326E-05,  3.5861E-05,  8.9596E-05,  9.3538E-05,  1.4348E-03,  6.1217E-06,  7.2841E-05,  4.9511E-06,  4.9511E-06,  4.9511E-06,  4.9511E-06,  4.9511E-06,  4.9511E-06,  4.9511E-06,  4.9511E-06,  4.9511E-06,  4.9511E-06,  4.9511E-06,  4.9511E-06,  4.9511E-06,  4.9511E-06,  4.9511E-06,  4.9511E-06,  4.9511E-06,  4.9511E-06,  4.9511E-06,  4.9511E-06,  4.9511E-06,  4.9511E-06,  4.9511E-06,  4.9511E-06,  4.9511E-06,  4.9511E-06,  4.9511E-06,  4.9511E-06,  4.9511E-06,  4.9511E-06,  4.9511E-06,  4.9511E-06,  4.9511E-06,  4.9511E-06,  4.9511E-06,  4.9511E-06,  4.9511E-06,  4.9511E-06,  4.9511E-06,  4.9511E-06,  4.9511E-06,  4.9511E-06,  4.9511E-06,  4.9511E-06,  4.9511E-06,  4.9511E-06,  4.9511E-06,  4.9511E-06,  4.9511E-06,  4.9511E-06,  4.9511E-06,  4.9511E-06,  4.9511E-06,  4.9511E-06,  4.9511E-06,  4.9511E-06,  4.9511E-06,  4.9511E-06,  4.9511E-06,  4.9511E-06,  4.9511E-06,  4.9511E-06,  4.9511E-06,  4.9511E-06,  2.3619E-04,  1.2505E-05,  6.1030E-08,  2.2276E-08,  4.7076E-08,  3.4299E-07,  6.0839E-08,  3.8159E-07,  3.4774E-09,  5.2676E-08,  6.7147E-09,  8.0077E-08,  1.0246E-08,  6.9308E-08,  1.2832E-09,  1.2265E-08,  1.1844E-09,  3.2936E-09,  1.8383E-09,  9.2893E-09,  1.0533E-09,  2.9004E-09,  1.6234E-09,  4.0079E-09,  4.0365E-09,  6.0421E-08,  2.6736E-10,  3.0671E-09,  9.9023E-11,  9.9023E-11,  9.9023E-11,  9.9023E-11,  9.9023E-11,  9.9023E-11,  9.9023E-11,  9.9023E-11,  9.9023E-11,  9.9023E-11,  9.9023E-11,  9.9023E-11,  9.9023E-11,  9.9023E-11,  9.9023E-11,  9.9023E-11,  9.9023E-11,  9.9023E-11,  9.9023E-11,  9.9023E-11,  9.9023E-11,  9.9023E-11,  9.9023E-11,  9.9023E-11,  9.9023E-11,  9.9023E-11,  9.9023E-11,  9.9023E-11,  9.9023E-11,  9.9023E-11,  9.9023E-11,  9.9023E-11,  9.9023E-11,  9.9023E-11,  9.9023E-11,  9.9023E-11,  9.9023E-11,  9.9023E-11,  9.9023E-11,  9.9023E-11,  9.9023E-11,  9.9023E-11,  9.9023E-11,  9.9023E-11,  9.9023E-11,  9.9023E-11,  9.9023E-11,  9.9023E-11,  9.9023E-11,  9.9023E-11,  9.9023E-11,  9.9023E-11,  9.9023E-11,  9.9023E-11,  9.9023E-11,  9.9023E-11,  9.9023E-11,  9.9023E-11,  9.9023E-11,  9.9023E-11,  9.9023E-11,  9.9023E-11,  9.9023E-11,  9.9023E-11
  7.0000E+04,  3.4658E+00,  1.8259E-01,  9.0602E-04,  3.0886E-04,  6.3101E-04,  5.0082E-03,  8.4395E-04,  5.6683E-03,  4.6616E-05,  7.6912E-04,  9.3123E-05,  1.1894E-03,  1.4704E-04,  1.0474E-03,  1.7497E-05,  1.8219E-04,  1.5878E-05,  4.5668E-05,  2.4646E-05,  1.3564E-04,  1.4606E-05,  3.9539E-05,  2.2508E-05,  5.6530E-05,  5.9934E-05,  9.2874E-04,  3.9025E-06,  4.7151E-05,  3.9609E-06,  3.9609E-06,  3.9609E-06,  3.9609E-06,  3.9609E-06,  3.9609E-06,  3.9609E-06,  3.9609E-06,  3.9609E-06,  3.9609E-06,  3.9609E-06,  3.9609E-06,  3.9609E-06,  3.9609E-06,  3.9609E-06,  3.9609E-06,  3.9609E-06,  3.9609E-06,  3.9609E-06,  3.9609E-06,  3.9609E-06,  3.9609E-06,  3.9609E-06,  3.9609E-06,  3.9609E-06,  3.9609E-06,  3.9609E-06,  3.9609E-06,  3.9609E-06,  3.9609E-06,  3.9609E-06,  3.9609E-06,  3.9609E-06,  3.9609E-06,  3.9609E-06,  3.9609E-06,  3.9609E-06,  3.9609E-06,  3.9609E-06,  3.9609E-06,  3.9609E-06,  3.9609E-06,  3.9609E-06,  3.9609E-06,  3.9609E-06,  3.9609E-06,  3.9609E-06,  3.9609E-06,  3.9609E-06,  3.9609E-06,  3.9609E-06,  3.9609E-06,  3.9609E-06,  3.9609E-06,  3.9609E-06,  3.9609E-06,  3.9609E-06,  3.9609E-06,  3.9609E-06,  3.9609E-06,  3.9609E-06,  3.9609E-06,  3.9609E-06,  3.9609E-06,  1.5629E-04,  8.2546E-06,  4.0581E-08,  1.4370E-08,  2.9912E-08,  2.2641E-07,  3.9256E-08,  2.5381E-07,  2.2097E-09,  3.4772E-08,  4.3321E-09,  5.3260E-08,  6.7117E-09,  4.6451E-08,  8.2163E-10,  8.1577E-09,  7.5263E-10,  2.1247E-09,  1.1682E-09,  6.1319E-09,  6.7951E-10,  1.8569E-09,  1.0472E-09,  2.6053E-09,  2.6842E-09,  4.0797E-08,  1.7646E-10,  2.0711E-09,  9.9023E-11,  9.9023E-11,  9.9023E-11,  9.9023E-11,  9.9023E-11,  9.9023E-11,  9.9023E-11,  9.9023E-11,  9.9023E-11,  9.9023E-11,  9.9023E-11,  9.9023E-11,  9.9023E-11,  9.9023E-11,  9.9023E-11,  9.9023E-11,  9.9023E-11,  9.9023E-11,  9.9023E-11,  9.9023E-11,  9.9023E-11,  9.9023E-11,  9.9023E-11,  9.9023E-11,  9.9023E-11,  9.9023E-11,  9.9023E-11,  9.9023E-11,  9.9023E-11,  9.9023E-11,  9.9023E-11,  9.9023E-11,  9.9023E-11,  9.9023E-11,  9.9023E-11,  9.9023E-11,  9.9023E-11,  9.9023E-11,  9.9023E-11,  9.9023E-11,  9.9023E-11,  9.9023E-11,  9.9023E-11,  9.9023E-11,  9.9023E-11,  9.9023E-11,  9.9023E-11,  9.9023E-11,  9.9023E-11,  9.9023E-11,  9.9023E-11,  9.9023E-11,  9.9023E-11,  9.9023E-11,  9.9023E-11,  9.9023E-11,  9.9023E-11,  9.9023E-11,  9.9023E-11,  9.9023E-11,  9.9023E-11,  9.9023E-11,  9.9023E-11,  9.9023E-11
  8.0000E+04,  2.1386E+00,  1.1255E-01,  5.6077E-04,  1.8791E-04,  3.8059E-04,  3.0870E-03,  5.1352E-04,  3.5088E-03,  2.8116E-05,  4.7407E-04,  5.6660E-05,  7.3626E-04,  9.0242E-05,  6.5114E-04,  1.0600E-05,  1.1278E-04,  9.5770E-06,  2.7785E-05,  1.4866E-05,  8.3606E-05,  8.8866E-06,  2.3952E-05,  1.3694E-05,  3.4544E-05,  3.7097E-05,  5.7974E-04,  2.4053E-06,  2.9433E-05,  2.9707E-06,  2.9707E-06,  2.9707E-06,  2.9707E-06,  2.9707E-06,  2.9707E-06,  2.9707E-06,  2.9707E-06,  2.9707E-06,  2.9707E-06,  2.9707E-06,  2.9707E-06,  2.9707E-06,  2.9707E-06,  2.9707E-06,  2.9707E-06,  2.9707E-06,  2.9707E-06,  2.9707E-06,  2.9707E-06,  2.9707E-06,  2.9707E-06,  2.9707E-06,  2.9707E-06,  2.9707E-06,  2.9707E-06,  2.9707E-06,  2.9707E-06,  2.9707E-06,  2.9707E-06,  2.9707E-06,  2.9707E-06,  2.9707E-06,  2.9707E-06,  2.9707E-06,  2.9707E-06,  2.9707E-06,  2.9707E-06,  2.9707E-06,  2.9707E-06,  2.9707E-06,  2.9707E-06,  2.9707E-06,  2.9707E-06,  2.9707E-06,  2.9707E-06,  2.9707E-06,  2.9707E-06,  2.9707E-06,  2.9707E-06,  2.9707E-06,  2.9707E-06,  2.9707E-06,  2.9707E-06,  2.9707E-06,  2.9707E-06,  2.9707E-06,  2.9707E-06,  2.9707E-06,  2.9707E-06,  2.9707E-06,  2.9707E-06,  2.9707E-06,  2.9707E-06,  1.0915E-04,  5.7543E-06,  2.8469E-08,  9.8194E-09,  2.0173E-08,  1.5783E-07,  2.6830E-08,  1.7810E-07,  1.4903E-09,  2.4239E-08,  2.9605E-09,  3.7373E-08,  4.6478E-09,  3.2811E-08,  5.5782E-10,  5.7245E-09,  5.0762E-10,  1.4519E-09,  7.8792E-10,  4.2746E-09,  4.6435E-10,  1.2606E-09,  7.1558E-10,  1.7921E-09,  1.8832E-09,  2.9004E-08,  1.2299E-10,  1.4724E-09,  9.9023E-11,  9.9023E-11,  9.9023E-11,  9.9023E-11,  9.9023E-11,  9.9023E-11,  9.9023E-11,  9.9023E-11,  9.9023E-11,  9.9023E-11,  9.9023E-11,  9.9023E-11,  9.9023E-11,  9.9023E-11,  9.9023E-11,  9.9023E-11,  9.9023E-11,  9.9023E-11,  9.9023E-11,  9.9023E-11,  9.9023E-11,  9.9023E-11,  9.9023E-11,  9.9023E-11,  9.9023E-11,  9.9023E-11,  9.9023E-11,  9.9023E-11,  9.9023E-11,  9.9023E-11,  9.9023E-11,  9.9023E-11,  9.9023E-11,  9.9023E-11,  9.9023E-11,  9.9023E-11,  9.9023E-11,  9.9023E-11,  9.9023E-11,  9.9023E-11,  9.9023E-11,  9.9023E-11,  9.9023E-11,  9.9023E-11,  9.9023E-11,  9.9023E-11,  9.9023E-11,  9.9023E-11,  9.9023E-11,  9.9023E-11,  9.9023E-11,  9.9023E-11,  9.9023E-11,  9.9023E-11,  9.9023E-11,  9.9023E-11,  9.9023E-11,  9.9023E-11,  9.9023E-11,  9.9023E-11,  9.9023E-11,  9.9023E-11,  9.9023E-11,  9.9023E-11
  9.0000E+04,  1.1955E+00,  6.2859E-02,  3.1436E-04,  1.0374E-04,  2.0850E-04,  1.7241E-03,  2.8354E-04,  1.9671E-03,  1.5403E-05,  2.6477E-04,  3.1283E-05,  4.1277E-04,  5.0208E-05,  3.6642E-04,  5.8299E-06,  6.3228E-05,  5.2468E-06,  1.5340E-05,  8.1442E-06,  4.6695E-05,  4.9064E-06,  1.3173E-05,  7.5604E-06,  1.9145E-05,  2.0797E-05,  3.2745E-04,  1.3433E-06,  1.6625E-05,  1.9805E-06,  1.9805E-06,  1.9805E-06,  1.9805E-06,  1.9805E-06,  1.9805E-06,  1.9805E-06,  1.9805E-06,  1.9805E-06,  1.9805E-06,  1.9805E-06,  1.9805E-06,  1.9805E-06,  1.9805E-06,  1.9805E-06,  1.9805E-06,  1.9805E-06,  1.9805E-06,  1.9805E-06,  1.9805E-06,  1.9805E-06,  1.9805E-06,  1.9805E-06,  1.9805E-06,  1.9805E-06,  1.9805E-06,  1.9805E-06,  1.9805E-06,  1.9805E-06,  1.9805E-06,  1.9805E-06,  1.9805E-06,  1.9805E-06,  1.9805E-06,  1.9805E-06,  1.9805E-06,  1.9805E-06,  1.9805E-06,  1.9805E-06,  1.9805E-06,  1.9805E-06,  1.9805E-06,  1.9805E-06,  1.9805E-06,  1.9805E-06,  1.9805E-06,  1.9805E-06,  1.9805E-06,  1.9805E-06,  1.9805E-06,  1.9805E-06,  1.9805E-06,  1.9805E-06,  1.9805E-06,  1.9805E-06,  1.9805E-06,  1.9805E-06,  1.9805E-06,  1.9805E-06,  1.9805E-06,  1.9805E-06,  1.9805E-06,  1.9805E-06,  1.9805E-06,  7.9465E-05,  4.1832E-06,  2.0813E-08,  7.0139E-09,  1.4243E-08,  1.1474E-07,  1.9167E-08,  1.3023E-07,  1.0523E-09,  1.7621E-08,  2.1148E-09,  2.7327E-08,  3.3589E-09,  2.4132E-08,  3.9617E-10,  4.1858E-09,  3.5842E-10,  1.0371E-09,  5.5634E-10,  3.1075E-09,  3.3169E-10,  8.9522E-10,  5.1113E-10,  1.2876E-09,  1.3769E-09,  2.1454E-08,  8.9403E-11,  1.0892E-09,  9.9023E-11,  9.9023E-11,  9.9023E-11,  9.9023E-11,  9.9023E-11,  9.9023E-11,  9.9023E-11,  9.9023E-11,  9.9023E-11,  9.9023E-11,  9.9023E-11,  9.9023E-11,  9.9023E-11,  9.9023E-11,  9.9023E-11,  9.9023E-11,  9.9023E-11,  9.9023E-11,  9.9023E-11,  9.9023E-11,  9.9023E-11,  9.9023E-11,  9.9023E-11,  9.9023E-11,  9.9023E-11,  9.9023E-11,  9.9023E-11,  9.9023E-11,  9.9023E-11,  9.9023E-11,  9.9023E-11,  9.9023E-11,  9.9023E-11,  9.9023E-11,  9.9023E-11,  9.9023E-11,  9.9023E-11,  9.9023E-11,  9.9023E-11,  9.9023E-11,  9.9023E-11,  9.9023E-11,  9.9023E-11,  9.9023E-11,  9.9023E-11,  9.9023E-11,  9.9023E-11,  9.9023E-11,  9.9023E-11,  9.9023E-11,  9.9023E-11,  9.9023E-11,  9.9023E-11,  9.9023E-11,  9.9023E-11,  9.9023E-11,  9.9023E-11,  9.9023E-11,  9.9023E-11,  9.9023E-11,  9.9023E-11,  9.9023E-11,  9.9023E-11,  9.9023E-11
  1.0000E+05,  4.9928E-01,  2.6229E-02,  1.3170E-04,  4.2739E-05,  8.5159E-05,  7.1943E-04,  1.1682E-04,  8.2420E-04,  6.2911E-06,  1.1047E-04,  1.2888E-05,  1.7294E-04,  2.0862E-05,  1.5416E-04,  2.3916E-06,  2.6492E-05,  2.1430E-06,  6.3196E-06,  3.3265E-06,  1.9484E-05,  2.0213E-06,  5.4035E-06,  3.1146E-06,  7.9208E-06,  8.7131E-06,  1.3831E-04,  5.6046E-07,  7.0225E-06,  9.9023E-07,  9.9023E-07,  9.9023E-07,  9.9023E-07,  9.9023E-07,  9.9023E-07,  9.9023E-07,  9.9023E-07,  9.9023E-07,  9.9023E-07,  9.9023E-07,  9.9023E-07,  9.9023E-07,  9.9023E-07,  9.9023E-07,  9.9023E-07,  9.9023E-07,  9.9023E-07,  9.9023E-07,  9.9023E-07,  9.9023E-07,  9.9023E-07,  9.9023E-07,  9.9023E-07,  9.9023E-07,  9.9023E-07,  9.9023E-07,  9.9023E-07,  9.9023E-07,  9.9023E-07,  9.9023E-07,  9.9023E-07,  9.9023E-07,  9.9023E-07,  9.9023E-07,  9.9023E-07,  9.9023E-07,  9.9023E-07,  9.9023E-07,  9.9023E-07,  9.9023E-07,  9.9023E-07,  9.9023E-07,  9.9023E-07,  9.9023E-07,  9.9023E-07,  9.9023E-07,  9.9023E-07,  9.9023E-07,  9.9023E-07,  9.9023E-07,  9.9023E-07,  9.9023E-07,  9.9023E-07,  9.9023E-07,  9.9023E-07,  9.9023E-07,  9.9023E-07,  9.9023E-07,  9.9023E-07,  9.9023E-07,  9.9023E-07,  9.9023E-07,  9.9023E-07,  5.9774E-05,  3.1430E-06,  1.5718E-08,  5.1872E-09,  1.0425E-08,  8.6207E-08,  1.4177E-08,  9.8357E-08,  7.7016E-10,  1.3238E-08,  1.5642E-09,  2.0638E-08,  2.5104E-09,  1.8321E-08,  2.9149E-10,  3.1614E-09,  2.6234E-10,  7.6700E-10,  4.0721E-10,  2.3348E-09,  2.4532E-10,  6.5864E-10,  3.7802E-10,  9.5725E-10,  1.0398E-09,  1.6372E-08,  6.7165E-11,  8.3124E-10,  9.9023E-11,  9.9023E-11,  9.9023E-11,  9.9023E-11,  9.9023E-11,  9.9023E-11,  9.9023E-11,  9.9023E-11,  9.9023E-11,  9.9023E-11,  9.9023E-11,  9.9023E-11,  9.9023E-11,  9.9023E-11,  9.9023E-11,  9.9023E-11,  9.9023E-11,  9.9023E-11,  9.9023E-11,  9.9023E-11,  9.9023E-11,  9.9023E-11,  9.9023E-11,  9.9023E-11,  9.9023E-11,  9.9023E-11,  9.9023E-11,  9.9023E-11,  9.9023E-11,  9.9023E-11,  9.9023E-11,  9.9023E-11,  9.9023E-11,  9.9023E-11,  9.9023E-11,  9.9023E-11,  9.9023E-11,  9.9023E-11,  9.9023E-11,  9.9023E-11,  9.9023E-11,  9.9023E-11,  9.9023E-11,  9.9023E-11,  9.9023E-11,  9.9023E-11,  9.9023E-11,  9.9023E-11,  9.9023E-11,  9.9023E-11,  9.9023E-11,  9.9023E-11,  9.9023E-11,  9.9023E-11,  9.9023E-11,  9.9023E-11,  9.9023E-11,  9.9023E-11,  9.9023E-11,  9.9023E-11,  9.9023E-11,  9.9023E-11,  9.9023E-11,  9.9023E-11
'End of File'
