'*',    39,     1,    18,    14,     5,     5,    75,     1
'SPENVIS 4.6.13.3554          - 19-Sep-2025 22:16:46'
'PRJ_DEF', -1,'RADFX2'
'PRJ_HDR', -1,'IU ME RADFX Unit 2 HW2 P1'
'MOD_ABB', -1,'FLA'
'MIS_PLA',  1,    3,' '
'MIS_NTR',  1,    1,' '
'MIS_STA',  1,  27759.00000000,' '
'MIS_END',  1,  30314.00000000,' '
'MIS_DUR',  1, 2.555000E+03,'days'
'FLA_IEL',  1,  1,' '
'FLA_JEL',  1, 92,' '
'FLA_MOD', -1,'CREME96 (worst day)'
'FLA_OMN',  1, 0, ' '
'FLA_ABS', -1,'Energy'
'FLA_IGC',  1,  1,' '
'FLA_IGV',  1,  1,' '
'FLA_IST',  1,  0,' '
'PLT_HDR', -1,'CREME-96 (worst day): solar protons'
'SPECIES', -1,'proton'
'PS Annotation',  8,  1
'Mission start: 01/01/2026 00:00:00'
 0.05, 0.00, 0.00
'Mission end: 30/12/2032 00:00:00'
 0.95, 0.00, 1.00
'Nr. of segments:   1'
 0.05, 1.50, 0.00
'Duration: 2555.00 days'
 0.95, 0.00, 1.00
'PS Annotation',  4,  0
'Solar particle model: CREME-96 (worst day)'
 0.05, 2.00, 0.00
'Magnetic shielding:    quiet magnetosphere'
 0.10, 1.50, 0.00
'Energy','MeV', 1,'Energy'
'IFlux','m!u-2!n sr!u-1!n s!u-1!n', 1,'Integral Flux'
'DFlux','m!u-2!n sr!u-1!n s!u-1!n MeV!u-1!n', 1,'Differential Flux'
'Attenuation',' ', 1,'Orbit Averaged Proton Attenuation Factor'
'Exposure','hrs', 1,'Proton Exposure Time'
  1.0000E-01,  3.2686E+08,  8.1981E+08, 0.2138, 2.1000E+02
  1.1000E-01,  3.1906E+08,  7.4011E+08, 0.2138, 2.1000E+02
  1.2000E-01,  3.1199E+08,  6.7414E+08, 0.2138, 2.1000E+02
  1.4000E-01,  2.9954E+08,  5.7136E+08, 0.2138, 2.1000E+02
  1.6000E-01,  2.8887E+08,  4.9509E+08, 0.2138, 2.1000E+02
  1.8000E-01,  2.7956E+08,  4.3631E+08, 0.2138, 2.1000E+02
  2.0000E-01,  2.7130E+08,  3.8966E+08, 0.2138, 2.1000E+02
  2.2000E-01,  2.6388E+08,  3.5178E+08, 0.2138, 2.1000E+02
  2.5000E-01,  2.5401E+08,  3.0669E+08, 0.2138, 2.1000E+02
  2.8000E-01,  2.4533E+08,  2.7157E+08, 0.2138, 2.1000E+02
  3.2000E-01,  2.3519E+08,  2.3532E+08, 0.2138, 2.1000E+02
  3.5000E-01,  2.2846E+08,  2.1374E+08, 0.2138, 2.1000E+02
  4.0000E-01,  2.1848E+08,  1.8521E+08, 0.2138, 2.1000E+02
  4.5000E-01,  2.0977E+08,  1.6322E+08, 0.2138, 2.1000E+02
  5.0000E-01,  2.0205E+08,  1.4577E+08, 0.2138, 2.1000E+02
  5.5000E-01,  1.9511E+08,  1.3160E+08, 0.2138, 2.1000E+02
  6.3000E-01,  1.8530E+08,  1.1376E+08, 0.2138, 2.1000E+02
  7.1000E-01,  1.7675E+08,  1.0006E+08, 0.2138, 2.1000E+02
  8.0000E-01,  1.6828E+08,  8.8032E+07, 0.2138, 2.1000E+02
  9.0000E-01,  1.6000E+08,  7.7580E+07, 0.2138, 2.1000E+02
  1.0000E+00,  1.5266E+08,  6.9287E+07, 0.2138, 2.1000E+02
  1.1000E+00,  1.4607E+08,  6.2551E+07, 0.2138, 2.1000E+02
  1.2000E+00,  1.4009E+08,  5.6975E+07, 0.2138, 2.1000E+02
  1.4000E+00,  1.2956E+08,  4.8289E+07, 0.2138, 2.1000E+02
  1.6000E+00,  1.2055E+08,  4.1842E+07, 0.2138, 2.1000E+02
  1.8000E+00,  1.1268E+08,  3.6875E+07, 0.2138, 2.1000E+02
  2.0000E+00,  1.0570E+08,  3.2933E+07, 0.2138, 2.1000E+02
  2.2000E+00,  9.9478E+07,  2.9280E+07, 0.2138, 2.1000E+02
  2.5000E+00,  9.1334E+07,  2.5010E+07, 0.2138, 2.1000E+02
  2.8000E+00,  8.4321E+07,  2.1747E+07, 0.2138, 2.1000E+02
  3.2000E+00,  7.6312E+07,  1.8298E+07, 0.2138, 2.1000E+02
  3.5000E+00,  7.1137E+07,  1.6202E+07, 0.2138, 2.1000E+02
  4.0000E+00,  6.3707E+07,  1.3515E+07, 0.2138, 2.1000E+02
  4.5000E+00,  5.7481E+07,  1.1389E+07, 0.2138, 2.1000E+02
  5.0000E+00,  5.2191E+07,  9.7729E+06, 0.2138, 2.1000E+02
  5.5000E+00,  4.7641E+07,  8.4243E+06, 0.2138, 2.1000E+02
  6.3000E+00,  4.1553E+07,  6.7975E+06, 0.2138, 2.1000E+02
  7.1000E+00,  3.6595E+07,  5.5958E+06, 0.2138, 2.1000E+02
  8.0000E+00,  3.2018E+07,  4.5764E+06, 0.2138, 2.1000E+02
  9.0000E+00,  2.7869E+07,  3.7210E+06, 0.2138, 2.1000E+02
  1.0000E+01,  2.4469E+07,  3.0794E+06, 0.2138, 2.1000E+02
  1.1000E+01,  2.1663E+07,  2.5321E+06, 0.2138, 2.1000E+02
  1.2000E+01,  1.9338E+07,  2.1179E+06, 0.2138, 2.1000E+02
  1.4000E+01,  1.5677E+07,  1.5433E+06, 0.2138, 2.1000E+02
  1.6000E+01,  1.2960E+07,  1.1733E+06, 0.2138, 2.1000E+02
  1.8000E+01,  1.0866E+07,  9.2125E+05, 0.2138, 2.1000E+02
  2.0000E+01,  9.2026E+06,  7.4205E+05, 0.2138, 2.1000E+02
  2.2000E+01,  7.8704E+06,  5.9019E+05, 0.2138, 2.1000E+02
  2.5000E+01,  6.3339E+06,  4.3412E+05, 0.2138, 2.1000E+02
  2.8000E+01,  5.1868E+06,  3.3065E+05, 0.2138, 2.1000E+02
  3.2000E+01,  4.0524E+06,  2.3652E+05, 0.2138, 2.1000E+02
  3.5000E+01,  3.4172E+06,  1.8698E+05, 0.2138, 2.1000E+02
  4.0000E+01,  2.6204E+06,  1.3173E+05, 0.2138, 2.1000E+02
  4.5000E+01,  2.0546E+06,  9.4605E+04, 0.2138, 2.1000E+02
  5.0000E+01,  1.6422E+06,  7.0356E+04, 0.2138, 2.1000E+02
  5.5000E+01,  1.3336E+06,  5.3092E+04, 0.2138, 2.1000E+02
  6.3000E+01,  9.8002E+05,  3.5290E+04, 0.2138, 2.1000E+02
  7.1000E+01,  7.4151E+05,  2.4338E+04, 0.2138, 2.1000E+02
  8.0000E+01,  5.5674E+05,  1.6723E+04, 0.2138, 2.1000E+02
  9.0000E+01,  4.1613E+05,  1.1398E+04, 0.2138, 2.1000E+02
  1.0000E+02,  3.1905E+05,  8.0193E+03, 0.2138, 2.1000E+02
  1.1000E+02,  2.5034E+05,  5.7218E+03, 0.2138, 2.1000E+02
  1.2000E+02,  2.0071E+05,  4.2043E+03, 0.2138, 2.1000E+02
  1.4000E+02,  1.3431E+05,  2.4355E+03, 0.2138, 2.1000E+02
  1.6000E+02,  9.4709E+04,  1.5248E+03, 0.2148, 2.1380E+02
  1.8000E+02,  6.9247E+04,  1.0214E+03, 0.2184, 2.1848E+02
  2.0000E+02,  5.1867E+04,  7.1661E+02, 0.2225, 2.2260E+02
  2.2000E+02,  3.9606E+04,  5.0957E+02, 0.2264, 2.2677E+02
  2.5000E+02,  2.7124E+04,  3.2254E+02, 0.2316, 2.3200E+02
  2.8000E+02,  1.9061E+04,  2.1503E+02, 0.2364, 2.3722E+02
  3.2000E+02,  1.2108E+04,  1.3261E+02, 0.2422, 2.4347E+02
  3.5000E+02,  8.6862E+03,  9.5497E+01, 0.2462, 2.4757E+02
  4.0000E+02,  4.8347E+03,  5.8562E+01, 0.2524, 2.5435E+02
  4.5000E+02,  2.4471E+03,  3.6943E+01, 0.2581, 2.6047E+02
  5.0000E+02,  9.1172E+02,  2.4471E+01, 0.2634, 2.6597E+02
'End of Block'
'*',    37,     1,    18,    14,     3,   185,    75,     0
'SPENVIS 4.6.13.3554          - 19-Sep-2025 22:16:46'
'PRJ_DEF', -1,'RADFX2'
'PRJ_HDR', -1,'IU ME RADFX Unit 2 HW2 P1'
'MOD_ABB', -1,'FLA'
'MIS_PLA',  1,    3,' '
'MIS_NTR',  1,    1,' '
'MIS_STA',  1,  27759.00000000,' '
'MIS_END',  1,  30314.00000000,' '
'MIS_DUR',  1, 2.555000E+03,'days'
'FLA_IEL',  1,  1,' '
'FLA_JEL',  1, 92,' '
'FLA_MOD', -1,'CREME96 (worst day)'
'FLA_OMN',  1, 0, ' '
'FLA_ABS', -1,'Energy'
'FLA_IGC',  1,  1,' '
'FLA_IGV',  1,  1,' '
'FLA_IST',  1,  0,' '
'PLT_HDR', -1,'CREME-96 (worst day): solar ions'
'SPECIES',-92,'H ','He','Li','Be','B ','C ','N ','O ','F ','Ne','Na','Mg','Al','Si','P ','S ','Cl','Ar','K ','Ca','Sc','Ti','V ','Cr','Mn','Fe','Co','Ni','Cu','Zn','Ga','Ge','As','Se','Br','Kr','Rb','Sr','Y ','Zr','Nb','Mo','Tc','Ru','Rh','Pd','Ag','Cd','In','Sn','Sb','Te','I ','Xe','Cs','Ba','La','Ce','Pr','Nd','Pm','Sm','Eu','Gd','Tb','Dy','Ho','Er','Tm','Yb','Lu','Hf','Ta','W ','Re','Os','Ir','Pt','Au','Hg','Tl','Pb','Bi','Po','At','Rn','Fr','Ra','Ac','Th','Pa','U '
'PS Annotation',  8,  1
'Mission start: 01/01/2026 00:00:00'
 0.05, 0.00, 0.00
'Mission end: 30/12/2032 00:00:00'
 0.95, 0.00, 1.00
'Nr. of segments:   1'
 0.05, 1.50, 0.00
'Duration: 2555.00 days'
 0.95, 0.00, 1.00
'PS Annotation',  4,  0
'Solar particle model: CREME-96 (worst day)'
 0.05, 2.00, 0.00
'Magnetic shielding:    quiet magnetosphere'
 0.10, 1.50, 0.00
'Energy','MeV/nuc', 1,'Energy'
'IFlux','m!u-2!n sr!u-1!n s!u-1!n', 92,'Integral Flux of ','SPECIES'
'DFlux','m!u-2!n sr!u-1!n s!u-1!n (MeV/nuc)!u-1!n', 92,'Differential Flux of ','SPECIES'
  1.0000E-01,  3.2686E+08,  1.3001E+07,  0.0000E+00,  0.0000E+00,  0.0000E+00,  1.2473E+05,  3.2010E+04,  2.6871E+05,  4.6832E+00,  2.1883E+04,  1.7915E+03,  2.1177E+04,  1.8758E+03,  3.6898E+04,  2.3408E+01,  1.0020E+04,  1.7256E+01,  1.8191E+02,  3.7424E+01,  1.2967E+04,  3.0076E+01,  4.4945E+02,  4.1978E+01,  1.6943E+03,  5.7760E+02,  1.0268E+05,  1.3380E+03,  3.2572E+03,  3.1298E+01,  7.6572E+01,  5.0090E+00,  1.2528E+01,  7.5135E-01,  7.5136E+00,  1.0018E+00,  5.0091E+00,  7.5136E-01,  2.5045E+00,  5.0091E-01,  1.2528E+00,  1.0018E-01,  5.0091E-01,  0.0000E+00,  2.2540E-01,  5.0091E-02,  1.5023E-01,  5.0091E-02,  1.7529E-01,  2.2540E-02,  5.0091E-01,  3.5068E-02,  7.5138E-01,  1.5023E-01,  6.7620E-01,  5.0092E-02,  5.0092E-01,  5.0092E-02,  1.2528E-01,  2.0035E-02,  1.0018E-01,  0.0000E+00,  2.5045E-02,  1.0018E-02,  5.0092E-02,  7.5138E-03,  5.0092E-02,  1.0018E-02,  2.5046E-02,  5.0092E-03,  2.2540E-02,  5.0092E-03,  2.0035E-02,  2.2540E-03,  2.5046E-02,  5.0093E-03,  7.5139E-02,  7.5139E-02,  1.5023E-01,  2.5046E-02,  2.5046E-02,  2.2541E-02,  2.5046E-01,  1.5023E-02,  0.0000E+00,  0.0000E+00,  0.0000E+00,  0.0000E+00,  0.0000E+00,  0.0000E+00,  5.0094E-03,  0.0000E+00,  3.0059E-03,  8.1981E+08,  5.3566E+07,  0.0000E+00,  0.0000E+00,  0.0000E+00,  5.1325E+05,  1.3172E+05,  1.1268E+06,  1.9316E+01,  9.0263E+04,  7.3894E+03,  8.7348E+04,  7.7371E+03,  1.5220E+05,  9.6551E+01,  4.1329E+04,  7.1174E+01,  7.5030E+02,  1.5436E+02,  5.4378E+04,  1.2405E+02,  1.8538E+03,  1.7314E+02,  6.9882E+03,  2.3824E+03,  4.2353E+05,  5.5188E+03,  1.3435E+04,  1.2909E+02,  3.1583E+02,  2.0660E+01,  5.1671E+01,  3.0990E+00,  3.0990E+01,  4.1320E+00,  2.0660E+01,  3.0990E+00,  1.0330E+01,  2.0660E+00,  5.1671E+00,  4.1320E-01,  2.0660E+00,  0.0000E+00,  9.2966E-01,  2.0660E-01,  6.1961E-01,  2.0660E-01,  7.2299E-01,  9.2966E-02,  2.0660E+00,  1.4464E-01,  3.0990E+00,  6.1961E-01,  2.7890E+00,  2.0660E-01,  2.0660E+00,  2.0660E-01,  5.1671E-01,  8.2632E-02,  4.1320E-01,  0.0000E+00,  1.0330E-01,  4.1320E-02,  2.0660E-01,  3.0990E-02,  2.0660E-01,  4.1320E-02,  1.0330E-01,  2.0660E-02,  9.2966E-02,  2.0660E-02,  8.2632E-02,  9.2966E-03,  1.0330E-01,  2.0660E-02,  3.0990E-01,  3.0990E-01,  6.1961E-01,  1.0330E-01,  1.0330E-01,  9.2966E-02,  1.0330E+00,  6.1961E-02,  0.0000E+00,  0.0000E+00,  0.0000E+00,  0.0000E+00,  0.0000E+00,  0.0000E+00,  2.0660E-02,  0.0000E+00,  1.2397E-02
  1.1000E-01,  3.1906E+08,  1.2497E+07,  0.0000E+00,  0.0000E+00,  0.0000E+00,  1.1990E+05,  3.0770E+04,  2.5810E+05,  4.5013E+00,  2.1034E+04,  1.7219E+03,  2.0354E+04,  1.8030E+03,  3.5465E+04,  2.2499E+01,  9.6307E+03,  1.6585E+01,  1.7484E+02,  3.5971E+01,  1.2456E+04,  2.8908E+01,  4.3200E+02,  4.0348E+01,  1.6285E+03,  5.5517E+02,  9.8696E+04,  1.2860E+03,  3.1307E+03,  3.0083E+01,  7.3598E+01,  4.8145E+00,  1.2041E+01,  7.2217E-01,  7.2218E+00,  9.6290E-01,  4.8146E+00,  7.2218E-01,  2.4072E+00,  4.8145E-01,  1.2041E+00,  9.6290E-02,  4.8145E-01,  0.0000E+00,  2.1664E-01,  4.8145E-02,  1.4439E-01,  4.8146E-02,  1.6848E-01,  2.1664E-02,  4.8146E-01,  3.3706E-02,  7.2220E-01,  1.4439E-01,  6.4994E-01,  4.8147E-02,  4.8147E-01,  4.8147E-02,  1.2041E-01,  1.9257E-02,  9.6292E-02,  0.0000E+00,  2.4073E-02,  9.6292E-03,  4.8147E-02,  7.2220E-03,  4.8147E-02,  9.6293E-03,  2.4073E-02,  4.8147E-03,  2.1665E-02,  4.8147E-03,  1.9257E-02,  2.1665E-03,  2.4073E-02,  4.8147E-03,  7.2221E-02,  7.2221E-02,  1.4440E-01,  2.4073E-02,  2.4073E-02,  2.1665E-02,  2.4074E-01,  1.4440E-02,  0.0000E+00,  0.0000E+00,  0.0000E+00,  0.0000E+00,  0.0000E+00,  0.0000E+00,  4.8149E-03,  0.0000E+00,  2.8891E-03,  7.4011E+08,  4.7315E+07,  0.0000E+00,  0.0000E+00,  0.0000E+00,  4.5339E+05,  1.1636E+05,  9.9421E+05,  1.7057E+01,  7.9705E+04,  6.5251E+03,  7.7131E+04,  6.8321E+03,  1.3439E+05,  8.5258E+01,  3.6495E+04,  6.2849E+01,  6.6254E+02,  1.3631E+02,  4.7979E+04,  1.0954E+02,  1.6370E+03,  1.5289E+02,  6.1709E+03,  2.1037E+03,  3.7400E+05,  4.8733E+03,  1.1863E+04,  1.1399E+02,  2.7889E+02,  1.8244E+01,  4.5627E+01,  2.7365E+00,  2.7365E+01,  3.6487E+00,  1.8244E+01,  2.7365E+00,  9.1217E+00,  1.8244E+00,  4.5627E+00,  3.6487E-01,  1.8244E+00,  0.0000E+00,  8.2092E-01,  1.8244E-01,  5.4714E-01,  1.8244E-01,  6.3843E-01,  8.2092E-02,  1.8244E+00,  1.2772E-01,  2.7365E+00,  5.4714E-01,  2.4628E+00,  1.8244E-01,  1.8244E+00,  1.8244E-01,  4.5627E-01,  7.2967E-02,  3.6487E-01,  0.0000E+00,  9.1217E-02,  3.6487E-02,  1.8244E-01,  2.7365E-02,  1.8244E-01,  3.6487E-02,  9.1217E-02,  1.8244E-02,  8.2092E-02,  1.8244E-02,  7.2967E-02,  8.2092E-03,  9.1217E-02,  1.8244E-02,  2.7365E-01,  2.7365E-01,  5.4714E-01,  9.1217E-02,  9.1217E-02,  8.2092E-02,  9.1217E-01,  5.4714E-02,  0.0000E+00,  0.0000E+00,  0.0000E+00,  0.0000E+00,  0.0000E+00,  0.0000E+00,  1.8244E-02,  0.0000E+00,  1.0947E-02
  1.2000E-01,  3.1199E+08,  1.2049E+07,  0.0000E+00,  0.0000E+00,  0.0000E+00,  1.1560E+05,  2.9668E+04,  2.4870E+05,  4.3399E+00,  2.0279E+04,  1.6602E+03,  1.9624E+04,  1.7383E+03,  3.4194E+04,  2.1692E+01,  9.2853E+03,  1.5991E+01,  1.6857E+02,  3.4681E+01,  1.2002E+04,  2.7871E+01,  4.1650E+02,  3.8901E+01,  1.5701E+03,  5.3526E+02,  9.5157E+04,  1.2399E+03,  3.0184E+03,  2.9004E+01,  7.0959E+01,  4.6419E+00,  1.1609E+01,  6.9628E-01,  6.9628E+00,  9.2837E-01,  4.6419E+00,  6.9628E-01,  2.3209E+00,  4.6419E-01,  1.1609E+00,  9.2837E-02,  4.6419E-01,  0.0000E+00,  2.0887E-01,  4.6419E-02,  1.3921E-01,  4.6419E-02,  1.6244E-01,  2.0888E-02,  4.6420E-01,  3.2497E-02,  6.9631E-01,  1.3922E-01,  6.2664E-01,  4.6420E-02,  4.6421E-01,  4.6420E-02,  1.1610E-01,  1.8566E-02,  9.2839E-02,  0.0000E+00,  2.3210E-02,  9.2839E-03,  4.6421E-02,  6.9630E-03,  4.6421E-02,  9.2841E-03,  2.3210E-02,  4.6421E-03,  2.0888E-02,  4.6421E-03,  1.8566E-02,  2.0888E-03,  2.3210E-02,  4.6421E-03,  6.9631E-02,  6.9631E-02,  1.3922E-01,  2.3210E-02,  2.3210E-02,  2.0888E-02,  2.3210E-01,  1.3922E-02,  0.0000E+00,  0.0000E+00,  0.0000E+00,  0.0000E+00,  0.0000E+00,  0.0000E+00,  4.6422E-03,  0.0000E+00,  2.7855E-03,  6.7414E+08,  4.2248E+07,  0.0000E+00,  0.0000E+00,  0.0000E+00,  4.0486E+05,  1.0391E+05,  8.8683E+05,  1.5226E+01,  7.1149E+04,  5.8247E+03,  6.8851E+04,  6.0987E+03,  1.1997E+05,  7.6106E+01,  3.2577E+04,  5.6102E+01,  5.9142E+02,  1.2168E+02,  4.2797E+04,  9.7783E+01,  1.4613E+03,  1.3648E+02,  5.5084E+03,  1.8779E+03,  3.3385E+05,  4.3501E+03,  1.0590E+04,  1.0176E+02,  2.4895E+02,  1.6285E+01,  4.0729E+01,  2.4428E+00,  2.4428E+01,  3.2570E+00,  1.6285E+01,  2.4428E+00,  8.1425E+00,  1.6285E+00,  4.0729E+00,  3.2570E-01,  1.6285E+00,  0.0000E+00,  7.3280E-01,  1.6285E-01,  4.8841E-01,  1.6285E-01,  5.6989E-01,  7.3280E-02,  1.6285E+00,  1.1401E-01,  2.4428E+00,  4.8841E-01,  2.1984E+00,  1.6285E-01,  1.6285E+00,  1.6285E-01,  4.0729E-01,  6.5134E-02,  3.2570E-01,  0.0000E+00,  8.1425E-02,  3.2570E-02,  1.6285E-01,  2.4428E-02,  1.6285E-01,  3.2570E-02,  8.1425E-02,  1.6285E-02,  7.3280E-02,  1.6285E-02,  6.5134E-02,  7.3280E-03,  8.1425E-02,  1.6285E-02,  2.4428E-01,  2.4428E-01,  4.8841E-01,  8.1425E-02,  8.1425E-02,  7.3280E-02,  8.1425E-01,  4.8841E-02,  0.0000E+00,  0.0000E+00,  0.0000E+00,  0.0000E+00,  0.0000E+00,  0.0000E+00,  1.6285E-02,  0.0000E+00,  9.7719E-03
  1.4000E-01,  2.9954E+08,  1.1281E+07,  0.0000E+00,  0.0000E+00,  0.0000E+00,  1.0824E+05,  2.7779E+04,  2.3258E+05,  4.0631E+00,  1.8986E+04,  1.5543E+03,  1.8373E+04,  1.6274E+03,  3.2013E+04,  2.0309E+01,  8.6931E+03,  1.4971E+01,  1.5782E+02,  3.2469E+01,  1.1224E+04,  2.6094E+01,  3.8994E+02,  3.6420E+01,  1.4699E+03,  5.0113E+02,  8.9088E+04,  1.1609E+03,  2.8259E+03,  2.7154E+01,  6.6434E+01,  4.3458E+00,  1.0869E+01,  6.5187E-01,  6.5188E+00,  8.6916E-01,  4.3459E+00,  6.5188E-01,  2.1729E+00,  4.3459E-01,  1.0869E+00,  8.6916E-02,  4.3459E-01,  0.0000E+00,  1.9555E-01,  4.3459E-02,  1.3034E-01,  4.3459E-02,  1.5208E-01,  1.9556E-02,  4.3460E-01,  3.0425E-02,  6.5190E-01,  1.3034E-01,  5.8668E-01,  4.3460E-02,  4.3460E-01,  4.3460E-02,  1.0869E-01,  1.7382E-02,  8.6919E-02,  0.0000E+00,  2.1730E-02,  8.6919E-03,  4.3460E-02,  6.5190E-03,  4.3460E-02,  8.6920E-03,  2.1730E-02,  4.3460E-03,  1.9556E-02,  4.3461E-03,  1.7382E-02,  1.9556E-03,  2.1730E-02,  4.3461E-03,  6.5191E-02,  6.5191E-02,  1.3034E-01,  2.1730E-02,  2.1730E-02,  1.9556E-02,  2.1730E-01,  1.3034E-02,  0.0000E+00,  0.0000E+00,  0.0000E+00,  0.0000E+00,  0.0000E+00,  0.0000E+00,  4.3462E-03,  0.0000E+00,  2.6079E-03,  5.7136E+08,  3.4566E+07,  0.0000E+00,  0.0000E+00,  0.0000E+00,  3.3129E+05,  8.5025E+04,  7.2428E+05,  1.2451E+01,  5.8183E+04,  4.7632E+03,  5.6304E+04,  4.9873E+03,  9.8104E+04,  6.2236E+01,  2.6640E+04,  4.5878E+01,  4.8364E+02,  9.9502E+01,  3.4953E+04,  7.9963E+01,  1.1950E+03,  1.1161E+02,  4.5046E+03,  1.5357E+03,  2.7301E+05,  3.5574E+03,  8.6599E+03,  8.3213E+01,  2.0358E+02,  1.3317E+01,  3.3307E+01,  1.9976E+00,  1.9976E+01,  2.6635E+00,  1.3317E+01,  1.9976E+00,  6.6586E+00,  1.3317E+00,  3.3307E+00,  2.6635E-01,  1.3317E+00,  0.0000E+00,  5.9925E-01,  1.3317E-01,  3.9940E-01,  1.3317E-01,  4.6604E-01,  5.9925E-02,  1.3317E+00,  9.3232E-02,  1.9976E+00,  3.9940E-01,  1.7978E+00,  1.3317E-01,  1.3317E+00,  1.3317E-01,  3.3307E-01,  5.3264E-02,  2.6635E-01,  0.0000E+00,  6.6586E-02,  2.6635E-02,  1.3317E-01,  1.9976E-02,  1.3317E-01,  2.6635E-02,  6.6586E-02,  1.3317E-02,  5.9925E-02,  1.3317E-02,  5.3264E-02,  5.9925E-03,  6.6586E-02,  1.3317E-02,  1.9976E-01,  1.9976E-01,  3.9940E-01,  6.6586E-02,  6.6586E-02,  5.9925E-02,  6.6586E-01,  3.9940E-02,  0.0000E+00,  0.0000E+00,  0.0000E+00,  0.0000E+00,  0.0000E+00,  0.0000E+00,  1.3317E-02,  0.0000E+00,  7.9911E-03
  1.6000E-01,  2.8887E+08,  1.0645E+07,  0.0000E+00,  0.0000E+00,  0.0000E+00,  1.0215E+05,  2.6214E+04,  2.1926E+05,  3.8340E+00,  1.7915E+04,  1.4667E+03,  1.7337E+04,  1.5357E+03,  3.0208E+04,  1.9164E+01,  8.2029E+03,  1.4127E+01,  1.4892E+02,  3.0638E+01,  1.0581E+04,  2.4622E+01,  3.6795E+02,  3.4366E+01,  1.3871E+03,  4.7287E+02,  8.4065E+04,  1.0954E+03,  2.6666E+03,  2.5623E+01,  6.2688E+01,  4.1008E+00,  1.0256E+01,  6.1512E-01,  6.1512E+00,  8.2016E-01,  4.1009E+00,  6.1512E-01,  2.0504E+00,  4.1008E-01,  1.0256E+00,  8.2015E-02,  4.1008E-01,  0.0000E+00,  1.8453E-01,  4.1008E-02,  1.2299E-01,  4.1008E-02,  1.4351E-01,  1.8453E-02,  4.1009E-01,  2.8709E-02,  6.1514E-01,  1.2299E-01,  5.5360E-01,  4.1009E-02,  4.1010E-01,  4.1010E-02,  1.0256E-01,  1.6402E-02,  8.2018E-02,  0.0000E+00,  2.0504E-02,  8.2018E-03,  4.1010E-02,  6.1514E-03,  4.1010E-02,  8.2019E-03,  2.0505E-02,  4.1010E-03,  1.8453E-02,  4.1010E-03,  1.6402E-02,  1.8454E-03,  2.0505E-02,  4.1010E-03,  6.1515E-02,  6.1515E-02,  1.2299E-01,  2.0505E-02,  2.0505E-02,  1.8454E-02,  2.0505E-01,  1.2299E-02,  0.0000E+00,  0.0000E+00,  0.0000E+00,  0.0000E+00,  0.0000E+00,  0.0000E+00,  4.1012E-03,  0.0000E+00,  2.4609E-03,  4.9509E+08,  2.9050E+07,  0.0000E+00,  0.0000E+00,  0.0000E+00,  2.7846E+05,  7.1466E+04,  6.0776E+05,  1.0460E+01,  4.8877E+04,  4.0014E+03,  4.7299E+04,  4.1896E+03,  8.2414E+04,  5.2283E+01,  2.2380E+04,  3.8541E+01,  4.0629E+02,  8.3589E+01,  2.9330E+04,  6.7175E+01,  1.0038E+03,  9.3757E+01,  3.7842E+03,  1.2901E+03,  2.2934E+05,  2.9884E+03,  7.2749E+03,  6.9905E+01,  1.7102E+02,  1.1188E+01,  2.7980E+01,  1.6781E+00,  1.6781E+01,  2.2375E+00,  1.1188E+01,  1.6781E+00,  5.5937E+00,  1.1188E+00,  2.7980E+00,  2.2375E-01,  1.1188E+00,  0.0000E+00,  5.0341E-01,  1.1188E-01,  3.3552E-01,  1.1188E-01,  3.9150E-01,  5.0341E-02,  1.1188E+00,  7.8321E-02,  1.6781E+00,  3.3552E-01,  1.5102E+00,  1.1188E-01,  1.1188E+00,  1.1188E-01,  2.7980E-01,  4.4746E-02,  2.2375E-01,  0.0000E+00,  5.5937E-02,  2.2375E-02,  1.1188E-01,  1.6781E-02,  1.1188E-01,  2.2375E-02,  5.5937E-02,  1.1188E-02,  5.0341E-02,  1.1188E-02,  4.4746E-02,  5.0341E-03,  5.5937E-02,  1.1188E-02,  1.6781E-01,  1.6781E-01,  3.3552E-01,  5.5937E-02,  5.5937E-02,  5.0341E-02,  5.5937E-01,  3.3552E-02,  0.0000E+00,  0.0000E+00,  0.0000E+00,  0.0000E+00,  0.0000E+00,  0.0000E+00,  1.1188E-02,  0.0000E+00,  6.7130E-03
  1.8000E-01,  2.7956E+08,  1.0105E+07,  0.0000E+00,  0.0000E+00,  0.0000E+00,  9.6972E+04,  2.4886E+04,  2.0798E+05,  3.6397E+00,  1.7008E+04,  1.3923E+03,  1.6458E+04,  1.4578E+03,  2.8677E+04,  1.8192E+01,  7.7872E+03,  1.3411E+01,  1.4138E+02,  2.9086E+01,  1.0037E+04,  2.3375E+01,  3.4931E+02,  3.2625E+01,  1.3168E+03,  4.4891E+02,  7.9805E+04,  1.0399E+03,  2.5314E+03,  2.4325E+01,  5.9511E+01,  3.8930E+00,  9.7364E+00,  5.8395E-01,  5.8395E+00,  7.7859E-01,  3.8930E+00,  5.8395E-01,  1.9465E+00,  3.8930E-01,  9.7364E-01,  7.7859E-02,  3.8930E-01,  0.0000E+00,  1.7518E-01,  3.8930E-02,  1.1675E-01,  3.8930E-02,  1.3623E-01,  1.7518E-02,  3.8931E-01,  2.7255E-02,  5.8397E-01,  1.1676E-01,  5.2555E-01,  3.8931E-02,  3.8932E-01,  3.8932E-02,  9.7367E-02,  1.5571E-02,  7.7862E-02,  0.0000E+00,  1.9465E-02,  7.7862E-03,  3.8932E-02,  5.8397E-03,  3.8932E-02,  7.7863E-03,  1.9466E-02,  3.8932E-03,  1.7518E-02,  3.8932E-03,  1.5571E-02,  1.7518E-03,  1.9466E-02,  3.8932E-03,  5.8398E-02,  5.8398E-02,  1.1676E-01,  1.9466E-02,  1.9466E-02,  1.7519E-02,  1.9466E-01,  1.1676E-02,  0.0000E+00,  0.0000E+00,  0.0000E+00,  0.0000E+00,  0.0000E+00,  0.0000E+00,  3.8933E-03,  0.0000E+00,  2.3362E-03,  4.3631E+08,  2.4920E+07,  0.0000E+00,  0.0000E+00,  0.0000E+00,  2.3890E+05,  6.1312E+04,  5.2065E+05,  8.9695E+00,  4.1913E+04,  3.4312E+03,  4.0559E+04,  3.5927E+03,  7.0671E+04,  4.4833E+01,  1.9191E+04,  3.3049E+01,  3.4840E+02,  7.1678E+01,  2.5126E+04,  5.7603E+01,  8.6081E+02,  8.0398E+01,  3.2450E+03,  1.1063E+03,  1.9667E+05,  2.5626E+03,  6.2383E+03,  5.9944E+01,  1.4665E+02,  9.5935E+00,  2.3993E+01,  1.4390E+00,  1.4390E+01,  1.9187E+00,  9.5935E+00,  1.4390E+00,  4.7966E+00,  9.5935E-01,  2.3993E+00,  1.9187E-01,  9.5935E-01,  0.0000E+00,  4.3168E-01,  9.5935E-02,  2.8771E-01,  9.5935E-02,  3.3572E-01,  4.3168E-02,  9.5935E-01,  6.7161E-02,  1.4390E+00,  2.8771E-01,  1.2950E+00,  9.5935E-02,  9.5935E-01,  9.5935E-02,  2.3993E-01,  3.8370E-02,  1.9187E-01,  0.0000E+00,  4.7966E-02,  1.9187E-02,  9.5935E-02,  1.4390E-02,  9.5935E-02,  1.9187E-02,  4.7966E-02,  9.5935E-03,  4.3168E-02,  9.5935E-03,  3.8370E-02,  4.3168E-03,  4.7966E-02,  9.5935E-03,  1.4390E-01,  1.4390E-01,  2.8771E-01,  4.7966E-02,  4.7966E-02,  4.3168E-02,  4.7966E-01,  2.8771E-02,  0.0000E+00,  0.0000E+00,  0.0000E+00,  0.0000E+00,  0.0000E+00,  0.0000E+00,  9.5935E-03,  0.0000E+00,  5.7565E-03
  2.0000E-01,  2.7130E+08,  9.6388E+06,  0.0000E+00,  0.0000E+00,  0.0000E+00,  9.2500E+04,  2.3739E+04,  1.9824E+05,  3.4718E+00,  1.6223E+04,  1.3281E+03,  1.5699E+04,  1.3906E+03,  2.7354E+04,  1.7353E+01,  7.4281E+03,  1.2792E+01,  1.3486E+02,  2.7744E+01,  9.5668E+03,  2.2297E+01,  3.3320E+02,  3.1120E+01,  1.2560E+03,  4.2820E+02,  7.6124E+04,  9.9192E+02,  2.4147E+03,  2.3203E+01,  5.6766E+01,  3.7134E+00,  9.2873E+00,  5.5701E-01,  5.5702E+00,  7.4269E-01,  3.7135E+00,  5.5702E-01,  1.8567E+00,  3.7135E-01,  9.2873E-01,  7.4268E-02,  3.7135E-01,  0.0000E+00,  1.6710E-01,  3.7135E-02,  1.1137E-01,  3.7135E-02,  1.2995E-01,  1.6710E-02,  3.7135E-01,  2.5998E-02,  5.5704E-01,  1.1137E-01,  5.0131E-01,  3.7136E-02,  3.7136E-01,  3.7136E-02,  9.2877E-02,  1.4853E-02,  7.4271E-02,  0.0000E+00,  1.8568E-02,  7.4271E-03,  3.7136E-02,  5.5704E-03,  3.7136E-02,  7.4272E-03,  1.8568E-02,  3.7136E-03,  1.6710E-02,  3.7136E-03,  1.4853E-02,  1.6711E-03,  1.8568E-02,  3.7137E-03,  5.5705E-02,  5.5705E-02,  1.1138E-01,  1.8568E-02,  1.8568E-02,  1.6711E-02,  1.8568E-01,  1.1138E-02,  0.0000E+00,  0.0000E+00,  0.0000E+00,  0.0000E+00,  0.0000E+00,  0.0000E+00,  3.7138E-03,  0.0000E+00,  2.2284E-03,  3.8966E+08,  2.1726E+07,  0.0000E+00,  0.0000E+00,  0.0000E+00,  2.0829E+05,  5.3459E+04,  4.5336E+05,  7.8172E+00,  3.6528E+04,  2.9904E+03,  3.5349E+04,  3.1311E+03,  6.1592E+04,  3.9073E+01,  1.6725E+04,  2.8803E+01,  3.0364E+02,  6.2470E+01,  2.1879E+04,  5.0203E+01,  7.5022E+02,  7.0069E+01,  2.8281E+03,  9.6413E+02,  1.7140E+05,  2.2334E+03,  5.4369E+03,  5.2243E+01,  1.2781E+02,  8.3610E+00,  2.0911E+01,  1.2541E+00,  1.2541E+01,  1.6722E+00,  8.3610E+00,  1.2541E+00,  4.1804E+00,  8.3610E-01,  2.0911E+00,  1.6722E-01,  8.3610E-01,  0.0000E+00,  3.7622E-01,  8.3610E-02,  2.5075E-01,  8.3610E-02,  2.9259E-01,  3.7622E-02,  8.3610E-01,  5.8533E-02,  1.2541E+00,  2.5075E-01,  1.1287E+00,  8.3610E-02,  8.3610E-01,  8.3610E-02,  2.0911E-01,  3.3440E-02,  1.6722E-01,  0.0000E+00,  4.1804E-02,  1.6722E-02,  8.3610E-02,  1.2541E-02,  8.3610E-02,  1.6722E-02,  4.1804E-02,  8.3610E-03,  3.7622E-02,  8.3610E-03,  3.3440E-02,  3.7622E-03,  4.1804E-02,  8.3610E-03,  1.2541E-01,  1.2541E-01,  2.5075E-01,  4.1804E-02,  4.1804E-02,  3.7622E-02,  4.1804E-01,  2.5075E-02,  0.0000E+00,  0.0000E+00,  0.0000E+00,  0.0000E+00,  0.0000E+00,  0.0000E+00,  8.3610E-03,  0.0000E+00,  5.0169E-03
  2.2000E-01,  2.6388E+08,  9.2296E+06,  0.0000E+00,  0.0000E+00,  0.0000E+00,  8.8577E+04,  2.2732E+04,  1.8971E+05,  3.3246E+00,  1.5535E+04,  1.2718E+03,  1.5034E+04,  1.3316E+03,  2.6194E+04,  1.6618E+01,  7.1131E+03,  1.2250E+01,  1.2914E+02,  2.6568E+01,  9.1550E+03,  2.1351E+01,  3.1907E+02,  2.9801E+01,  1.2028E+03,  4.1005E+02,  7.2896E+04,  9.4987E+02,  2.3123E+03,  2.2219E+01,  5.4359E+01,  3.5560E+00,  8.8936E+00,  5.3340E-01,  5.3340E+00,  7.1120E-01,  3.5561E+00,  5.3340E-01,  1.7780E+00,  3.5560E-01,  8.8936E-01,  7.1119E-02,  3.5560E-01,  0.0000E+00,  1.6001E-01,  3.5560E-02,  1.0665E-01,  3.5560E-02,  1.2444E-01,  1.6001E-02,  3.5561E-01,  2.4895E-02,  5.3343E-01,  1.0665E-01,  4.8005E-01,  3.5561E-02,  3.5562E-01,  3.5562E-02,  8.8939E-02,  1.4223E-02,  7.1122E-02,  0.0000E+00,  1.7780E-02,  7.1122E-03,  3.5562E-02,  5.3342E-03,  3.5562E-02,  7.1123E-03,  1.7781E-02,  3.5562E-03,  1.6002E-02,  3.5562E-03,  1.4223E-02,  1.6002E-03,  1.7781E-02,  3.5562E-03,  5.3343E-02,  5.3343E-02,  1.0665E-01,  1.7781E-02,  1.7781E-02,  1.6002E-02,  1.7781E-01,  1.0665E-02,  0.0000E+00,  0.0000E+00,  0.0000E+00,  0.0000E+00,  0.0000E+00,  0.0000E+00,  3.5564E-03,  0.0000E+00,  2.1340E-03,  3.5178E+08,  1.9191E+07,  0.0000E+00,  0.0000E+00,  0.0000E+00,  1.8400E+05,  4.7224E+04,  4.0001E+05,  6.9028E+00,  3.2256E+04,  2.6406E+03,  3.1214E+04,  2.7649E+03,  5.4388E+04,  3.4503E+01,  1.4769E+04,  2.5434E+01,  2.6812E+02,  5.5163E+01,  1.9304E+04,  4.4331E+01,  6.6247E+02,  6.1873E+01,  2.4973E+03,  8.5136E+02,  1.5135E+05,  1.9722E+03,  4.8010E+03,  4.6132E+01,  1.1286E+02,  7.3830E+00,  1.8465E+01,  1.1074E+00,  1.1074E+01,  1.4766E+00,  7.3830E+00,  1.1074E+00,  3.6914E+00,  7.3830E-01,  1.8465E+00,  1.4766E-01,  7.3830E-01,  0.0000E+00,  3.3222E-01,  7.3830E-02,  2.2142E-01,  7.3830E-02,  2.5836E-01,  3.3222E-02,  7.3830E-01,  5.1687E-02,  1.1074E+00,  2.2142E-01,  9.9665E-01,  7.3830E-02,  7.3830E-01,  7.3830E-02,  1.8465E-01,  2.9529E-02,  1.4766E-01,  0.0000E+00,  3.6914E-02,  1.4766E-02,  7.3830E-02,  1.1074E-02,  7.3830E-02,  1.4766E-02,  3.6914E-02,  7.3830E-03,  3.3222E-02,  7.3830E-03,  2.9529E-02,  3.3222E-03,  3.6914E-02,  7.3830E-03,  1.1074E-01,  1.1074E-01,  2.2142E-01,  3.6914E-02,  3.6914E-02,  3.3222E-02,  3.6914E-01,  2.2142E-02,  0.0000E+00,  0.0000E+00,  0.0000E+00,  0.0000E+00,  0.0000E+00,  0.0000E+00,  7.3830E-03,  0.0000E+00,  4.4301E-03
  2.5000E-01,  2.5401E+08,  8.6980E+06,  0.0000E+00,  0.0000E+00,  0.0000E+00,  8.3480E+04,  2.1424E+04,  1.7863E+05,  3.1335E+00,  1.4642E+04,  1.1987E+03,  1.4169E+04,  1.2551E+03,  2.4688E+04,  1.5662E+01,  6.7041E+03,  1.1546E+01,  1.2171E+02,  2.5040E+01,  8.6206E+03,  2.0123E+01,  3.0072E+02,  2.8087E+01,  1.1336E+03,  3.8647E+02,  6.8705E+04,  8.9525E+02,  2.1793E+03,  2.0941E+01,  5.1234E+01,  3.3515E+00,  8.3822E+00,  5.0273E-01,  5.0273E+00,  6.7030E-01,  3.3516E+00,  5.0273E-01,  1.6757E+00,  3.3515E-01,  8.3822E-01,  6.7030E-02,  3.3515E-01,  0.0000E+00,  1.5081E-01,  3.3516E-02,  1.0052E-01,  3.3516E-02,  1.1729E-01,  1.5081E-02,  3.3516E-01,  2.3464E-02,  5.0275E-01,  1.0052E-01,  4.5245E-01,  3.3517E-02,  3.3517E-01,  3.3517E-02,  8.3825E-02,  1.3405E-02,  6.7033E-02,  0.0000E+00,  1.6758E-02,  6.7033E-03,  3.3517E-02,  5.0275E-03,  3.3517E-02,  6.7034E-03,  1.6758E-02,  3.3517E-03,  1.5082E-02,  3.3517E-03,  1.3406E-02,  1.5082E-03,  1.6758E-02,  3.3518E-03,  5.0276E-02,  5.0276E-02,  1.0052E-01,  1.6758E-02,  1.6759E-02,  1.5082E-02,  1.6759E-01,  1.0052E-02,  0.0000E+00,  0.0000E+00,  0.0000E+00,  0.0000E+00,  0.0000E+00,  0.0000E+00,  3.3519E-03,  0.0000E+00,  2.0113E-03,  3.0669E+08,  1.6249E+07,  0.0000E+00,  0.0000E+00,  0.0000E+00,  1.5581E+05,  3.9989E+04,  3.3818E+05,  5.8421E+00,  2.7299E+04,  2.2349E+03,  2.6418E+04,  2.3400E+03,  4.6030E+04,  2.9201E+01,  1.2500E+04,  2.1526E+01,  2.2692E+02,  4.6686E+01,  1.6320E+04,  3.7519E+01,  5.6067E+02,  5.2366E+01,  2.1135E+03,  7.2054E+02,  1.2809E+05,  1.6691E+03,  4.0632E+03,  3.9043E+01,  9.5521E+01,  6.2485E+00,  1.5628E+01,  9.3728E-01,  9.3728E+00,  1.2497E+00,  6.2485E+00,  9.3728E-01,  3.1242E+00,  6.2485E-01,  1.5628E+00,  1.2497E-01,  6.2485E-01,  0.0000E+00,  2.8117E-01,  6.2485E-02,  1.8740E-01,  6.2485E-02,  2.1866E-01,  2.8117E-02,  6.2485E-01,  4.3744E-02,  9.3728E-01,  1.8740E-01,  8.4350E-01,  6.2485E-02,  6.2485E-01,  6.2485E-02,  1.5628E-01,  2.4992E-02,  1.2497E-01,  0.0000E+00,  3.1242E-02,  1.2497E-02,  6.2485E-02,  9.3728E-03,  6.2485E-02,  1.2497E-02,  3.1242E-02,  6.2485E-03,  2.8117E-02,  6.2485E-03,  2.4992E-02,  2.8117E-03,  3.1242E-02,  6.2485E-03,  9.3728E-02,  9.3728E-02,  1.8740E-01,  3.1242E-02,  3.1242E-02,  2.8117E-02,  3.1242E-01,  1.8740E-02,  0.0000E+00,  0.0000E+00,  0.0000E+00,  0.0000E+00,  0.0000E+00,  0.0000E+00,  6.2485E-03,  0.0000E+00,  3.7494E-03
  2.8000E-01,  2.4533E+08,  8.2440E+06,  0.0000E+00,  0.0000E+00,  0.0000E+00,  7.9126E+04,  2.0306E+04,  1.6919E+05,  2.9702E+00,  1.3879E+04,  1.1362E+03,  1.3431E+04,  1.1897E+03,  2.3402E+04,  1.4846E+01,  6.3549E+03,  1.0944E+01,  1.1537E+02,  2.3736E+01,  8.1649E+03,  1.9075E+01,  2.8506E+02,  2.6624E+01,  1.0746E+03,  3.6634E+02,  6.5126E+04,  8.4862E+02,  2.0658E+03,  1.9851E+01,  4.8565E+01,  3.1770E+00,  7.9456E+00,  4.7654E-01,  4.7655E+00,  6.3539E-01,  3.1770E+00,  4.7655E-01,  1.5885E+00,  3.1770E-01,  7.9456E-01,  6.3539E-02,  3.1770E-01,  0.0000E+00,  1.4296E-01,  3.1770E-02,  9.5280E-02,  3.1770E-02,  1.1118E-01,  1.4296E-02,  3.1771E-01,  2.2242E-02,  4.7657E-01,  9.5283E-02,  4.2889E-01,  3.1771E-02,  3.1771E-01,  3.1771E-02,  7.9459E-02,  1.2707E-02,  6.3541E-02,  0.0000E+00,  1.5885E-02,  6.3541E-03,  3.1772E-02,  4.7657E-03,  3.1772E-02,  6.3543E-03,  1.5885E-02,  3.1771E-03,  1.4296E-02,  3.1772E-03,  1.2707E-02,  1.4296E-03,  1.5886E-02,  3.1772E-03,  4.7658E-02,  4.7658E-02,  9.5286E-02,  1.5886E-02,  1.5886E-02,  1.4297E-02,  1.5886E-01,  9.5287E-03,  0.0000E+00,  0.0000E+00,  0.0000E+00,  0.0000E+00,  0.0000E+00,  0.0000E+00,  3.1773E-03,  0.0000E+00,  1.9065E-03,  2.7157E+08,  1.4020E+07,  0.0000E+00,  0.0000E+00,  0.0000E+00,  1.3445E+05,  3.4507E+04,  2.9141E+05,  5.0389E+00,  2.3546E+04,  1.9276E+03,  2.2786E+04,  2.0183E+03,  3.9702E+04,  2.5186E+01,  1.0781E+04,  1.8566E+01,  1.9572E+02,  4.0268E+01,  1.4063E+04,  3.2360E+01,  4.8359E+02,  4.5166E+01,  1.8230E+03,  6.2147E+02,  1.1048E+05,  1.4396E+03,  3.5046E+03,  3.3675E+01,  8.2388E+01,  5.3894E+00,  1.3479E+01,  8.0841E-01,  8.0841E+00,  1.0779E+00,  5.3894E+00,  8.0841E-01,  2.6947E+00,  5.3894E-01,  1.3479E+00,  1.0779E-01,  5.3894E-01,  0.0000E+00,  2.4251E-01,  5.3894E-02,  1.6163E-01,  5.3894E-02,  1.8860E-01,  2.4251E-02,  5.3894E-01,  3.7730E-02,  8.0841E-01,  1.6163E-01,  7.2753E-01,  5.3894E-02,  5.3894E-01,  5.3894E-02,  1.3479E-01,  2.1556E-02,  1.0779E-01,  0.0000E+00,  2.6947E-02,  1.0779E-02,  5.3894E-02,  8.0841E-03,  5.3894E-02,  1.0779E-02,  2.6947E-02,  5.3894E-03,  2.4251E-02,  5.3894E-03,  2.1556E-02,  2.4251E-03,  2.6947E-02,  5.3894E-03,  8.0841E-02,  8.0841E-02,  1.6163E-01,  2.6947E-02,  2.6947E-02,  2.4251E-02,  2.6947E-01,  1.6163E-02,  0.0000E+00,  0.0000E+00,  0.0000E+00,  0.0000E+00,  0.0000E+00,  0.0000E+00,  5.3894E-03,  0.0000E+00,  3.2339E-03
  3.2000E-01,  2.3519E+08,  7.7279E+06,  0.0000E+00,  0.0000E+00,  0.0000E+00,  7.4177E+04,  1.9036E+04,  1.5847E+05,  2.7848E+00,  1.3013E+04,  1.0653E+03,  1.2593E+04,  1.1154E+03,  2.1941E+04,  1.3919E+01,  5.9581E+03,  1.0261E+01,  1.0817E+02,  2.2254E+01,  7.6476E+03,  1.7884E+01,  2.6726E+02,  2.4962E+01,  1.0075E+03,  3.4347E+02,  6.1060E+04,  7.9564E+02,  1.9368E+03,  1.8611E+01,  4.5533E+01,  2.9786E+00,  7.4495E+00,  4.4679E-01,  4.4680E+00,  5.9572E-01,  2.9787E+00,  4.4680E-01,  1.4893E+00,  2.9786E-01,  7.4496E-01,  5.9572E-02,  2.9786E-01,  0.0000E+00,  1.3403E-01,  2.9786E-02,  8.9332E-02,  2.9787E-02,  1.0424E-01,  1.3403E-02,  2.9787E-01,  2.0853E-02,  4.4682E-01,  8.9334E-02,  4.0211E-01,  2.9788E-02,  2.9788E-01,  2.9788E-02,  7.4499E-02,  1.1914E-02,  5.9574E-02,  0.0000E+00,  1.4894E-02,  5.9575E-03,  2.9788E-02,  4.4682E-03,  2.9788E-02,  5.9576E-03,  1.4894E-02,  2.9788E-03,  1.3404E-02,  2.9788E-03,  1.1914E-02,  1.3404E-03,  1.4894E-02,  2.9788E-03,  4.4683E-02,  4.4683E-02,  8.9338E-02,  1.4894E-02,  1.4894E-02,  1.3404E-02,  1.4894E-01,  8.9339E-03,  0.0000E+00,  0.0000E+00,  0.0000E+00,  0.0000E+00,  0.0000E+00,  0.0000E+00,  2.9790E-03,  0.0000E+00,  1.7875E-03,  2.3532E+08,  1.1783E+07,  0.0000E+00,  0.0000E+00,  0.0000E+00,  1.1301E+05,  2.9004E+04,  2.4453E+05,  4.2330E+00,  1.9780E+04,  1.6193E+03,  1.9141E+04,  1.6955E+03,  3.3352E+04,  2.1158E+01,  9.0568E+03,  1.5597E+01,  1.6442E+02,  3.3827E+01,  1.1801E+04,  2.7185E+01,  4.0625E+02,  3.7942E+01,  1.5314E+03,  5.2208E+02,  9.2813E+04,  1.2094E+03,  2.9441E+03,  2.8290E+01,  6.9211E+01,  4.5275E+00,  1.1323E+01,  6.7912E-01,  6.7912E+00,  9.0549E-01,  4.5275E+00,  6.7912E-01,  2.2637E+00,  4.5275E-01,  1.1323E+00,  9.0549E-02,  4.5275E-01,  0.0000E+00,  2.0373E-01,  4.5275E-02,  1.3578E-01,  4.5275E-02,  1.5844E-01,  2.0373E-02,  4.5275E-01,  3.1696E-02,  6.7912E-01,  1.3578E-01,  6.1118E-01,  4.5275E-02,  4.5275E-01,  4.5275E-02,  1.1323E-01,  1.8108E-02,  9.0549E-02,  0.0000E+00,  2.2637E-02,  9.0549E-03,  4.5275E-02,  6.7912E-03,  4.5275E-02,  9.0549E-03,  2.2637E-02,  4.5275E-03,  2.0373E-02,  4.5275E-03,  1.8108E-02,  2.0373E-03,  2.2637E-02,  4.5275E-03,  6.7912E-02,  6.7912E-02,  1.3578E-01,  2.2637E-02,  2.2637E-02,  2.0373E-02,  2.2637E-01,  1.3578E-02,  0.0000E+00,  0.0000E+00,  0.0000E+00,  0.0000E+00,  0.0000E+00,  0.0000E+00,  4.5275E-03,  0.0000E+00,  2.7167E-03
  3.5000E-01,  2.2846E+08,  7.3939E+06,  0.0000E+00,  0.0000E+00,  0.0000E+00,  7.0973E+04,  1.8214E+04,  1.5154E+05,  2.6648E+00,  1.2452E+04,  1.0194E+03,  1.2050E+04,  1.0674E+03,  2.0996E+04,  1.3320E+01,  5.7014E+03,  9.8188E+00,  1.0351E+02,  2.1295E+01,  7.3132E+03,  1.7114E+01,  2.5575E+02,  2.3886E+01,  9.6408E+02,  3.2867E+02,  5.8429E+04,  7.6136E+02,  1.8534E+03,  1.7809E+01,  4.3571E+01,  2.8503E+00,  7.1286E+00,  4.2754E-01,  4.2755E+00,  5.7006E-01,  2.8503E+00,  4.2755E-01,  1.4251E+00,  2.8503E-01,  7.1286E-01,  5.7005E-02,  2.8503E-01,  0.0000E+00,  1.2826E-01,  2.8503E-02,  8.5483E-02,  2.8503E-02,  9.9746E-02,  1.2826E-02,  2.8504E-01,  1.9955E-02,  4.2757E-01,  8.5486E-02,  3.8479E-01,  2.8504E-02,  2.8505E-01,  2.8505E-02,  7.1289E-02,  1.1400E-02,  5.7008E-02,  0.0000E+00,  1.4252E-02,  5.7008E-03,  2.8505E-02,  4.2757E-03,  2.8505E-02,  5.7009E-03,  1.4252E-02,  2.8505E-03,  1.2827E-02,  2.8505E-03,  1.1401E-02,  1.2827E-03,  1.4252E-02,  2.8505E-03,  4.2758E-02,  4.2758E-02,  8.5489E-02,  1.4252E-02,  1.4252E-02,  1.2827E-02,  1.4253E-01,  8.5490E-03,  0.0000E+00,  0.0000E+00,  0.0000E+00,  0.0000E+00,  0.0000E+00,  0.0000E+00,  2.8507E-03,  0.0000E+00,  1.7105E-03,  2.1374E+08,  1.0485E+07,  0.0000E+00,  0.0000E+00,  0.0000E+00,  1.0057E+05,  2.5812E+04,  2.1738E+05,  3.7658E+00,  1.7597E+04,  1.4406E+03,  1.7029E+04,  1.5084E+03,  2.9671E+04,  1.8823E+01,  8.0571E+03,  1.3876E+01,  1.4627E+02,  3.0094E+01,  1.0490E+04,  2.4184E+01,  3.6141E+02,  3.3755E+01,  1.3624E+03,  4.6445E+02,  8.2569E+04,  1.0759E+03,  2.6191E+03,  2.5167E+01,  6.1572E+01,  4.0278E+00,  1.0073E+01,  6.0416E-01,  6.0416E+00,  8.0555E-01,  4.0278E+00,  6.0416E-01,  2.0138E+00,  4.0278E-01,  1.0073E+00,  8.0555E-02,  4.0278E-01,  0.0000E+00,  1.8124E-01,  4.0278E-02,  1.2080E-01,  4.0278E-02,  1.4095E-01,  1.8124E-02,  4.0278E-01,  2.8197E-02,  6.0416E-01,  1.2080E-01,  5.4372E-01,  4.0278E-02,  4.0278E-01,  4.0278E-02,  1.0073E-01,  1.6109E-02,  8.0555E-02,  0.0000E+00,  2.0138E-02,  8.0555E-03,  4.0278E-02,  6.0416E-03,  4.0278E-02,  8.0555E-03,  2.0138E-02,  4.0278E-03,  1.8124E-02,  4.0278E-03,  1.6109E-02,  1.8124E-03,  2.0138E-02,  4.0278E-03,  6.0416E-02,  6.0416E-02,  1.2080E-01,  2.0138E-02,  2.0138E-02,  1.8124E-02,  2.0138E-01,  1.2080E-02,  0.0000E+00,  0.0000E+00,  0.0000E+00,  0.0000E+00,  0.0000E+00,  0.0000E+00,  4.0278E-03,  0.0000E+00,  2.4168E-03
  4.0000E-01,  2.1848E+08,  6.9114E+06,  0.0000E+00,  0.0000E+00,  0.0000E+00,  6.6346E+04,  1.7026E+04,  1.4155E+05,  2.4916E+00,  1.1643E+04,  9.5314E+02,  1.1267E+04,  9.9798E+02,  1.9631E+04,  1.2454E+01,  5.3308E+03,  9.1805E+00,  9.6782E+01,  1.9911E+01,  6.8309E+03,  1.6001E+01,  2.3912E+02,  2.2334E+01,  9.0141E+02,  3.0730E+02,  5.4631E+04,  7.1187E+02,  1.7329E+03,  1.6652E+01,  4.0739E+01,  2.6650E+00,  6.6652E+00,  3.9975E-01,  3.9976E+00,  5.3300E-01,  2.6651E+00,  3.9975E-01,  1.3325E+00,  2.6650E-01,  6.6652E-01,  5.3300E-02,  2.6650E-01,  0.0000E+00,  1.1992E-01,  2.6650E-02,  7.9927E-02,  2.6650E-02,  9.3262E-02,  1.1992E-02,  2.6651E-01,  1.8658E-02,  3.9978E-01,  7.9929E-02,  3.5978E-01,  2.6652E-02,  2.6652E-01,  2.6652E-02,  6.6655E-02,  1.0659E-02,  5.3302E-02,  0.0000E+00,  1.3326E-02,  5.3302E-03,  2.6652E-02,  3.9978E-03,  2.6652E-02,  5.3304E-03,  1.3326E-02,  2.6652E-03,  1.1993E-02,  2.6652E-03,  1.0660E-02,  1.1993E-03,  1.3326E-02,  2.6652E-03,  3.9979E-02,  3.9978E-02,  7.9933E-02,  1.3326E-02,  1.3326E-02,  1.1993E-02,  1.3326E-01,  7.9933E-03,  0.0000E+00,  0.0000E+00,  0.0000E+00,  0.0000E+00,  0.0000E+00,  0.0000E+00,  2.6654E-03,  0.0000E+00,  1.5993E-03,  1.8521E+08,  8.8122E+06,  0.0000E+00,  0.0000E+00,  0.0000E+00,  8.4532E+04,  2.1696E+04,  1.8241E+05,  3.1635E+00,  1.4783E+04,  1.2102E+03,  1.4305E+04,  1.2671E+03,  2.4925E+04,  1.5812E+01,  6.7685E+03,  1.1656E+01,  1.2288E+02,  2.5281E+01,  8.8027E+03,  2.0316E+01,  3.0361E+02,  2.8356E+01,  1.1445E+03,  3.9017E+02,  6.9364E+04,  9.0383E+02,  2.2002E+03,  2.1142E+01,  5.1725E+01,  3.3836E+00,  8.4624E+00,  5.0754E-01,  5.0754E+00,  6.7671E-01,  3.3836E+00,  5.0754E-01,  1.6918E+00,  3.3836E-01,  8.4624E-01,  6.7671E-02,  3.3836E-01,  0.0000E+00,  1.5225E-01,  3.3836E-02,  1.0148E-01,  3.3836E-02,  1.1841E-01,  1.5225E-02,  3.3836E-01,  2.3688E-02,  5.0754E-01,  1.0148E-01,  4.5676E-01,  3.3836E-02,  3.3836E-01,  3.3836E-02,  8.4624E-02,  1.3533E-02,  6.7671E-02,  0.0000E+00,  1.6918E-02,  6.7671E-03,  3.3836E-02,  5.0754E-03,  3.3836E-02,  6.7671E-03,  1.6918E-02,  3.3836E-03,  1.5225E-02,  3.3836E-03,  1.3533E-02,  1.5225E-03,  1.6918E-02,  3.3836E-03,  5.0754E-02,  5.0754E-02,  1.0148E-01,  1.6918E-02,  1.6918E-02,  1.5225E-02,  1.6918E-01,  1.0148E-02,  0.0000E+00,  0.0000E+00,  0.0000E+00,  0.0000E+00,  0.0000E+00,  0.0000E+00,  3.3836E-03,  0.0000E+00,  2.0303E-03
  4.5000E-01,  2.0977E+08,  6.5022E+06,  0.0000E+00,  0.0000E+00,  0.0000E+00,  6.2419E+04,  1.6018E+04,  1.3308E+05,  2.3447E+00,  1.0956E+04,  8.9694E+02,  1.0602E+04,  9.3914E+02,  1.8473E+04,  1.1719E+01,  5.0165E+03,  8.6392E+00,  9.1076E+01,  1.8737E+01,  6.4223E+03,  1.5058E+01,  2.2502E+02,  2.1017E+01,  8.4826E+02,  2.8919E+02,  5.1410E+04,  6.6989E+02,  1.6307E+03,  1.5670E+01,  3.8337E+01,  2.5079E+00,  6.2722E+00,  3.7618E-01,  3.7619E+00,  5.0157E-01,  2.5079E+00,  3.7619E-01,  1.2539E+00,  2.5079E-01,  6.2722E-01,  5.0157E-02,  2.5079E-01,  0.0000E+00,  1.1285E-01,  2.5079E-02,  7.5214E-02,  2.5079E-02,  8.7764E-02,  1.1285E-02,  2.5080E-01,  1.7558E-02,  3.7621E-01,  7.5217E-02,  3.3857E-01,  2.5080E-02,  2.5081E-01,  2.5080E-02,  6.2726E-02,  1.0031E-02,  5.0160E-02,  0.0000E+00,  1.2540E-02,  5.0160E-03,  2.5081E-02,  3.7621E-03,  2.5081E-02,  5.0161E-03,  1.2540E-02,  2.5081E-03,  1.1286E-02,  2.5081E-03,  1.0031E-02,  1.1286E-03,  1.2540E-02,  2.5081E-03,  3.7622E-02,  3.7622E-02,  7.5220E-02,  1.2540E-02,  1.2540E-02,  1.1286E-02,  1.2541E-01,  7.5221E-03,  0.0000E+00,  0.0000E+00,  0.0000E+00,  0.0000E+00,  0.0000E+00,  0.0000E+00,  2.5082E-03,  0.0000E+00,  1.5051E-03,  1.6322E+08,  7.5594E+06,  0.0000E+00,  0.0000E+00,  0.0000E+00,  7.2522E+04,  1.8613E+04,  1.5626E+05,  2.7128E+00,  1.2676E+04,  1.0378E+03,  1.2267E+04,  1.0866E+03,  2.1374E+04,  1.3559E+01,  5.8041E+03,  9.9955E+00,  1.0537E+02,  2.1679E+01,  7.5410E+03,  1.7422E+01,  2.6035E+02,  2.4316E+01,  9.8141E+02,  3.3458E+02,  5.9480E+04,  7.7505E+02,  1.8867E+03,  1.8130E+01,  4.4355E+01,  2.9015E+00,  7.2566E+00,  4.3522E-01,  4.3522E+00,  5.8029E-01,  2.9015E+00,  4.3522E-01,  1.4507E+00,  2.9015E-01,  7.2566E-01,  5.8029E-02,  2.9015E-01,  0.0000E+00,  1.3056E-01,  2.9015E-02,  8.7017E-02,  2.9015E-02,  1.0154E-01,  1.3056E-02,  2.9015E-01,  2.0312E-02,  4.3522E-01,  8.7017E-02,  3.9168E-01,  2.9015E-02,  2.9015E-01,  2.9015E-02,  7.2566E-02,  1.1605E-02,  5.8029E-02,  0.0000E+00,  1.4507E-02,  5.8029E-03,  2.9015E-02,  4.3522E-03,  2.9015E-02,  5.8029E-03,  1.4507E-02,  2.9015E-03,  1.3056E-02,  2.9015E-03,  1.1605E-02,  1.3056E-03,  1.4507E-02,  2.9015E-03,  4.3522E-02,  4.3522E-02,  8.7017E-02,  1.4507E-02,  1.4507E-02,  1.3056E-02,  1.4507E-01,  8.7017E-03,  0.0000E+00,  0.0000E+00,  0.0000E+00,  0.0000E+00,  0.0000E+00,  0.0000E+00,  2.9015E-03,  0.0000E+00,  1.7410E-03
  5.0000E-01,  2.0205E+08,  6.1484E+06,  0.0000E+00,  0.0000E+00,  0.0000E+00,  5.9026E+04,  1.5147E+04,  1.2577E+05,  2.2178E+00,  1.0363E+04,  8.4839E+02,  1.0028E+04,  8.8830E+02,  1.7473E+04,  1.1085E+01,  4.7449E+03,  8.1715E+00,  8.6146E+01,  1.7723E+01,  6.0696E+03,  1.4243E+01,  2.1284E+02,  1.9879E+01,  8.0234E+02,  2.7353E+02,  4.8627E+04,  6.3363E+02,  1.5425E+03,  1.4822E+01,  3.6262E+01,  2.3721E+00,  5.9327E+00,  3.5582E-01,  3.5582E+00,  4.7442E-01,  2.3722E+00,  3.5582E-01,  1.1861E+00,  2.3721E-01,  5.9327E-01,  4.7442E-02,  2.3721E-01,  0.0000E+00,  1.0674E-01,  2.3721E-02,  7.1143E-02,  2.3722E-02,  8.3013E-02,  1.0674E-02,  2.3722E-01,  1.6607E-02,  3.5584E-01,  7.1145E-02,  3.2024E-01,  2.3723E-02,  2.3723E-01,  2.3723E-02,  5.9330E-02,  9.4880E-03,  4.7445E-02,  0.0000E+00,  1.1861E-02,  4.7445E-03,  2.3723E-02,  3.5584E-03,  2.3723E-02,  4.7446E-03,  1.1861E-02,  2.3723E-03,  1.0675E-02,  2.3723E-03,  9.4884E-03,  1.0675E-03,  1.1862E-02,  2.3724E-03,  3.5585E-02,  3.5585E-02,  7.1149E-02,  1.1862E-02,  1.1862E-02,  1.0675E-02,  1.1862E-01,  7.1150E-03,  0.0000E+00,  0.0000E+00,  0.0000E+00,  0.0000E+00,  0.0000E+00,  0.0000E+00,  2.3725E-03,  0.0000E+00,  1.4236E-03,  1.4577E+08,  6.5905E+06,  0.0000E+00,  0.0000E+00,  0.0000E+00,  6.3232E+04,  1.6229E+04,  1.3607E+05,  2.3642E+00,  1.1048E+04,  9.0443E+02,  1.0691E+04,  9.4698E+02,  1.8628E+04,  1.1817E+01,  5.0584E+03,  8.7113E+00,  9.1834E+01,  1.8893E+01,  6.5664E+03,  1.5183E+01,  2.2690E+02,  2.1192E+01,  8.5533E+02,  2.9159E+02,  5.1839E+04,  6.7547E+02,  1.6443E+03,  1.5800E+01,  3.8656E+01,  2.5287E+00,  6.3243E+00,  3.7931E-01,  3.7931E+00,  5.0574E-01,  2.5287E+00,  3.7931E-01,  1.2643E+00,  2.5287E-01,  6.3243E-01,  5.0574E-02,  2.5287E-01,  0.0000E+00,  1.1379E-01,  2.5287E-02,  7.5838E-02,  2.5287E-02,  8.8491E-02,  1.1379E-02,  2.5287E-01,  1.7703E-02,  3.7931E-01,  7.5838E-02,  3.4136E-01,  2.5287E-02,  2.5287E-01,  2.5287E-02,  6.3243E-02,  1.0114E-02,  5.0574E-02,  0.0000E+00,  1.2643E-02,  5.0574E-03,  2.5287E-02,  3.7931E-03,  2.5287E-02,  5.0574E-03,  1.2643E-02,  2.5287E-03,  1.1379E-02,  2.5287E-03,  1.0114E-02,  1.1379E-03,  1.2643E-02,  2.5287E-03,  3.7931E-02,  3.7931E-02,  7.5838E-02,  1.2643E-02,  1.2643E-02,  1.1379E-02,  1.2643E-01,  7.5838E-03,  0.0000E+00,  0.0000E+00,  0.0000E+00,  0.0000E+00,  0.0000E+00,  0.0000E+00,  2.5287E-03,  0.0000E+00,  1.5173E-03
  5.5000E-01,  1.9511E+08,  5.8381E+06,  0.0000E+00,  0.0000E+00,  0.0000E+00,  5.6048E+04,  1.4383E+04,  1.1937E+05,  2.1065E+00,  9.8429E+03,  8.0581E+02,  9.5251E+03,  8.4372E+02,  1.6596E+04,  1.0529E+01,  4.5068E+03,  7.7614E+00,  8.1823E+01,  1.6833E+01,  5.7606E+03,  1.3528E+01,  2.0216E+02,  1.8882E+01,  7.6208E+02,  2.5980E+02,  4.6187E+04,  6.0183E+02,  1.4650E+03,  1.4078E+01,  3.4442E+01,  2.2531E+00,  5.6350E+00,  3.3796E-01,  3.3797E+00,  4.5062E-01,  2.2531E+00,  3.3797E-01,  1.1265E+00,  2.2531E-01,  5.6350E-01,  4.5061E-02,  2.2531E-01,  0.0000E+00,  1.0138E-01,  2.2531E-02,  6.7573E-02,  2.2531E-02,  7.8847E-02,  1.0139E-02,  2.2532E-01,  1.5774E-02,  3.3799E-01,  6.7575E-02,  3.0417E-01,  2.2532E-02,  2.2533E-01,  2.2533E-02,  5.6353E-02,  9.0119E-03,  4.5064E-02,  0.0000E+00,  1.1266E-02,  4.5064E-03,  2.2533E-02,  3.3799E-03,  2.2533E-02,  4.5065E-03,  1.1266E-02,  2.2533E-03,  1.0139E-02,  2.2533E-03,  9.0123E-03,  1.0139E-03,  1.1266E-02,  2.2533E-03,  3.3800E-02,  3.3800E-02,  6.7579E-02,  1.1266E-02,  1.1266E-02,  1.0140E-02,  1.1267E-01,  6.7580E-03,  0.0000E+00,  0.0000E+00,  0.0000E+00,  0.0000E+00,  0.0000E+00,  0.0000E+00,  2.2534E-03,  0.0000E+00,  1.3522E-03,  1.3160E+08,  5.8214E+06,  0.0000E+00,  0.0000E+00,  0.0000E+00,  5.5858E+04,  1.4337E+04,  1.2005E+05,  2.0877E+00,  9.7555E+03,  7.9864E+02,  9.4405E+03,  8.3622E+02,  1.6449E+04,  1.0435E+01,  4.4668E+03,  7.6924E+00,  8.1092E+01,  1.6684E+01,  5.7937E+03,  1.3407E+01,  2.0036E+02,  1.8713E+01,  7.5528E+02,  2.5749E+02,  4.5775E+04,  5.9647E+02,  1.4520E+03,  1.3952E+01,  3.4135E+01,  2.2329E+00,  5.5846E+00,  3.3494E-01,  3.3494E+00,  4.4658E-01,  2.2329E+00,  3.3494E-01,  1.1165E+00,  2.2329E-01,  5.5846E-01,  4.4658E-02,  2.2329E-01,  0.0000E+00,  1.0048E-01,  2.2329E-02,  6.6967E-02,  2.2329E-02,  7.8140E-02,  1.0048E-02,  2.2329E-01,  1.5632E-02,  3.3494E-01,  6.6967E-02,  3.0143E-01,  2.2329E-02,  2.2329E-01,  2.2329E-02,  5.5846E-02,  8.9309E-03,  4.4658E-02,  0.0000E+00,  1.1165E-02,  4.4658E-03,  2.2329E-02,  3.3494E-03,  2.2329E-02,  4.4658E-03,  1.1165E-02,  2.2329E-03,  1.0048E-02,  2.2329E-03,  8.9309E-03,  1.0048E-03,  1.1165E-02,  2.2329E-03,  3.3494E-02,  3.3494E-02,  6.6967E-02,  1.1165E-02,  1.1165E-02,  1.0048E-02,  1.1165E-01,  6.6967E-03,  0.0000E+00,  0.0000E+00,  0.0000E+00,  0.0000E+00,  0.0000E+00,  0.0000E+00,  2.2329E-03,  0.0000E+00,  1.3399E-03
  6.3000E-01,  1.8530E+08,  5.4101E+06,  0.0000E+00,  0.0000E+00,  0.0000E+00,  5.1942E+04,  1.3329E+04,  1.1055E+05,  1.9530E+00,  9.1259E+03,  7.4711E+02,  8.8312E+03,  7.8225E+02,  1.5387E+04,  9.7617E+00,  4.1785E+03,  7.1960E+00,  7.5862E+01,  1.5607E+01,  5.3350E+03,  1.2542E+01,  1.8743E+02,  1.7506E+01,  7.0656E+02,  2.4088E+02,  4.2822E+04,  5.5799E+02,  1.3583E+03,  1.3052E+01,  3.1933E+01,  2.0889E+00,  5.2245E+00,  3.1334E-01,  3.1335E+00,  4.1779E-01,  2.0890E+00,  3.1335E-01,  1.0445E+00,  2.0890E-01,  5.2245E-01,  4.1779E-02,  2.0890E-01,  0.0000E+00,  9.3999E-02,  2.0890E-02,  6.2650E-02,  2.0890E-02,  7.3104E-02,  9.4001E-03,  2.0891E-01,  1.4625E-02,  3.1337E-01,  6.2653E-02,  2.8201E-01,  2.0891E-02,  2.0891E-01,  2.0891E-02,  5.2248E-02,  8.3554E-03,  4.1781E-02,  0.0000E+00,  1.0445E-02,  4.1782E-03,  2.0891E-02,  3.1337E-03,  2.0892E-02,  4.1783E-03,  1.0446E-02,  2.0891E-03,  9.4007E-03,  2.0892E-03,  8.3558E-03,  9.4007E-04,  1.0446E-02,  2.0892E-03,  3.1338E-02,  3.1338E-02,  6.2657E-02,  1.0446E-02,  1.0446E-02,  9.4010E-03,  1.0446E-01,  6.2657E-03,  0.0000E+00,  0.0000E+00,  0.0000E+00,  0.0000E+00,  0.0000E+00,  0.0000E+00,  2.0893E-03,  0.0000E+00,  1.2537E-03,  1.1376E+08,  4.8781E+06,  0.0000E+00,  0.0000E+00,  0.0000E+00,  4.6812E+04,  1.2015E+04,  1.0044E+05,  1.7486E+00,  8.1710E+03,  6.6893E+02,  7.9072E+03,  7.0040E+02,  1.3777E+04,  8.7403E+00,  3.7413E+03,  6.4430E+00,  6.7921E+01,  1.3974E+01,  4.8472E+03,  1.1230E+01,  1.6782E+02,  1.5674E+01,  6.3261E+02,  2.1567E+02,  3.8341E+04,  4.9959E+02,  1.2162E+03,  1.1686E+01,  2.8591E+01,  1.8703E+00,  4.6775E+00,  2.8054E-01,  2.8054E+00,  3.7405E-01,  1.8703E+00,  2.8054E-01,  9.3512E-01,  1.8703E-01,  4.6775E-01,  3.7405E-02,  1.8703E-01,  0.0000E+00,  8.4158E-02,  1.8703E-02,  5.6091E-02,  1.8703E-02,  6.5449E-02,  8.4158E-03,  1.8703E-01,  1.3093E-02,  2.8054E-01,  5.6091E-02,  2.5247E-01,  1.8703E-02,  1.8703E-01,  1.8703E-02,  4.6775E-02,  7.4803E-03,  3.7405E-02,  0.0000E+00,  9.3512E-03,  3.7405E-03,  1.8703E-02,  2.8054E-03,  1.8703E-02,  3.7405E-03,  9.3512E-03,  1.8703E-03,  8.4158E-03,  1.8703E-03,  7.4803E-03,  8.4158E-04,  9.3512E-03,  1.8703E-03,  2.8054E-02,  2.8054E-02,  5.6091E-02,  9.3512E-03,  9.3512E-03,  8.4158E-03,  9.3512E-02,  5.6091E-03,  0.0000E+00,  0.0000E+00,  0.0000E+00,  0.0000E+00,  0.0000E+00,  0.0000E+00,  1.8703E-03,  0.0000E+00,  1.1222E-03
  7.1000E-01,  1.7675E+08,  5.0480E+06,  0.0000E+00,  0.0000E+00,  0.0000E+00,  4.8466E+04,  1.2437E+04,  1.0310E+05,  1.8232E+00,  8.5194E+03,  6.9746E+02,  8.2443E+03,  7.3027E+02,  1.4365E+04,  9.1130E+00,  3.9008E+03,  6.7178E+00,  7.0821E+01,  1.4570E+01,  4.9754E+03,  1.1709E+01,  1.7498E+02,  1.6343E+01,  6.5961E+02,  2.2487E+02,  3.9976E+04,  5.2091E+02,  1.2680E+03,  1.2185E+01,  2.9811E+01,  1.9501E+00,  4.8773E+00,  2.9252E-01,  2.9253E+00,  3.9003E-01,  1.9502E+00,  2.9253E-01,  9.7507E-01,  1.9502E-01,  4.8773E-01,  3.9003E-02,  1.9502E-01,  0.0000E+00,  8.7753E-02,  1.9502E-02,  5.8487E-02,  1.9502E-02,  6.8246E-02,  8.7754E-03,  1.9502E-01,  1.3653E-02,  2.9255E-01,  5.8490E-02,  2.6328E-01,  1.9503E-02,  1.9503E-01,  1.9503E-02,  4.8777E-02,  7.8002E-03,  3.9005E-02,  0.0000E+00,  9.7513E-03,  3.9005E-03,  1.9503E-02,  2.9255E-03,  1.9503E-02,  3.9006E-03,  9.7515E-03,  1.9503E-03,  8.7761E-03,  1.9503E-03,  7.8006E-03,  8.7761E-04,  9.7516E-03,  1.9504E-03,  2.9256E-02,  2.9256E-02,  5.8493E-02,  9.7517E-03,  9.7518E-03,  8.7764E-03,  9.7519E-02,  5.8494E-03,  0.0000E+00,  0.0000E+00,  0.0000E+00,  0.0000E+00,  0.0000E+00,  0.0000E+00,  1.9505E-03,  0.0000E+00,  1.1704E-03,  1.0006E+08,  4.1750E+06,  0.0000E+00,  0.0000E+00,  0.0000E+00,  4.0069E+04,  1.0284E+04,  8.5846E+04,  1.4960E+00,  6.9907E+03,  5.7230E+02,  6.7649E+03,  5.9922E+02,  1.1787E+04,  7.4777E+00,  3.2008E+03,  5.5123E+00,  5.8110E+01,  1.1955E+01,  4.1428E+03,  9.6076E+00,  1.4357E+02,  1.3410E+01,  5.4123E+02,  1.8451E+02,  3.2802E+04,  4.2742E+02,  1.0405E+03,  9.9981E+00,  2.4461E+01,  1.6001E+00,  4.0018E+00,  2.4001E-01,  2.4001E+00,  3.2002E-01,  1.6001E+00,  2.4001E-01,  8.0003E-01,  1.6001E-01,  4.0018E-01,  3.2002E-02,  1.6001E-01,  0.0000E+00,  7.2000E-02,  1.6001E-02,  4.7988E-02,  1.6001E-02,  5.5994E-02,  7.2000E-03,  1.6001E-01,  1.1202E-02,  2.4001E-01,  4.7988E-02,  2.1600E-01,  1.6001E-02,  1.6001E-01,  1.6001E-02,  4.0018E-02,  6.3997E-03,  3.2002E-02,  0.0000E+00,  8.0003E-03,  3.2002E-03,  1.6001E-02,  2.4001E-03,  1.6001E-02,  3.2002E-03,  8.0003E-03,  1.6001E-03,  7.2000E-03,  1.6001E-03,  6.3997E-03,  7.2000E-04,  8.0003E-03,  1.6001E-03,  2.4001E-02,  2.4001E-02,  4.7988E-02,  8.0003E-03,  8.0003E-03,  7.2000E-03,  8.0003E-02,  4.7988E-03,  0.0000E+00,  0.0000E+00,  0.0000E+00,  0.0000E+00,  0.0000E+00,  0.0000E+00,  1.6001E-03,  0.0000E+00,  9.6013E-04
  8.0000E-01,  1.6828E+08,  4.6993E+06,  0.0000E+00,  0.0000E+00,  0.0000E+00,  4.5119E+04,  1.1578E+04,  9.5932E+04,  1.6983E+00,  7.9356E+03,  6.4967E+02,  7.6794E+03,  6.8023E+02,  1.3380E+04,  8.4886E+00,  3.6335E+03,  6.2575E+00,  6.5968E+01,  1.3571E+01,  4.6296E+03,  1.0907E+01,  1.6299E+02,  1.5223E+01,  6.1441E+02,  2.0946E+02,  3.7237E+04,  4.8522E+02,  1.1812E+03,  1.1350E+01,  2.7768E+01,  1.8165E+00,  4.5431E+00,  2.7248E-01,  2.7248E+00,  3.6330E-01,  1.8166E+00,  2.7248E-01,  9.0826E-01,  1.8165E-01,  4.5431E-01,  3.6330E-02,  1.8165E-01,  0.0000E+00,  8.1740E-02,  1.8165E-02,  5.4480E-02,  1.8165E-02,  6.3570E-02,  8.1742E-03,  1.8166E-01,  1.2718E-02,  2.7250E-01,  5.4482E-02,  2.4524E-01,  1.8167E-02,  1.8167E-01,  1.8167E-02,  4.5435E-02,  7.2658E-03,  3.6333E-02,  0.0000E+00,  9.0832E-03,  3.6333E-03,  1.8167E-02,  2.7250E-03,  1.8167E-02,  3.6334E-03,  9.0834E-03,  1.8167E-03,  8.1748E-03,  1.8167E-03,  7.2662E-03,  8.1748E-04,  9.0835E-03,  1.8167E-03,  2.7251E-02,  2.7251E-02,  5.4486E-02,  9.0836E-03,  9.0837E-03,  8.1751E-03,  9.0838E-02,  5.4487E-03,  0.0000E+00,  0.0000E+00,  0.0000E+00,  0.0000E+00,  0.0000E+00,  0.0000E+00,  1.8169E-03,  0.0000E+00,  1.0902E-03,  8.8032E+07,  3.5742E+06,  0.0000E+00,  0.0000E+00,  0.0000E+00,  3.4306E+04,  8.8051E+03,  7.3390E+04,  1.2802E+00,  5.9824E+03,  4.8975E+02,  5.7892E+03,  5.1279E+02,  1.0087E+04,  6.3991E+00,  2.7392E+03,  4.7172E+00,  4.9728E+01,  1.0231E+01,  3.5417E+03,  8.2219E+00,  1.2287E+02,  1.1475E+01,  4.6316E+02,  1.5790E+02,  2.8071E+04,  3.6577E+02,  8.9042E+02,  8.5560E+00,  2.0932E+01,  1.3693E+00,  3.4246E+00,  2.0539E-01,  2.0539E+00,  2.7386E-01,  1.3693E+00,  2.0539E-01,  6.8464E-01,  1.3693E-01,  3.4246E-01,  2.7386E-02,  1.3693E-01,  0.0000E+00,  6.1615E-02,  1.3693E-02,  4.1066E-02,  1.3693E-02,  4.7918E-02,  6.1615E-03,  1.3693E-01,  9.5861E-03,  2.0539E-01,  4.1066E-02,  1.8485E-01,  1.3693E-02,  1.3693E-01,  1.3693E-02,  3.4246E-02,  5.4767E-03,  2.7386E-02,  0.0000E+00,  6.8464E-03,  2.7386E-03,  1.3693E-02,  2.0539E-03,  1.3693E-02,  2.7386E-03,  6.8464E-03,  1.3693E-03,  6.1615E-03,  1.3693E-03,  5.4767E-03,  6.1615E-04,  6.8464E-03,  1.3693E-03,  2.0539E-02,  2.0539E-02,  4.1066E-02,  6.8464E-03,  6.8464E-03,  6.1615E-03,  6.8464E-02,  4.1066E-03,  0.0000E+00,  0.0000E+00,  0.0000E+00,  0.0000E+00,  0.0000E+00,  0.0000E+00,  1.3693E-03,  0.0000E+00,  8.2164E-04
  9.0000E-01,  1.6000E+08,  4.3673E+06,  0.0000E+00,  0.0000E+00,  0.0000E+00,  4.1933E+04,  1.0760E+04,  8.9119E+04,  1.5794E+00,  7.3800E+03,  6.0418E+02,  7.1417E+03,  6.3260E+02,  1.2444E+04,  7.8942E+00,  3.3791E+03,  5.8194E+00,  6.1350E+01,  1.2621E+01,  4.3008E+03,  1.0143E+01,  1.5158E+02,  1.4157E+01,  5.7139E+02,  1.9480E+02,  3.4630E+04,  4.5124E+02,  1.0985E+03,  1.0555E+01,  2.5824E+01,  1.6893E+00,  4.2251E+00,  2.5340E-01,  2.5341E+00,  3.3787E-01,  1.6894E+00,  2.5341E-01,  8.4467E-01,  1.6894E-01,  4.2251E-01,  3.3787E-02,  1.6894E-01,  0.0000E+00,  7.6017E-02,  1.6894E-02,  5.0666E-02,  1.6894E-02,  5.9120E-02,  7.6019E-03,  1.6894E-01,  1.1827E-02,  2.5343E-01,  5.0668E-02,  2.2807E-01,  1.6895E-02,  1.6895E-01,  1.6895E-02,  4.2254E-02,  6.7571E-03,  3.3789E-02,  0.0000E+00,  8.4473E-03,  3.3789E-03,  1.6895E-02,  2.5343E-03,  1.6895E-02,  3.3790E-03,  8.4475E-03,  1.6895E-03,  7.6025E-03,  1.6895E-03,  6.7575E-03,  7.6026E-04,  8.4477E-03,  1.6896E-03,  2.5344E-02,  2.5344E-02,  5.0672E-02,  8.4477E-03,  8.4478E-03,  7.6029E-03,  8.4480E-02,  5.0673E-03,  0.0000E+00,  0.0000E+00,  0.0000E+00,  0.0000E+00,  0.0000E+00,  0.0000E+00,  1.6897E-03,  0.0000E+00,  1.0139E-03,  7.7580E+07,  3.0661E+06,  0.0000E+00,  0.0000E+00,  0.0000E+00,  2.9432E+04,  7.5542E+03,  6.2871E+04,  1.0978E+00,  5.1299E+03,  4.1997E+02,  4.9643E+03,  4.3972E+02,  8.6498E+03,  5.4873E+00,  2.3489E+03,  4.0451E+00,  4.2642E+01,  8.7731E+00,  3.0341E+03,  7.0503E+00,  1.0536E+02,  9.8403E+00,  3.9717E+02,  1.3540E+02,  2.4071E+04,  3.1365E+02,  7.6354E+02,  7.3369E+00,  1.7950E+01,  1.1742E+00,  2.9367E+00,  1.7613E-01,  1.7613E+00,  2.3484E-01,  1.1742E+00,  1.7613E-01,  5.8709E-01,  1.1742E-01,  2.9367E-01,  2.3484E-02,  1.1742E-01,  0.0000E+00,  5.2836E-02,  1.1742E-02,  3.5215E-02,  1.1742E-02,  4.1090E-02,  5.2836E-03,  1.1742E-01,  8.2202E-03,  1.7613E-01,  3.5215E-02,  1.5851E-01,  1.1742E-02,  1.1742E-01,  1.1742E-02,  2.9367E-02,  4.6963E-03,  2.3484E-02,  0.0000E+00,  5.8709E-03,  2.3484E-03,  1.1742E-02,  1.7613E-03,  1.1742E-02,  2.3484E-03,  5.8709E-03,  1.1742E-03,  5.2836E-03,  1.1742E-03,  4.6963E-03,  5.2836E-04,  5.8709E-03,  1.1742E-03,  1.7613E-02,  1.7613E-02,  3.5215E-02,  5.8709E-03,  5.8709E-03,  5.2836E-03,  5.8709E-02,  3.5215E-03,  0.0000E+00,  0.0000E+00,  0.0000E+00,  0.0000E+00,  0.0000E+00,  0.0000E+00,  1.1742E-03,  0.0000E+00,  7.0457E-04
  1.0000E+00,  1.5266E+08,  4.0803E+06,  0.0000E+00,  0.0000E+00,  0.0000E+00,  3.9178E+04,  1.0053E+04,  8.3238E+04,  1.4766E+00,  6.9000E+03,  5.6488E+02,  6.6771E+03,  5.9145E+02,  1.1634E+04,  7.3808E+00,  3.1593E+03,  5.4408E+00,  5.7359E+01,  1.1800E+01,  4.0170E+03,  9.4833E+00,  1.4172E+02,  1.3236E+01,  5.3423E+02,  1.8213E+02,  3.2377E+04,  4.2189E+02,  1.0270E+03,  9.8688E+00,  2.4144E+01,  1.5795E+00,  3.9503E+00,  2.3692E-01,  2.3693E+00,  3.1589E-01,  1.5795E+00,  2.3692E-01,  7.8974E-01,  1.5795E-01,  3.9503E-01,  3.1589E-02,  1.5795E-01,  0.0000E+00,  7.1073E-02,  1.5795E-02,  4.7370E-02,  1.5795E-02,  5.5275E-02,  7.1075E-03,  1.5796E-01,  1.1058E-02,  2.3695E-01,  4.7373E-02,  2.1324E-01,  1.5796E-02,  1.5797E-01,  1.5796E-02,  3.9506E-02,  6.3177E-03,  3.1592E-02,  0.0000E+00,  7.8979E-03,  3.1592E-03,  1.5797E-02,  2.3694E-03,  1.5797E-02,  3.1593E-03,  7.8981E-03,  1.5796E-03,  7.1081E-03,  1.5797E-03,  6.3181E-03,  7.1082E-04,  7.8983E-03,  1.5797E-03,  2.3696E-02,  2.3695E-02,  4.7377E-02,  7.8984E-03,  7.8984E-03,  7.1084E-03,  7.8986E-02,  4.7377E-03,  0.0000E+00,  0.0000E+00,  0.0000E+00,  0.0000E+00,  0.0000E+00,  0.0000E+00,  1.5798E-03,  0.0000E+00,  9.4797E-04,  6.9287E+07,  2.6731E+06,  0.0000E+00,  0.0000E+00,  0.0000E+00,  2.5662E+04,  6.5865E+03,  5.4745E+04,  9.5678E-01,  4.4709E+03,  3.6601E+02,  4.3265E+03,  3.8323E+02,  7.5385E+03,  4.7824E+00,  2.0471E+03,  3.5254E+00,  3.7164E+01,  7.6460E+00,  2.6419E+03,  6.1446E+00,  9.1823E+01,  8.5761E+00,  3.4614E+02,  1.1800E+02,  2.0979E+04,  2.7336E+02,  6.6545E+02,  6.3943E+00,  1.5644E+01,  1.0233E+00,  2.5594E+00,  1.5350E-01,  1.5350E+00,  2.0467E-01,  1.0233E+00,  1.5350E-01,  5.1166E-01,  1.0233E-01,  2.5594E-01,  2.0467E-02,  1.0233E-01,  0.0000E+00,  4.6048E-02,  1.0233E-02,  3.0691E-02,  1.0233E-02,  3.5811E-02,  4.6048E-03,  1.0233E-01,  7.1642E-03,  1.5350E-01,  3.0691E-02,  1.3814E-01,  1.0233E-02,  1.0233E-01,  1.0233E-02,  2.5594E-02,  4.0930E-03,  2.0467E-02,  0.0000E+00,  5.1166E-03,  2.0467E-03,  1.0233E-02,  1.5350E-03,  1.0233E-02,  2.0467E-03,  5.1166E-03,  1.0233E-03,  4.6048E-03,  1.0233E-03,  4.0930E-03,  4.6048E-04,  5.1166E-03,  1.0233E-03,  1.5350E-02,  1.5350E-02,  3.0691E-02,  5.1166E-03,  5.1166E-03,  4.6048E-03,  5.1166E-02,  3.0691E-03,  0.0000E+00,  0.0000E+00,  0.0000E+00,  0.0000E+00,  0.0000E+00,  0.0000E+00,  1.0233E-03,  0.0000E+00,  6.1405E-04
  1.1000E+00,  1.4607E+08,  3.8286E+06,  0.0000E+00,  0.0000E+00,  0.0000E+00,  3.6761E+04,  9.4328E+03,  7.8086E+04,  1.3866E+00,  6.4790E+03,  5.3042E+02,  6.2698E+03,  5.5537E+02,  1.0924E+04,  6.9305E+00,  2.9665E+03,  5.1089E+00,  5.3860E+01,  1.1080E+01,  3.7683E+03,  8.9048E+00,  1.3307E+02,  1.2429E+01,  5.0164E+02,  1.7102E+02,  3.0402E+04,  3.9616E+02,  9.6436E+02,  9.2668E+00,  2.2671E+01,  1.4831E+00,  3.7093E+00,  2.2247E-01,  2.2247E+00,  2.9662E-01,  1.4832E+00,  2.2247E-01,  7.4156E-01,  1.4831E-01,  3.7093E-01,  2.9662E-02,  1.4831E-01,  0.0000E+00,  6.6738E-02,  1.4831E-02,  4.4481E-02,  1.4831E-02,  5.1903E-02,  6.6740E-03,  1.4832E-01,  1.0384E-02,  2.2249E-01,  4.4483E-02,  2.0023E-01,  1.4833E-02,  1.4833E-01,  1.4833E-02,  3.7096E-02,  5.9323E-03,  2.9665E-02,  0.0000E+00,  7.4162E-03,  2.9665E-03,  1.4833E-02,  2.2249E-03,  1.4833E-02,  2.9666E-03,  7.4164E-03,  1.4833E-03,  6.6746E-03,  1.4833E-03,  5.9327E-03,  6.6746E-04,  7.4166E-03,  1.4833E-03,  2.2250E-02,  2.2250E-02,  4.4487E-02,  7.4166E-03,  7.4167E-03,  6.6749E-03,  7.4168E-02,  4.4488E-03,  0.0000E+00,  0.0000E+00,  0.0000E+00,  0.0000E+00,  0.0000E+00,  0.0000E+00,  1.4835E-03,  0.0000E+00,  8.9016E-04,  6.2551E+07,  2.3612E+06,  0.0000E+00,  0.0000E+00,  0.0000E+00,  2.2669E+04,  5.8184E+03,  4.8303E+04,  8.4487E-01,  3.9480E+03,  3.2320E+02,  3.8205E+03,  3.3841E+02,  6.6568E+03,  4.2230E+00,  1.8077E+03,  3.1130E+00,  3.2817E+01,  6.7517E+00,  2.3311E+03,  5.4259E+00,  8.1083E+01,  7.5730E+00,  3.0566E+02,  1.0420E+02,  1.8525E+04,  2.4138E+02,  5.8761E+02,  5.6464E+00,  1.3814E+01,  9.0365E-01,  2.2600E+00,  1.3555E-01,  1.3555E+00,  1.8073E-01,  9.0365E-01,  1.3555E-01,  4.5182E-01,  9.0365E-02,  2.2600E-01,  1.8073E-02,  9.0365E-02,  0.0000E+00,  4.0662E-02,  9.0365E-03,  2.7101E-02,  9.0365E-03,  3.1623E-02,  4.0662E-03,  9.0365E-02,  6.3262E-03,  1.3555E-01,  2.7101E-02,  1.2199E-01,  9.0365E-03,  9.0365E-02,  9.0365E-03,  2.2600E-02,  3.6142E-03,  1.8073E-02,  0.0000E+00,  4.5182E-03,  1.8073E-03,  9.0365E-03,  1.3555E-03,  9.0365E-03,  1.8073E-03,  4.5182E-03,  9.0365E-04,  4.0662E-03,  9.0365E-04,  3.6142E-03,  4.0662E-04,  4.5182E-03,  9.0365E-04,  1.3555E-02,  1.3555E-02,  2.7101E-02,  4.5182E-03,  4.5182E-03,  4.0662E-03,  4.5182E-02,  2.7101E-03,  0.0000E+00,  0.0000E+00,  0.0000E+00,  0.0000E+00,  0.0000E+00,  0.0000E+00,  9.0365E-04,  0.0000E+00,  5.4223E-04
  1.2000E+00,  1.4009E+08,  3.6051E+06,  0.0000E+00,  0.0000E+00,  0.0000E+00,  3.4616E+04,  8.8821E+03,  7.3516E+04,  1.3066E+00,  6.1054E+03,  4.9984E+02,  5.9083E+03,  5.2335E+02,  1.0294E+04,  6.5309E+00,  2.7955E+03,  4.8143E+00,  5.0755E+01,  1.0441E+01,  3.5478E+03,  8.3913E+00,  1.2540E+02,  1.1712E+01,  4.7271E+02,  1.6116E+02,  2.8649E+04,  3.7331E+02,  9.0875E+02,  8.7325E+00,  2.1364E+01,  1.3976E+00,  3.4954E+00,  2.0964E-01,  2.0965E+00,  2.7952E-01,  1.3977E+00,  2.0965E-01,  6.9880E-01,  1.3976E-01,  3.4954E-01,  2.7952E-02,  1.3976E-01,  0.0000E+00,  6.2890E-02,  1.3976E-02,  4.1916E-02,  1.3976E-02,  4.8910E-02,  6.2892E-03,  1.3977E-01,  9.7850E-03,  2.0967E-01,  4.1919E-02,  1.8869E-01,  1.3977E-02,  1.3978E-01,  1.3978E-02,  3.4958E-02,  5.5903E-03,  2.7954E-02,  0.0000E+00,  6.9886E-03,  2.7955E-03,  1.3978E-02,  2.0967E-03,  1.3978E-02,  2.7956E-03,  6.9888E-03,  1.3978E-03,  6.2898E-03,  1.3978E-03,  5.5907E-03,  6.2898E-04,  6.9890E-03,  1.3978E-03,  2.0968E-02,  2.0967E-02,  4.1922E-02,  6.9891E-03,  6.9891E-03,  6.2901E-03,  6.9893E-02,  4.1923E-03,  0.0000E+00,  0.0000E+00,  0.0000E+00,  0.0000E+00,  0.0000E+00,  0.0000E+00,  1.3980E-03,  0.0000E+00,  8.3884E-04,  5.6975E+07,  2.1083E+06,  0.0000E+00,  0.0000E+00,  0.0000E+00,  2.0243E+04,  5.1957E+03,  4.3087E+04,  7.5418E-01,  3.5241E+03,  2.8851E+02,  3.4103E+03,  3.0208E+02,  5.9422E+03,  3.7697E+00,  1.6136E+03,  2.7788E+00,  2.9294E+01,  6.0269E+00,  2.0793E+03,  4.8434E+00,  7.2379E+01,  6.7600E+00,  2.7284E+02,  9.3016E+01,  1.6536E+04,  2.1547E+02,  5.2453E+02,  5.0402E+00,  1.2331E+01,  8.0664E-01,  2.0174E+00,  1.2100E-01,  1.2100E+00,  1.6133E-01,  8.0664E-01,  1.2100E-01,  4.0331E-01,  8.0664E-02,  2.0174E-01,  1.6133E-02,  8.0664E-02,  0.0000E+00,  3.6297E-02,  8.0664E-03,  2.4192E-02,  8.0664E-03,  2.8228E-02,  3.6297E-03,  8.0664E-02,  5.6471E-03,  1.2100E-01,  2.4192E-02,  1.0889E-01,  8.0664E-03,  8.0664E-02,  8.0664E-03,  2.0174E-02,  3.2262E-03,  1.6133E-02,  0.0000E+00,  4.0331E-03,  1.6133E-03,  8.0664E-03,  1.2100E-03,  8.0664E-03,  1.6133E-03,  4.0331E-03,  8.0664E-04,  3.6297E-03,  8.0664E-04,  3.2262E-03,  3.6297E-04,  4.0331E-03,  8.0664E-04,  1.2100E-02,  1.2100E-02,  2.4192E-02,  4.0331E-03,  4.0331E-03,  3.6297E-03,  4.0331E-02,  2.4192E-03,  0.0000E+00,  0.0000E+00,  0.0000E+00,  0.0000E+00,  0.0000E+00,  0.0000E+00,  8.0664E-04,  0.0000E+00,  4.8402E-04
  1.4000E+00,  1.2956E+08,  3.2218E+06,  0.0000E+00,  0.0000E+00,  0.0000E+00,  3.0935E+04,  7.9373E+03,  6.5689E+04,  1.1695E+00,  5.4648E+03,  4.4739E+02,  5.2883E+03,  4.6844E+02,  9.2143E+03,  5.8456E+00,  2.5022E+03,  4.3092E+00,  4.5430E+01,  9.3458E+00,  3.1701E+03,  7.5109E+00,  1.1224E+02,  1.0483E+01,  4.2312E+02,  1.4425E+02,  2.5643E+04,  3.3415E+02,  8.1340E+02,  7.8163E+00,  1.9123E+01,  1.2510E+00,  3.1287E+00,  1.8765E-01,  1.8765E+00,  2.5020E-01,  1.2510E+00,  1.8765E-01,  6.2549E-01,  1.2510E-01,  3.1287E-01,  2.5019E-02,  1.2510E-01,  0.0000E+00,  5.6292E-02,  1.2510E-02,  3.7519E-02,  1.2510E-02,  4.3779E-02,  5.6294E-03,  1.2511E-01,  8.7585E-03,  1.8767E-01,  3.7521E-02,  1.6889E-01,  1.2511E-02,  1.2512E-01,  1.2511E-02,  3.1290E-02,  5.0038E-03,  2.5022E-02,  0.0000E+00,  6.2555E-03,  2.5022E-03,  1.2512E-02,  1.8767E-03,  1.2512E-02,  2.5023E-03,  6.2557E-03,  1.2512E-03,  5.6300E-03,  1.2512E-03,  5.0042E-03,  5.6300E-04,  6.2559E-03,  1.2512E-03,  1.8768E-02,  1.8768E-02,  3.7525E-02,  6.2559E-03,  6.2560E-03,  5.6303E-03,  6.2561E-02,  3.7526E-03,  0.0000E+00,  0.0000E+00,  0.0000E+00,  0.0000E+00,  0.0000E+00,  0.0000E+00,  1.2513E-03,  0.0000E+00,  7.5086E-04,  4.8289E+07,  1.7249E+06,  0.0000E+00,  0.0000E+00,  0.0000E+00,  1.6564E+04,  4.2515E+03,  3.5189E+04,  6.1674E-01,  2.8819E+03,  2.3593E+02,  2.7888E+03,  2.4703E+02,  4.8593E+03,  3.0827E+00,  1.3195E+03,  2.2724E+00,  2.3956E+01,  4.9286E+00,  1.6982E+03,  3.9608E+00,  5.9189E+01,  5.5281E+00,  2.2312E+02,  7.6065E+01,  1.3523E+04,  1.7620E+02,  4.2894E+02,  4.1217E+00,  1.0084E+01,  6.5964E-01,  1.6498E+00,  9.8946E-02,  9.8946E-01,  1.3193E-01,  6.5964E-01,  9.8946E-02,  3.2981E-01,  6.5964E-02,  1.6498E-01,  1.3193E-02,  6.5964E-02,  0.0000E+00,  2.9682E-02,  6.5964E-03,  1.9783E-02,  6.5964E-03,  2.3084E-02,  2.9682E-03,  6.5964E-02,  4.6180E-03,  9.8946E-02,  1.9783E-02,  8.9047E-02,  6.5964E-03,  6.5964E-02,  6.5964E-03,  1.6498E-02,  2.6383E-03,  1.3193E-02,  0.0000E+00,  3.2981E-03,  1.3193E-03,  6.5964E-03,  9.8946E-04,  6.5964E-03,  1.3193E-03,  3.2981E-03,  6.5964E-04,  2.9682E-03,  6.5964E-04,  2.6383E-03,  2.9682E-04,  3.2981E-03,  6.5964E-04,  9.8946E-03,  9.8946E-03,  1.9783E-02,  3.2981E-03,  3.2981E-03,  2.9682E-03,  3.2981E-02,  1.9783E-03,  0.0000E+00,  0.0000E+00,  0.0000E+00,  0.0000E+00,  0.0000E+00,  0.0000E+00,  6.5964E-04,  0.0000E+00,  3.9581E-04
  1.6000E+00,  1.2055E+08,  2.9043E+06,  0.0000E+00,  0.0000E+00,  0.0000E+00,  2.7886E+04,  7.1548E+03,  5.9217E+04,  1.0560E+00,  4.9345E+03,  4.0398E+02,  4.7752E+03,  4.2298E+02,  8.3202E+03,  5.2784E+00,  2.2594E+03,  3.8911E+00,  4.1022E+01,  8.4389E+00,  2.8577E+03,  6.7821E+00,  1.0135E+02,  9.4662E+00,  3.8206E+02,  1.3025E+02,  2.3155E+04,  3.0172E+02,  7.3447E+02,  7.0579E+00,  1.7267E+01,  1.1296E+00,  2.8251E+00,  1.6944E-01,  1.6945E+00,  2.2592E-01,  1.1297E+00,  1.6944E-01,  5.6480E-01,  1.1296E-01,  2.8252E-01,  2.2592E-02,  1.1296E-01,  0.0000E+00,  5.0830E-02,  1.1296E-02,  3.3879E-02,  1.1296E-02,  3.9532E-02,  5.0832E-03,  1.1297E-01,  7.9088E-03,  1.6947E-01,  3.3881E-02,  1.5251E-01,  1.1297E-02,  1.1298E-01,  1.1298E-02,  2.8255E-02,  4.5184E-03,  2.2594E-02,  0.0000E+00,  5.6486E-03,  2.2594E-03,  1.1298E-02,  1.6946E-03,  1.1298E-02,  2.2596E-03,  5.6488E-03,  1.1298E-03,  5.0838E-03,  1.1298E-03,  4.5188E-03,  5.0839E-04,  5.6490E-03,  1.1298E-03,  1.6948E-02,  1.6947E-02,  3.3885E-02,  5.6490E-03,  5.6491E-03,  5.0841E-03,  5.6493E-02,  3.3885E-03,  0.0000E+00,  0.0000E+00,  0.0000E+00,  0.0000E+00,  0.0000E+00,  0.0000E+00,  1.1300E-03,  0.0000E+00,  6.7803E-04,  4.1842E+07,  1.4497E+06,  0.0000E+00,  0.0000E+00,  0.0000E+00,  1.3923E+04,  3.5735E+03,  2.9528E+04,  5.1810E-01,  2.4210E+03,  1.9820E+02,  2.3428E+03,  2.0752E+02,  4.0821E+03,  2.5897E+00,  1.1085E+03,  1.9090E+00,  2.0124E+01,  4.1403E+00,  1.4250E+03,  3.3273E+00,  4.9722E+01,  4.6440E+00,  1.8744E+02,  6.3900E+01,  1.1360E+04,  1.4802E+02,  3.6034E+02,  3.4625E+00,  8.4711E+00,  5.5414E-01,  1.3859E+00,  8.3121E-02,  8.3121E-01,  1.1083E-01,  5.5414E-01,  8.3121E-02,  2.7707E-01,  5.5414E-02,  1.3859E-01,  1.1083E-02,  5.5414E-02,  0.0000E+00,  2.4935E-02,  5.5414E-03,  1.6619E-02,  5.5414E-03,  1.9392E-02,  2.4935E-03,  5.5414E-02,  3.8794E-03,  8.3121E-02,  1.6619E-02,  7.4805E-02,  5.5414E-03,  5.5414E-02,  5.5414E-03,  1.3859E-02,  2.2163E-03,  1.1083E-02,  0.0000E+00,  2.7707E-03,  1.1083E-03,  5.5414E-03,  8.3121E-04,  5.5414E-03,  1.1083E-03,  2.7707E-03,  5.5414E-04,  2.4935E-03,  5.5414E-04,  2.2163E-03,  2.4935E-04,  2.7707E-03,  5.5414E-04,  8.3121E-03,  8.3121E-03,  1.6619E-02,  2.7707E-03,  2.7707E-03,  2.4935E-03,  2.7707E-02,  1.6619E-03,  0.0000E+00,  0.0000E+00,  0.0000E+00,  0.0000E+00,  0.0000E+00,  0.0000E+00,  5.5414E-04,  0.0000E+00,  3.3251E-04
  1.8000E+00,  1.1268E+08,  2.6350E+06,  0.0000E+00,  0.0000E+00,  0.0000E+00,  2.5300E+04,  6.4909E+03,  5.3735E+04,  9.5980E-01,  4.4848E+03,  3.6716E+02,  4.3400E+03,  3.8443E+02,  7.5619E+03,  4.7973E+00,  2.0534E+03,  3.5365E+00,  3.7283E+01,  7.6699E+00,  2.5932E+03,  6.1640E+00,  9.2116E+01,  8.6036E+00,  3.4724E+02,  1.1838E+02,  2.1045E+04,  2.7423E+02,  6.6754E+02,  6.4147E+00,  1.5694E+01,  1.0267E+00,  2.5677E+00,  1.5400E-01,  1.5401E+00,  2.0533E-01,  1.0267E+00,  1.5400E-01,  5.1334E-01,  1.0267E-01,  2.5677E-01,  2.0533E-02,  1.0267E-01,  0.0000E+00,  4.6198E-02,  1.0267E-02,  3.0792E-02,  1.0267E-02,  3.5930E-02,  4.6200E-03,  1.0268E-01,  7.1882E-03,  1.5403E-01,  3.0794E-02,  1.3861E-01,  1.0268E-02,  1.0268E-01,  1.0268E-02,  2.5680E-02,  4.1067E-03,  2.0536E-02,  0.0000E+00,  5.1340E-03,  2.0536E-03,  1.0269E-02,  1.5402E-03,  1.0269E-02,  2.0537E-03,  5.1342E-03,  1.0268E-03,  4.6207E-03,  1.0269E-03,  4.1071E-03,  4.6207E-04,  5.1343E-03,  1.0269E-03,  1.5404E-02,  1.5403E-02,  3.0798E-02,  5.1344E-03,  5.1345E-03,  4.6210E-03,  5.1346E-02,  3.0798E-03,  0.0000E+00,  0.0000E+00,  0.0000E+00,  0.0000E+00,  0.0000E+00,  0.0000E+00,  1.0270E-03,  0.0000E+00,  6.1626E-04,  3.6875E+07,  1.2436E+06,  0.0000E+00,  0.0000E+00,  0.0000E+00,  1.1944E+04,  3.0658E+03,  2.5296E+04,  4.4428E-01,  2.0760E+03,  1.6996E+02,  2.0090E+03,  1.7795E+02,  3.5005E+03,  2.2207E+00,  9.5056E+02,  1.6370E+00,  1.7257E+01,  3.5504E+00,  1.2207E+03,  2.8532E+00,  4.2638E+01,  3.9823E+00,  1.6073E+02,  5.4795E+01,  9.7413E+03,  1.2693E+02,  3.0900E+02,  2.9691E+00,  7.2641E+00,  4.7518E-01,  1.1884E+00,  7.1277E-02,  7.1277E-01,  9.5036E-02,  4.7518E-01,  7.1277E-02,  2.3759E-01,  4.7518E-02,  1.1884E-01,  9.5036E-03,  4.7518E-02,  0.0000E+00,  2.1382E-02,  4.7518E-03,  1.4251E-02,  4.7518E-03,  1.6629E-02,  2.1382E-03,  4.7518E-02,  3.3266E-03,  7.1277E-02,  1.4251E-02,  6.4146E-02,  4.7518E-03,  4.7518E-02,  4.7518E-03,  1.1884E-02,  1.9005E-03,  9.5036E-03,  0.0000E+00,  2.3759E-03,  9.5036E-04,  4.7518E-03,  7.1277E-04,  4.7518E-03,  9.5036E-04,  2.3759E-03,  4.7518E-04,  2.1382E-03,  4.7518E-04,  1.9005E-03,  2.1382E-04,  2.3759E-03,  4.7518E-04,  7.1277E-03,  7.1277E-03,  1.4251E-02,  2.3759E-03,  2.3759E-03,  2.1382E-03,  2.3759E-02,  1.4251E-03,  0.0000E+00,  0.0000E+00,  0.0000E+00,  0.0000E+00,  0.0000E+00,  0.0000E+00,  4.7518E-04,  0.0000E+00,  2.8513E-04
  2.0000E+00,  1.0570E+08,  2.4022E+06,  0.0000E+00,  0.0000E+00,  0.0000E+00,  2.3064E+04,  5.9170E+03,  4.9003E+04,  8.7665E-01,  4.0963E+03,  3.3536E+02,  3.9640E+03,  3.5113E+02,  6.9068E+03,  4.3817E+00,  1.8756E+03,  3.2301E+00,  3.4054E+01,  7.0054E+00,  2.3648E+03,  5.6301E+00,  8.4136E+01,  7.8583E+00,  3.1716E+02,  1.0813E+02,  1.9222E+04,  2.5047E+02,  6.0971E+02,  5.8590E+00,  1.4334E+01,  9.3772E-01,  2.3453E+00,  1.4066E-01,  1.4067E+00,  1.8755E-01,  9.3779E-01,  1.4066E-01,  4.6887E-01,  9.3775E-02,  2.3453E-01,  1.8755E-02,  9.3775E-02,  0.0000E+00,  4.2197E-02,  9.3775E-03,  2.8124E-02,  9.3776E-03,  3.2818E-02,  4.2199E-03,  9.3783E-02,  6.5656E-03,  1.4069E-01,  2.8127E-02,  1.2661E-01,  9.3787E-03,  9.3792E-02,  9.3790E-03,  2.3456E-02,  3.7510E-03,  1.8757E-02,  0.0000E+00,  4.6893E-03,  1.8757E-03,  9.3792E-03,  1.4069E-03,  9.3793E-03,  1.8758E-03,  4.6895E-03,  9.3791E-04,  4.2205E-03,  9.3793E-04,  3.7514E-03,  4.2205E-04,  4.6897E-03,  9.3795E-04,  1.4070E-02,  1.4069E-02,  2.8131E-02,  4.6897E-03,  4.6898E-03,  4.2208E-03,  4.6900E-02,  2.8131E-03,  0.0000E+00,  0.0000E+00,  0.0000E+00,  0.0000E+00,  0.0000E+00,  0.0000E+00,  9.3809E-04,  0.0000E+00,  5.6290E-04,  3.2933E+07,  1.0842E+06,  0.0000E+00,  0.0000E+00,  0.0000E+00,  1.0414E+04,  2.6731E+03,  2.2026E+04,  3.8720E-01,  1.8093E+03,  1.4812E+02,  1.7509E+03,  1.5509E+02,  3.0508E+03,  1.9354E+00,  8.2844E+02,  1.4267E+00,  1.5040E+01,  3.0942E+00,  1.0630E+03,  2.4866E+00,  3.7160E+01,  3.4707E+00,  1.4008E+02,  4.7755E+01,  8.4898E+03,  1.1062E+02,  2.6930E+02,  2.5877E+00,  6.3309E+00,  4.1414E-01,  1.0358E+00,  6.2120E-02,  6.2120E-01,  8.2826E-02,  4.1414E-01,  6.2120E-02,  2.0706E-01,  4.1414E-02,  1.0358E-01,  8.2826E-03,  4.1414E-02,  0.0000E+00,  1.8635E-02,  4.1414E-03,  1.2420E-02,  4.1414E-03,  1.4492E-02,  1.8635E-03,  4.1414E-02,  2.8993E-03,  6.2120E-02,  1.2420E-02,  5.5905E-02,  4.1414E-03,  4.1414E-02,  4.1414E-03,  1.0358E-02,  1.6564E-03,  8.2826E-03,  0.0000E+00,  2.0706E-03,  8.2826E-04,  4.1414E-03,  6.2120E-04,  4.1414E-03,  8.2826E-04,  2.0706E-03,  4.1414E-04,  1.8635E-03,  4.1414E-04,  1.6564E-03,  1.8635E-04,  2.0706E-03,  4.1414E-04,  6.2120E-03,  6.2120E-03,  1.2420E-02,  2.0706E-03,  2.0706E-03,  1.8635E-03,  2.0706E-02,  1.2420E-03,  0.0000E+00,  0.0000E+00,  0.0000E+00,  0.0000E+00,  0.0000E+00,  0.0000E+00,  4.1414E-04,  0.0000E+00,  2.4850E-04
  2.2000E+00,  9.9478E+07,  2.2001E+06,  0.0000E+00,  0.0000E+00,  0.0000E+00,  2.1123E+04,  5.4188E+03,  4.4895E+04,  8.0448E-01,  3.7590E+03,  3.0775E+02,  3.6377E+03,  3.2222E+02,  6.3382E+03,  4.0210E+00,  1.7211E+03,  2.9642E+00,  3.1251E+01,  6.4287E+00,  2.1666E+03,  5.1666E+00,  7.7210E+01,  7.2115E+00,  2.9105E+02,  9.9226E+01,  1.7640E+04,  2.2985E+02,  5.5952E+02,  5.3767E+00,  1.3154E+01,  8.6053E-01,  2.1522E+00,  1.2908E-01,  1.2909E+00,  1.7211E-01,  8.6060E-01,  1.2909E-01,  4.3028E-01,  8.6056E-02,  2.1522E-01,  1.7211E-02,  8.6056E-02,  0.0000E+00,  3.8723E-02,  8.6056E-03,  2.5809E-02,  8.6057E-03,  3.0116E-02,  3.8725E-03,  8.6064E-02,  6.0252E-03,  1.2911E-01,  2.5812E-02,  1.1619E-01,  8.6069E-03,  8.6073E-02,  8.6071E-03,  2.1526E-02,  3.4423E-03,  1.7213E-02,  0.0000E+00,  4.3034E-03,  1.7213E-03,  8.6073E-03,  1.2911E-03,  8.6074E-03,  1.7215E-03,  4.3036E-03,  8.6072E-04,  3.8732E-03,  8.6074E-04,  3.4427E-03,  3.8732E-04,  4.3037E-03,  8.6076E-04,  1.2912E-02,  1.2912E-02,  2.5816E-02,  4.3038E-03,  4.3039E-03,  3.8735E-03,  4.3040E-02,  2.5816E-03,  0.0000E+00,  0.0000E+00,  0.0000E+00,  0.0000E+00,  0.0000E+00,  0.0000E+00,  8.6090E-04,  0.0000E+00,  5.1659E-04,  2.9280E+07,  9.3658E+05,  0.0000E+00,  0.0000E+00,  0.0000E+00,  8.9941E+03,  2.3086E+03,  1.9047E+04,  3.3448E-01,  1.5630E+03,  1.2795E+02,  1.5125E+03,  1.3397E+02,  2.6354E+03,  1.6719E+00,  7.1564E+02,  1.2324E+00,  1.2992E+01,  2.6729E+00,  9.1917E+02,  2.1481E+00,  3.2100E+01,  2.9981E+00,  1.2101E+02,  4.1253E+01,  7.3339E+03,  9.5563E+01,  2.3263E+02,  2.2354E+00,  5.4689E+00,  3.5775E-01,  8.9473E-01,  5.3662E-02,  5.3662E-01,  7.1549E-02,  3.5775E-01,  5.3662E-02,  1.7887E-01,  3.5775E-02,  8.9473E-02,  7.1549E-03,  3.5775E-02,  0.0000E+00,  1.6098E-02,  3.5775E-03,  1.0729E-02,  3.5775E-03,  1.2519E-02,  1.6098E-03,  3.5775E-02,  2.5045E-03,  5.3662E-02,  1.0729E-02,  4.8293E-02,  3.5775E-03,  3.5775E-02,  3.5775E-03,  8.9473E-03,  1.4309E-03,  7.1549E-03,  0.0000E+00,  1.7887E-03,  7.1549E-04,  3.5775E-03,  5.3662E-04,  3.5775E-03,  7.1549E-04,  1.7887E-03,  3.5775E-04,  1.6098E-03,  3.5775E-04,  1.4309E-03,  1.6098E-04,  1.7887E-03,  3.5775E-04,  5.3662E-03,  5.3662E-03,  1.0729E-02,  1.7887E-03,  1.7887E-03,  1.6098E-03,  1.7887E-02,  1.0729E-03,  0.0000E+00,  0.0000E+00,  0.0000E+00,  0.0000E+00,  0.0000E+00,  0.0000E+00,  3.5775E-04,  0.0000E+00,  2.1466E-04
  2.5000E+00,  9.1334E+07,  1.9442E+06,  0.0000E+00,  0.0000E+00,  0.0000E+00,  1.8666E+04,  4.7881E+03,  3.9687E+04,  7.1308E-01,  3.3319E+03,  2.7278E+02,  3.2243E+03,  2.8561E+02,  5.6180E+03,  3.5642E+00,  1.5256E+03,  2.6274E+00,  2.7700E+01,  5.6983E+00,  1.9153E+03,  4.5796E+00,  6.8438E+01,  6.3922E+00,  2.5799E+02,  8.7953E+01,  1.5635E+04,  2.0374E+02,  4.9595E+02,  4.7659E+00,  1.1660E+01,  7.6277E-01,  1.9077E+00,  1.1442E-01,  1.1442E+00,  1.5256E-01,  7.6284E-01,  1.1442E-01,  3.8140E-01,  7.6280E-02,  1.9078E-01,  1.5256E-02,  7.6280E-02,  0.0000E+00,  3.4324E-02,  7.6280E-03,  2.2878E-02,  7.6281E-03,  2.6695E-02,  3.4326E-03,  7.6288E-02,  5.3408E-03,  1.1444E-01,  2.2880E-02,  1.0299E-01,  7.6293E-03,  7.6297E-02,  7.6295E-03,  1.9081E-02,  3.0513E-03,  1.5258E-02,  0.0000E+00,  3.8146E-03,  1.5258E-03,  7.6297E-03,  1.1444E-03,  7.6298E-03,  1.5259E-03,  3.8148E-03,  7.6296E-04,  3.4333E-03,  7.6298E-04,  3.0517E-03,  3.4333E-04,  3.8150E-03,  7.6300E-04,  1.1445E-02,  1.1445E-02,  2.2884E-02,  3.8150E-03,  3.8151E-03,  3.4336E-03,  3.8152E-02,  2.2884E-03,  0.0000E+00,  0.0000E+00,  0.0000E+00,  0.0000E+00,  0.0000E+00,  0.0000E+00,  7.6314E-04,  0.0000E+00,  4.5793E-04,  2.5010E+07,  7.6963E+05,  0.0000E+00,  0.0000E+00,  0.0000E+00,  7.3885E+03,  1.8966E+03,  1.5673E+04,  2.7486E-01,  1.2844E+03,  1.0515E+02,  1.2429E+03,  1.1009E+02,  2.1657E+03,  1.3739E+00,  5.8809E+02,  1.0128E+00,  1.0676E+01,  2.1965E+00,  7.5636E+02,  1.7652E+00,  2.6379E+01,  2.4637E+00,  9.9439E+01,  3.3900E+01,  6.0267E+03,  7.8530E+01,  1.9117E+02,  1.8369E+00,  4.4941E+00,  2.9399E-01,  7.3526E-01,  4.4097E-02,  4.4097E-01,  5.8796E-02,  2.9399E-01,  4.4097E-02,  1.4699E-01,  2.9399E-02,  7.3526E-02,  5.8796E-03,  2.9399E-02,  0.0000E+00,  1.3229E-02,  2.9399E-03,  8.8168E-03,  2.9399E-03,  1.0288E-02,  1.3229E-03,  2.9399E-02,  2.0581E-03,  4.4097E-02,  8.8168E-03,  3.9686E-02,  2.9399E-03,  2.9399E-02,  2.9399E-03,  7.3526E-03,  1.1758E-03,  5.8796E-03,  0.0000E+00,  1.4699E-03,  5.8796E-04,  2.9399E-03,  4.4097E-04,  2.9399E-03,  5.8796E-04,  1.4699E-03,  2.9399E-04,  1.3229E-03,  2.9399E-04,  1.1758E-03,  1.3229E-04,  1.4699E-03,  2.9399E-04,  4.4097E-03,  4.4097E-03,  8.8168E-03,  1.4699E-03,  1.4699E-03,  1.3229E-03,  1.4699E-02,  8.8168E-04,  0.0000E+00,  0.0000E+00,  0.0000E+00,  0.0000E+00,  0.0000E+00,  0.0000E+00,  2.9399E-04,  0.0000E+00,  1.7640E-04
  2.8000E+00,  8.4321E+07,  1.7318E+06,  0.0000E+00,  0.0000E+00,  0.0000E+00,  1.6626E+04,  4.2646E+03,  3.5359E+04,  6.3721E-01,  2.9774E+03,  2.4376E+02,  2.8813E+03,  2.5522E+02,  5.0202E+03,  3.1849E+00,  1.3632E+03,  2.3478E+00,  2.4753E+01,  5.0919E+00,  1.7064E+03,  4.0923E+00,  6.1157E+01,  5.7121E+00,  2.3054E+02,  7.8596E+01,  1.3972E+04,  1.8206E+02,  4.4318E+02,  4.2588E+00,  1.0419E+01,  6.8162E-01,  1.7048E+00,  1.0224E-01,  1.0225E+00,  1.3633E-01,  6.8169E-01,  1.0225E-01,  3.4083E-01,  6.8164E-02,  1.7048E-01,  1.3633E-02,  6.8165E-02,  0.0000E+00,  3.0673E-02,  6.8165E-03,  2.0444E-02,  6.8166E-03,  2.3855E-02,  3.0675E-03,  6.8173E-02,  4.7727E-03,  1.0227E-01,  2.0446E-02,  9.2036E-02,  6.8177E-03,  6.8181E-02,  6.8180E-03,  1.7051E-02,  2.7267E-03,  1.3635E-02,  0.0000E+00,  3.4089E-03,  1.3635E-03,  6.8182E-03,  1.0227E-03,  6.8183E-03,  1.3636E-03,  3.4091E-03,  6.8181E-04,  3.0681E-03,  6.8183E-04,  2.7271E-03,  3.0681E-04,  3.4092E-03,  6.8185E-04,  1.0228E-02,  1.0228E-02,  2.0450E-02,  3.4093E-03,  3.4094E-03,  3.0684E-03,  3.4095E-02,  2.0451E-03,  0.0000E+00,  0.0000E+00,  0.0000E+00,  0.0000E+00,  0.0000E+00,  0.0000E+00,  6.8199E-04,  0.0000E+00,  4.0923E-04,  2.1747E+07,  6.4668E+05,  0.0000E+00,  0.0000E+00,  0.0000E+00,  6.2064E+03,  1.5932E+03,  1.3185E+04,  2.3096E-01,  1.0792E+03,  8.8353E+01,  1.0444E+03,  9.2509E+01,  1.8197E+03,  1.1544E+00,  4.9415E+02,  8.5100E-01,  8.9711E+00,  1.8457E+00,  6.3631E+02,  1.4832E+00,  2.2165E+01,  2.0702E+00,  8.3556E+01,  2.8485E+01,  5.0640E+03,  6.5986E+01,  1.6063E+02,  1.5435E+00,  3.7763E+00,  2.4703E-01,  6.1781E-01,  3.7054E-02,  3.7054E-01,  4.9405E-02,  2.4703E-01,  3.7054E-02,  1.2351E-01,  2.4703E-02,  6.1781E-02,  4.9405E-03,  2.4703E-02,  0.0000E+00,  1.1116E-02,  2.4703E-03,  7.4085E-03,  2.4703E-03,  8.6445E-03,  1.1116E-03,  2.4703E-02,  1.7294E-03,  3.7054E-02,  7.4085E-03,  3.3347E-02,  2.4703E-03,  2.4703E-02,  2.4703E-03,  6.1781E-03,  9.8801E-04,  4.9405E-03,  0.0000E+00,  1.2351E-03,  4.9405E-04,  2.4703E-03,  3.7054E-04,  2.4703E-03,  4.9405E-04,  1.2351E-03,  2.4703E-04,  1.1116E-03,  2.4703E-04,  9.8801E-04,  1.1116E-04,  1.2351E-03,  2.4703E-04,  3.7054E-03,  3.7054E-03,  7.4085E-03,  1.2351E-03,  1.2351E-03,  1.1116E-03,  1.2351E-02,  7.4085E-04,  0.0000E+00,  0.0000E+00,  0.0000E+00,  0.0000E+00,  0.0000E+00,  0.0000E+00,  2.4703E-04,  0.0000E+00,  1.4823E-04
  3.2000E+00,  7.6312E+07,  1.4982E+06,  0.0000E+00,  0.0000E+00,  0.0000E+00,  1.4385E+04,  3.6892E+03,  3.0593E+04,  5.5376E-01,  2.5875E+03,  2.1184E+02,  2.5039E+03,  2.2180E+02,  4.3627E+03,  2.7678E+00,  1.1847E+03,  2.0404E+00,  2.1512E+01,  4.4251E+00,  1.4764E+03,  3.5564E+00,  5.3148E+01,  4.9641E+00,  2.0035E+02,  6.8303E+01,  1.2142E+04,  1.5822E+02,  3.8514E+02,  3.7011E+00,  9.0548E+00,  5.9237E-01,  1.4815E+00,  8.8857E-02,  8.8864E-01,  1.1848E-01,  5.9243E-01,  8.8862E-02,  2.9620E-01,  5.9239E-02,  1.4816E-01,  1.1847E-02,  5.9239E-02,  0.0000E+00,  2.6657E-02,  5.9240E-03,  1.7767E-02,  5.9240E-03,  2.0732E-02,  2.6659E-03,  5.9248E-02,  4.1479E-03,  8.8884E-02,  1.7769E-02,  7.9988E-02,  5.9252E-03,  5.9256E-02,  5.9254E-03,  1.4819E-02,  2.3697E-03,  1.1850E-02,  0.0000E+00,  2.9626E-03,  1.1850E-03,  5.9257E-03,  8.8882E-04,  5.9257E-03,  1.1851E-03,  2.9628E-03,  5.9256E-04,  2.6665E-03,  5.9258E-04,  2.3701E-03,  2.6665E-04,  2.9630E-03,  5.9260E-04,  8.8893E-03,  8.8892E-03,  1.7773E-02,  2.9630E-03,  2.9631E-03,  2.6668E-03,  2.9632E-02,  1.7774E-03,  0.0000E+00,  0.0000E+00,  0.0000E+00,  0.0000E+00,  0.0000E+00,  0.0000E+00,  5.9274E-04,  0.0000E+00,  3.5568E-04,  1.8298E+07,  5.2137E+05,  0.0000E+00,  0.0000E+00,  0.0000E+00,  5.0011E+03,  1.2840E+03,  1.0640E+04,  1.8628E-01,  8.7045E+02,  7.1260E+01,  8.4234E+02,  7.4613E+01,  1.4677E+03,  9.3109E-01,  3.9855E+02,  6.8637E-01,  7.2356E+00,  1.4886E+00,  5.1347E+02,  1.1963E+00,  1.7877E+01,  1.6697E+00,  6.7391E+01,  2.2975E+01,  4.0844E+03,  5.3221E+01,  1.2956E+02,  1.2449E+00,  3.0457E+00,  1.9924E-01,  4.9829E-01,  2.9886E-02,  2.9886E-01,  3.9847E-02,  1.9924E-01,  2.9886E-02,  9.9617E-02,  1.9924E-02,  4.9829E-02,  3.9847E-03,  1.9924E-02,  0.0000E+00,  8.9652E-03,  1.9924E-03,  5.9753E-03,  1.9924E-03,  6.9722E-03,  8.9652E-04,  1.9924E-02,  1.3948E-03,  2.9886E-02,  5.9753E-03,  2.6896E-02,  1.9924E-03,  1.9924E-02,  1.9924E-03,  4.9829E-03,  7.9687E-04,  3.9847E-03,  0.0000E+00,  9.9617E-04,  3.9847E-04,  1.9924E-03,  2.9886E-04,  1.9924E-03,  3.9847E-04,  9.9617E-04,  1.9924E-04,  8.9652E-04,  1.9924E-04,  7.9687E-04,  8.9652E-05,  9.9617E-04,  1.9924E-04,  2.9886E-03,  2.9886E-03,  5.9753E-03,  9.9617E-04,  9.9617E-04,  8.9652E-04,  9.9617E-03,  5.9753E-04,  0.0000E+00,  0.0000E+00,  0.0000E+00,  0.0000E+00,  0.0000E+00,  0.0000E+00,  1.9924E-04,  0.0000E+00,  1.1955E-04
  3.5000E+00,  7.1137E+07,  1.3528E+06,  0.0000E+00,  0.0000E+00,  0.0000E+00,  1.2991E+04,  3.3312E+03,  2.7626E+04,  5.0180E-01,  2.3447E+03,  1.9196E+02,  2.2690E+03,  2.0099E+02,  3.9534E+03,  2.5081E+00,  1.0735E+03,  1.8489E+00,  1.9494E+01,  4.0099E+00,  1.3332E+03,  3.2227E+00,  4.8162E+01,  4.4984E+00,  1.8155E+02,  6.1895E+01,  1.1003E+04,  1.4338E+02,  3.4900E+02,  3.3539E+00,  8.2052E+00,  5.3680E-01,  1.3426E+00,  8.0521E-02,  8.0528E-01,  1.0736E-01,  5.3686E-01,  8.0526E-02,  2.6841E-01,  5.3682E-02,  1.3426E-01,  1.0736E-02,  5.3682E-02,  0.0000E+00,  2.4156E-02,  5.3683E-03,  1.6100E-02,  5.3683E-03,  1.8787E-02,  2.4158E-03,  5.3690E-02,  3.7588E-03,  8.0548E-02,  1.6103E-02,  7.2486E-02,  5.3695E-03,  5.3699E-02,  5.3697E-03,  1.3429E-02,  2.1474E-03,  1.0739E-02,  0.0000E+00,  2.6847E-03,  1.0739E-03,  5.3700E-03,  8.0547E-04,  5.3700E-03,  1.0740E-03,  2.6849E-03,  5.3698E-04,  2.4164E-03,  5.3700E-04,  2.1479E-03,  2.4165E-04,  2.6851E-03,  5.3703E-04,  8.0557E-03,  8.0556E-03,  1.6106E-02,  2.6852E-03,  2.6852E-03,  2.4167E-03,  2.6854E-02,  1.6107E-03,  0.0000E+00,  0.0000E+00,  0.0000E+00,  0.0000E+00,  0.0000E+00,  0.0000E+00,  5.3716E-04,  0.0000E+00,  3.2233E-04,  1.6202E+07,  4.4787E+05,  0.0000E+00,  0.0000E+00,  0.0000E+00,  4.2941E+03,  1.1027E+03,  9.1422E+03,  1.6011E-01,  7.4814E+02,  6.1247E+01,  7.2398E+02,  6.4129E+01,  1.2615E+03,  8.0027E-01,  3.4255E+02,  5.8992E-01,  6.2189E+00,  1.2795E+00,  4.4119E+02,  1.0282E+00,  1.5365E+01,  1.4351E+00,  5.7922E+01,  1.9747E+01,  3.5105E+03,  4.5743E+01,  1.1135E+02,  1.0700E+00,  2.6178E+00,  1.7124E-01,  4.2828E-01,  2.5686E-02,  2.5686E-01,  3.4248E-02,  1.7124E-01,  2.5686E-02,  8.5620E-02,  1.7124E-02,  4.2828E-02,  3.4248E-03,  1.7124E-02,  0.0000E+00,  7.7055E-03,  1.7124E-03,  5.1357E-03,  1.7124E-03,  5.9925E-03,  7.7055E-04,  1.7124E-02,  1.1988E-03,  2.5686E-02,  5.1357E-03,  2.3116E-02,  1.7124E-03,  1.7124E-02,  1.7124E-03,  4.2828E-03,  6.8490E-04,  3.4248E-03,  0.0000E+00,  8.5620E-04,  3.4248E-04,  1.7124E-03,  2.5686E-04,  1.7124E-03,  3.4248E-04,  8.5620E-04,  1.7124E-04,  7.7055E-04,  1.7124E-04,  6.8490E-04,  7.7055E-05,  8.5620E-04,  1.7124E-04,  2.5686E-03,  2.5686E-03,  5.1357E-03,  8.5620E-04,  8.5620E-04,  7.7055E-04,  8.5620E-03,  5.1357E-04,  0.0000E+00,  0.0000E+00,  0.0000E+00,  0.0000E+00,  0.0000E+00,  0.0000E+00,  1.7124E-04,  0.0000E+00,  1.0275E-04
  4.0000E+00,  6.3707E+07,  1.1515E+06,  0.0000E+00,  0.0000E+00,  0.0000E+00,  1.1062E+04,  2.8357E+03,  2.3518E+04,  4.2984E-01,  2.0084E+03,  1.6443E+02,  1.9435E+03,  1.7216E+02,  3.3863E+03,  2.1484E+00,  9.1956E+02,  1.5837E+00,  1.6698E+01,  3.4348E+00,  1.1349E+03,  2.7605E+00,  4.1255E+01,  3.8533E+00,  1.5551E+02,  5.3019E+01,  9.4250E+03,  1.2282E+02,  2.9895E+02,  2.8729E+00,  7.0285E+00,  4.5982E-01,  1.1500E+00,  6.8975E-02,  6.8982E-01,  9.1969E-02,  4.5989E-01,  6.8980E-02,  2.2993E-01,  4.5984E-02,  1.1501E-01,  9.1966E-03,  4.5985E-02,  0.0000E+00,  2.0692E-02,  4.5985E-03,  1.3792E-02,  4.5986E-03,  1.6094E-02,  2.0694E-03,  4.5993E-02,  3.2199E-03,  6.9002E-02,  1.3794E-02,  6.2095E-02,  4.5997E-03,  4.6001E-02,  4.6000E-03,  1.1504E-02,  1.8396E-03,  9.1991E-03,  0.0000E+00,  2.2999E-03,  9.1993E-04,  4.6002E-03,  6.9000E-04,  4.6003E-03,  9.2004E-04,  2.3001E-03,  4.6001E-04,  2.0701E-03,  4.6003E-04,  1.8400E-03,  2.0701E-04,  2.3002E-03,  4.6005E-04,  6.9011E-03,  6.9010E-03,  1.3798E-02,  2.3003E-03,  2.3004E-03,  2.0704E-03,  2.3005E-02,  1.3799E-03,  0.0000E+00,  0.0000E+00,  0.0000E+00,  0.0000E+00,  0.0000E+00,  0.0000E+00,  4.6019E-04,  0.0000E+00,  2.7614E-04,  1.3515E+07,  3.5713E+05,  0.0000E+00,  0.0000E+00,  0.0000E+00,  3.4216E+03,  8.7892E+02,  7.2922E+03,  1.2777E-01,  5.9703E+02,  4.8876E+01,  5.7775E+02,  5.1176E+01,  1.0067E+03,  6.3862E-01,  2.7336E+02,  4.7077E-01,  4.9628E+00,  1.0210E+00,  3.5191E+02,  8.2053E-01,  1.2262E+01,  1.1452E+00,  4.6223E+01,  1.5758E+01,  2.8014E+03,  3.6503E+01,  8.8862E+01,  8.5387E-01,  2.0890E+00,  1.3665E-01,  3.4177E-01,  2.0498E-02,  2.0498E-01,  2.7331E-02,  1.3665E-01,  2.0498E-02,  6.8326E-02,  1.3665E-02,  3.4177E-02,  2.7331E-03,  1.3665E-02,  0.0000E+00,  6.1491E-03,  1.3665E-03,  4.0984E-03,  1.3665E-03,  4.7821E-03,  6.1491E-04,  1.3665E-02,  9.5668E-04,  2.0498E-02,  4.0984E-03,  1.8447E-02,  1.3665E-03,  1.3665E-02,  1.3665E-03,  3.4177E-03,  5.4656E-04,  2.7331E-03,  0.0000E+00,  6.8326E-04,  2.7331E-04,  1.3665E-03,  2.0498E-04,  1.3665E-03,  2.7331E-04,  6.8326E-04,  1.3665E-04,  6.1491E-04,  1.3665E-04,  5.4656E-04,  6.1491E-05,  6.8326E-04,  1.3665E-04,  2.0498E-03,  2.0498E-03,  4.0984E-03,  6.8326E-04,  6.8326E-04,  6.1491E-04,  6.8326E-03,  4.0984E-04,  0.0000E+00,  0.0000E+00,  0.0000E+00,  0.0000E+00,  0.0000E+00,  0.0000E+00,  1.3665E-04,  0.0000E+00,  8.1998E-05
  4.5000E+00,  5.7481E+07,  9.9027E+05,  0.0000E+00,  0.0000E+00,  0.0000E+00,  9.5145E+03,  2.4386E+03,  2.0224E+04,  3.7214E-01,  1.7388E+03,  1.4236E+02,  1.6826E+03,  1.4905E+02,  2.9318E+03,  1.8600E+00,  7.9612E+02,  1.3712E+00,  1.4457E+01,  2.9737E+00,  9.7598E+02,  2.3900E+00,  3.5718E+01,  3.3362E+00,  1.3464E+02,  4.5904E+01,  8.1600E+03,  1.0633E+02,  2.5882E+02,  2.4873E+00,  6.0852E+00,  3.9811E-01,  9.9572E-01,  5.9719E-02,  5.9726E-01,  7.9627E-02,  3.9818E-01,  5.9724E-02,  1.9908E-01,  3.9814E-02,  9.9574E-02,  7.9625E-03,  3.9814E-02,  0.0000E+00,  1.7916E-02,  3.9814E-03,  1.1941E-02,  3.9815E-03,  1.3934E-02,  1.7918E-03,  3.9822E-02,  2.7880E-03,  5.9746E-02,  1.1944E-02,  5.3765E-02,  3.9827E-03,  3.9831E-02,  3.9829E-03,  9.9606E-03,  1.5928E-03,  7.9650E-03,  0.0000E+00,  1.9914E-03,  7.9652E-04,  3.9832E-03,  5.9745E-04,  3.9832E-03,  7.9663E-04,  1.9916E-03,  3.9830E-04,  1.7924E-03,  3.9832E-04,  1.5932E-03,  1.7924E-04,  1.9917E-03,  3.9835E-04,  5.9755E-03,  5.9754E-03,  1.1947E-02,  1.9918E-03,  1.9919E-03,  1.7927E-03,  1.9920E-02,  1.1948E-03,  0.0000E+00,  0.0000E+00,  0.0000E+00,  0.0000E+00,  0.0000E+00,  0.0000E+00,  3.9848E-04,  0.0000E+00,  2.3912E-04,  1.1389E+07,  2.8786E+05,  0.0000E+00,  0.0000E+00,  0.0000E+00,  2.7669E+03,  7.0958E+02,  5.8827E+03,  1.0300E-01,  4.8132E+02,  3.9404E+01,  4.6578E+02,  4.1258E+01,  8.1157E+02,  5.1485E-01,  2.2038E+02,  3.7953E-01,  4.0010E+00,  8.2314E-01,  2.8389E+02,  6.6150E-01,  9.8854E+00,  9.2328E-01,  3.7265E+01,  1.2704E+01,  2.2585E+03,  2.9429E+01,  7.1640E+01,  6.8839E-01,  1.6842E+00,  1.1017E-01,  2.7553E-01,  1.6525E-02,  1.6525E-01,  2.2034E-02,  1.1017E-01,  1.6525E-02,  5.5084E-02,  1.1017E-02,  2.7553E-02,  2.2034E-03,  1.1017E-02,  0.0000E+00,  4.9574E-03,  1.1017E-03,  3.3041E-03,  1.1017E-03,  3.8553E-03,  4.9574E-04,  1.1017E-02,  7.7127E-04,  1.6525E-02,  3.3041E-03,  1.4872E-02,  1.1017E-03,  1.1017E-02,  1.1017E-03,  2.7553E-03,  4.4063E-04,  2.2034E-03,  0.0000E+00,  5.5084E-04,  2.2034E-04,  1.1017E-03,  1.6525E-04,  1.1017E-03,  2.2034E-04,  5.5084E-04,  1.1017E-04,  4.9574E-04,  1.1017E-04,  4.4063E-04,  4.9574E-05,  5.5084E-04,  1.1017E-04,  1.6525E-03,  1.6525E-03,  3.3041E-03,  5.5084E-04,  5.5084E-04,  4.9574E-04,  5.5084E-03,  3.3041E-04,  0.0000E+00,  0.0000E+00,  0.0000E+00,  0.0000E+00,  0.0000E+00,  0.0000E+00,  1.1017E-04,  0.0000E+00,  6.6107E-05
  5.0000E+00,  5.2191E+07,  8.5897E+05,  0.0000E+00,  0.0000E+00,  0.0000E+00,  8.2507E+03,  2.1147E+03,  1.7540E+04,  3.2515E-01,  1.5192E+03,  1.2438E+02,  1.4702E+03,  1.3023E+02,  2.5615E+03,  1.6251E+00,  6.9559E+02,  1.1980E+00,  1.2632E+01,  2.5982E+00,  8.4644E+02,  2.0883E+00,  3.1209E+01,  2.9150E+00,  1.1764E+02,  4.0108E+01,  7.1297E+03,  9.2908E+01,  2.2614E+02,  2.1733E+00,  5.3170E+00,  3.4786E-01,  8.7003E-01,  5.2181E-02,  5.2187E-01,  6.9576E-02,  3.4792E-01,  5.2186E-02,  1.7395E-01,  3.4788E-02,  8.7005E-02,  6.9573E-03,  3.4788E-02,  0.0000E+00,  1.5654E-02,  3.4789E-03,  1.0434E-02,  3.4789E-03,  1.2176E-02,  1.5656E-03,  3.4797E-02,  2.4361E-03,  5.2208E-02,  1.0436E-02,  4.6981E-02,  3.4801E-03,  3.4805E-02,  3.4803E-03,  8.7037E-03,  1.3918E-03,  6.9598E-03,  0.0000E+00,  1.7401E-03,  6.9600E-04,  3.4806E-03,  5.2206E-04,  3.4806E-03,  6.9612E-04,  1.7403E-03,  3.4805E-04,  1.5662E-03,  3.4807E-04,  1.3922E-03,  1.5663E-04,  1.7404E-03,  3.4809E-04,  5.2217E-03,  5.2216E-03,  1.0440E-02,  1.7405E-03,  1.7406E-03,  1.5666E-03,  1.7407E-02,  1.0441E-03,  0.0000E+00,  0.0000E+00,  0.0000E+00,  0.0000E+00,  0.0000E+00,  0.0000E+00,  3.4823E-04,  0.0000E+00,  2.0896E-04,  9.7729E+06,  2.3737E+05,  0.0000E+00,  0.0000E+00,  0.0000E+00,  2.2882E+03,  5.8594E+02,  4.8544E+03,  8.4950E-02,  3.9696E+02,  3.2497E+01,  3.8414E+02,  3.4026E+01,  6.6932E+02,  4.2461E-01,  1.8176E+02,  3.1301E-01,  3.2997E+00,  6.7886E-01,  2.3427E+02,  5.4556E-01,  8.1527E+00,  7.6145E-01,  3.0733E+01,  1.0477E+01,  1.8626E+03,  2.4271E+01,  5.9083E+01,  5.6773E-01,  1.3890E+00,  9.0860E-02,  2.2724E-01,  1.3629E-02,  1.3629E-01,  1.8172E-02,  9.0860E-02,  1.3629E-02,  4.5429E-02,  9.0860E-03,  2.2724E-02,  1.8172E-03,  9.0860E-03,  0.0000E+00,  4.0884E-03,  9.0860E-04,  2.7249E-03,  9.0860E-04,  3.1796E-03,  4.0884E-04,  9.0860E-03,  6.3608E-04,  1.3629E-02,  2.7249E-03,  1.2265E-02,  9.0860E-04,  9.0860E-03,  9.0860E-04,  2.2724E-03,  3.6340E-04,  1.8172E-03,  0.0000E+00,  4.5429E-04,  1.8172E-04,  9.0860E-04,  1.3629E-04,  9.0860E-04,  1.8172E-04,  4.5429E-04,  9.0860E-05,  4.0884E-04,  9.0860E-05,  3.6340E-04,  4.0884E-05,  4.5429E-04,  9.0860E-05,  1.3629E-03,  1.3629E-03,  2.7249E-03,  4.5429E-04,  4.5429E-04,  4.0884E-04,  4.5429E-03,  2.7249E-04,  0.0000E+00,  0.0000E+00,  0.0000E+00,  0.0000E+00,  0.0000E+00,  0.0000E+00,  9.0860E-05,  0.0000E+00,  5.4520E-05
  5.5000E+00,  4.7641E+07,  7.5021E+05,  0.0000E+00,  0.0000E+00,  0.0000E+00,  7.2033E+03,  1.8463E+03,  1.5315E+04,  2.8624E-01,  1.3374E+03,  1.0950E+02,  1.2942E+03,  1.1465E+02,  2.2550E+03,  1.4307E+00,  6.1234E+02,  1.0547E+00,  1.1121E+01,  2.2873E+00,  7.3909E+02,  1.8384E+00,  2.7474E+01,  2.5662E+00,  1.0357E+02,  3.5309E+01,  6.2765E+03,  8.1791E+01,  1.9908E+02,  1.9133E+00,  4.6807E+00,  3.0624E-01,  7.6594E-01,  4.5938E-02,  4.5945E-01,  6.1252E-02,  3.0630E-01,  4.5943E-02,  1.5314E-01,  3.0626E-02,  7.6596E-02,  6.1250E-03,  3.0627E-02,  0.0000E+00,  1.3782E-02,  3.0627E-03,  9.1858E-03,  3.0628E-03,  1.0719E-02,  1.3783E-03,  3.0635E-02,  2.1447E-03,  4.5965E-02,  9.1881E-03,  4.1363E-02,  3.0639E-03,  3.0643E-02,  3.0641E-03,  7.6628E-03,  1.2253E-03,  6.1275E-03,  0.0000E+00,  1.5320E-03,  6.1277E-04,  3.0644E-03,  4.5963E-04,  3.0644E-03,  6.1288E-04,  1.5322E-03,  3.0643E-04,  1.3790E-03,  3.0645E-04,  1.2257E-03,  1.3790E-04,  1.5323E-03,  3.0647E-04,  4.5974E-03,  4.5973E-03,  9.1919E-03,  1.5324E-03,  1.5325E-03,  1.3793E-03,  1.5326E-02,  9.1926E-04,  0.0000E+00,  0.0000E+00,  0.0000E+00,  0.0000E+00,  0.0000E+00,  0.0000E+00,  3.0661E-04,  0.0000E+00,  1.8399E-04,  8.4243E+06,  1.9766E+05,  0.0000E+00,  0.0000E+00,  0.0000E+00,  1.9016E+03,  4.8786E+02,  4.0432E+03,  7.0699E-02,  3.3036E+02,  2.7046E+01,  3.1970E+02,  2.8318E+01,  5.5704E+02,  3.5338E-01,  1.5126E+02,  2.6050E-01,  2.7461E+00,  5.6498E-01,  1.9512E+02,  4.5404E-01,  6.7850E+00,  6.3371E-01,  2.5577E+01,  8.7196E+00,  1.5501E+03,  2.0199E+01,  4.9171E+01,  4.7249E-01,  1.1560E+00,  7.5617E-02,  1.8912E-01,  1.1342E-02,  1.1342E-01,  1.5123E-02,  7.5617E-02,  1.1342E-02,  3.7808E-02,  7.5617E-03,  1.8912E-02,  1.5123E-03,  7.5617E-03,  0.0000E+00,  3.4026E-03,  7.5617E-04,  2.2678E-03,  7.5617E-04,  2.6462E-03,  3.4026E-04,  7.5617E-03,  5.2938E-04,  1.1342E-02,  2.2678E-03,  1.0208E-02,  7.5617E-04,  7.5617E-03,  7.5617E-04,  1.8912E-03,  3.0244E-04,  1.5123E-03,  0.0000E+00,  3.7808E-04,  1.5123E-04,  7.5617E-04,  1.1342E-04,  7.5617E-04,  1.5123E-04,  3.7808E-04,  7.5617E-05,  3.4026E-04,  7.5617E-05,  3.0244E-04,  3.4026E-05,  3.7808E-04,  7.5617E-05,  1.1342E-03,  1.1342E-03,  2.2678E-03,  3.7808E-04,  3.7808E-04,  3.4026E-04,  3.7808E-03,  2.2678E-04,  0.0000E+00,  0.0000E+00,  0.0000E+00,  0.0000E+00,  0.0000E+00,  0.0000E+00,  7.5617E-05,  0.0000E+00,  4.5373E-05
  6.3000E+00,  4.1553E+07,  6.1053E+05,  0.0000E+00,  0.0000E+00,  0.0000E+00,  5.8606E+03,  1.5017E+03,  1.2458E+04,  2.3631E-01,  1.1041E+03,  9.0395E+01,  1.0684E+03,  9.4645E+01,  1.8615E+03,  1.1811E+00,  5.0550E+02,  8.7066E-01,  9.1810E+00,  1.8882E+00,  6.0123E+02,  1.5177E+00,  2.2682E+01,  2.1186E+00,  8.5500E+01,  2.9150E+01,  5.1817E+03,  6.7524E+01,  1.6435E+02,  1.5795E+00,  3.8643E+00,  2.5283E-01,  6.3236E-01,  3.7927E-02,  3.7933E-01,  5.0571E-02,  2.5289E-01,  3.7932E-02,  1.2643E-01,  2.5285E-02,  6.3239E-02,  5.0568E-03,  2.5286E-02,  0.0000E+00,  1.1378E-02,  2.5286E-03,  7.5841E-03,  2.5287E-03,  8.8503E-03,  1.1380E-03,  2.5294E-02,  1.7708E-03,  3.7954E-02,  7.5864E-03,  3.4153E-02,  2.5298E-03,  2.5302E-02,  2.5301E-03,  6.3271E-03,  1.0117E-03,  5.0593E-03,  0.0000E+00,  1.2649E-03,  5.0595E-04,  2.5303E-03,  3.7952E-04,  2.5304E-03,  5.0606E-04,  1.2651E-03,  2.5302E-04,  1.1386E-03,  2.5304E-04,  1.0121E-03,  1.1387E-04,  1.2653E-03,  2.5306E-04,  3.7963E-03,  3.7962E-03,  7.5902E-03,  1.2654E-03,  1.2654E-03,  1.1390E-03,  1.2656E-02,  7.5909E-04,  0.0000E+00,  0.0000E+00,  0.0000E+00,  0.0000E+00,  0.0000E+00,  0.0000E+00,  2.5320E-04,  0.0000E+00,  1.5194E-04,  6.7975E+06,  1.5155E+05,  0.0000E+00,  0.0000E+00,  0.0000E+00,  1.4552E+03,  3.7369E+02,  3.0989E+03,  5.4138E-02,  2.5298E+02,  2.0710E+01,  2.4481E+02,  2.1685E+01,  4.2655E+02,  2.7060E-01,  1.1583E+02,  1.9948E-01,  2.1029E+00,  4.3263E-01,  1.4955E+02,  3.4768E-01,  5.1957E+00,  4.8526E-01,  1.9586E+01,  6.6771E+00,  1.1870E+03,  1.5467E+01,  3.7653E+01,  3.6181E-01,  8.8518E-01,  5.7904E-02,  1.4482E-01,  8.6856E-03,  8.6856E-02,  1.1581E-02,  5.7904E-02,  8.6856E-03,  2.8952E-02,  5.7904E-03,  1.4482E-02,  1.1581E-03,  5.7904E-03,  0.0000E+00,  2.6055E-03,  5.7904E-04,  1.7366E-03,  5.7904E-04,  2.0263E-03,  2.6055E-04,  5.7904E-03,  4.0537E-04,  8.6856E-03,  1.7366E-03,  7.8166E-03,  5.7904E-04,  5.7904E-03,  5.7904E-04,  1.4482E-03,  2.3159E-04,  1.1581E-03,  0.0000E+00,  2.8952E-04,  1.1581E-04,  5.7904E-04,  8.6856E-05,  5.7904E-04,  1.1581E-04,  2.8952E-04,  5.7904E-05,  2.6055E-04,  5.7904E-05,  2.3159E-04,  2.6055E-05,  2.8952E-04,  5.7904E-05,  8.6856E-04,  8.6856E-04,  1.7366E-03,  2.8952E-04,  2.8952E-04,  2.6055E-04,  2.8952E-03,  1.7366E-04,  0.0000E+00,  0.0000E+00,  0.0000E+00,  0.0000E+00,  0.0000E+00,  0.0000E+00,  5.7904E-05,  0.0000E+00,  3.4745E-05
  7.1000E+00,  3.6595E+07,  5.0234E+05,  0.0000E+00,  0.0000E+00,  0.0000E+00,  4.8219E+03,  1.2352E+03,  1.0248E+04,  1.9769E-01,  9.2360E+02,  7.5622E+01,  8.9378E+02,  7.9177E+01,  1.5573E+03,  9.8803E-01,  4.2287E+02,  7.2837E-01,  7.6810E+00,  1.5796E+00,  4.9454E+02,  1.2697E+00,  1.8976E+01,  1.7725E+00,  7.1530E+01,  2.4387E+01,  4.3349E+03,  5.6491E+01,  1.3749E+02,  1.3214E+00,  3.2329E+00,  2.1153E-01,  5.2906E-01,  3.1731E-02,  3.1738E-01,  4.2310E-02,  2.1159E-01,  3.1736E-02,  1.0578E-01,  2.1155E-02,  5.2909E-02,  4.2307E-03,  2.1155E-02,  0.0000E+00,  9.5198E-03,  2.1156E-03,  6.3453E-03,  2.1156E-03,  7.4049E-03,  9.5216E-04,  2.1163E-02,  1.4817E-03,  3.1758E-02,  6.3476E-03,  2.8577E-02,  2.1168E-03,  2.1172E-02,  2.1170E-03,  5.2940E-03,  8.4650E-04,  4.2332E-03,  0.0000E+00,  1.0584E-03,  4.2334E-04,  2.1173E-03,  3.1756E-04,  2.1173E-03,  4.2346E-04,  1.0586E-03,  2.1171E-04,  9.5279E-04,  2.1174E-04,  8.4692E-04,  9.5283E-05,  1.0588E-03,  2.1176E-04,  3.1767E-03,  3.1766E-03,  6.3514E-03,  1.0588E-03,  1.0589E-03,  9.5310E-04,  1.0591E-02,  6.3521E-04,  0.0000E+00,  0.0000E+00,  0.0000E+00,  0.0000E+00,  0.0000E+00,  0.0000E+00,  2.1189E-04,  0.0000E+00,  1.2715E-04,  5.5958E+06,  1.1891E+05,  0.0000E+00,  0.0000E+00,  0.0000E+00,  1.1415E+03,  2.9252E+02,  2.4280E+03,  4.2406E-02,  1.9816E+02,  1.6222E+01,  1.9176E+02,  1.6985E+01,  3.3412E+02,  2.1196E-01,  9.0729E+01,  1.5625E-01,  1.6472E+00,  3.3888E-01,  1.1717E+02,  2.7233E-01,  4.0697E+00,  3.8010E-01,  1.5341E+01,  5.2301E+00,  9.2979E+02,  1.2115E+01,  2.9493E+01,  2.8340E-01,  6.9335E-01,  4.5356E-02,  1.1343E-01,  6.8033E-03,  6.8033E-02,  9.0711E-03,  4.5356E-02,  6.8033E-03,  2.2677E-02,  4.5356E-03,  1.1343E-02,  9.0711E-04,  4.5356E-03,  0.0000E+00,  2.0409E-03,  4.5356E-04,  1.3602E-03,  4.5356E-04,  1.5872E-03,  2.0409E-04,  4.5356E-03,  3.1752E-04,  6.8033E-03,  1.3602E-03,  6.1227E-03,  4.5356E-04,  4.5356E-03,  4.5356E-04,  1.1343E-03,  1.8140E-04,  9.0711E-04,  0.0000E+00,  2.2677E-04,  9.0711E-05,  4.5356E-04,  6.8033E-05,  4.5356E-04,  9.0711E-05,  2.2677E-04,  4.5356E-05,  2.0409E-04,  4.5356E-05,  1.8140E-04,  2.0409E-05,  2.2677E-04,  4.5356E-05,  6.8033E-04,  6.8033E-04,  1.3602E-03,  2.2677E-04,  2.2677E-04,  2.0409E-04,  2.2677E-03,  1.3602E-04,  0.0000E+00,  0.0000E+00,  0.0000E+00,  0.0000E+00,  0.0000E+00,  0.0000E+00,  4.5356E-05,  0.0000E+00,  2.7215E-05
  8.0000E+00,  3.2018E+07,  4.0726E+05,  0.0000E+00,  0.0000E+00,  0.0000E+00,  3.9088E+03,  1.0015E+03,  8.3062E+03,  1.6377E-01,  7.6511E+02,  6.2647E+01,  7.4041E+02,  6.5592E+01,  1.2900E+03,  8.1850E-01,  3.5031E+02,  6.0340E-01,  6.3636E+00,  1.3086E+00,  4.0085E+02,  1.0519E+00,  1.5721E+01,  1.4685E+00,  5.9259E+01,  2.0204E+01,  3.5913E+03,  4.6801E+01,  1.1390E+02,  1.0948E+00,  2.6783E+00,  1.7525E-01,  4.3834E-01,  2.6290E-02,  2.6296E-01,  3.5055E-02,  1.7531E-01,  2.6295E-02,  8.7645E-02,  1.7527E-02,  4.3836E-02,  3.5052E-03,  1.7528E-02,  0.0000E+00,  7.8874E-03,  1.7528E-03,  5.2574E-03,  1.7529E-03,  6.1354E-03,  7.8893E-04,  1.7536E-02,  1.2277E-03,  2.6317E-02,  5.2597E-03,  2.3680E-02,  1.7540E-03,  1.7544E-02,  1.7543E-03,  4.3868E-03,  7.0141E-04,  3.5077E-03,  0.0000E+00,  8.7704E-04,  3.5079E-04,  1.7545E-03,  2.6315E-04,  1.7546E-03,  3.5090E-04,  8.7725E-04,  1.7544E-04,  7.8955E-04,  1.7546E-04,  7.0183E-04,  7.8959E-05,  8.7740E-04,  1.7548E-04,  2.6326E-03,  2.6324E-03,  5.2635E-03,  8.7746E-04,  8.7755E-04,  7.8986E-04,  8.7768E-03,  5.2642E-04,  0.0000E+00,  0.0000E+00,  0.0000E+00,  0.0000E+00,  0.0000E+00,  0.0000E+00,  1.7562E-04,  0.0000E+00,  1.0539E-04,  4.5764E+06,  9.2382E+04,  0.0000E+00,  0.0000E+00,  0.0000E+00,  8.8747E+02,  2.2668E+02,  1.8861E+03,  3.2966E-02,  1.5404E+02,  1.2611E+01,  1.4907E+02,  1.3204E+01,  2.5974E+02,  1.6477E-01,  7.0532E+01,  1.2147E-01,  1.2805E+00,  2.6344E-01,  9.1023E+01,  2.1171E-01,  3.1637E+00,  2.9549E-01,  1.1926E+01,  4.0658E+00,  7.2281E+02,  9.4184E+00,  2.2928E+01,  2.2031E-01,  5.3900E-01,  3.5259E-02,  8.8182E-02,  5.2888E-03,  5.2888E-02,  7.0517E-03,  3.5259E-02,  5.2888E-03,  1.7629E-02,  3.5259E-03,  8.8182E-03,  7.0517E-04,  3.5259E-03,  0.0000E+00,  1.5866E-03,  3.5259E-04,  1.0574E-03,  3.5259E-04,  1.2339E-03,  1.5866E-04,  3.5259E-03,  2.4684E-04,  5.2888E-03,  1.0574E-03,  4.7597E-03,  3.5259E-04,  3.5259E-03,  3.5259E-04,  8.8182E-04,  1.4102E-04,  7.0517E-04,  0.0000E+00,  1.7629E-04,  7.0517E-05,  3.5259E-04,  5.2888E-05,  3.5259E-04,  7.0517E-05,  1.7629E-04,  3.5259E-05,  1.5866E-04,  3.5259E-05,  1.4102E-04,  1.5866E-05,  1.7629E-04,  3.5259E-05,  5.2888E-04,  5.2888E-04,  1.0574E-03,  1.7629E-04,  1.7629E-04,  1.5866E-04,  1.7629E-03,  1.0574E-04,  0.0000E+00,  0.0000E+00,  0.0000E+00,  0.0000E+00,  0.0000E+00,  0.0000E+00,  3.5259E-05,  0.0000E+00,  2.1157E-05
  9.0000E+00,  2.7869E+07,  3.2535E+05,  0.0000E+00,  0.0000E+00,  0.0000E+00,  3.1219E+03,  8.0021E+02,  6.6339E+03,  1.3451E-01,  6.2838E+02,  5.1454E+01,  6.0810E+02,  5.3872E+01,  1.0595E+03,  6.7225E-01,  2.8770E+02,  4.9559E-01,  5.2271E+00,  1.0747E+00,  3.2014E+02,  8.6396E-01,  1.2913E+01,  1.2062E+00,  4.8674E+01,  1.6596E+01,  2.9497E+03,  3.8441E+01,  9.3550E+01,  8.9923E-01,  2.1999E+00,  1.4395E-01,  3.6007E-01,  2.1595E-02,  2.1602E-01,  2.8796E-02,  1.4402E-01,  2.1600E-02,  7.1998E-02,  1.4398E-02,  3.6009E-02,  2.8793E-03,  1.4398E-02,  0.0000E+00,  6.4792E-03,  1.4398E-03,  4.3188E-03,  1.4399E-03,  5.0403E-03,  6.4811E-04,  1.4406E-02,  1.0086E-03,  2.1622E-02,  4.3211E-03,  1.9456E-02,  1.4411E-03,  1.4415E-02,  1.4413E-03,  3.6041E-03,  5.7624E-04,  2.8818E-03,  0.0000E+00,  7.2057E-04,  2.8820E-04,  1.4415E-03,  2.1621E-04,  1.4416E-03,  2.8832E-04,  7.2078E-04,  1.4414E-04,  6.4873E-04,  1.4416E-04,  5.7666E-04,  6.4877E-05,  7.2093E-04,  1.4419E-04,  2.1632E-03,  2.1630E-03,  4.3249E-03,  7.2098E-04,  7.2108E-04,  6.4904E-04,  7.2121E-03,  4.3256E-04,  0.0000E+00,  0.0000E+00,  0.0000E+00,  0.0000E+00,  0.0000E+00,  0.0000E+00,  1.4432E-04,  0.0000E+00,  8.6608E-05,  3.7210E+06,  7.1425E+04,  0.0000E+00,  0.0000E+00,  0.0000E+00,  6.8645E+02,  1.7600E+02,  1.4584E+03,  2.5553E-02,  1.1941E+02,  9.7753E+00,  1.1555E+02,  1.0235E+01,  2.0133E+02,  1.2772E-01,  5.4673E+01,  9.4154E-02,  9.9256E-01,  2.0420E-01,  7.0383E+01,  1.6411E-01,  2.4524E+00,  2.2905E-01,  9.2446E+00,  3.1516E+00,  5.6028E+02,  7.3007E+00,  1.7772E+01,  1.7077E-01,  4.1780E-01,  2.7331E-02,  6.8354E-02,  4.0996E-03,  4.0996E-02,  5.4661E-03,  2.7331E-02,  4.0996E-03,  1.3665E-02,  2.7331E-03,  6.8354E-03,  5.4661E-04,  2.7331E-03,  0.0000E+00,  1.2298E-03,  2.7331E-04,  8.1967E-04,  2.7331E-04,  9.5642E-04,  1.2298E-04,  2.7331E-03,  1.9134E-04,  4.0996E-03,  8.1967E-04,  3.6895E-03,  2.7331E-04,  2.7331E-03,  2.7331E-04,  6.8354E-04,  1.0931E-04,  5.4661E-04,  0.0000E+00,  1.3665E-04,  5.4661E-05,  2.7331E-04,  4.0996E-05,  2.7331E-04,  5.4661E-05,  1.3665E-04,  2.7331E-05,  1.2298E-04,  2.7331E-05,  1.0931E-04,  1.2298E-05,  1.3665E-04,  2.7331E-05,  4.0996E-04,  4.0996E-04,  8.1967E-04,  1.3665E-04,  1.3665E-04,  1.2298E-04,  1.3665E-03,  8.1967E-05,  0.0000E+00,  0.0000E+00,  0.0000E+00,  0.0000E+00,  0.0000E+00,  0.0000E+00,  2.7331E-05,  0.0000E+00,  1.6400E-05
  1.0000E+01,  2.4469E+07,  2.6141E+05,  0.0000E+00,  0.0000E+00,  0.0000E+00,  2.5081E+03,  6.4281E+02,  5.3294E+03,  1.1169E-01,  5.2174E+02,  4.2723E+01,  5.0490E+02,  4.4731E+01,  8.7966E+02,  5.5818E-01,  2.3887E+02,  4.1150E-01,  4.3406E+00,  8.9236E-01,  2.5719E+02,  7.1739E-01,  1.0722E+01,  1.0016E+00,  4.0417E+01,  1.3781E+01,  2.4493E+03,  3.1921E+01,  7.7677E+01,  7.4671E-01,  1.8268E+00,  1.1954E-01,  2.9902E-01,  1.7934E-02,  1.7941E-01,  2.3914E-02,  1.1961E-01,  1.7939E-02,  5.9793E-02,  1.1957E-02,  2.9904E-02,  2.3911E-03,  1.1957E-02,  0.0000E+00,  5.3808E-03,  1.1957E-03,  3.5867E-03,  1.1958E-03,  4.1860E-03,  5.3827E-04,  1.1965E-02,  8.3775E-04,  1.7961E-02,  3.5891E-03,  1.6160E-02,  1.1970E-03,  1.1974E-02,  1.1972E-03,  2.9936E-03,  4.7861E-04,  2.3936E-03,  0.0000E+00,  5.9852E-04,  2.3938E-04,  1.1974E-03,  1.7959E-04,  1.1975E-03,  2.3950E-04,  5.9873E-04,  1.1973E-04,  5.3890E-04,  1.1975E-04,  4.7903E-04,  5.3893E-05,  5.9888E-04,  1.1978E-04,  1.7970E-03,  1.7969E-03,  3.5929E-03,  5.9894E-04,  5.9903E-04,  5.3920E-04,  5.9916E-03,  3.5935E-04,  0.0000E+00,  0.0000E+00,  0.0000E+00,  0.0000E+00,  0.0000E+00,  0.0000E+00,  1.1991E-04,  0.0000E+00,  7.1961E-05,  3.0794E+06,  5.6456E+04,  0.0000E+00,  0.0000E+00,  0.0000E+00,  5.4104E+02,  1.3879E+02,  1.1505E+03,  2.0091E-02,  9.3884E+01,  7.6859E+00,  9.0852E+01,  8.0475E+00,  1.5830E+02,  1.0042E-01,  4.2987E+01,  7.4029E-02,  7.8041E-01,  1.6056E-01,  5.5522E+01,  1.2903E-01,  1.9282E+00,  1.8009E-01,  7.2686E+00,  2.4780E+00,  4.4053E+02,  5.7402E+00,  1.3974E+01,  1.3427E-01,  3.2850E-01,  2.1489E-02,  5.3744E-02,  3.2234E-03,  3.2234E-02,  4.2978E-03,  2.1489E-02,  3.2234E-03,  1.0744E-02,  2.1489E-03,  5.3744E-03,  4.2978E-04,  2.1489E-03,  0.0000E+00,  9.6696E-04,  2.1489E-04,  6.4447E-04,  2.1489E-04,  7.5200E-04,  9.6696E-05,  2.1489E-03,  1.5044E-04,  3.2234E-03,  6.4447E-04,  2.9009E-03,  2.1489E-04,  2.1489E-03,  2.1489E-04,  5.3744E-04,  8.5948E-05,  4.2978E-04,  0.0000E+00,  1.0744E-04,  4.2978E-05,  2.1489E-04,  3.2234E-05,  2.1489E-04,  4.2978E-05,  1.0744E-04,  2.1489E-05,  9.6696E-05,  2.1489E-05,  8.5948E-05,  9.6696E-06,  1.0744E-04,  2.1489E-05,  3.2234E-04,  3.2234E-04,  6.4447E-04,  1.0744E-04,  1.0744E-04,  9.6696E-05,  1.0744E-03,  6.4447E-05,  0.0000E+00,  0.0000E+00,  0.0000E+00,  0.0000E+00,  0.0000E+00,  0.0000E+00,  2.1489E-05,  0.0000E+00,  1.2894E-05
  1.1000E+01,  2.1663E+07,  2.1197E+05,  0.0000E+00,  0.0000E+00,  0.0000E+00,  2.0342E+03,  5.2126E+02,  4.3218E+03,  9.3739E-02,  4.3785E+02,  3.5856E+01,  4.2372E+02,  3.7540E+01,  7.3822E+02,  4.6845E-01,  2.0046E+02,  3.4535E-01,  3.6433E+00,  7.4890E-01,  2.0856E+02,  6.0210E-01,  8.9994E+00,  8.4071E-01,  3.3922E+01,  1.1567E+01,  2.0557E+03,  2.6792E+01,  6.5191E+01,  6.2673E-01,  1.5332E+00,  1.0034E-01,  2.5100E-01,  1.5054E-02,  1.5060E-01,  2.0074E-02,  1.0041E-01,  1.5059E-02,  5.0193E-02,  1.0037E-02,  2.5102E-02,  2.0071E-03,  1.0037E-02,  0.0000E+00,  4.5168E-03,  1.0037E-03,  3.0109E-03,  1.0038E-03,  3.5141E-03,  4.5187E-04,  1.0045E-02,  7.0333E-04,  1.5081E-02,  3.0132E-03,  1.3568E-02,  1.0050E-03,  1.0054E-02,  1.0052E-03,  2.5134E-03,  4.0182E-04,  2.0096E-03,  0.0000E+00,  5.0252E-04,  2.0098E-04,  1.0054E-03,  1.5079E-04,  1.0055E-03,  2.0109E-04,  5.0272E-04,  1.0053E-04,  4.5250E-04,  1.0055E-04,  4.0224E-04,  4.5253E-05,  5.0288E-04,  1.0057E-04,  1.5090E-03,  1.5089E-03,  3.0170E-03,  5.0293E-04,  5.0302E-04,  4.5280E-04,  5.0316E-03,  3.0177E-04,  0.0000E+00,  0.0000E+00,  0.0000E+00,  0.0000E+00,  0.0000E+00,  0.0000E+00,  1.0071E-04,  0.0000E+00,  6.0440E-05,  2.5321E+06,  4.2434E+04,  0.0000E+00,  0.0000E+00,  0.0000E+00,  4.0680E+02,  1.0432E+02,  8.6483E+02,  1.5813E-02,  7.3891E+01,  6.0491E+00,  7.1505E+01,  6.3337E+00,  1.2459E+02,  7.9039E-02,  3.3832E+01,  5.8264E-02,  6.1421E-01,  1.2637E-01,  4.1736E+01,  1.0155E-01,  1.5176E+00,  1.4174E-01,  5.7207E+00,  1.9503E+00,  3.4671E+02,  4.5178E+00,  1.0998E+01,  1.0568E-01,  2.5855E-01,  1.6913E-02,  4.2299E-02,  2.5369E-03,  2.5369E-02,  3.3825E-03,  1.6913E-02,  2.5369E-03,  8.4563E-03,  1.6913E-03,  4.2299E-03,  3.3825E-04,  1.6913E-03,  0.0000E+00,  7.6104E-04,  1.6913E-04,  5.0723E-04,  1.6913E-04,  5.9185E-04,  7.6104E-05,  1.6913E-03,  1.1840E-04,  2.5369E-03,  5.0723E-04,  2.2831E-03,  1.6913E-04,  1.6913E-03,  1.6913E-04,  4.2299E-04,  6.7645E-05,  3.3825E-04,  0.0000E+00,  8.4563E-05,  3.3825E-05,  1.6913E-04,  2.5369E-05,  1.6913E-04,  3.3825E-05,  8.4563E-05,  1.6913E-05,  7.6104E-05,  1.6913E-05,  6.7645E-05,  7.6104E-06,  8.4563E-05,  1.6913E-05,  2.5369E-04,  2.5369E-04,  5.0723E-04,  8.4563E-05,  8.4563E-05,  7.6104E-05,  8.4563E-04,  5.0723E-05,  0.0000E+00,  0.0000E+00,  0.0000E+00,  0.0000E+00,  0.0000E+00,  0.0000E+00,  1.6913E-05,  0.0000E+00,  1.0148E-05
  1.2000E+01,  1.9338E+07,  1.7440E+05,  0.0000E+00,  0.0000E+00,  0.0000E+00,  1.6740E+03,  4.2890E+02,  3.5561E+03,  7.9478E-02,  3.7121E+02,  3.0401E+01,  3.5924E+02,  3.1828E+01,  6.2586E+02,  3.9717E-01,  1.6995E+02,  2.9281E-01,  3.0894E+00,  6.3494E-01,  1.7161E+02,  5.1052E-01,  7.6308E+00,  7.1289E-01,  2.8763E+01,  9.8079E+00,  1.7430E+03,  2.2718E+01,  5.5273E+01,  5.3143E-01,  1.3001E+00,  8.5091E-02,  2.1285E-01,  1.2766E-02,  1.2773E-01,  1.7023E-02,  8.5155E-02,  1.2771E-02,  4.2567E-02,  8.5114E-03,  2.1287E-02,  1.7021E-03,  8.5118E-03,  0.0000E+00,  3.8305E-03,  8.5120E-04,  2.5535E-03,  8.5128E-04,  2.9804E-03,  3.8324E-04,  8.5198E-03,  5.9655E-04,  1.2793E-02,  2.5558E-03,  1.1510E-02,  8.5243E-04,  8.5284E-03,  8.5267E-04,  2.1319E-03,  3.4082E-04,  1.7046E-03,  0.0000E+00,  4.2626E-04,  1.7048E-04,  8.5292E-04,  1.2791E-04,  8.5297E-04,  1.7059E-04,  4.2646E-04,  8.5280E-05,  3.8386E-04,  8.5300E-05,  3.4124E-04,  3.8390E-05,  4.2662E-04,  8.5322E-05,  1.2802E-03,  1.2801E-03,  2.5596E-03,  4.2667E-04,  4.2676E-04,  3.8417E-04,  4.2690E-03,  2.5603E-04,  0.0000E+00,  0.0000E+00,  0.0000E+00,  0.0000E+00,  0.0000E+00,  0.0000E+00,  8.5459E-05,  0.0000E+00,  5.1288E-05,  2.1179E+06,  3.2697E+04,  0.0000E+00,  0.0000E+00,  0.0000E+00,  3.1355E+02,  8.0388E+01,  6.6645E+02,  1.2708E-02,  5.9380E+01,  4.8612E+00,  5.7463E+01,  5.0899E+00,  1.0012E+02,  6.3517E-02,  2.7189E+01,  4.6823E-02,  4.9360E-01,  1.0155E-01,  3.2162E+01,  8.1610E-02,  1.2196E+00,  1.1390E-01,  4.5973E+00,  1.5673E+00,  2.7863E+02,  3.6306E+00,  8.8382E+00,  8.4926E-02,  2.0777E-01,  1.3592E-02,  3.3993E-02,  2.0387E-03,  2.0387E-02,  2.7183E-03,  1.3592E-02,  2.0387E-03,  6.7957E-03,  1.3592E-03,  3.3993E-03,  2.7183E-04,  1.3592E-03,  0.0000E+00,  6.1159E-04,  1.3592E-04,  4.0762E-04,  1.3592E-04,  4.7563E-04,  6.1159E-05,  1.3592E-03,  9.5151E-05,  2.0387E-03,  4.0762E-04,  1.8348E-03,  1.3592E-04,  1.3592E-03,  1.3592E-04,  3.3993E-04,  5.4361E-05,  2.7183E-04,  0.0000E+00,  6.7957E-05,  2.7183E-05,  1.3592E-04,  2.0387E-05,  1.3592E-04,  2.7183E-05,  6.7957E-05,  1.3592E-05,  6.1159E-05,  1.3592E-05,  5.4361E-05,  6.1159E-06,  6.7957E-05,  1.3592E-05,  2.0387E-04,  2.0387E-04,  4.0762E-04,  6.7957E-05,  6.7957E-05,  6.1159E-05,  6.7957E-04,  4.0762E-05,  0.0000E+00,  0.0000E+00,  0.0000E+00,  0.0000E+00,  0.0000E+00,  0.0000E+00,  1.3592E-05,  0.0000E+00,  8.1555E-06
  1.4000E+01,  1.5677E+07,  1.2110E+05,  0.0000E+00,  0.0000E+00,  0.0000E+00,  1.1628E+03,  2.9785E+02,  2.4696E+03,  5.8144E-02,  2.7152E+02,  2.2239E+01,  2.6276E+02,  2.3283E+01,  4.5777E+02,  2.9053E-01,  1.2431E+02,  2.1420E-01,  2.2607E+00,  4.6445E-01,  1.1918E+02,  3.7350E-01,  5.5833E+00,  5.2166E-01,  2.1045E+01,  7.1766E+00,  1.2752E+03,  1.6622E+01,  4.0435E+01,  3.8885E-01,  9.5125E-01,  6.2272E-02,  1.5578E-01,  9.3431E-03,  9.3499E-02,  1.2460E-02,  6.2337E-02,  9.3482E-03,  3.1158E-02,  6.2296E-03,  1.5580E-02,  1.2457E-03,  6.2299E-03,  0.0000E+00,  2.8037E-03,  6.2302E-04,  1.8691E-03,  6.2309E-04,  2.1819E-03,  2.8056E-04,  6.2380E-03,  4.3681E-04,  9.3702E-03,  1.8714E-03,  8.4292E-03,  6.2425E-04,  6.2466E-03,  6.2448E-04,  1.5612E-03,  2.4955E-04,  1.2482E-03,  0.0000E+00,  3.1217E-04,  1.2484E-04,  6.2473E-04,  9.3685E-05,  6.2478E-04,  1.2495E-04,  3.1237E-04,  6.2461E-05,  2.8119E-04,  6.2481E-05,  2.4997E-04,  2.8122E-05,  3.1253E-04,  6.2504E-05,  9.3793E-04,  9.3781E-04,  1.8752E-03,  3.1258E-04,  3.1267E-04,  2.8149E-04,  3.1281E-03,  1.8759E-04,  0.0000E+00,  0.0000E+00,  0.0000E+00,  0.0000E+00,  0.0000E+00,  0.0000E+00,  6.2640E-05,  0.0000E+00,  3.7595E-05,  1.5433E+06,  2.0605E+04,  0.0000E+00,  0.0000E+00,  0.0000E+00,  1.9770E+02,  5.0662E+01,  4.2004E+02,  8.6269E-03,  4.0312E+01,  3.3002E+00,  3.9010E+01,  3.4554E+00,  6.7972E+01,  4.3121E-02,  1.8458E+01,  3.1787E-02,  3.3509E-01,  6.8940E-02,  2.0270E+01,  5.5403E-02,  8.2793E-01,  7.7327E-02,  3.1210E+00,  1.0640E+00,  1.8915E+02,  2.4647E+00,  6.0000E+00,  5.7654E-02,  1.4105E-01,  9.2270E-03,  2.3077E-02,  1.3840E-03,  1.3840E-02,  1.8454E-03,  9.2270E-03,  1.3840E-03,  4.6134E-03,  9.2270E-04,  2.3077E-03,  1.8454E-04,  9.2270E-04,  0.0000E+00,  4.1519E-04,  9.2270E-05,  2.7672E-04,  9.2270E-05,  3.2289E-04,  4.1519E-05,  9.2270E-04,  6.4596E-05,  1.3840E-03,  2.7672E-04,  1.2456E-03,  9.2270E-05,  9.2270E-04,  9.2270E-05,  2.3077E-04,  3.6904E-05,  1.8454E-04,  0.0000E+00,  4.6134E-05,  1.8454E-05,  9.2270E-05,  1.3840E-05,  9.2270E-05,  1.8454E-05,  4.6134E-05,  9.2270E-06,  4.1519E-05,  9.2270E-06,  3.6904E-05,  4.1519E-06,  4.6134E-05,  9.2270E-06,  1.3840E-04,  1.3840E-04,  2.7672E-04,  4.6134E-05,  4.6134E-05,  4.1519E-05,  4.6134E-04,  2.7672E-05,  0.0000E+00,  0.0000E+00,  0.0000E+00,  0.0000E+00,  0.0000E+00,  0.0000E+00,  9.2270E-06,  0.0000E+00,  5.5366E-06
  1.6000E+01,  1.2960E+07,  8.6682E+04,  0.0000E+00,  0.0000E+00,  0.0000E+00,  8.3249E+02,  2.1323E+02,  1.7680E+03,  4.3349E-02,  2.0239E+02,  1.6580E+01,  1.9586E+02,  1.7357E+01,  3.4120E+02,  2.1658E-01,  9.2652E+01,  1.5969E-01,  1.6860E+00,  3.4622E-01,  8.5322E+01,  2.7849E-01,  4.1635E+00,  3.8904E-01,  1.5693E+01,  5.3519E+00,  9.5085E+02,  1.2395E+01,  3.0145E+01,  2.8998E-01,  7.0934E-01,  4.6448E-02,  1.1620E-01,  6.9695E-03,  6.9762E-02,  9.2948E-03,  4.6512E-02,  6.9746E-03,  2.3246E-02,  4.6472E-03,  1.1623E-02,  9.2921E-04,  4.6475E-03,  0.0000E+00,  2.0917E-03,  4.6477E-04,  1.3945E-03,  4.6485E-04,  1.6281E-03,  2.0935E-04,  4.6556E-03,  3.2603E-04,  6.9965E-03,  1.3969E-03,  6.2930E-03,  4.6601E-04,  4.6642E-03,  4.6624E-04,  1.1655E-03,  1.8626E-04,  9.3171E-04,  0.0000E+00,  2.3305E-04,  9.3192E-05,  4.6649E-04,  6.9949E-05,  4.6654E-04,  9.3305E-05,  2.3325E-04,  4.6637E-05,  2.0998E-04,  4.6657E-05,  1.8668E-04,  2.1002E-05,  2.3341E-04,  4.6679E-05,  7.0057E-04,  7.0044E-04,  1.4007E-03,  2.3346E-04,  2.3355E-04,  2.1029E-04,  2.3369E-03,  1.4013E-04,  0.0000E+00,  0.0000E+00,  0.0000E+00,  0.0000E+00,  0.0000E+00,  0.0000E+00,  4.6816E-05,  0.0000E+00,  2.8100E-05,  1.1733E+06,  1.3812E+04,  0.0000E+00,  0.0000E+00,  0.0000E+00,  1.3258E+02,  3.3962E+01,  2.8159E+02,  6.1680E-03,  2.8822E+01,  2.3595E+00,  2.7891E+01,  2.4706E+00,  4.8598E+01,  3.0830E-02,  1.3197E+01,  2.2727E-02,  2.3958E-01,  4.9291E-02,  1.3589E+01,  3.9612E-02,  5.9195E-01,  5.5287E-02,  2.2314E+00,  7.6073E-01,  1.3524E+02,  1.7622E+00,  4.2899E+00,  4.1221E-02,  1.0085E-01,  6.5971E-03,  1.6499E-02,  9.8956E-04,  9.8956E-03,  1.3194E-03,  6.5971E-03,  9.8956E-04,  3.2985E-03,  6.5971E-04,  1.6499E-03,  1.3194E-04,  6.5971E-04,  0.0000E+00,  2.9685E-04,  6.5971E-05,  1.9785E-04,  6.5971E-05,  2.3086E-04,  2.9685E-05,  6.5971E-04,  4.6185E-05,  9.8956E-04,  1.9785E-04,  8.9056E-04,  6.5971E-05,  6.5971E-04,  6.5971E-05,  1.6499E-04,  2.6386E-05,  1.3194E-04,  0.0000E+00,  3.2985E-05,  1.3194E-05,  6.5971E-05,  9.8956E-06,  6.5971E-05,  1.3194E-05,  3.2985E-05,  6.5971E-06,  2.9685E-05,  6.5971E-06,  2.6386E-05,  2.9685E-06,  3.2985E-05,  6.5971E-06,  9.8956E-05,  9.8956E-05,  1.9785E-04,  3.2985E-05,  3.2985E-05,  2.9685E-05,  3.2985E-04,  1.9785E-05,  0.0000E+00,  0.0000E+00,  0.0000E+00,  0.0000E+00,  0.0000E+00,  0.0000E+00,  6.5971E-06,  0.0000E+00,  3.9585E-06
  1.8000E+01,  1.0866E+07,  6.3166E+04,  0.0000E+00,  0.0000E+00,  0.0000E+00,  6.0670E+02,  1.5540E+02,  1.2885E+03,  3.2593E-02,  1.5213E+02,  1.2465E+01,  1.4722E+02,  1.3049E+01,  2.5645E+02,  1.6282E-01,  6.9639E+01,  1.2006E-01,  1.2682E+00,  2.6026E-01,  6.2183E+01,  2.0941E-01,  3.1312E+00,  2.9263E-01,  1.1801E+01,  4.0253E+00,  7.1501E+02,  9.3222E+00,  2.2664E+01,  2.1809E-01,  5.3348E-01,  3.4943E-02,  8.7432E-02,  5.2439E-03,  5.2506E-02,  6.9939E-03,  3.5008E-02,  5.2490E-03,  1.7494E-02,  3.4967E-03,  8.7454E-03,  6.9913E-04,  3.4970E-03,  0.0000E+00,  1.5740E-03,  3.4973E-04,  1.0495E-03,  3.4981E-04,  1.2255E-03,  1.5759E-04,  3.5051E-03,  2.4549E-04,  5.2709E-03,  1.0518E-03,  4.7400E-03,  3.5096E-04,  3.5137E-03,  3.5120E-04,  8.7773E-04,  1.4025E-04,  7.0163E-04,  0.0000E+00,  1.7553E-04,  7.0184E-05,  3.5145E-04,  5.2693E-05,  3.5150E-04,  7.0297E-05,  1.7573E-04,  3.5133E-05,  1.5822E-04,  3.5153E-05,  1.4067E-04,  1.5825E-05,  1.7589E-04,  3.5175E-05,  5.2801E-04,  5.2788E-04,  1.0556E-03,  1.7594E-04,  1.7603E-04,  1.5852E-04,  1.7617E-03,  1.0563E-04,  0.0000E+00,  0.0000E+00,  0.0000E+00,  0.0000E+00,  0.0000E+00,  0.0000E+00,  3.5311E-05,  0.0000E+00,  2.1197E-05,  9.2125E+05,  9.7052E+03,  0.0000E+00,  0.0000E+00,  0.0000E+00,  9.3205E+01,  2.3866E+01,  1.9790E+02,  4.5880E-03,  2.1439E+01,  1.7551E+00,  2.0747E+01,  1.8377E+00,  3.6149E+01,  2.2932E-02,  9.8162E+00,  1.6905E-02,  1.7821E-01,  3.6664E-02,  9.5502E+00,  2.9464E-02,  4.4031E-01,  4.1124E-02,  1.6598E+00,  5.6586E-01,  1.0060E+02,  1.3108E+00,  3.1910E+00,  3.0662E-02,  7.5015E-02,  4.9071E-03,  1.2273E-02,  7.3607E-04,  7.3607E-03,  9.8142E-04,  4.9071E-03,  7.3607E-04,  2.4535E-03,  4.9071E-04,  1.2273E-03,  9.8142E-05,  4.9071E-04,  0.0000E+00,  2.2081E-04,  4.9071E-05,  1.4717E-04,  4.9071E-05,  1.7172E-04,  2.2081E-05,  4.9071E-04,  3.4354E-05,  7.3607E-04,  1.4717E-04,  6.6243E-04,  4.9071E-05,  4.9071E-04,  4.9071E-05,  1.2273E-04,  1.9627E-05,  9.8142E-05,  0.0000E+00,  2.4535E-05,  9.8142E-06,  4.9071E-05,  7.3607E-06,  4.9071E-05,  9.8142E-06,  2.4535E-05,  4.9071E-06,  2.2081E-05,  4.9071E-06,  1.9627E-05,  2.2081E-06,  2.4535E-05,  4.9071E-06,  7.3607E-05,  7.3607E-05,  1.4717E-04,  2.4535E-05,  2.4535E-05,  2.2081E-05,  2.4535E-04,  1.4717E-05,  0.0000E+00,  0.0000E+00,  0.0000E+00,  0.0000E+00,  0.0000E+00,  0.0000E+00,  4.9071E-06,  0.0000E+00,  2.9445E-06
  2.0000E+01,  9.2026E+06,  4.6382E+04,  0.0000E+00,  0.0000E+00,  0.0000E+00,  4.4549E+02,  1.1413E+02,  9.4628E+02,  2.4484E-02,  1.1424E+02,  9.3628E+00,  1.1056E+02,  9.8010E+00,  1.9256E+02,  1.2229E-01,  5.2290E+01,  9.0177E-02,  9.5323E-01,  1.9546E-01,  4.5667E+01,  1.5734E-01,  2.3530E+00,  2.1995E-01,  8.8678E+00,  3.0252E+00,  5.3721E+02,  7.0055E+00,  1.7024E+01,  1.6390E-01,  4.0090E-01,  2.6270E-02,  6.5741E-02,  3.9430E-03,  3.9497E-02,  5.2594E-03,  2.6335E-02,  3.9480E-03,  1.3158E-02,  2.6294E-03,  6.5763E-03,  5.2567E-04,  2.6298E-03,  0.0000E+00,  1.1838E-03,  2.6300E-04,  7.8942E-04,  2.6308E-04,  9.2201E-04,  1.1856E-04,  2.6378E-03,  1.8477E-04,  3.9700E-03,  7.9173E-04,  3.5693E-03,  2.6423E-04,  2.6464E-03,  2.6447E-04,  6.6082E-04,  1.0556E-04,  5.2817E-04,  0.0000E+00,  1.3217E-04,  5.2838E-05,  2.6472E-04,  3.9683E-05,  2.6477E-04,  5.2951E-05,  1.3237E-04,  2.6460E-05,  1.1919E-04,  2.6480E-05,  1.0598E-04,  1.1923E-05,  1.3252E-04,  2.6502E-05,  3.9792E-04,  3.9779E-04,  7.9554E-04,  1.3258E-04,  1.3267E-04,  1.1950E-04,  1.3280E-03,  7.9622E-05,  0.0000E+00,  0.0000E+00,  0.0000E+00,  0.0000E+00,  0.0000E+00,  0.0000E+00,  2.6638E-05,  0.0000E+00,  1.5993E-05,  7.4205E+05,  7.0784E+03,  0.0000E+00,  0.0000E+00,  0.0000E+00,  6.8004E+01,  1.7407E+01,  1.4435E+02,  3.5209E-03,  1.6453E+01,  1.3469E+00,  1.5921E+01,  1.4103E+00,  2.7741E+01,  1.7599E-02,  7.5331E+00,  1.2973E-02,  1.3676E-01,  2.8137E-02,  6.9660E+00,  2.2612E-02,  3.3790E-01,  3.1559E-02,  1.2738E+00,  4.3425E-01,  7.7199E+01,  1.0059E+00,  2.4488E+00,  2.3530E-02,  5.7568E-02,  3.7658E-03,  9.4183E-03,  5.6487E-04,  5.6487E-03,  7.5316E-04,  3.7658E-03,  5.6487E-04,  1.8829E-03,  3.7658E-04,  9.4183E-04,  7.5316E-05,  3.7658E-04,  0.0000E+00,  1.6945E-04,  3.7658E-05,  1.1294E-04,  3.7658E-05,  1.3178E-04,  1.6945E-05,  3.7658E-04,  2.6364E-05,  5.6487E-04,  1.1294E-04,  5.0836E-04,  3.7658E-05,  3.7658E-04,  3.7658E-05,  9.4183E-05,  1.5062E-05,  7.5316E-05,  0.0000E+00,  1.8829E-05,  7.5316E-06,  3.7658E-05,  5.6487E-06,  3.7658E-05,  7.5316E-06,  1.8829E-05,  3.7658E-06,  1.6945E-05,  3.7658E-06,  1.5062E-05,  1.6945E-06,  1.8829E-05,  3.7658E-06,  5.6487E-05,  5.6487E-05,  1.1294E-04,  1.8829E-05,  1.8829E-05,  1.6945E-05,  1.8829E-04,  1.1294E-05,  0.0000E+00,  0.0000E+00,  0.0000E+00,  0.0000E+00,  0.0000E+00,  0.0000E+00,  3.7658E-06,  0.0000E+00,  2.2597E-06
  2.2000E+01,  7.8704E+06,  3.4535E+04,  0.0000E+00,  0.0000E+00,  0.0000E+00,  3.3167E+02,  8.4990E+01,  7.0465E+02,  1.8496E-02,  8.6255E+01,  7.0722E+00,  8.3478E+01,  7.4025E+00,  1.4538E+02,  9.2355E-02,  3.9478E+01,  6.8114E-02,  7.2064E-01,  1.4761E-01,  3.4005E+01,  1.1888E-01,  1.7783E+00,  1.6628E-01,  6.7015E+00,  2.2867E+00,  4.0592E+02,  5.2947E+00,  1.2860E+01,  1.2388E-01,  3.0299E-01,  1.9866E-02,  4.9723E-02,  2.9823E-03,  2.9890E-02,  3.9785E-03,  1.9931E-02,  2.9874E-03,  9.9554E-03,  1.9890E-03,  4.9746E-03,  3.9758E-04,  1.9893E-03,  0.0000E+00,  8.9558E-04,  1.9896E-04,  5.9735E-04,  1.9903E-04,  6.9789E-04,  8.9743E-05,  1.9974E-03,  1.3993E-04,  3.0093E-03,  5.9966E-04,  2.7047E-03,  2.0019E-04,  2.0060E-03,  2.0042E-04,  5.0064E-04,  7.9945E-05,  4.0008E-04,  0.0000E+00,  1.0015E-04,  4.0029E-05,  2.0067E-04,  3.0077E-05,  2.0072E-04,  4.0142E-05,  1.0035E-04,  2.0055E-05,  9.0371E-05,  2.0076E-05,  8.0365E-05,  9.0408E-06,  1.0050E-04,  2.0098E-05,  3.0185E-04,  3.0172E-04,  6.0346E-04,  1.0056E-04,  1.0065E-04,  9.0679E-05,  1.0078E-03,  6.0414E-05,  0.0000E+00,  0.0000E+00,  0.0000E+00,  0.0000E+00,  0.0000E+00,  0.0000E+00,  2.0234E-05,  0.0000E+00,  1.2150E-05,  5.9019E+05,  4.7692E+03,  0.0000E+00,  0.0000E+00,  0.0000E+00,  4.5823E+01,  1.1733E+01,  9.7289E+01,  2.4671E-03,  1.1528E+01,  9.4377E-01,  1.1156E+01,  9.8817E-01,  1.9438E+01,  1.2331E-02,  5.2784E+00,  9.0902E-03,  9.5828E-02,  1.9715E-02,  4.6951E+00,  1.5844E-02,  2.3677E-01,  2.2114E-02,  8.9253E-01,  3.0428E-01,  5.4093E+01,  7.0485E-01,  1.7159E+00,  1.6488E-02,  4.0338E-02,  2.6387E-03,  6.5994E-03,  3.9580E-04,  3.9580E-03,  5.2773E-04,  2.6387E-03,  3.9580E-04,  1.3193E-03,  2.6387E-04,  6.5994E-04,  5.2773E-05,  2.6387E-04,  0.0000E+00,  1.1873E-04,  2.6387E-05,  7.9136E-05,  2.6387E-05,  9.2339E-05,  1.1873E-05,  2.6387E-04,  1.8473E-05,  3.9580E-04,  7.9136E-05,  3.5620E-04,  2.6387E-05,  2.6387E-04,  2.6387E-05,  6.5994E-05,  1.0554E-05,  5.2773E-05,  0.0000E+00,  1.3193E-05,  5.2774E-06,  2.6387E-05,  3.9580E-06,  2.6387E-05,  5.2774E-06,  1.3193E-05,  2.6387E-06,  1.1873E-05,  2.6387E-06,  1.0554E-05,  1.1873E-06,  1.3193E-05,  2.6387E-06,  3.9580E-05,  3.9580E-05,  7.9136E-05,  1.3193E-05,  1.3193E-05,  1.1873E-05,  1.3193E-04,  7.9136E-06,  0.0000E+00,  0.0000E+00,  0.0000E+00,  0.0000E+00,  0.0000E+00,  0.0000E+00,  2.6387E-06,  0.0000E+00,  1.5833E-06
  2.5000E+01,  6.3339E+06,  2.3168E+04,  0.0000E+00,  0.0000E+00,  0.0000E+00,  2.2245E+02,  5.7021E+01,  4.7275E+02,  1.2499E-02,  5.8231E+01,  4.7780E+00,  5.6359E+01,  5.0004E+00,  9.8129E+01,  6.2379E-02,  2.6647E+01,  4.6016E-02,  4.8769E-01,  9.9685E-02,  2.2814E+01,  8.0368E-02,  1.2027E+00,  1.1252E-01,  4.5319E+00,  1.5470E+00,  2.7443E+02,  3.5812E+00,  8.6884E+00,  8.3802E-02,  2.0493E-01,  1.3451E-02,  3.3681E-02,  2.0201E-03,  2.0268E-02,  2.6956E-03,  1.3516E-02,  2.0252E-03,  6.7482E-03,  1.3475E-03,  3.3703E-03,  2.6929E-04,  1.3479E-03,  0.0000E+00,  6.0694E-04,  1.3481E-04,  4.0497E-04,  1.3489E-04,  4.7342E-04,  6.0880E-05,  1.3559E-03,  9.5028E-05,  2.0471E-03,  4.0728E-04,  1.8388E-03,  1.3604E-04,  1.3645E-03,  1.3628E-04,  3.4022E-04,  5.4290E-05,  2.7180E-04,  0.0000E+00,  6.8073E-05,  2.7200E-05,  1.3653E-04,  2.0455E-05,  1.3658E-04,  2.7313E-05,  6.8276E-05,  1.3641E-05,  6.1508E-05,  1.3661E-05,  5.4709E-05,  6.1545E-06,  6.8430E-05,  1.3683E-05,  2.0563E-04,  2.0550E-04,  4.1108E-04,  6.8484E-05,  6.8574E-05,  6.1809E-05,  6.8702E-04,  4.1174E-05,  0.0000E+00,  0.0000E+00,  0.0000E+00,  0.0000E+00,  0.0000E+00,  0.0000E+00,  1.3814E-05,  0.0000E+00,  8.2970E-06,  4.3412E+05,  2.8083E+03,  0.0000E+00,  0.0000E+00,  0.0000E+00,  2.6985E+01,  6.9128E+00,  5.7312E+01,  1.5311E-03,  7.1545E+00,  5.8571E-01,  6.9235E+00,  6.1327E-01,  1.2064E+01,  7.6530E-03,  3.2759E+00,  5.6415E-03,  5.9472E-02,  1.2235E-02,  2.7658E+00,  9.8328E-03,  1.4694E-01,  1.3724E-02,  5.5391E-01,  1.8884E-01,  3.3571E+01,  4.3744E-01,  1.0649E+00,  1.0232E-02,  2.5034E-02,  1.6376E-03,  4.0956E-03,  2.4564E-04,  2.4564E-03,  3.2752E-04,  1.6376E-03,  2.4564E-04,  8.1879E-04,  1.6376E-04,  4.0956E-04,  3.2752E-05,  1.6376E-04,  0.0000E+00,  7.3688E-05,  1.6376E-05,  4.9113E-05,  1.6376E-05,  5.7307E-05,  7.3688E-06,  1.6376E-04,  1.1464E-05,  2.4564E-04,  4.9113E-05,  2.2106E-04,  1.6376E-05,  1.6376E-04,  1.6376E-05,  4.0956E-05,  6.5497E-06,  3.2752E-05,  0.0000E+00,  8.1879E-06,  3.2752E-06,  1.6376E-05,  2.4564E-06,  1.6376E-05,  3.2752E-06,  8.1879E-06,  1.6376E-06,  7.3688E-06,  1.6376E-06,  6.5498E-06,  7.3688E-07,  8.1880E-06,  1.6376E-06,  2.4568E-05,  2.4566E-05,  4.9120E-05,  8.1884E-06,  8.1897E-06,  7.3727E-06,  8.1928E-05,  4.9133E-06,  0.0000E+00,  0.0000E+00,  0.0000E+00,  0.0000E+00,  0.0000E+00,  0.0000E+00,  1.6415E-06,  0.0000E+00,  9.8540E-07
  2.8000E+01,  5.1868E+06,  1.6322E+04,  0.0000E+00,  0.0000E+00,  0.0000E+00,  1.5666E+02,  4.0165E+01,  3.3300E+02,  8.6976E-03,  4.0468E+01,  3.3238E+00,  3.9170E+01,  3.4778E+00,  6.8179E+01,  4.3379E-02,  1.8514E+01,  3.2010E-02,  3.4004E-01,  6.9308E-02,  1.6070E+01,  5.5956E-02,  8.3794E-01,  7.8449E-02,  3.1567E+00,  1.0782E+00,  1.9108E+02,  2.4952E+00,  6.0447E+00,  5.8398E-02,  1.4278E-01,  9.3858E-03,  2.3513E-02,  1.4103E-03,  1.4170E-02,  1.8825E-03,  9.4505E-03,  1.4153E-03,  4.7154E-03,  9.4098E-04,  2.3535E-03,  1.8798E-04,  9.4128E-04,  0.0000E+00,  4.2400E-04,  9.4156E-05,  2.8304E-04,  9.4230E-05,  3.3114E-04,  4.2585E-05,  9.4931E-04,  6.6557E-05,  1.4365E-03,  2.8531E-04,  1.2895E-03,  9.5361E-05,  9.5742E-04,  9.5579E-05,  2.3847E-04,  3.8024E-05,  1.9045E-04,  0.0000E+00,  4.7729E-05,  1.9064E-05,  9.5809E-05,  1.4349E-05,  9.5857E-05,  1.9169E-05,  4.7917E-05,  9.5699E-06,  4.3180E-05,  9.5887E-06,  3.8415E-05,  4.3214E-06,  4.8057E-05,  9.6088E-06,  1.4447E-04,  1.4436E-04,  2.8880E-04,  4.8105E-05,  4.8183E-05,  4.3446E-05,  4.8294E-04,  2.8938E-05,  0.0000E+00,  0.0000E+00,  0.0000E+00,  0.0000E+00,  0.0000E+00,  0.0000E+00,  9.7190E-06,  0.0000E+00,  5.8384E-06,  3.3065E+05,  1.7560E+03,  0.0000E+00,  0.0000E+00,  0.0000E+00,  1.6876E+01,  4.3247E+00,  3.5852E+01,  1.0031E-03,  4.6872E+00,  3.8372E-01,  4.5358E+00,  4.0177E-01,  7.9032E+00,  5.0137E-03,  2.1461E+00,  3.6959E-03,  3.8962E-02,  8.0158E-03,  1.7302E+00,  6.4418E-03,  9.6265E-02,  8.9909E-03,  3.6289E-01,  1.2371E-01,  2.1993E+01,  2.8658E-01,  6.9764E-01,  6.7036E-03,  1.6400E-02,  1.0728E-03,  2.6832E-03,  1.6093E-04,  1.6093E-03,  2.1457E-04,  1.0728E-03,  1.6093E-04,  5.3641E-04,  1.0728E-04,  2.6832E-04,  2.1457E-05,  1.0728E-04,  0.0000E+00,  4.8275E-05,  1.0728E-05,  3.2175E-05,  1.0728E-05,  3.7544E-05,  4.8276E-06,  1.0732E-04,  7.5157E-06,  1.6148E-04,  3.2202E-05,  1.4515E-04,  1.0746E-05,  1.0764E-04,  1.0755E-05,  2.6874E-05,  4.2938E-06,  2.1481E-05,  0.0000E+00,  5.3748E-06,  2.1488E-06,  1.0768E-05,  1.6140E-06,  1.0771E-05,  2.1540E-06,  5.3848E-06,  1.0762E-06,  4.8496E-06,  1.0773E-06,  4.3129E-06,  4.8519E-07,  5.3940E-06,  1.0786E-06,  1.6205E-05,  1.6196E-05,  3.2396E-05,  5.3976E-06,  5.4037E-06,  4.8699E-06,  5.4129E-05,  3.2442E-06,  0.0000E+00,  0.0000E+00,  0.0000E+00,  0.0000E+00,  0.0000E+00,  0.0000E+00,  1.0883E-06,  0.0000E+00,  6.5370E-07
  3.2000E+01,  4.0524E+06,  1.0789E+04,  0.0000E+00,  0.0000E+00,  0.0000E+00,  1.0350E+02,  2.6538E+01,  2.2004E+02,  5.5338E-03,  2.5684E+01,  2.1135E+00,  2.4863E+01,  2.2106E+00,  4.3251E+01,  2.7565E-02,  1.1745E+01,  2.0353E-02,  2.1714E-01,  4.4025E-02,  1.0619E+01,  3.5638E-02,  5.3431E-01,  5.0088E-02,  2.0121E+00,  6.8796E-01,  1.2171E+02,  1.5913E+00,  3.8442E+00,  3.7254E-02,  9.1054E-02,  6.0004E-03,  1.5043E-02,  9.0231E-04,  9.0836E-03,  1.2050E-03,  6.0591E-03,  9.0689E-04,  3.0208E-03,  6.0226E-04,  1.5063E-03,  1.2025E-04,  6.0254E-04,  0.0000E+00,  2.7153E-04,  6.0279E-05,  1.8137E-04,  6.0346E-05,  2.1241E-04,  2.7317E-05,  6.0955E-04,  4.2753E-05,  9.2403E-04,  1.8330E-04,  8.2913E-04,  6.1297E-05,  6.1586E-04,  6.1464E-05,  1.5329E-04,  2.4425E-05,  1.2238E-04,  0.0000E+00,  3.0686E-05,  1.2253E-05,  6.1635E-05,  9.2290E-06,  6.1670E-05,  1.2332E-05,  3.0827E-05,  6.1553E-06,  2.7784E-05,  6.1692E-06,  2.4720E-05,  2.7808E-06,  3.0927E-05,  6.1836E-06,  9.2991E-05,  9.2913E-05,  1.8589E-04,  3.0961E-05,  3.1016E-05,  2.7970E-05,  3.1092E-04,  1.8629E-05,  0.0000E+00,  0.0000E+00,  0.0000E+00,  0.0000E+00,  0.0000E+00,  0.0000E+00,  6.2587E-06,  0.0000E+00,  3.7598E-06,  2.3652E+05,  1.0107E+03,  0.0000E+00,  0.0000E+00,  0.0000E+00,  9.7051E+00,  2.4884E+00,  2.0628E+01,  5.7884E-04,  2.7048E+00,  2.2143E-01,  2.6175E+00,  2.3185E-01,  4.5607E+00,  2.8932E-03,  1.2385E+00,  2.1328E-03,  2.2490E-02,  4.6257E-03,  9.9548E-01,  3.7173E-03,  5.5551E-02,  5.1896E-03,  2.0941E-01,  7.1393E-02,  1.2692E+01,  1.6538E-01,  4.0258E-01,  3.8684E-03,  9.4642E-03,  6.1985E-04,  1.5516E-03,  9.3064E-05,  9.3392E-04,  1.2417E-04,  6.2284E-04,  9.3300E-05,  3.1087E-04,  6.2075E-05,  1.5525E-04,  1.2406E-05,  6.2088E-05,  0.0000E+00,  2.7959E-05,  6.2100E-06,  1.8657E-05,  6.2135E-06,  2.1822E-05,  2.8063E-06,  6.2556E-05,  4.3862E-06,  9.4736E-05,  1.8803E-05,  8.5015E-05,  6.2860E-06,  6.3141E-05,  6.3020E-06,  1.5720E-05,  2.5059E-06,  1.2552E-05,  0.0000E+00,  3.1466E-06,  1.2566E-06,  6.3191E-06,  9.4623E-07,  6.3227E-06,  1.2644E-06,  3.1605E-06,  6.3109E-07,  2.8485E-06,  6.3249E-07,  2.5345E-06,  2.8510E-07,  3.1709E-06,  6.3398E-07,  9.5345E-06,  9.5264E-06,  1.9060E-05,  3.1744E-06,  3.1802E-06,  2.8681E-06,  3.1883E-05,  1.9102E-06,  0.0000E+00,  0.0000E+00,  0.0000E+00,  0.0000E+00,  0.0000E+00,  0.0000E+00,  6.4185E-07,  0.0000E+00,  3.8558E-07
  3.5000E+01,  3.4172E+06,  8.2257E+03,  0.0000E+00,  0.0000E+00,  0.0000E+00,  7.8899E+01,  2.0230E+01,  1.6775E+02,  4.0868E-03,  1.8924E+01,  1.5600E+00,  1.8321E+01,  1.6311E+00,  3.1851E+01,  2.0333E-02,  8.6493E+00,  1.5022E-02,  1.6081E-01,  3.2462E-02,  8.0952E+00,  2.6342E-02,  3.9531E-01,  3.7091E-02,  1.4882E+00,  5.0923E-01,  8.9971E+01,  1.1775E+00,  2.8379E+00,  2.7571E-02,  6.7371E-02,  4.4466E-03,  1.1152E-02,  6.6891E-04,  6.7384E-03,  8.9347E-04,  4.4949E-03,  6.7267E-04,  2.2405E-03,  4.4654E-04,  1.1169E-03,  8.9141E-05,  4.4677E-04,  0.0000E+00,  2.0137E-04,  4.4697E-05,  1.3453E-04,  4.4753E-05,  1.5760E-04,  2.0268E-05,  4.5233E-04,  3.1728E-05,  6.8581E-04,  1.3603E-04,  6.1536E-04,  4.5493E-05,  4.5708E-04,  4.5617E-05,  1.1376E-04,  1.8126E-05,  9.0825E-05,  0.0000E+00,  2.2775E-05,  9.0940E-06,  4.5745E-05,  6.8496E-06,  4.5771E-05,  9.1530E-06,  2.2880E-05,  4.5684E-06,  2.0621E-05,  4.5787E-06,  1.8347E-05,  2.0639E-06,  2.2954E-05,  4.5894E-06,  6.9016E-05,  6.8959E-05,  1.3797E-04,  2.2979E-05,  2.3019E-05,  2.0758E-05,  2.3075E-04,  1.3826E-05,  0.0000E+00,  0.0000E+00,  0.0000E+00,  0.0000E+00,  0.0000E+00,  0.0000E+00,  4.6448E-06,  0.0000E+00,  2.7903E-06,  1.8698E+05,  6.9796E+02,  0.0000E+00,  0.0000E+00,  0.0000E+00,  6.6944E+00,  1.7172E+00,  1.4235E+01,  3.8579E-04,  1.8024E+00,  1.4756E-01,  1.7442E+00,  1.5450E-01,  3.0391E+00,  1.9280E-03,  8.2527E-01,  1.4212E-03,  1.5063E-02,  3.0824E-03,  6.8696E-01,  2.4797E-03,  3.7115E-02,  3.4750E-03,  1.3983E-01,  4.7754E-02,  8.4670E+00,  1.1052E-01,  2.6828E-01,  2.5865E-03,  6.3242E-03,  4.1599E-04,  1.0426E-03,  6.2539E-05,  6.2953E-04,  8.3511E-05,  4.1993E-04,  6.2849E-05,  2.0935E-04,  4.1740E-05,  1.0440E-04,  8.3349E-06,  4.1759E-05,  0.0000E+00,  1.8818E-05,  4.1775E-06,  1.2570E-05,  4.1821E-06,  1.4722E-05,  1.8934E-06,  4.2258E-05,  2.9642E-06,  6.4080E-05,  1.2709E-05,  5.7496E-05,  4.2505E-06,  4.2709E-05,  4.2623E-06,  1.0629E-05,  1.6934E-06,  8.4857E-06,  0.0000E+00,  2.1279E-06,  8.4967E-07,  4.2743E-06,  6.4001E-07,  4.2767E-06,  8.5523E-07,  2.1378E-06,  4.2686E-07,  1.9267E-06,  4.2782E-07,  1.7143E-06,  1.9284E-07,  2.1447E-06,  4.2881E-07,  6.4486E-06,  6.4432E-06,  1.2891E-05,  2.1470E-06,  2.1508E-06,  1.9396E-06,  2.1561E-05,  1.2918E-06,  0.0000E+00,  0.0000E+00,  0.0000E+00,  0.0000E+00,  0.0000E+00,  0.0000E+00,  4.3407E-07,  0.0000E+00,  2.6076E-07
  4.0000E+01,  2.6204E+06,  5.4747E+03,  0.0000E+00,  0.0000E+00,  0.0000E+00,  5.2530E+01,  1.3465E+01,  1.1166E+02,  2.5907E-03,  1.1952E+01,  9.8818E-01,  1.1574E+01,  1.0326E+00,  2.0100E+01,  1.2867E-02,  5.4582E+00,  9.5144E-03,  1.0220E-01,  2.0531E-02,  5.3887E+00,  1.6715E-02,  2.5105E-01,  2.3571E-02,  9.4492E-01,  3.2353E-01,  5.7096E+01,  7.4785E-01,  1.7980E+00,  1.7514E-02,  4.2789E-02,  2.8271E-03,  7.0911E-03,  4.2535E-04,  4.2858E-03,  5.6819E-04,  2.8589E-03,  4.2782E-04,  1.4250E-03,  2.8396E-04,  7.1024E-04,  5.6682E-05,  2.8412E-04,  0.0000E+00,  1.2806E-04,  2.8425E-05,  8.5565E-05,  2.8462E-05,  1.0024E-04,  1.2891E-05,  2.8769E-04,  2.0179E-05,  4.3616E-04,  8.6517E-05,  3.9136E-04,  2.8933E-05,  2.9069E-04,  2.9012E-05,  7.2353E-05,  1.1528E-05,  5.7765E-05,  0.0000E+00,  1.4484E-05,  5.7837E-06,  2.9093E-05,  4.3562E-06,  2.9109E-05,  5.8211E-06,  1.4551E-05,  2.9054E-06,  1.3114E-05,  2.9119E-06,  1.1668E-05,  1.3126E-06,  1.4598E-05,  2.9187E-06,  4.3892E-05,  4.3856E-05,  8.7743E-05,  1.4614E-05,  1.4640E-05,  1.3202E-05,  1.4675E-04,  8.7929E-06,  0.0000E+00,  0.0000E+00,  0.0000E+00,  0.0000E+00,  0.0000E+00,  0.0000E+00,  2.9538E-06,  0.0000E+00,  1.7744E-06,  1.3173E+05,  4.0242E+02,  0.0000E+00,  0.0000E+00,  0.0000E+00,  3.8529E+00,  9.8892E-01,  8.1982E+00,  2.1267E-04,  9.8622E-01,  8.1182E-02,  9.5463E-01,  8.4885E-02,  1.6614E+00,  1.0583E-03,  4.5116E-01,  7.8173E-04,  8.3805E-03,  1.6901E-03,  3.9563E-01,  1.3711E-03,  2.0587E-02,  1.9329E-03,  7.7490E-02,  2.6529E-02,  4.6833E+00,  6.1324E-02,  1.4768E-01,  1.4362E-03,  3.5088E-03,  2.3184E-04,  5.8156E-04,  3.4884E-05,  3.5151E-04,  4.6601E-05,  2.3448E-04,  3.5089E-05,  1.1687E-04,  2.3289E-05,  5.8251E-05,  4.6487E-06,  2.3302E-05,  0.0000E+00,  1.0504E-05,  2.3313E-06,  7.0178E-06,  2.3344E-06,  8.2208E-06,  1.0572E-06,  2.3596E-05,  1.6552E-06,  3.5780E-05,  7.0967E-06,  3.2104E-05,  2.3734E-06,  2.3847E-05,  2.3799E-06,  5.9352E-06,  9.4562E-07,  4.7384E-06,  0.0000E+00,  1.1882E-06,  4.7444E-07,  2.3866E-06,  3.5736E-07,  2.3880E-06,  4.7754E-07,  1.1937E-06,  2.3834E-07,  1.0759E-06,  2.3889E-07,  9.5726E-07,  1.0768E-07,  1.1976E-06,  2.3945E-07,  3.6009E-06,  3.5979E-06,  7.1984E-06,  1.1989E-06,  1.2010E-06,  1.0830E-06,  1.2039E-05,  7.2136E-07,  0.0000E+00,  0.0000E+00,  0.0000E+00,  0.0000E+00,  0.0000E+00,  0.0000E+00,  2.4233E-07,  0.0000E+00,  1.4558E-07
  4.5000E+01,  2.0546E+06,  3.8452E+03,  0.0000E+00,  0.0000E+00,  0.0000E+00,  3.6921E+01,  9.4608E+00,  7.8457E+01,  1.7415E-03,  8.0232E+00,  6.6414E-01,  7.7702E+00,  6.9388E-01,  1.3486E+01,  8.6452E-03,  3.6621E+00,  6.3942E-03,  6.8717E-02,  1.3791E-02,  3.7863E+00,  1.1238E-02,  1.6880E-01,  1.5849E-02,  6.3533E-01,  2.1753E-01,  3.8387E+01,  5.0284E-01,  1.2085E+00,  1.1776E-02,  2.8770E-02,  1.9008E-03,  4.7676E-03,  2.8598E-04,  2.8815E-03,  3.8201E-04,  1.9221E-03,  2.8764E-04,  9.5803E-04,  1.9092E-04,  4.7752E-04,  3.8110E-05,  1.9102E-04,  0.0000E+00,  8.6101E-05,  1.9111E-05,  5.7528E-05,  1.9135E-05,  6.7392E-05,  8.6670E-06,  1.9342E-04,  1.3567E-05,  2.9322E-04,  5.8166E-05,  2.6310E-04,  1.9451E-05,  1.9543E-04,  1.9504E-05,  4.8642E-05,  7.7507E-06,  3.8835E-05,  0.0000E+00,  9.7376E-06,  3.8883E-06,  1.9558E-05,  2.9286E-06,  1.9569E-05,  3.9134E-06,  9.7821E-06,  1.9532E-06,  8.8164E-06,  1.9576E-06,  7.8443E-06,  8.8240E-07,  9.8137E-06,  1.9622E-06,  2.9507E-05,  2.9483E-05,  5.8986E-05,  9.8244E-06,  9.8417E-06,  8.8750E-06,  9.8656E-05,  5.9111E-06,  0.0000E+00,  0.0000E+00,  0.0000E+00,  0.0000E+00,  0.0000E+00,  0.0000E+00,  1.9858E-06,  0.0000E+00,  1.1929E-06,  9.4605E+04,  2.4937E+02,  0.0000E+00,  0.0000E+00,  0.0000E+00,  2.3906E+00,  6.1268E-01,  5.0843E+00,  1.2701E-04,  5.8532E-01,  4.8435E-02,  5.6681E-01,  5.0603E-02,  9.8427E-01,  6.3046E-04,  2.6728E-01,  4.6633E-04,  5.0121E-03,  1.0058E-03,  2.4536E-01,  8.1971E-04,  1.2313E-02,  1.1560E-03,  4.6344E-02,  1.5867E-02,  2.8000E+00,  3.6679E-02,  8.8136E-02,  8.5901E-04,  2.0986E-03,  1.3866E-04,  3.4781E-04,  2.0863E-05,  2.1024E-04,  2.7870E-05,  1.4024E-04,  2.0986E-05,  6.9897E-05,  1.3929E-05,  3.4838E-05,  2.7802E-06,  1.3936E-05,  0.0000E+00,  6.2817E-06,  1.3943E-06,  4.1972E-06,  1.3961E-06,  4.9172E-06,  6.3238E-07,  1.4113E-05,  9.8987E-07,  2.1395E-05,  4.2440E-06,  1.9197E-05,  1.4192E-06,  1.4260E-05,  1.4231E-06,  3.5491E-06,  5.6551E-07,  2.8335E-06,  0.0000E+00,  7.1050E-07,  2.8371E-07,  1.4271E-06,  2.1369E-07,  1.4279E-06,  2.8555E-07,  7.1378E-07,  1.4252E-07,  6.4332E-07,  1.4284E-07,  5.7239E-07,  6.4388E-08,  7.1609E-07,  1.4318E-07,  2.1531E-06,  2.1513E-06,  4.3041E-06,  7.1687E-07,  7.1814E-07,  6.4758E-07,  7.1986E-06,  4.3132E-07,  0.0000E+00,  0.0000E+00,  0.0000E+00,  0.0000E+00,  0.0000E+00,  0.0000E+00,  1.4489E-07,  0.0000E+00,  8.7038E-08
  5.0000E+01,  1.6422E+06,  2.8124E+03,  0.0000E+00,  0.0000E+00,  0.0000E+00,  2.7015E+01,  6.9234E+00,  5.7393E+01,  1.2235E-03,  5.6362E+00,  4.6659E-01,  5.4586E+00,  4.8749E-01,  9.4729E+00,  6.0737E-03,  2.5724E+00,  4.4923E-03,  4.8273E-02,  9.6891E-03,  2.7697E+00,  7.8948E-03,  1.1858E-01,  1.1134E-02,  4.4632E-01,  1.5282E-01,  2.6967E+01,  3.5324E-01,  8.4902E-01,  8.2729E-03,  2.0211E-02,  1.3353E-03,  3.3491E-03,  2.0089E-04,  2.0241E-03,  2.6835E-04,  1.3502E-03,  2.0205E-04,  6.7297E-04,  1.3411E-04,  3.3544E-04,  2.6771E-05,  1.3419E-04,  0.0000E+00,  6.0483E-05,  1.3425E-05,  4.0410E-05,  1.3442E-05,  4.7339E-05,  6.0880E-06,  1.3587E-04,  9.5298E-06,  2.0597E-04,  4.0858E-05,  1.8482E-04,  1.3663E-05,  1.3728E-04,  1.3701E-05,  3.4168E-05,  5.4444E-06,  2.7279E-05,  0.0000E+00,  6.8401E-06,  2.7313E-06,  1.3738E-05,  2.0572E-06,  1.3746E-05,  2.7489E-06,  6.8713E-06,  1.3720E-06,  6.1930E-06,  1.3751E-06,  5.5101E-06,  6.1983E-07,  6.8935E-06,  1.3783E-06,  2.0727E-05,  2.0710E-05,  4.1434E-05,  6.9010E-06,  6.9131E-06,  6.2341E-06,  6.9299E-05,  4.1522E-06,  0.0000E+00,  0.0000E+00,  0.0000E+00,  0.0000E+00,  0.0000E+00,  0.0000E+00,  1.3949E-06,  0.0000E+00,  8.3795E-07,  7.0356E+04,  1.6377E+02,  0.0000E+00,  0.0000E+00,  0.0000E+00,  1.5718E+00,  4.0228E-01,  3.3414E+00,  8.0196E-05,  3.6944E-01,  3.0584E-02,  3.5780E-01,  3.1954E-02,  6.2089E-01,  3.9813E-04,  1.6860E-01,  2.9446E-04,  3.1652E-03,  6.3514E-04,  1.6125E-01,  5.1757E-04,  7.7747E-03,  7.3003E-04,  2.9262E-02,  1.0020E-02,  1.7679E+00,  2.3160E-02,  5.5651E-02,  5.4242E-04,  1.3251E-03,  8.7551E-05,  2.1959E-04,  1.3172E-05,  1.3272E-04,  1.7595E-05,  8.8535E-05,  1.3248E-05,  4.4126E-05,  8.7935E-06,  2.1994E-05,  1.7553E-06,  8.7982E-06,  0.0000E+00,  3.9657E-06,  8.8023E-07,  2.6497E-06,  8.8135E-07,  3.1042E-06,  3.9922E-07,  8.9095E-06,  6.2490E-07,  1.3505E-05,  2.6792E-06,  1.2118E-05,  8.9591E-07,  9.0008E-06,  8.9831E-07,  2.2404E-06,  3.5701E-07,  1.7887E-06,  0.0000E+00,  4.4850E-07,  1.7909E-07,  9.0079E-07,  1.3488E-07,  9.0130E-07,  1.8024E-07,  4.5053E-07,  8.9961E-08,  4.0605E-07,  9.0161E-08,  3.6128E-07,  4.0640E-08,  4.5199E-07,  9.0372E-08,  1.3590E-06,  1.3579E-06,  2.7168E-06,  4.5249E-07,  4.5329E-07,  4.0877E-07,  4.5439E-06,  2.7226E-07,  0.0000E+00,  0.0000E+00,  0.0000E+00,  0.0000E+00,  0.0000E+00,  0.0000E+00,  9.1463E-08,  0.0000E+00,  5.4945E-08
  5.5000E+01,  1.3336E+06,  2.1227E+03,  0.0000E+00,  0.0000E+00,  0.0000E+00,  2.0396E+01,  5.2283E+00,  4.3322E+01,  8.9070E-04,  4.1034E+00,  3.3969E-01,  3.9741E+00,  3.5491E-01,  6.8968E+00,  4.4218E-03,  1.8728E+00,  3.2705E-03,  3.5141E-02,  7.0539E-03,  2.0907E+00,  5.7474E-03,  8.6328E-02,  8.1051E-03,  3.2492E-01,  1.1125E-01,  1.9632E+01,  2.5716E-01,  6.1811E-01,  6.0225E-03,  1.4713E-02,  9.7203E-04,  2.4381E-03,  1.4624E-04,  1.4735E-03,  1.9535E-04,  9.8289E-04,  1.4709E-04,  4.8991E-04,  9.7632E-05,  2.4419E-04,  1.9489E-05,  9.7684E-05,  0.0000E+00,  4.4030E-05,  9.7730E-06,  2.9418E-05,  9.7854E-06,  3.4461E-05,  4.4319E-06,  9.8906E-05,  6.9373E-06,  1.4994E-04,  2.9743E-05,  1.3454E-04,  9.9466E-06,  9.9934E-05,  9.9738E-06,  2.4874E-05,  3.9633E-06,  1.9859E-05,  0.0000E+00,  4.9795E-06,  1.9883E-06,  1.0001E-05,  1.4976E-06,  1.0007E-05,  2.0011E-06,  5.0022E-06,  9.9882E-07,  4.5084E-06,  1.0010E-06,  4.0112E-06,  4.5122E-07,  5.0183E-06,  1.0034E-06,  1.5089E-05,  1.5076E-05,  3.0163E-05,  5.0238E-06,  5.0326E-06,  4.5383E-06,  5.0448E-05,  3.0227E-06,  0.0000E+00,  0.0000E+00,  0.0000E+00,  0.0000E+00,  0.0000E+00,  0.0000E+00,  1.0154E-06,  0.0000E+00,  6.1001E-07,  5.3092E+04,  1.1210E+02,  0.0000E+00,  0.0000E+00,  0.0000E+00,  1.0760E+00,  2.7575E-01,  2.2870E+00,  5.2908E-05,  2.4369E-01,  2.0176E-02,  2.3601E-01,  2.1079E-02,  4.0955E-01,  2.6262E-04,  1.1121E-01,  1.9425E-04,  2.0875E-03,  4.1894E-04,  1.1037E-01,  3.4139E-04,  5.1277E-03,  4.8145E-04,  1.9299E-02,  6.6079E-03,  1.1661E+00,  1.5274E-02,  3.6714E-02,  3.5773E-04,  8.7394E-04,  5.7744E-05,  1.4483E-04,  8.6874E-06,  8.7519E-05,  1.1604E-05,  5.8381E-05,  8.7366E-06,  2.9100E-05,  5.7994E-06,  1.4505E-05,  1.1577E-06,  5.8025E-06,  0.0000E+00,  2.6153E-06,  5.8051E-07,  1.7473E-06,  5.8124E-07,  2.0469E-06,  2.6325E-07,  5.8752E-06,  4.1209E-07,  8.9062E-06,  1.7668E-06,  7.9915E-06,  5.9082E-07,  5.9359E-06,  5.9242E-07,  1.4775E-06,  2.3543E-07,  1.1796E-06,  0.0000E+00,  2.9577E-07,  1.1811E-07,  5.9406E-07,  8.8953E-08,  5.9439E-07,  1.1886E-07,  2.9712E-07,  5.9328E-08,  2.6779E-07,  5.9460E-08,  2.3826E-07,  2.6802E-08,  2.9808E-07,  5.9598E-08,  8.9623E-07,  8.9549E-07,  1.7916E-06,  2.9840E-07,  2.9892E-07,  2.6956E-07,  2.9965E-06,  1.7954E-07,  0.0000E+00,  0.0000E+00,  0.0000E+00,  0.0000E+00,  0.0000E+00,  0.0000E+00,  6.0314E-08,  0.0000E+00,  3.6233E-08
  6.3000E+01,  9.8002E+05,  1.4129E+03,  0.0000E+00,  0.0000E+00,  0.0000E+00,  1.3580E+01,  3.4818E+00,  2.8843E+01,  5.6213E-04,  2.5899E+00,  2.1438E-01,  2.5083E+00,  2.2399E-01,  4.3531E+00,  2.7908E-03,  1.1821E+00,  2.0641E-03,  2.2178E-02,  4.4521E-03,  1.3919E+00,  3.6273E-03,  5.4484E-02,  5.1152E-03,  2.0506E-01,  7.0211E-02,  1.2390E+01,  1.6230E-01,  3.9010E-01,  3.8010E-03,  9.2860E-03,  6.1345E-04,  1.5387E-03,  9.2296E-05,  9.2995E-04,  1.2329E-04,  6.2034E-04,  9.2832E-05,  3.0920E-04,  6.1617E-05,  1.5411E-04,  1.2299E-05,  6.1650E-05,  0.0000E+00,  2.7788E-05,  6.1679E-06,  1.8566E-05,  6.1758E-06,  2.1749E-05,  2.7971E-06,  6.2421E-05,  4.3782E-06,  9.4631E-05,  1.8771E-05,  8.4913E-05,  6.2775E-06,  6.3070E-05,  6.2947E-06,  1.5698E-05,  2.5013E-06,  1.2533E-05,  0.0000E+00,  3.1427E-06,  1.2549E-06,  6.3120E-06,  9.4516E-07,  6.3156E-06,  1.2630E-06,  3.1570E-06,  6.3038E-07,  2.8453E-06,  6.3178E-07,  2.5316E-06,  2.8477E-07,  3.1671E-06,  6.3324E-07,  9.5228E-06,  9.5149E-06,  1.9036E-05,  3.1706E-06,  3.1762E-06,  2.8642E-06,  3.1839E-05,  1.9077E-06,  0.0000E+00,  0.0000E+00,  0.0000E+00,  0.0000E+00,  0.0000E+00,  0.0000E+00,  6.4087E-07,  0.0000E+00,  3.8499E-07,  3.5290E+04,  6.5355E+01,  0.0000E+00,  0.0000E+00,  0.0000E+00,  6.2785E-01,  1.6089E-01,  1.3328E+00,  2.9236E-05,  1.3469E-01,  1.1150E-02,  1.3044E-01,  1.1649E-02,  2.2638E-01,  1.4514E-04,  6.1474E-02,  1.0735E-04,  1.1534E-03,  2.3153E-04,  6.4319E-02,  1.8864E-04,  2.8333E-03,  2.6602E-04,  1.0664E-02,  3.6512E-03,  6.4435E-01,  8.4400E-03,  2.0289E-02,  1.9766E-04,  4.8290E-04,  3.1902E-05,  8.0018E-05,  4.7998E-06,  4.8360E-05,  6.4116E-06,  3.2259E-05,  4.8276E-06,  1.6079E-05,  3.2043E-06,  8.0146E-06,  6.3962E-07,  3.2061E-06,  0.0000E+00,  1.4451E-06,  3.2076E-07,  9.6552E-07,  3.2117E-07,  1.1310E-06,  1.4545E-07,  3.2460E-06,  2.2768E-07,  4.9215E-06,  9.7615E-07,  4.4159E-06,  3.2646E-07,  3.2801E-06,  3.2736E-07,  8.1637E-07,  1.3007E-07,  6.5176E-07,  0.0000E+00,  1.6343E-07,  6.5258E-08,  3.2827E-07,  4.9154E-08,  3.2846E-07,  6.5683E-08,  1.6419E-07,  3.2784E-08,  1.4798E-07,  3.2858E-08,  1.3166E-07,  1.4811E-08,  1.6472E-07,  3.2934E-08,  4.9525E-07,  4.9484E-07,  9.9002E-07,  1.6489E-07,  1.6518E-07,  1.4895E-07,  1.6558E-06,  9.9210E-08,  0.0000E+00,  0.0000E+00,  0.0000E+00,  0.0000E+00,  0.0000E+00,  0.0000E+00,  3.3328E-08,  0.0000E+00,  2.0021E-08
  7.1000E+01,  7.4151E+05,  9.8889E+02,  0.0000E+00,  0.0000E+00,  0.0000E+00,  9.5048E+00,  2.4382E+00,  2.0197E+01,  3.7581E-04,  1.7316E+00,  1.4333E-01,  1.6770E+00,  1.4975E-01,  2.9103E+00,  1.8658E-03,  7.9030E-01,  1.3799E-03,  1.4828E-02,  2.9765E-03,  9.7470E-01,  2.4251E-03,  3.6427E-02,  3.4199E-03,  1.3710E-01,  4.6941E-02,  8.2838E+00,  1.0851E-01,  2.6080E-01,  2.5412E-03,  6.2084E-03,  4.1013E-04,  1.0287E-03,  6.1706E-05,  6.2174E-04,  8.2429E-05,  4.1474E-04,  6.2064E-05,  2.0672E-04,  4.1195E-05,  1.0304E-04,  8.2230E-06,  4.1217E-05,  0.0000E+00,  1.8578E-05,  4.1237E-06,  1.2413E-05,  4.1289E-06,  1.4541E-05,  1.8701E-06,  4.1733E-05,  2.9272E-06,  6.3267E-05,  1.2550E-05,  5.6770E-05,  4.1970E-06,  4.2167E-05,  4.2084E-06,  1.0495E-05,  1.6723E-06,  8.3794E-06,  0.0000E+00,  2.1011E-06,  8.3898E-07,  4.2200E-06,  6.3190E-07,  4.2224E-06,  8.4436E-07,  2.1106E-06,  4.2145E-07,  1.9022E-06,  4.2238E-07,  1.6925E-06,  1.9039E-07,  2.1174E-06,  4.2336E-07,  6.3666E-06,  6.3613E-06,  1.2727E-05,  2.1197E-06,  2.1235E-06,  1.9149E-06,  2.1287E-05,  1.2754E-06,  0.0000E+00,  0.0000E+00,  0.0000E+00,  0.0000E+00,  0.0000E+00,  0.0000E+00,  4.2847E-07,  0.0000E+00,  2.5739E-07,  2.4338E+04,  4.0638E+01,  0.0000E+00,  0.0000E+00,  0.0000E+00,  3.9101E-01,  1.0000E-01,  8.2854E-01,  1.7343E-05,  7.9907E-02,  6.6144E-03,  7.7387E-02,  6.9107E-03,  1.3431E-01,  8.6101E-05,  3.6472E-02,  6.3682E-05,  6.8422E-04,  1.3736E-04,  3.9984E-02,  1.1191E-04,  1.6810E-03,  1.5781E-04,  6.3268E-03,  2.1661E-03,  3.8228E-01,  5.0073E-03,  1.2036E-02,  1.1727E-04,  2.8650E-04,  1.8926E-05,  4.7472E-05,  2.8475E-06,  2.8694E-05,  3.8039E-06,  1.9141E-05,  2.8643E-06,  9.5400E-06,  1.9011E-06,  4.7549E-06,  3.7946E-07,  1.9021E-06,  0.0000E+00,  8.5737E-07,  1.9030E-07,  5.7286E-07,  1.9055E-07,  6.7107E-07,  8.6303E-08,  1.9259E-06,  1.3508E-07,  2.9195E-06,  5.7915E-07,  2.6198E-06,  1.9368E-07,  1.9458E-06,  1.9420E-07,  4.8433E-07,  7.7173E-08,  3.8668E-07,  0.0000E+00,  9.6959E-08,  3.8716E-08,  1.9474E-07,  2.9160E-08,  1.9485E-07,  3.8964E-08,  9.7398E-08,  1.9448E-08,  8.7782E-08,  1.9491E-08,  7.8103E-08,  8.7858E-09,  9.7713E-08,  1.9537E-08,  2.9380E-07,  2.9355E-07,  5.8731E-07,  9.7820E-08,  9.7991E-08,  8.8366E-08,  9.8230E-07,  5.8856E-08,  0.0000E+00,  0.0000E+00,  0.0000E+00,  0.0000E+00,  0.0000E+00,  0.0000E+00,  1.9773E-08,  0.0000E+00,  1.1878E-08
  8.0000E+01,  5.5674E+05,  6.9263E+02,  0.0000E+00,  0.0000E+00,  0.0000E+00,  6.6542E+00,  1.7079E+00,  1.4148E+01,  2.5136E-04,  1.1581E+00,  9.5864E-02,  1.1216E+00,  1.0016E-01,  1.9465E+00,  1.2479E-03,  5.2859E-01,  9.2297E-04,  9.9175E-03,  1.9909E-03,  6.8276E-01,  1.6220E-03,  2.4364E-02,  2.2874E-03,  9.1698E-02,  3.1396E-02,  5.5405E+00,  7.2575E-02,  1.7444E-01,  1.6997E-03,  4.1524E-03,  2.7432E-04,  6.8806E-04,  4.1272E-05,  4.1584E-04,  5.5132E-05,  2.7739E-04,  4.1511E-05,  1.3826E-04,  2.7553E-05,  6.8915E-05,  5.4999E-06,  2.7568E-05,  0.0000E+00,  1.2426E-05,  2.7581E-06,  8.3022E-06,  2.7616E-06,  9.7255E-06,  1.2508E-06,  2.7913E-05,  1.9579E-06,  4.2316E-05,  8.3942E-06,  3.7970E-05,  2.8072E-06,  2.8203E-05,  2.8148E-06,  7.0199E-06,  1.1185E-06,  5.6045E-06,  0.0000E+00,  1.4053E-06,  5.6115E-07,  2.8225E-06,  4.2264E-07,  2.8241E-06,  5.6475E-07,  1.4117E-06,  2.8188E-07,  1.2723E-06,  2.8251E-07,  1.1320E-06,  1.2734E-07,  1.4162E-06,  2.8316E-07,  4.2582E-06,  4.2547E-06,  8.5124E-06,  1.4178E-06,  1.4203E-06,  1.2808E-06,  1.4238E-05,  8.5306E-07,  0.0000E+00,  0.0000E+00,  0.0000E+00,  0.0000E+00,  0.0000E+00,  0.0000E+00,  2.8658E-07,  0.0000E+00,  1.7215E-07,  1.6723E+04,  2.5197E+01,  0.0000E+00,  0.0000E+00,  0.0000E+00,  2.4246E-01,  6.2278E-02,  5.1582E-01,  1.0313E-05,  4.7518E-02,  3.9331E-03,  4.6021E-02,  4.1094E-03,  7.9865E-02,  5.1201E-05,  2.1688E-02,  3.7867E-05,  4.0692E-04,  8.1682E-05,  2.4893E-02,  6.6551E-05,  9.9971E-04,  9.3854E-05,  3.7626E-03,  1.2883E-03,  2.2733E-01,  2.9780E-03,  7.1566E-03,  6.9744E-05,  1.7039E-04,  1.1255E-05,  2.8230E-05,  1.6933E-06,  1.7061E-05,  2.2620E-06,  1.1381E-05,  1.7031E-06,  5.6727E-06,  1.1305E-06,  2.8275E-06,  2.2566E-07,  1.1311E-06,  0.0000E+00,  5.0983E-07,  1.1316E-07,  3.4063E-07,  1.1331E-07,  3.9903E-07,  5.1317E-08,  1.1452E-06,  8.0328E-08,  1.7363E-06,  3.4440E-07,  1.5580E-06,  1.1518E-07,  1.1572E-06,  1.1549E-07,  2.8802E-07,  4.5892E-08,  2.2995E-07,  0.0000E+00,  5.7660E-08,  2.3024E-08,  1.1581E-07,  1.7342E-08,  1.1588E-07,  2.3172E-08,  5.7924E-08,  1.1566E-08,  5.2205E-08,  1.1592E-08,  4.6449E-08,  5.2250E-09,  5.8112E-08,  1.1619E-08,  1.7473E-07,  1.7458E-07,  3.4929E-07,  5.8176E-08,  5.8277E-08,  5.2552E-08,  5.8418E-07,  3.5002E-08,  0.0000E+00,  0.0000E+00,  0.0000E+00,  0.0000E+00,  0.0000E+00,  0.0000E+00,  1.1759E-08,  0.0000E+00,  7.0638E-09
  9.0000E+01,  4.1613E+05,  4.8750E+02,  0.0000E+00,  0.0000E+00,  0.0000E+00,  4.6820E+00,  1.2014E+00,  9.9566E+00,  1.6892E-04,  7.7828E-01,  6.4422E-02,  7.5374E-01,  6.7309E-02,  1.3081E+00,  8.3862E-04,  3.5522E-01,  6.2025E-04,  6.6646E-03,  1.3378E-03,  4.8050E-01,  1.0900E-03,  1.6372E-02,  1.5371E-03,  6.1621E-02,  2.1098E-02,  3.7233E+00,  4.8770E-02,  1.1722E-01,  1.1422E-03,  2.7904E-03,  1.8435E-04,  4.6238E-04,  2.7735E-05,  2.7945E-04,  3.7049E-05,  1.8641E-04,  2.7895E-05,  9.2912E-05,  1.8516E-05,  4.6312E-05,  3.6960E-06,  1.8526E-05,  0.0000E+00,  8.3503E-06,  1.8535E-06,  5.5791E-06,  1.8558E-06,  6.5356E-06,  8.4051E-07,  1.8758E-05,  1.3157E-06,  2.8436E-05,  5.6409E-06,  2.5516E-05,  1.8864E-06,  1.8952E-05,  1.8915E-06,  4.7174E-06,  7.5166E-07,  3.7663E-06,  0.0000E+00,  9.4436E-07,  3.7710E-07,  1.8967E-06,  2.8401E-07,  1.8978E-06,  3.7950E-07,  9.4864E-07,  1.8942E-07,  8.5497E-07,  1.8984E-07,  7.6070E-07,  8.5571E-08,  9.5168E-07,  1.9028E-07,  2.8615E-06,  2.8591E-06,  5.7202E-06,  9.5272E-07,  9.5441E-07,  8.6068E-07,  9.5676E-06,  5.7325E-07,  0.0000E+00,  0.0000E+00,  0.0000E+00,  0.0000E+00,  0.0000E+00,  0.0000E+00,  1.9258E-07,  0.0000E+00,  1.1569E-07,  1.1398E+04,  1.5830E+01,  0.0000E+00,  0.0000E+00,  0.0000E+00,  1.5199E-01,  3.9029E-02,  3.2241E-01,  6.1757E-06,  2.8455E-02,  2.3554E-03,  2.7559E-02,  2.4610E-03,  4.7824E-02,  3.0663E-05,  1.2987E-02,  2.2677E-05,  2.4366E-04,  4.8918E-05,  1.5559E-02,  3.9851E-05,  5.9858E-04,  5.6198E-05,  2.2529E-03,  7.7137E-04,  1.3613E-01,  1.7831E-03,  4.2858E-03,  4.1759E-05,  1.0202E-04,  6.7397E-06,  1.6905E-05,  1.0140E-06,  1.0217E-05,  1.3546E-06,  6.8157E-06,  1.0199E-06,  3.3971E-06,  6.7697E-07,  1.6932E-06,  1.3513E-07,  6.7734E-07,  0.0000E+00,  3.0531E-07,  6.7766E-08,  2.0399E-07,  6.7853E-08,  2.3897E-07,  3.0733E-08,  6.8583E-07,  4.8105E-08,  1.0397E-06,  2.0625E-07,  9.3294E-07,  6.8973E-08,  6.9296E-07,  6.9160E-08,  1.7248E-07,  2.7482E-08,  1.3771E-07,  0.0000E+00,  3.4529E-08,  1.3788E-08,  6.9351E-08,  1.0385E-08,  6.9390E-08,  1.3876E-08,  3.4686E-08,  6.9260E-09,  3.1261E-08,  6.9413E-09,  2.7814E-08,  3.1287E-09,  3.4796E-08,  6.9572E-09,  1.0462E-07,  1.0454E-07,  2.0915E-07,  3.4834E-08,  3.4895E-08,  3.1468E-08,  3.4981E-07,  2.0959E-08,  0.0000E+00,  0.0000E+00,  0.0000E+00,  0.0000E+00,  0.0000E+00,  0.0000E+00,  7.0411E-09,  0.0000E+00,  4.2298E-09
  1.0000E+02,  3.1905E+05,  3.5629E+02,  0.0000E+00,  0.0000E+00,  0.0000E+00,  3.4224E+00,  8.7796E-01,  7.2811E+00,  1.1858E-04,  5.4632E-01,  4.5222E-02,  5.2910E-01,  4.7248E-02,  9.1825E-01,  5.8867E-04,  2.4935E-01,  4.3539E-04,  4.6783E-03,  9.3910E-04,  3.5138E-01,  7.6514E-04,  1.1493E-02,  1.0790E-03,  4.3256E-02,  1.4810E-02,  2.6136E+00,  3.4234E-02,  8.2287E-02,  8.0176E-04,  1.9588E-03,  1.2940E-04,  3.2457E-04,  1.9469E-05,  1.9616E-04,  2.6007E-05,  1.3085E-04,  1.9581E-05,  6.5219E-05,  1.2997E-05,  3.2509E-05,  2.5945E-06,  1.3004E-05,  0.0000E+00,  5.8615E-06,  1.3010E-06,  3.9162E-06,  1.3027E-06,  4.5876E-06,  5.8999E-07,  1.3167E-05,  9.2356E-07,  1.9960E-05,  3.9597E-06,  1.7911E-05,  1.3242E-06,  1.3303E-05,  1.3277E-06,  3.3114E-06,  5.2763E-07,  2.6438E-06,  0.0000E+00,  6.6290E-07,  2.6470E-07,  1.3314E-06,  1.9936E-07,  1.3321E-06,  2.6639E-07,  6.6590E-07,  1.3297E-07,  6.0015E-07,  1.3326E-07,  5.3398E-07,  6.0067E-08,  6.6804E-07,  1.3357E-07,  2.0087E-06,  2.0070E-06,  4.0154E-06,  6.6877E-07,  6.6996E-07,  6.0417E-07,  6.7161E-06,  4.0240E-07,  0.0000E+00,  0.0000E+00,  0.0000E+00,  0.0000E+00,  0.0000E+00,  0.0000E+00,  1.3518E-07,  0.0000E+00,  8.1209E-08,  8.0193E+03,  1.0412E+01,  0.0000E+00,  0.0000E+00,  0.0000E+00,  9.9930E-02,  2.5661E-02,  2.1269E-01,  3.8928E-06,  1.7936E-02,  1.4846E-03,  1.7370E-02,  1.5512E-03,  3.0146E-02,  1.9326E-05,  8.1862E-03,  1.4294E-05,  1.5360E-04,  3.0831E-05,  1.0264E-02,  2.5120E-05,  3.7733E-04,  3.5427E-05,  1.4202E-03,  4.8626E-04,  8.5806E-02,  1.1240E-03,  2.7015E-03,  2.6324E-05,  6.4311E-05,  4.2486E-06,  1.0656E-05,  6.3921E-07,  6.4404E-06,  8.5386E-07,  4.2962E-06,  6.4291E-07,  2.1413E-06,  4.2673E-07,  1.0673E-06,  8.5181E-08,  4.2696E-07,  0.0000E+00,  1.9245E-07,  4.2716E-08,  1.2858E-07,  4.2770E-08,  1.5062E-07,  1.9371E-08,  4.3230E-07,  3.0322E-08,  6.5534E-07,  1.3000E-07,  5.8805E-07,  4.3475E-08,  4.3678E-07,  4.3592E-08,  1.0872E-07,  1.7323E-08,  8.6798E-08,  0.0000E+00,  2.1764E-08,  8.6906E-09,  4.3712E-08,  6.5455E-09,  4.3736E-08,  8.7461E-09,  2.1862E-08,  4.3655E-09,  1.9704E-08,  4.3751E-09,  1.7531E-08,  1.9720E-09,  2.1932E-08,  4.3851E-09,  6.5943E-08,  6.5889E-08,  1.3182E-07,  2.1956E-08,  2.1994E-08,  1.9834E-08,  2.2048E-07,  1.3210E-08,  0.0000E+00,  0.0000E+00,  0.0000E+00,  0.0000E+00,  0.0000E+00,  0.0000E+00,  4.4376E-09,  0.0000E+00,  2.6658E-09
  1.1000E+02,  2.5034E+05,  2.6858E+02,  0.0000E+00,  0.0000E+00,  0.0000E+00,  2.5805E+00,  6.6180E-01,  5.4893E+00,  8.6271E-05,  3.9748E-01,  3.2901E-02,  3.8494E-01,  3.4375E-02,  6.6807E-01,  4.2828E-04,  1.8142E-01,  3.1676E-04,  3.4036E-03,  6.8324E-04,  2.6491E-01,  5.5667E-04,  8.3612E-03,  7.8501E-04,  3.1470E-02,  1.0775E-02,  1.9015E+00,  2.4907E-02,  5.9867E-02,  5.8330E-04,  1.4251E-03,  9.4146E-05,  2.3614E-04,  1.4164E-05,  1.4271E-04,  1.8921E-05,  9.5195E-05,  1.4246E-05,  4.7449E-05,  9.4560E-06,  2.3651E-05,  1.8876E-06,  9.4611E-06,  0.0000E+00,  4.2645E-06,  9.4655E-07,  2.8492E-06,  9.4775E-07,  3.3376E-06,  4.2924E-07,  9.5796E-06,  6.7193E-07,  1.4522E-05,  2.8808E-06,  1.3031E-05,  9.6340E-07,  9.6789E-06,  9.6600E-07,  2.4092E-06,  3.8387E-07,  1.9235E-06,  0.0000E+00,  4.8229E-07,  1.9258E-07,  9.6865E-07,  1.4505E-07,  9.6920E-07,  1.9381E-07,  4.8447E-07,  9.6738E-08,  4.3664E-07,  9.6954E-08,  3.8850E-07,  4.3702E-08,  4.8604E-07,  9.7178E-08,  1.4614E-06,  1.4602E-06,  2.9214E-06,  4.8657E-07,  4.8744E-07,  4.3958E-07,  4.8865E-06,  2.9278E-07,  0.0000E+00,  0.0000E+00,  0.0000E+00,  0.0000E+00,  0.0000E+00,  0.0000E+00,  9.8358E-08,  0.0000E+00,  5.9087E-08,  5.7218E+03,  7.1297E+00,  0.0000E+00,  0.0000E+00,  0.0000E+00,  6.8450E-02,  1.7571E-02,  1.4567E-01,  2.5687E-06,  1.1833E-02,  9.7960E-04,  1.1460E-02,  1.0235E-03,  1.9890E-02,  1.2752E-05,  5.4010E-03,  9.4315E-06,  1.0134E-04,  2.0342E-05,  7.0298E-03,  1.6574E-05,  2.4895E-04,  2.3374E-05,  9.3699E-04,  3.2082E-04,  5.6614E-02,  7.4157E-04,  1.7825E-03,  1.7368E-05,  4.2430E-05,  2.8031E-06,  7.0307E-06,  4.2172E-07,  4.2490E-06,  5.6333E-07,  2.8343E-06,  4.2415E-07,  1.4127E-06,  2.8154E-07,  7.0417E-07,  5.6199E-08,  2.8169E-07,  0.0000E+00,  1.2697E-07,  2.8182E-08,  8.4830E-08,  2.8218E-08,  9.9372E-08,  1.2780E-08,  2.8520E-07,  2.0004E-08,  4.3231E-07,  8.5766E-08,  3.8793E-07,  2.8680E-08,  2.8813E-07,  2.8757E-08,  7.1722E-08,  1.1428E-08,  5.7263E-08,  0.0000E+00,  1.4358E-08,  5.7333E-09,  2.8835E-08,  4.3179E-09,  2.8851E-08,  5.7695E-09,  1.4422E-08,  2.8798E-09,  1.2998E-08,  2.8861E-09,  1.1565E-08,  1.3009E-09,  1.4468E-08,  2.8928E-09,  4.3502E-08,  4.3466E-08,  8.6963E-08,  1.4484E-08,  1.4510E-08,  1.3085E-08,  1.4545E-07,  8.7149E-09,  0.0000E+00,  0.0000E+00,  0.0000E+00,  0.0000E+00,  0.0000E+00,  0.0000E+00,  2.9276E-09,  0.0000E+00,  1.7587E-09
  1.2000E+02,  2.0071E+05,  2.0770E+02,  0.0000E+00,  0.0000E+00,  0.0000E+00,  1.9959E+00,  5.1177E-01,  4.2454E+00,  6.4641E-05,  2.9783E-01,  2.4652E-02,  2.8844E-01,  2.5756E-02,  5.0058E-01,  3.2090E-04,  1.3593E-01,  2.3734E-04,  2.5502E-03,  5.1194E-04,  2.0488E-01,  4.1711E-04,  6.2649E-03,  5.8819E-04,  2.3580E-02,  8.0733E-03,  1.4248E+00,  1.8662E-02,  4.4857E-02,  4.3706E-04,  1.0678E-03,  7.0543E-05,  1.7694E-04,  1.0613E-05,  1.0693E-04,  1.4177E-05,  7.1330E-05,  1.0674E-05,  3.5553E-05,  7.0854E-06,  1.7722E-05,  1.4143E-06,  7.0892E-06,  0.0000E+00,  3.1954E-06,  7.0925E-07,  2.1349E-06,  7.1015E-07,  2.5009E-06,  3.2163E-07,  7.1781E-06,  5.0349E-07,  1.0882E-05,  2.1587E-06,  9.7645E-06,  7.2190E-07,  7.2527E-06,  7.2385E-07,  1.8053E-06,  2.8764E-07,  1.4413E-06,  0.0000E+00,  3.6139E-07,  1.4431E-07,  7.2584E-07,  1.0869E-07,  7.2625E-07,  1.4523E-07,  3.6303E-07,  7.2489E-08,  3.2719E-07,  7.2651E-08,  2.9112E-07,  3.2747E-08,  3.6421E-07,  7.2820E-08,  1.0951E-06,  1.0942E-06,  2.1892E-06,  3.6461E-07,  3.6526E-07,  3.2940E-07,  3.6617E-06,  2.1939E-07,  0.0000E+00,  0.0000E+00,  0.0000E+00,  0.0000E+00,  0.0000E+00,  0.0000E+00,  7.3706E-08,  0.0000E+00,  4.4277E-08,  4.2043E+03,  5.0464E+00,  0.0000E+00,  0.0000E+00,  0.0000E+00,  4.8466E-02,  1.2437E-02,  1.0312E-01,  1.7573E-06,  8.0968E-03,  6.7017E-04,  7.8414E-03,  7.0019E-04,  1.3609E-02,  8.7238E-06,  3.6955E-03,  6.4523E-06,  6.9327E-05,  1.3917E-05,  4.9767E-03,  1.1339E-05,  1.7031E-04,  1.5990E-05,  6.4102E-04,  2.1947E-04,  3.8732E-02,  5.0732E-04,  1.2195E-03,  1.1881E-05,  2.9027E-05,  1.9176E-06,  4.8097E-06,  2.8850E-07,  2.9065E-06,  3.8537E-07,  1.9388E-06,  2.9015E-07,  9.6641E-07,  1.9260E-07,  4.8172E-07,  3.8446E-08,  1.9270E-07,  0.0000E+00,  8.6857E-08,  1.9279E-08,  5.8029E-08,  1.9303E-08,  6.7975E-08,  8.7420E-09,  1.9509E-07,  1.3684E-08,  2.9574E-07,  5.8670E-08,  2.6538E-07,  1.9620E-08,  1.9711E-07,  1.9672E-08,  4.9064E-08,  7.8178E-09,  3.9172E-08,  0.0000E+00,  9.8218E-09,  3.9221E-09,  1.9726E-08,  2.9538E-09,  1.9737E-08,  3.9470E-09,  9.8661E-09,  1.9700E-09,  8.8921E-09,  1.9744E-09,  7.9116E-09,  8.8997E-10,  9.8980E-09,  1.9790E-09,  2.9761E-08,  2.9736E-08,  5.9493E-08,  9.9088E-09,  9.9264E-09,  8.9516E-09,  9.9508E-08,  5.9621E-09,  0.0000E+00,  0.0000E+00,  0.0000E+00,  0.0000E+00,  0.0000E+00,  0.0000E+00,  2.0029E-09,  0.0000E+00,  1.2032E-09
  1.4000E+02,  1.3431E+05,  1.2988E+02,  0.0000E+00,  0.0000E+00,  0.0000E+00,  1.2483E+00,  3.1998E-01,  2.6549E+00,  3.8097E-05,  1.7553E-01,  1.4529E-02,  1.6999E-01,  1.5180E-02,  2.9502E-01,  1.8913E-04,  8.0114E-02,  1.3988E-04,  1.5031E-03,  3.0172E-04,  1.2812E-01,  2.4583E-04,  3.6925E-03,  3.4668E-04,  1.3898E-02,  4.7583E-03,  8.3973E-01,  1.0999E-02,  2.6437E-02,  2.5760E-04,  6.2933E-04,  4.1579E-05,  1.0429E-04,  6.2557E-06,  6.3029E-05,  8.3564E-06,  4.2044E-05,  6.2918E-06,  2.0956E-05,  4.1763E-06,  1.0446E-05,  8.3364E-07,  4.1785E-06,  0.0000E+00,  1.8834E-06,  4.1805E-07,  1.2584E-06,  4.1858E-07,  1.4741E-06,  1.8958E-07,  4.2312E-06,  2.9679E-07,  6.4146E-06,  1.2725E-06,  5.7559E-06,  4.2553E-07,  4.2753E-06,  4.2669E-07,  1.0641E-06,  1.6955E-07,  8.4958E-07,  0.0000E+00,  2.1303E-07,  8.5064E-08,  4.2787E-07,  6.4068E-08,  4.2811E-07,  8.5610E-08,  2.1400E-07,  4.2730E-08,  1.9287E-07,  4.2826E-08,  1.7161E-07,  1.9304E-08,  2.1469E-07,  4.2925E-08,  6.4555E-07,  6.4500E-07,  1.2905E-06,  2.1493E-07,  2.1532E-07,  1.9418E-07,  2.1585E-06,  1.2933E-07,  0.0000E+00,  0.0000E+00,  0.0000E+00,  0.0000E+00,  0.0000E+00,  0.0000E+00,  4.3450E-08,  0.0000E+00,  2.6102E-08,  2.4355E+03,  2.7356E+00,  0.0000E+00,  0.0000E+00,  0.0000E+00,  2.6288E-02,  6.7416E-03,  5.5923E-02,  8.9703E-07,  4.1332E-03,  3.4211E-04,  4.0029E-03,  3.5744E-04,  6.9472E-03,  4.4536E-06,  1.8865E-03,  3.2938E-06,  3.5387E-05,  7.1049E-06,  2.6988E-03,  5.7880E-06,  8.6935E-05,  8.1618E-06,  3.2720E-04,  1.1203E-04,  1.9771E-02,  2.5896E-04,  6.2250E-04,  6.0647E-06,  1.4817E-05,  9.7880E-07,  2.4551E-06,  1.4727E-07,  1.4837E-06,  1.9672E-07,  9.8975E-07,  1.4811E-07,  4.9332E-07,  9.8313E-08,  2.4590E-07,  1.9625E-08,  9.8366E-08,  0.0000E+00,  4.4337E-08,  9.8412E-09,  2.9623E-08,  9.8537E-09,  3.4701E-08,  4.4628E-09,  9.9595E-08,  6.9859E-09,  1.5100E-07,  2.9952E-08,  1.3549E-07,  1.0017E-08,  1.0064E-07,  1.0044E-08,  2.5049E-08,  3.9911E-09,  1.9998E-08,  0.0000E+00,  5.0146E-09,  2.0023E-09,  1.0072E-08,  1.5081E-09,  1.0077E-08,  2.0152E-09,  5.0374E-09,  1.0058E-09,  4.5400E-09,  1.0081E-09,  4.0394E-09,  4.5439E-10,  5.0535E-09,  1.0104E-09,  1.5195E-08,  1.5182E-08,  3.0375E-08,  5.0591E-09,  5.0681E-09,  4.5705E-09,  5.0807E-08,  3.0441E-09,  0.0000E+00,  0.0000E+00,  0.0000E+00,  0.0000E+00,  0.0000E+00,  0.0000E+00,  1.0227E-09,  0.0000E+00,  6.1436E-10
  1.6000E+02,  9.4709E+04,  8.6427E+01,  0.0000E+00,  0.0000E+00,  0.0000E+00,  8.3069E-01,  2.1290E-01,  1.7665E+00,  2.4116E-05,  1.1111E-01,  9.1969E-03,  1.0760E-01,  9.6088E-03,  1.8674E-01,  1.1972E-04,  5.0710E-02,  8.8547E-05,  9.5154E-04,  1.9099E-04,  8.5250E-02,  1.5562E-04,  2.3375E-03,  2.1946E-04,  8.7976E-03,  3.0122E-03,  5.3157E-01,  6.9629E-03,  1.6735E-02,  1.6307E-04,  3.9839E-04,  2.6322E-05,  6.6022E-05,  3.9602E-06,  3.9902E-05,  5.2901E-06,  2.6617E-05,  3.9831E-06,  1.3267E-05,  2.6438E-06,  6.6127E-06,  5.2774E-07,  2.6453E-06,  0.0000E+00,  1.1923E-06,  2.6465E-07,  7.9663E-07,  2.6499E-07,  9.3324E-07,  1.2002E-07,  2.6787E-06,  1.8789E-07,  4.0610E-06,  8.0557E-07,  3.6440E-06,  2.6940E-07,  2.7066E-06,  2.7013E-07,  6.7369E-07,  1.0734E-07,  5.3786E-07,  0.0000E+00,  1.3487E-07,  5.3853E-08,  2.7088E-07,  4.0561E-08,  2.7103E-07,  5.4199E-08,  1.3548E-07,  2.7052E-08,  1.2211E-07,  2.7113E-08,  1.0864E-07,  1.2221E-08,  1.3592E-07,  2.7176E-08,  4.0870E-07,  4.0836E-07,  8.1701E-07,  1.3607E-07,  1.3632E-07,  1.2293E-07,  1.3666E-06,  8.1879E-08,  0.0000E+00,  0.0000E+00,  0.0000E+00,  0.0000E+00,  0.0000E+00,  0.0000E+00,  2.7509E-08,  0.0000E+00,  1.6526E-08,  1.5248E+03,  1.6096E+00,  0.0000E+00,  0.0000E+00,  0.0000E+00,  1.5477E-02,  3.9669E-03,  3.2916E-02,  5.0108E-07,  2.3088E-03,  1.9110E-04,  2.2360E-03,  1.9966E-04,  3.8807E-03,  2.4877E-06,  1.0538E-03,  1.8399E-06,  1.9769E-05,  3.9687E-06,  1.5885E-03,  3.2334E-06,  4.8566E-05,  4.5596E-06,  1.8279E-04,  6.2583E-05,  1.1045E-02,  1.4467E-04,  3.4772E-04,  3.3881E-06,  8.2774E-06,  5.4687E-07,  1.3717E-06,  8.2279E-08,  8.2899E-07,  1.0991E-07,  5.5299E-07,  8.2753E-08,  2.7563E-07,  5.4929E-08,  1.3739E-07,  1.0965E-08,  5.4959E-08,  0.0000E+00,  2.4772E-08,  5.4985E-09,  1.6551E-08,  5.5054E-09,  1.9389E-08,  2.4935E-09,  5.5651E-08,  3.9035E-09,  8.4361E-08,  1.6736E-08,  7.5700E-08,  5.5967E-09,  5.6226E-08,  5.6117E-09,  1.3996E-08,  2.2301E-09,  1.1174E-08,  0.0000E+00,  2.8017E-09,  1.1188E-09,  5.6270E-09,  8.4259E-10,  5.6301E-09,  1.1259E-09,  2.8143E-09,  5.6197E-10,  2.5365E-09,  5.6321E-10,  2.2568E-09,  2.5387E-10,  2.8234E-09,  5.6452E-10,  8.4897E-09,  8.4825E-09,  1.6971E-08,  2.8266E-09,  2.8317E-09,  2.5536E-09,  2.8387E-08,  1.7008E-09,  0.0000E+00,  0.0000E+00,  0.0000E+00,  0.0000E+00,  0.0000E+00,  0.0000E+00,  5.7138E-10,  0.0000E+00,  3.4324E-10
  1.8000E+02,  6.9247E+04,  6.0245E+01,  0.0000E+00,  0.0000E+00,  0.0000E+00,  5.7891E-01,  1.4838E-01,  1.2311E+00,  1.6106E-05,  7.4201E-02,  6.1423E-03,  7.1862E-02,  6.4173E-03,  1.2471E-01,  7.9953E-05,  3.3866E-02,  5.9137E-05,  6.3551E-04,  1.2755E-04,  5.9410E-02,  1.0393E-04,  1.5611E-03,  1.4658E-04,  5.8756E-03,  2.0118E-03,  3.5502E-01,  4.6503E-03,  1.1177E-02,  1.0891E-04,  2.6607E-04,  1.7580E-05,  4.4095E-05,  2.6450E-06,  2.6650E-05,  3.5332E-06,  1.7777E-05,  2.6603E-06,  8.8607E-06,  1.7658E-06,  4.4165E-06,  3.5247E-07,  1.7667E-06,  0.0000E+00,  7.9634E-07,  1.7676E-07,  5.3206E-07,  1.7698E-07,  6.2331E-07,  8.0162E-08,  1.7891E-06,  1.2549E-07,  2.7125E-06,  5.3805E-07,  2.4339E-06,  1.7994E-07,  1.8079E-06,  1.8043E-07,  4.4997E-07,  7.1695E-08,  3.5924E-07,  0.0000E+00,  9.0080E-08,  3.5969E-08,  1.8093E-07,  2.7092E-08,  1.8103E-07,  3.6202E-08,  9.0493E-08,  1.8069E-08,  8.1560E-08,  1.8110E-08,  7.2568E-08,  8.1631E-09,  9.0788E-08,  1.8152E-08,  2.7299E-07,  2.7276E-07,  5.4572E-07,  9.0890E-08,  9.1053E-08,  8.2114E-08,  9.1280E-07,  5.4691E-08,  0.0000E+00,  0.0000E+00,  0.0000E+00,  0.0000E+00,  0.0000E+00,  0.0000E+00,  1.8375E-08,  0.0000E+00,  1.1039E-08,  1.0214E+03,  1.0085E+00,  0.0000E+00,  0.0000E+00,  0.0000E+00,  9.7013E-03,  2.4854E-03,  2.0629E-02,  2.9990E-07,  1.3817E-03,  1.1437E-04,  1.3382E-03,  1.1949E-04,  2.3224E-03,  1.4888E-06,  6.3064E-04,  1.1011E-06,  1.1833E-05,  2.3751E-06,  9.9554E-04,  1.9353E-06,  2.9068E-05,  2.7292E-06,  1.0941E-04,  3.7460E-05,  6.6107E-03,  8.6589E-05,  2.0811E-04,  2.0279E-06,  4.9543E-06,  3.2733E-07,  8.2101E-07,  4.9247E-08,  4.9616E-07,  6.5783E-08,  3.3097E-07,  4.9529E-08,  1.6497E-07,  3.2876E-08,  8.2229E-08,  6.5627E-09,  3.2894E-08,  0.0000E+00,  1.4826E-08,  3.2909E-09,  9.9058E-09,  3.2950E-09,  1.1604E-08,  1.4924E-09,  3.3308E-08,  2.3363E-09,  5.0492E-08,  1.0017E-08,  4.5308E-08,  3.3496E-09,  3.3652E-08,  3.3587E-09,  8.3765E-09,  1.3347E-09,  6.6876E-09,  0.0000E+00,  1.6769E-09,  6.6960E-10,  3.3679E-09,  5.0431E-10,  3.3698E-09,  6.7387E-10,  1.6845E-09,  3.3635E-10,  1.5182E-09,  3.3710E-10,  1.3508E-09,  1.5195E-10,  1.6900E-09,  3.3789E-10,  5.0815E-09,  5.0772E-09,  1.0158E-08,  1.6918E-09,  1.6949E-09,  1.5285E-09,  1.6991E-08,  1.0180E-09,  0.0000E+00,  0.0000E+00,  0.0000E+00,  0.0000E+00,  0.0000E+00,  0.0000E+00,  3.4200E-10,  0.0000E+00,  2.0545E-10
  2.0000E+02,  5.1867E+04,  4.3520E+01,  0.0000E+00,  0.0000E+00,  0.0000E+00,  4.1800E-01,  1.0716E-01,  8.8893E-01,  1.1212E-05,  5.1652E-02,  4.2758E-03,  5.0024E-02,  4.4672E-03,  8.6814E-02,  5.5657E-05,  2.3575E-02,  4.1167E-05,  4.4241E-04,  8.8789E-05,  4.2899E-02,  7.2351E-05,  1.0868E-03,  1.0204E-04,  4.0902E-03,  1.4005E-03,  2.4714E-01,  3.2373E-03,  7.7804E-03,  7.5817E-05,  1.8522E-04,  1.2238E-05,  3.0697E-05,  1.8413E-06,  1.8553E-05,  2.4597E-06,  1.2376E-05,  1.8520E-06,  6.1686E-06,  1.2293E-06,  3.0746E-06,  2.4538E-07,  1.2299E-06,  0.0000E+00,  5.5439E-07,  1.2305E-07,  3.7041E-07,  1.2321E-07,  4.3394E-07,  5.5807E-08,  1.2456E-06,  8.7368E-08,  1.8885E-06,  3.7459E-07,  1.6945E-06,  1.2527E-07,  1.2587E-06,  1.2562E-07,  3.1327E-07,  4.9913E-08,  2.5010E-07,  0.0000E+00,  6.2714E-08,  2.5042E-08,  1.2597E-07,  1.8862E-08,  1.2604E-07,  2.5204E-08,  6.3003E-08,  1.2580E-08,  5.6784E-08,  1.2608E-08,  5.0524E-08,  5.6834E-09,  6.3209E-08,  1.2638E-08,  1.9006E-07,  1.8990E-07,  3.7994E-07,  6.3280E-08,  6.3394E-08,  5.7170E-08,  6.3553E-07,  3.8077E-08,  0.0000E+00,  0.0000E+00,  0.0000E+00,  0.0000E+00,  0.0000E+00,  0.0000E+00,  1.2794E-08,  0.0000E+00,  7.6858E-09,  7.1661E+02,  6.6398E-01,  0.0000E+00,  0.0000E+00,  0.0000E+00,  6.3898E-03,  1.6363E-03,  1.3585E-02,  1.8952E-07,  8.7314E-04,  7.2277E-05,  8.4562E-04,  7.5513E-05,  1.4675E-03,  9.4083E-07,  3.9851E-04,  6.9587E-07,  7.4774E-06,  1.5009E-06,  6.5561E-04,  1.2230E-06,  1.8368E-05,  1.7246E-06,  6.9134E-05,  2.3671E-05,  4.1774E-03,  5.4716E-05,  1.3152E-04,  1.2814E-06,  3.1306E-06,  2.0684E-07,  5.1879E-07,  3.1119E-08,  3.1353E-07,  4.1569E-08,  2.0915E-07,  3.1298E-08,  1.0425E-07,  2.0775E-08,  5.1961E-08,  4.1470E-09,  2.0786E-08,  0.0000E+00,  9.3690E-09,  2.0796E-09,  6.2596E-09,  2.0822E-09,  7.3331E-09,  9.4308E-10,  2.1048E-08,  1.4764E-09,  3.1909E-08,  6.3299E-09,  2.8632E-08,  2.1168E-09,  2.1267E-08,  2.1225E-09,  5.2934E-09,  8.4346E-10,  4.2262E-09,  0.0000E+00,  1.0597E-09,  4.2315E-10,  2.1284E-09,  3.1870E-10,  2.1296E-09,  4.2586E-10,  1.0645E-09,  2.1256E-10,  9.5943E-10,  2.1303E-10,  8.5365E-10,  9.6026E-11,  1.0680E-09,  2.1353E-10,  3.2112E-09,  3.2085E-09,  6.4193E-09,  1.0692E-09,  1.0711E-09,  9.6586E-10,  1.0737E-08,  6.4331E-10,  0.0000E+00,  0.0000E+00,  0.0000E+00,  0.0000E+00,  0.0000E+00,  0.0000E+00,  2.1613E-10,  0.0000E+00,  1.2984E-10
  2.2000E+02,  3.9606E+04,  3.2327E+01,  0.0000E+00,  0.0000E+00,  0.0000E+00,  3.1031E-01,  7.9578E-02,  6.5997E-01,  8.0642E-06,  3.7150E-02,  3.0753E-03,  3.5979E-02,  3.2130E-03,  6.2440E-02,  4.0031E-05,  1.6956E-02,  2.9609E-05,  3.1821E-04,  6.3861E-05,  3.1849E-02,  5.2039E-05,  7.8167E-04,  7.3393E-05,  2.9420E-03,  1.0073E-03,  1.7776E-01,  2.3285E-03,  5.5960E-03,  5.4533E-05,  1.3323E-04,  8.8028E-06,  2.2080E-05,  1.3245E-06,  1.3346E-05,  1.7693E-06,  8.9025E-06,  1.3322E-06,  4.4371E-06,  8.8421E-07,  2.2116E-06,  1.7650E-07,  8.8469E-07,  0.0000E+00,  3.9877E-07,  8.8511E-08,  2.6644E-07,  8.8625E-08,  3.1214E-07,  4.0143E-08,  8.9596E-07,  6.2846E-08,  1.3585E-06,  2.6945E-07,  1.2189E-06,  9.0114E-08,  9.0543E-07,  9.0362E-08,  2.2535E-07,  3.5904E-08,  1.7991E-07,  0.0000E+00,  4.5114E-08,  1.8014E-08,  9.0615E-08,  1.3568E-08,  9.0667E-08,  1.8131E-08,  4.5322E-08,  9.0495E-09,  4.0848E-08,  9.0699E-09,  3.6345E-08,  4.0884E-09,  4.5470E-08,  9.0913E-09,  1.3673E-07,  1.3661E-07,  2.7332E-07,  4.5521E-08,  4.5604E-08,  4.1127E-08,  4.5719E-07,  2.7392E-08,  0.0000E+00,  0.0000E+00,  0.0000E+00,  0.0000E+00,  0.0000E+00,  0.0000E+00,  9.2041E-09,  0.0000E+00,  5.5292E-09,  5.0957E+02,  4.5534E-01,  0.0000E+00,  0.0000E+00,  0.0000E+00,  4.3792E-03,  1.1218E-03,  9.3103E-03,  1.2525E-07,  5.7708E-04,  4.7766E-05,  5.5889E-04,  4.9905E-05,  9.6995E-04,  6.2178E-07,  2.6339E-04,  4.5989E-07,  4.9418E-06,  9.9194E-07,  4.4930E-04,  8.0825E-07,  1.2140E-05,  1.1398E-06,  4.5692E-05,  1.5644E-05,  2.7608E-03,  3.6163E-05,  8.6918E-05,  8.4691E-07,  2.0691E-06,  1.3671E-07,  3.4289E-07,  2.0568E-08,  2.0723E-07,  2.7474E-08,  1.3824E-07,  2.0686E-08,  6.8900E-08,  1.3731E-08,  3.4343E-08,  2.7409E-09,  1.3738E-08,  0.0000E+00,  6.1923E-09,  1.3745E-09,  4.1373E-09,  1.3762E-09,  4.8468E-09,  6.2332E-10,  1.3911E-08,  9.7576E-10,  2.1090E-08,  4.1835E-09,  1.8924E-08,  1.3990E-09,  1.4056E-08,  1.4028E-09,  3.4986E-09,  5.5745E-10,  2.7932E-09,  0.0000E+00,  7.0038E-10,  2.7967E-10,  1.4068E-09,  2.1064E-10,  1.4076E-09,  2.8148E-10,  7.0360E-10,  1.4049E-10,  6.3414E-10,  1.4081E-10,  5.6422E-10,  6.3469E-11,  7.0588E-10,  1.4113E-10,  2.1225E-09,  2.1207E-09,  4.2429E-09,  7.0667E-10,  7.0793E-10,  6.3842E-10,  7.0969E-09,  4.2521E-10,  0.0000E+00,  0.0000E+00,  0.0000E+00,  0.0000E+00,  0.0000E+00,  0.0000E+00,  1.4287E-10,  0.0000E+00,  8.5826E-11
  2.5000E+02,  2.7124E+04,  2.1378E+01,  0.0000E+00,  0.0000E+00,  0.0000E+00,  2.0505E-01,  5.2609E-02,  4.3618E-01,  5.1070E-06,  2.3526E-02,  1.9476E-03,  2.2784E-02,  2.0348E-03,  3.9541E-02,  2.5351E-05,  1.0737E-02,  1.8751E-05,  2.0154E-04,  4.0442E-05,  2.1049E-02,  3.2957E-05,  4.9506E-04,  4.6483E-05,  1.8632E-03,  6.3799E-04,  1.1258E-01,  1.4747E-03,  3.5440E-03,  3.4538E-05,  8.4376E-05,  5.5753E-06,  1.3985E-05,  8.3886E-07,  8.4530E-06,  1.1206E-06,  5.6387E-06,  8.4379E-07,  2.8104E-06,  5.6003E-07,  1.4007E-06,  1.1179E-07,  5.6034E-07,  0.0000E+00,  2.5257E-07,  5.6061E-08,  1.6876E-07,  5.6133E-08,  1.9771E-07,  2.5426E-08,  5.6751E-07,  3.9808E-08,  8.6054E-07,  1.7068E-07,  7.7213E-07,  5.7082E-08,  5.7354E-07,  5.7239E-08,  1.4274E-07,  2.2742E-08,  1.1396E-07,  0.0000E+00,  2.8577E-08,  1.1411E-08,  5.7400E-08,  8.5948E-09,  5.7433E-08,  1.1485E-08,  2.8709E-08,  5.7324E-09,  2.5875E-08,  5.7453E-09,  2.3023E-08,  2.5898E-09,  2.8804E-08,  5.7590E-09,  8.6612E-08,  8.6538E-08,  1.7314E-07,  2.8836E-08,  2.8889E-08,  2.6053E-08,  2.8962E-07,  1.7352E-08,  0.0000E+00,  0.0000E+00,  0.0000E+00,  0.0000E+00,  0.0000E+00,  0.0000E+00,  5.8307E-09,  0.0000E+00,  3.5028E-09,  3.2254E+02,  2.7458E-01,  0.0000E+00,  0.0000E+00,  0.0000E+00,  2.6385E-03,  6.7615E-04,  5.6093E-03,  7.1890E-08,  3.3119E-04,  2.7416E-05,  3.2075E-04,  2.8644E-05,  5.5666E-04,  3.5687E-07,  1.5116E-04,  2.6396E-07,  2.8365E-06,  5.6930E-07,  2.7070E-04,  4.6389E-07,  6.9680E-06,  6.5422E-07,  2.6225E-05,  8.9795E-06,  1.5846E-03,  2.0757E-05,  4.9888E-05,  4.8612E-07,  1.1876E-06,  7.8461E-08,  1.9680E-07,  1.1805E-08,  1.1895E-07,  1.5769E-08,  7.9347E-08,  1.1874E-08,  3.9548E-08,  7.8810E-09,  1.9712E-08,  1.5731E-09,  7.8854E-09,  0.0000E+00,  3.5543E-09,  7.8891E-10,  2.3748E-09,  7.8993E-10,  2.7820E-09,  3.5779E-10,  7.9854E-09,  5.6013E-10,  1.2107E-08,  2.4016E-09,  1.0864E-08,  8.0316E-10,  8.0694E-09,  8.0535E-10,  2.0085E-09,  3.2000E-10,  1.6035E-09,  0.0000E+00,  4.0208E-10,  1.6055E-10,  8.0758E-10,  1.2093E-10,  8.0804E-10,  1.6159E-10,  4.0391E-10,  8.0652E-11,  3.6404E-10,  8.0832E-11,  3.2390E-10,  3.6436E-11,  4.0523E-10,  8.1021E-11,  1.2185E-09,  1.2174E-09,  2.4358E-09,  4.0568E-10,  4.0642E-10,  3.6652E-10,  4.0744E-09,  2.4411E-10,  0.0000E+00,  0.0000E+00,  0.0000E+00,  0.0000E+00,  0.0000E+00,  0.0000E+00,  8.2020E-11,  0.0000E+00,  4.9272E-11
  2.8000E+02,  1.9061E+04,  1.4628E+01,  0.0000E+00,  0.0000E+00,  0.0000E+00,  1.4021E-01,  3.5990E-02,  2.9833E-01,  3.3694E-06,  1.5520E-02,  1.2849E-03,  1.5031E-02,  1.3424E-03,  2.6085E-02,  1.6725E-05,  7.0835E-03,  1.2371E-05,  1.3298E-04,  2.6681E-05,  1.4397E-02,  2.1744E-05,  3.2663E-04,  3.0669E-05,  1.2293E-03,  4.2094E-04,  7.4274E-02,  9.7298E-04,  2.3381E-03,  2.2788E-05,  5.5670E-05,  3.6787E-06,  9.2275E-06,  5.5350E-07,  5.5776E-06,  7.3940E-07,  3.7207E-06,  5.5676E-07,  1.8544E-06,  3.6952E-07,  9.2424E-07,  7.3759E-08,  3.6973E-07,  0.0000E+00,  1.6666E-07,  3.6990E-08,  1.1135E-07,  3.7038E-08,  1.3046E-07,  1.6778E-08,  3.7448E-07,  2.6268E-08,  5.6786E-07,  1.1262E-07,  5.0951E-07,  3.7667E-08,  3.7847E-07,  3.7771E-08,  9.4193E-08,  1.5007E-08,  7.5198E-08,  0.0000E+00,  1.8857E-08,  7.5295E-09,  3.7878E-08,  5.6716E-09,  3.7900E-08,  7.5789E-09,  1.8945E-08,  3.7827E-09,  1.7075E-08,  3.7913E-09,  1.5193E-08,  1.7090E-09,  1.9008E-08,  3.8004E-09,  5.7156E-08,  5.7107E-08,  1.1426E-07,  1.9029E-08,  1.9064E-08,  1.7193E-08,  1.9113E-07,  1.1451E-08,  0.0000E+00,  0.0000E+00,  0.0000E+00,  0.0000E+00,  0.0000E+00,  0.0000E+00,  3.8480E-09,  0.0000E+00,  2.3117E-09,  2.1503E+02,  1.7541E-01,  0.0000E+00,  0.0000E+00,  0.0000E+00,  1.6842E-03,  4.3176E-04,  3.5805E-03,  4.3953E-08,  2.0250E-04,  1.6762E-05,  1.9611E-04,  1.7513E-05,  3.4035E-04,  2.1820E-07,  9.2422E-05,  1.6139E-07,  1.7344E-06,  3.4810E-07,  1.7279E-04,  2.8364E-07,  4.2606E-06,  4.0003E-07,  1.6036E-05,  5.4906E-06,  9.6888E-04,  1.2692E-05,  3.0501E-05,  2.9724E-07,  7.2616E-07,  4.7981E-08,  1.2035E-07,  7.2192E-09,  7.2741E-08,  9.6436E-09,  4.8523E-08,  7.2612E-09,  2.4185E-08,  4.8195E-09,  1.2055E-08,  9.6203E-10,  4.8222E-09,  0.0000E+00,  2.1736E-09,  4.8244E-10,  1.4522E-09,  4.8306E-10,  1.7013E-09,  2.1880E-10,  4.8835E-09,  3.4255E-10,  7.4044E-09,  1.4687E-09,  6.6439E-09,  4.9117E-10,  4.9350E-09,  4.9252E-10,  1.2283E-09,  1.9570E-10,  9.8061E-10,  0.0000E+00,  2.4589E-10,  9.8185E-11,  4.9389E-10,  7.3953E-11,  4.9418E-10,  9.8822E-11,  2.4702E-10,  4.9324E-11,  2.2264E-10,  4.9435E-11,  1.9810E-10,  2.2284E-11,  2.4784E-10,  4.9552E-11,  7.4523E-10,  7.4459E-10,  1.4897E-09,  2.4811E-10,  2.4856E-10,  2.2416E-10,  2.4918E-09,  1.4930E-10,  0.0000E+00,  0.0000E+00,  0.0000E+00,  0.0000E+00,  0.0000E+00,  0.0000E+00,  5.0164E-11,  0.0000E+00,  3.0136E-11
  3.2000E+02,  1.2108E+04,  9.0504E+00,  0.0000E+00,  0.0000E+00,  0.0000E+00,  8.6680E-02,  2.2264E-02,  1.8451E-01,  1.9980E-06,  9.2029E-03,  7.6194E-04,  8.9129E-03,  7.9604E-04,  1.5467E-02,  9.9177E-06,  4.2001E-03,  7.3358E-06,  7.8860E-05,  1.5821E-05,  8.9043E-03,  1.2894E-05,  1.9370E-04,  1.8188E-05,  7.2900E-04,  2.4963E-04,  4.4045E-02,  5.7700E-04,  1.3865E-03,  1.3514E-05,  3.3014E-05,  2.1816E-06,  5.4724E-06,  3.2826E-07,  3.3080E-06,  4.3851E-07,  2.2067E-06,  3.3021E-07,  1.0998E-06,  2.1915E-07,  5.4814E-07,  4.3743E-08,  2.1927E-07,  0.0000E+00,  9.8839E-08,  2.1938E-08,  6.6042E-08,  2.1966E-08,  7.7373E-08,  9.9507E-09,  2.2211E-07,  1.5580E-08,  3.3683E-07,  6.6799E-08,  3.0221E-07,  2.2341E-08,  2.2449E-07,  2.2404E-08,  5.5869E-08,  8.9008E-09,  4.4602E-08,  0.0000E+00,  1.1185E-08,  4.4659E-09,  2.2467E-08,  3.3641E-09,  2.2480E-08,  4.4955E-09,  1.1237E-08,  2.2437E-09,  1.0128E-08,  2.2489E-09,  9.0118E-09,  1.0137E-09,  1.1275E-08,  2.2543E-09,  3.3904E-08,  3.3874E-08,  6.7774E-08,  1.1288E-08,  1.1308E-08,  1.0199E-08,  1.1337E-07,  6.7926E-09,  0.0000E+00,  0.0000E+00,  0.0000E+00,  0.0000E+00,  0.0000E+00,  0.0000E+00,  2.2826E-09,  0.0000E+00,  1.3713E-09,  1.3261E+02,  1.0348E-01,  0.0000E+00,  0.0000E+00,  0.0000E+00,  9.9225E-04,  2.5454E-04,  2.1105E-03,  2.4614E-08,  1.1338E-04,  9.3866E-06,  1.0981E-04,  9.8067E-06,  1.9056E-04,  1.2218E-07,  5.1747E-05,  9.0372E-08,  9.7133E-07,  1.9491E-07,  1.0185E-04,  1.5884E-07,  2.3859E-06,  2.2403E-07,  8.9798E-06,  3.0748E-06,  5.4256E-04,  7.1074E-06,  1.7080E-05,  1.6646E-07,  4.0665E-07,  2.6870E-08,  6.7399E-08,  4.0429E-09,  4.0740E-08,  5.4007E-09,  2.7176E-08,  4.0667E-09,  1.3545E-08,  2.6991E-09,  6.7508E-09,  5.3875E-10,  2.7006E-09,  0.0000E+00,  1.2173E-09,  2.7018E-10,  8.1334E-10,  2.7054E-10,  9.5285E-10,  1.2254E-10,  2.7351E-09,  1.9185E-10,  4.1473E-09,  8.2257E-10,  3.7212E-09,  2.7510E-10,  2.7641E-09,  2.7586E-10,  6.8795E-10,  1.0961E-10,  5.4922E-10,  0.0000E+00,  1.3772E-10,  5.4993E-11,  2.7663E-10,  4.1422E-11,  2.7679E-10,  5.5351E-11,  1.3836E-10,  2.7627E-11,  1.2470E-10,  2.7689E-11,  1.1095E-10,  1.2481E-11,  1.3881E-10,  2.7754E-11,  4.1741E-10,  4.1705E-10,  8.3442E-10,  1.3897E-10,  1.3923E-10,  1.2556E-10,  1.3958E-09,  8.3628E-11,  0.0000E+00,  0.0000E+00,  0.0000E+00,  0.0000E+00,  0.0000E+00,  0.0000E+00,  2.8102E-11,  0.0000E+00,  1.6882E-11
  3.5000E+02,  8.6862E+03,  6.4086E+00,  0.0000E+00,  0.0000E+00,  0.0000E+00,  6.1361E-02,  1.5768E-02,  1.3064E-01,  1.3787E-06,  6.3500E-03,  5.2576E-04,  6.1499E-03,  5.4928E-04,  1.0672E-02,  6.8434E-06,  2.8981E-03,  5.0619E-06,  5.4419E-05,  1.0917E-05,  6.3047E-03,  8.8976E-06,  1.3366E-04,  1.2551E-05,  5.0305E-04,  1.7226E-04,  3.0393E-02,  3.9816E-04,  9.5670E-04,  9.3252E-06,  2.2781E-05,  1.5055E-06,  3.7765E-06,  2.2653E-07,  2.2829E-06,  3.0261E-07,  1.5229E-06,  2.2787E-07,  7.5897E-07,  1.5123E-07,  3.7826E-07,  3.0187E-08,  1.5132E-07,  0.0000E+00,  6.8208E-08,  1.5139E-08,  4.5575E-08,  1.5159E-08,  5.3396E-08,  6.8671E-09,  1.5328E-07,  1.0752E-08,  2.3246E-07,  4.6100E-08,  2.0857E-07,  1.5418E-08,  1.5493E-07,  1.5462E-08,  3.8557E-08,  6.1426E-09,  3.0781E-08,  0.0000E+00,  7.7191E-09,  3.0821E-09,  1.5506E-08,  2.3217E-09,  1.5515E-08,  3.1026E-09,  7.7555E-09,  1.5485E-09,  6.9902E-09,  1.5521E-09,  6.2197E-09,  6.9964E-10,  7.7815E-09,  1.5558E-09,  2.3399E-08,  2.3379E-08,  4.6776E-08,  7.7904E-09,  7.8048E-09,  7.0389E-09,  7.8248E-08,  4.6881E-09,  0.0000E+00,  0.0000E+00,  0.0000E+00,  0.0000E+00,  0.0000E+00,  0.0000E+00,  1.5755E-09,  0.0000E+00,  9.4648E-10,  9.5497E+01,  7.2638E-02,  0.0000E+00,  0.0000E+00,  0.0000E+00,  6.9563E-04,  1.7856E-04,  1.4807E-03,  1.6675E-08,  7.6812E-05,  6.3592E-06,  7.4390E-05,  6.6438E-06,  1.2910E-04,  8.2774E-08,  3.5057E-05,  6.1225E-08,  6.5810E-07,  1.3204E-07,  7.1455E-05,  1.0761E-07,  1.6165E-06,  1.5178E-07,  6.0840E-06,  2.0833E-06,  3.6759E-04,  4.8154E-06,  1.1572E-05,  1.1278E-07,  2.7551E-07,  1.8206E-08,  4.5667E-08,  2.7393E-09,  2.7603E-08,  3.6593E-09,  1.8413E-08,  2.7554E-09,  9.1773E-09,  1.8288E-09,  4.5741E-09,  3.6503E-10,  1.8298E-09,  0.0000E+00,  8.2478E-10,  1.8307E-10,  5.5108E-10,  1.8330E-10,  6.4561E-10,  8.3030E-11,  1.8532E-09,  1.3000E-10,  2.8104E-09,  5.5738E-10,  2.5216E-09,  1.8641E-10,  1.8731E-09,  1.8693E-10,  4.6617E-10,  7.4268E-11,  3.7216E-10,  0.0000E+00,  9.3326E-11,  3.7264E-11,  1.8746E-10,  2.8069E-11,  1.8757E-10,  3.7509E-11,  9.3760E-11,  1.8721E-11,  8.4505E-11,  1.8763E-11,  7.5189E-11,  8.4580E-12,  9.4069E-11,  1.8808E-11,  2.8286E-10,  2.8262E-10,  5.6545E-10,  9.4175E-11,  9.4348E-11,  8.5088E-11,  9.4588E-10,  5.6671E-11,  0.0000E+00,  0.0000E+00,  0.0000E+00,  0.0000E+00,  0.0000E+00,  0.0000E+00,  1.9043E-11,  0.0000E+00,  1.1440E-11
  4.0000E+02,  4.8347E+03,  3.5205E+00,  0.0000E+00,  0.0000E+00,  0.0000E+00,  3.3723E-02,  8.6709E-03,  7.1791E-02,  7.2835E-07,  3.3544E-03,  2.7775E-04,  3.2487E-03,  2.9017E-04,  5.6375E-03,  3.6152E-06,  1.5309E-03,  2.6741E-06,  2.8751E-05,  5.7669E-06,  3.4646E-03,  4.7006E-06,  7.0615E-05,  6.6311E-06,  2.6576E-04,  9.1008E-05,  1.6057E-02,  2.1036E-04,  5.0541E-04,  4.9267E-06,  1.2036E-05,  7.9542E-07,  1.9953E-06,  1.1969E-07,  1.2062E-06,  1.5989E-07,  8.0466E-07,  1.2040E-07,  4.0102E-07,  7.9905E-08,  1.9986E-07,  1.5949E-08,  7.9950E-08,  0.0000E+00,  3.6039E-08,  7.9988E-09,  2.4081E-08,  8.0094E-09,  2.8214E-08,  3.6286E-09,  8.0994E-08,  5.6815E-09,  1.2284E-07,  2.4360E-08,  1.1021E-07,  8.1474E-09,  8.1873E-08,  8.1705E-09,  2.0374E-08,  3.2458E-09,  1.6265E-08,  0.0000E+00,  4.0790E-09,  1.6286E-09,  8.1941E-09,  1.2269E-09,  8.1989E-09,  1.6396E-09,  4.0984E-09,  8.1829E-10,  3.6940E-09,  8.2019E-10,  3.2869E-09,  3.6973E-10,  4.1122E-09,  8.2219E-10,  1.2366E-08,  1.2355E-08,  2.4720E-08,  4.1170E-09,  4.1246E-09,  3.7199E-09,  4.1353E-08,  2.4775E-09,  0.0000E+00,  0.0000E+00,  0.0000E+00,  0.0000E+00,  0.0000E+00,  0.0000E+00,  8.3266E-10,  0.0000E+00,  5.0023E-10,  5.8562E+01,  4.2884E-02,  0.0000E+00,  0.0000E+00,  0.0000E+00,  4.0992E-04,  1.0532E-04,  8.7345E-04,  9.3389E-09,  4.3014E-05,  3.5613E-06,  4.1659E-05,  3.7207E-06,  7.2292E-05,  4.6355E-08,  1.9631E-05,  3.4287E-08,  3.6860E-07,  7.3947E-08,  4.2152E-05,  6.0268E-08,  9.0534E-07,  8.5013E-08,  3.4073E-06,  1.1668E-06,  2.0587E-04,  2.6969E-06,  6.4804E-06,  6.3162E-08,  1.5430E-07,  1.0198E-08,  2.5580E-08,  1.5344E-09,  1.5462E-08,  2.0497E-09,  1.0315E-08,  1.5434E-09,  5.1407E-09,  1.0244E-09,  2.5621E-09,  2.0447E-10,  1.0249E-09,  0.0000E+00,  4.6199E-10,  1.0254E-10,  3.0869E-10,  1.0268E-10,  3.6167E-10,  4.6513E-11,  1.0382E-09,  7.2824E-11,  1.5744E-09,  3.1223E-10,  1.4126E-09,  1.0443E-10,  1.0493E-09,  1.0472E-10,  2.6114E-10,  4.1604E-11,  2.0848E-10,  0.0000E+00,  5.2279E-11,  2.0874E-11,  1.0502E-10,  1.5724E-11,  1.0508E-10,  2.1013E-11,  5.2525E-11,  1.0488E-11,  4.7342E-11,  1.0512E-11,  4.2123E-11,  4.7384E-12,  5.2701E-11,  1.0537E-11,  1.5848E-10,  1.5834E-10,  3.1680E-10,  5.2761E-11,  5.2859E-11,  4.7672E-11,  5.2995E-10,  3.1751E-11,  0.0000E+00,  0.0000E+00,  0.0000E+00,  0.0000E+00,  0.0000E+00,  0.0000E+00,  1.0670E-11,  0.0000E+00,  6.4099E-12
  4.5000E+02,  2.4471E+03,  1.7755E+00,  0.0000E+00,  0.0000E+00,  0.0000E+00,  1.7030E-02,  4.3811E-03,  3.6234E-02,  3.5482E-07,  1.6340E-03,  1.3530E-04,  1.5825E-03,  1.4136E-04,  2.7462E-03,  1.7611E-06,  7.4573E-04,  1.3027E-06,  1.4008E-05,  2.8093E-06,  1.7486E-03,  2.2900E-06,  3.4403E-05,  3.2307E-06,  1.2948E-04,  4.4339E-05,  7.8224E-03,  1.0248E-04,  2.4621E-04,  2.4003E-06,  5.8636E-06,  3.8754E-07,  9.7214E-07,  5.8313E-08,  5.8775E-07,  7.7901E-08,  3.9207E-07,  5.8666E-08,  1.9539E-07,  3.8931E-08,  9.7375E-08,  7.7707E-09,  3.8954E-08,  0.0000E+00,  1.7559E-08,  3.8973E-09,  1.1733E-08,  3.9025E-09,  1.3748E-08,  1.7680E-09,  3.9465E-08,  2.7684E-09,  5.9864E-08,  1.1870E-08,  5.3708E-08,  3.9702E-09,  3.9898E-08,  3.9816E-09,  9.9283E-09,  1.5816E-09,  7.9258E-09,  0.0000E+00,  1.9877E-09,  7.9363E-10,  3.9932E-09,  5.9788E-10,  3.9955E-09,  7.9900E-10,  1.9972E-09,  3.9877E-10,  1.8002E-09,  3.9970E-10,  1.6018E-09,  1.8018E-10,  2.0040E-09,  4.0068E-10,  6.0264E-09,  6.0211E-09,  1.2047E-08,  2.0064E-09,  2.0101E-09,  1.8129E-09,  2.0153E-08,  1.2074E-09,  0.0000E+00,  0.0000E+00,  0.0000E+00,  0.0000E+00,  0.0000E+00,  0.0000E+00,  4.0582E-10,  0.0000E+00,  2.4381E-10,  3.6943E+01,  2.6918E-02,  0.0000E+00,  0.0000E+00,  0.0000E+00,  2.5777E-04,  6.6273E-05,  5.4883E-04,  5.6023E-09,  2.5800E-05,  2.1364E-06,  2.4987E-05,  2.2319E-06,  4.3362E-05,  2.7806E-08,  1.1775E-05,  2.0568E-08,  2.2114E-07,  4.4356E-08,  2.6486E-05,  3.6155E-08,  5.4315E-07,  5.1003E-08,  2.0442E-06,  7.0001E-07,  1.2350E-04,  1.6180E-06,  3.8875E-06,  3.7895E-08,  9.2574E-08,  6.1178E-09,  1.5346E-08,  9.2054E-10,  9.2774E-09,  1.2297E-09,  6.1888E-09,  9.2604E-10,  3.0843E-09,  6.1458E-10,  1.5372E-09,  1.2267E-10,  6.1492E-10,  0.0000E+00,  2.7718E-10,  6.1522E-11,  1.8521E-10,  6.1603E-11,  2.1700E-10,  2.7908E-11,  6.2295E-10,  4.3698E-11,  9.4479E-10,  1.8736E-10,  8.4765E-10,  6.2662E-11,  6.2968E-10,  6.2839E-11,  1.5670E-10,  2.4965E-11,  1.2510E-10,  0.0000E+00,  3.1371E-11,  1.2526E-11,  6.3021E-11,  9.4359E-12,  6.3058E-11,  1.2610E-11,  3.1520E-11,  6.2934E-12,  2.8411E-11,  6.3081E-12,  2.5279E-11,  2.8436E-12,  3.1627E-11,  6.3234E-12,  9.5105E-11,  9.5022E-11,  1.9012E-10,  3.1663E-11,  3.1722E-11,  2.8609E-11,  3.1803E-10,  1.9054E-11,  0.0000E+00,  0.0000E+00,  0.0000E+00,  0.0000E+00,  0.0000E+00,  0.0000E+00,  6.4038E-12,  0.0000E+00,  3.8472E-12
  5.0000E+02,  9.1172E+02,  6.5866E-01,  0.0000E+00,  0.0000E+00,  0.0000E+00,  6.3283E-03,  1.6290E-03,  1.3455E-02,  1.2605E-07,  5.8051E-04,  4.8068E-05,  5.6223E-04,  5.0220E-05,  9.7559E-04,  6.2569E-07,  2.6492E-04,  4.6279E-07,  4.9774E-06,  9.9811E-07,  6.4932E-04,  8.1361E-07,  1.2223E-05,  1.1480E-06,  4.6003E-05,  1.5754E-05,  2.7792E-03,  3.6413E-05,  8.7469E-05,  8.5283E-07,  2.0834E-06,  1.3771E-07,  3.4545E-07,  2.0721E-08,  2.0887E-07,  2.7682E-08,  1.3934E-07,  2.0848E-08,  6.9436E-08,  1.3834E-08,  3.4602E-08,  2.7613E-09,  1.3842E-08,  0.0000E+00,  6.2399E-09,  1.3849E-09,  4.1698E-09,  1.3868E-09,  4.8856E-09,  6.2832E-10,  1.4025E-08,  9.8389E-10,  2.1279E-08,  4.2186E-09,  1.9090E-08,  1.4111E-09,  1.4182E-08,  1.4152E-09,  3.5288E-09,  5.6210E-10,  2.8169E-09,  0.0000E+00,  7.0649E-10,  2.8207E-10,  1.4194E-09,  2.1251E-10,  1.4202E-09,  2.8400E-10,  7.0991E-10,  1.4174E-10,  6.3988E-10,  1.4207E-10,  5.6936E-10,  6.4046E-11,  7.1235E-10,  1.4242E-10,  2.1422E-09,  2.1403E-09,  4.2823E-09,  7.1318E-10,  7.1453E-10,  6.4445E-10,  7.1640E-09,  4.2921E-10,  0.0000E+00,  0.0000E+00,  0.0000E+00,  0.0000E+00,  0.0000E+00,  0.0000E+00,  1.4427E-10,  0.0000E+00,  8.6675E-11,  2.4471E+01,  1.7755E-02,  0.0000E+00,  0.0000E+00,  0.0000E+00,  1.7030E-04,  4.3811E-05,  3.6234E-04,  3.5482E-09,  1.6340E-05,  1.3530E-06,  1.5825E-05,  1.4136E-06,  2.7462E-05,  1.7611E-08,  7.4573E-06,  1.3027E-08,  1.4008E-07,  2.8093E-08,  1.7486E-05,  2.2900E-08,  3.4403E-07,  3.2307E-08,  1.2948E-06,  4.4339E-07,  7.8224E-05,  1.0248E-06,  2.4621E-06,  2.4003E-08,  5.8636E-08,  3.8754E-09,  9.7214E-09,  5.8313E-10,  5.8775E-09,  7.7901E-10,  3.9207E-09,  5.8666E-10,  1.9539E-09,  3.8931E-10,  9.7375E-10,  7.7707E-11,  3.8954E-10,  0.0000E+00,  1.7559E-10,  3.8973E-11,  1.1733E-10,  3.9025E-11,  1.3748E-10,  1.7680E-11,  3.9465E-10,  2.7684E-11,  5.9864E-10,  1.1870E-10,  5.3708E-10,  3.9702E-11,  3.9898E-10,  3.9816E-11,  9.9283E-11,  1.5816E-11,  7.9258E-11,  0.0000E+00,  1.9877E-11,  7.9363E-12,  3.9932E-11,  5.9788E-12,  3.9955E-11,  7.9900E-12,  1.9972E-11,  3.9877E-12,  1.8002E-11,  3.9970E-12,  1.6018E-11,  1.8018E-12,  2.0040E-11,  4.0068E-12,  6.0264E-11,  6.0211E-11,  1.2047E-10,  2.0064E-11,  2.0101E-11,  1.8129E-11,  2.0153E-10,  1.2074E-11,  0.0000E+00,  0.0000E+00,  0.0000E+00,  0.0000E+00,  0.0000E+00,  0.0000E+00,  4.0582E-12,  0.0000E+00,  2.4381E-12
'End of File'
