'*',    54,     1,    25,    22,     5,     5,    75,     1
'SPENVIS 4.6.13.3554          - 18-Sep-2025 21:04:07'
'PRJ_DEF', -1,'RADFX2'
'PRJ_HDR', -1,'IU ME RADFX Unit 2 HW2 P1'
'MOD_ABB', -1,'SEP'
'MIS_PLA',  1,    3,' '
'MIS_NTR',  1,    1,' '
'MIS_STA',  1,  27759.00000000,' '
'MIS_END',  1,  30314.00000000,' '
'MIS_DUR',  1, 2.555000E+03,'days'
'SEP_IEL',  1,  1,' '
'SEP_JEL',  1, 92,' '
'SEP_MOD', -1,'ESP-PSYCHIC total fluence'
'SEP_TMI',  1,  4.0,'years'
'SEP_TMA',  1,  3.0,'years'
'SEP_DUR',  1,  7.0,'years'
'SEP_NCY',  1,  2,' '
'SEP_NOR',  1,  0,' '
'SEP_NAL',  1,  0,' '
'SEP_PRB',  1,  95.0,'%'
'SEP_OMN',  1, 1, ' '
'SEP_ABS', -1,'Energy'
'SEP_IGC',  1,  1,' '
'SEP_IGV',  1,  1,' '
'SEP_IST',  1,  0,' '
'PLT_HDR', -1,'ESP-PSYCHIC total fluence: solar protons'
'SPECIES', -1,'proton'
'PS Annotation',  8,  1
'Mission start: 01/01/2026 00:00:00'
 0.05, 0.00, 0.00
'Mission end: 30/12/2032 00:00:00'
 0.95, 0.00, 1.00
'Nr. of segments:   1'
 0.05, 1.50, 0.00
'Duration: 2555.00 days'
 0.95, 0.00, 1.00
'PS Annotation', 12,  0
'Solar particle model: ESP-PSYCHIC total fluence'
 0.05, 2.00, 0.00
'Mission duration: 7.00 years, spanning 2 solar cycles'
 0.10, 1.50, 0.00
'3.00 years in solar maximum'
 0.15, 1.50, 0.00
'4.00 years in solar minimum'
 0.15, 1.50, 0.00
'Confidence level: 95.000%'
 0.10, 1.50, 0.00
'Magnetic shielding:    quiet magnetosphere'
 0.10, 1.50, 0.00
'Energy','MeV', 1,'Energy'
'IFlux','cm!u-2!n', 1,'Integral Fluence'
'DFlux','cm!u-2!n MeV!u-1!n', 1,'Differential Fluence'
'Attenuation',' ', 1,'Orbit Averaged Proton Attenuation Factor'
'Exposure','hrs', 1,'Proton Exposure Time'
  1.0000E-01,  5.0214E+11,  3.0610E+12, 0.2138, 1.7885E+04
  1.1000E-01,  4.7350E+11,  2.6667E+12, 0.2138, 1.7885E+04
  1.2000E-01,  4.4855E+11,  2.3227E+12, 0.2138, 1.7885E+04
  1.4000E-01,  4.0715E+11,  1.8178E+12, 0.2138, 1.7885E+04
  1.6000E-01,  3.7439E+11,  1.4581E+12, 0.2138, 1.7885E+04
  1.8000E-01,  3.4780E+11,  1.2012E+12, 0.2138, 1.7885E+04
  2.0000E-01,  3.2568E+11,  1.0105E+12, 0.2138, 1.7885E+04
  2.2000E-01,  3.0691E+11,  8.6663E+11, 0.2138, 1.7885E+04
  2.5000E-01,  2.8333E+11,  7.0531E+11, 0.2138, 1.7885E+04
  2.8000E-01,  2.6395E+11,  5.8684E+11, 0.2138, 1.7885E+04
  3.2000E-01,  2.4278E+11,  4.7141E+11, 0.2138, 1.7885E+04
  3.5000E-01,  2.2960E+11,  4.0739E+11, 0.2138, 1.7885E+04
  4.0000E-01,  2.1119E+11,  3.2886E+11, 0.2138, 1.7885E+04
  4.5000E-01,  1.9620E+11,  2.7092E+11, 0.2138, 1.7885E+04
  5.0000E-01,  1.8373E+11,  2.2790E+11, 0.2138, 1.7885E+04
  5.5000E-01,  1.7314E+11,  1.9556E+11, 0.2138, 1.7885E+04
  6.3000E-01,  1.5903E+11,  1.5722E+11, 0.2138, 1.7885E+04
  7.1000E-01,  1.4757E+11,  1.2927E+11, 0.2138, 1.7885E+04
  8.0000E-01,  1.3696E+11,  1.0646E+11, 0.2138, 1.7885E+04
  9.0000E-01,  1.2725E+11,  8.7815E+10, 0.2138, 1.7885E+04
  1.0000E+00,  1.1917E+11,  7.3869E+10, 0.2138, 1.7885E+04
  1.1000E+00,  1.1231E+11,  6.3190E+10, 0.2138, 1.7885E+04
  1.2000E+00,  1.0640E+11,  5.5040E+10, 0.2138, 1.7885E+04
  1.4000E+00,  9.6590E+10,  4.3075E+10, 0.2138, 1.7885E+04
  1.6000E+00,  8.8827E+10,  3.4551E+10, 0.2138, 1.7885E+04
  1.8000E+00,  8.2526E+10,  2.8464E+10, 0.2138, 1.7885E+04
  2.0000E+00,  7.7285E+10,  2.3944E+10, 0.2138, 1.7885E+04
  2.2000E+00,  7.2837E+10,  2.0536E+10, 0.2138, 1.7885E+04
  2.5000E+00,  6.7250E+10,  1.6713E+10, 0.2138, 1.7885E+04
  2.8000E+00,  6.2575E+10,  1.4451E+10, 0.2138, 1.7885E+04
  3.2000E+00,  5.7101E+10,  1.2922E+10, 0.2138, 1.7885E+04
  3.5000E+00,  5.3426E+10,  1.1573E+10, 0.2138, 1.7885E+04
  4.0000E+00,  4.8240E+10,  9.1731E+09, 0.2138, 1.7885E+04
  4.5000E+00,  4.4089E+10,  7.4311E+09, 0.2138, 1.7885E+04
  5.0000E+00,  4.0590E+10,  6.5643E+09, 0.2138, 1.7885E+04
  5.5000E+00,  3.7463E+10,  5.9436E+09, 0.2138, 1.7885E+04
  6.3000E+00,  3.3227E+10,  4.6478E+09, 0.2138, 1.7885E+04
  7.1000E+00,  2.9811E+10,  3.8903E+09, 0.2138, 1.7885E+04
  8.0000E+00,  2.6591E+10,  3.2655E+09, 0.2138, 1.7885E+04
  9.0000E+00,  2.3669E+10,  2.5790E+09, 0.2138, 1.7885E+04
  1.0000E+01,  2.1271E+10,  2.2164E+09, 0.2138, 1.7885E+04
  1.1000E+01,  1.9188E+10,  1.9498E+09, 0.2138, 1.7885E+04
  1.2000E+01,  1.7400E+10,  1.6274E+09, 0.2138, 1.7885E+04
  1.4000E+01,  1.4562E+10,  1.2105E+09, 0.2138, 1.7885E+04
  1.6000E+01,  1.2396E+10,  9.5543E+08, 0.2138, 1.7885E+04
  1.8000E+01,  1.0685E+10,  7.5506E+08, 0.2138, 1.7885E+04
  2.0000E+01,  9.3163E+09,  6.1380E+08, 0.2138, 1.7885E+04
  2.2000E+01,  8.1875E+09,  5.1494E+08, 0.2138, 1.7885E+04
  2.5000E+01,  6.8279E+09,  3.9150E+08, 0.2138, 1.7885E+04
  2.8000E+01,  5.7736E+09,  3.1132E+08, 0.2138, 1.7885E+04
  3.2000E+01,  4.6947E+09,  2.2815E+08, 0.2138, 1.7885E+04
  3.5000E+01,  4.0738E+09,  1.8577E+08, 0.2138, 1.7885E+04
  4.0000E+01,  3.2652E+09,  1.3768E+08, 0.2138, 1.7885E+04
  4.5000E+01,  2.6625E+09,  1.0338E+08, 0.2138, 1.7885E+04
  5.0000E+01,  2.2058E+09,  7.9294E+07, 0.2138, 1.7885E+04
  5.5000E+01,  1.8509E+09,  6.2676E+07, 0.2138, 1.7885E+04
  6.3000E+01,  1.4238E+09,  4.4099E+07, 0.2138, 1.7885E+04
  7.1000E+01,  1.1207E+09,  3.1673E+07, 0.2138, 1.7885E+04
  8.0000E+01,  8.7555E+08,  2.2810E+07, 0.2138, 1.7885E+04
  9.0000E+01,  6.8025E+08,  1.6251E+07, 0.2138, 1.7885E+04
  1.0000E+02,  5.4039E+08,  1.1720E+07, 0.2138, 1.7885E+04
  1.1000E+02,  4.3904E+08,  8.5518E+06, 0.2138, 1.7885E+04
  1.2000E+02,  3.6350E+08,  6.5548E+06, 0.2138, 1.7885E+04
  1.4000E+02,  2.5644E+08,  4.1513E+06, 0.2138, 1.7885E+04
  1.6000E+02,  1.8814E+08,  2.6792E+06, 0.2148, 1.8209E+04
  1.8000E+02,  1.4305E+08,  1.8291E+06, 0.2184, 1.8607E+04
  2.0000E+02,  1.1170E+08,  1.3062E+06, 0.2225, 1.8958E+04
  2.2000E+02,  8.8941E+07,  9.6979E+05, 0.2264, 1.9313E+04
  2.5000E+02,  6.4666E+07,  6.4852E+05, 0.2316, 1.9759E+04
  2.8000E+02,  4.8190E+07,  4.4992E+05, 0.2364, 2.0203E+04
  3.2000E+02,  3.3638E+07,  2.7765E+05, 0.2422, 2.0735E+04
  3.5000E+02,  2.6461E+07,  2.0086E+05, 0.2462, 2.1084E+04
  4.0000E+02,  1.8284E+07,  1.2619E+05, 0.2524, 2.1662E+04
  4.5000E+02,  1.3079E+07,  8.2005E+04, 0.2581, 2.2183E+04
  5.0000E+02,  9.8049E+06,  4.8973E+04, 0.2634, 2.2651E+04
'End of Block'
'*',    52,     1,    25,    22,     3,   185,    75,     0
'SPENVIS 4.6.13.3554          - 18-Sep-2025 21:04:07'
'PRJ_DEF', -1,'RADFX2'
'PRJ_HDR', -1,'IU ME RADFX Unit 2 HW2 P1'
'MOD_ABB', -1,'SEP'
'MIS_PLA',  1,    3,' '
'MIS_NTR',  1,    1,' '
'MIS_STA',  1,  27759.00000000,' '
'MIS_END',  1,  30314.00000000,' '
'MIS_DUR',  1, 2.555000E+03,'days'
'SEP_IEL',  1,  1,' '
'SEP_JEL',  1, 92,' '
'SEP_MOD', -1,'ESP-PSYCHIC total fluence'
'SEP_TMI',  1,  4.0,'years'
'SEP_TMA',  1,  3.0,'years'
'SEP_DUR',  1,  7.0,'years'
'SEP_NCY',  1,  2,' '
'SEP_NOR',  1,  0,' '
'SEP_NAL',  1,  0,' '
'SEP_PRB',  1,  95.0,'%'
'SEP_OMN',  1, 1, ' '
'SEP_ABS', -1,'Energy'
'SEP_IGC',  1,  1,' '
'SEP_IGV',  1,  1,' '
'SEP_IST',  1,  0,' '
'PLT_HDR', -1,'ESP-PSYCHIC total fluence: solar ions'
'SPECIES',-92,'H ','He','Li','Be','B ','C ','N ','O ','F ','Ne','Na','Mg','Al','Si','P ','S ','Cl','Ar','K ','Ca','Sc','Ti','V ','Cr','Mn','Fe','Co','Ni','Cu','Zn','Ga','Ge','As','Se','Br','Kr','Rb','Sr','Y ','Zr','Nb','Mo','Tc','Ru','Rh','Pd','Ag','Cd','In','Sn','Sb','Te','I ','Xe','Cs','Ba','La','Ce','Pr','Nd','Pm','Sm','Eu','Gd','Tb','Dy','Ho','Er','Tm','Yb','Lu','Hf','Ta','W ','Re','Os','Ir','Pt','Au','Hg','Tl','Pb','Bi','Po','At','Rn','Fr','Ra','Ac','Th','Pa','U '
'PS Annotation',  8,  1
'Mission start: 01/01/2026 00:00:00'
 0.05, 0.00, 0.00
'Mission end: 30/12/2032 00:00:00'
 0.95, 0.00, 1.00
'Nr. of segments:   1'
 0.05, 1.50, 0.00
'Duration: 2555.00 days'
 0.95, 0.00, 1.00
'PS Annotation', 12,  0
'Solar particle model: ESP-PSYCHIC total fluence'
 0.05, 2.00, 0.00
'Mission duration: 7.00 years, spanning 2 solar cycles'
 0.10, 1.50, 0.00
'3.00 years in solar maximum'
 0.15, 1.50, 0.00
'4.00 years in solar minimum'
 0.15, 1.50, 0.00
'Confidence level: 95.000%'
 0.10, 1.50, 0.00
'Magnetic shielding:    quiet magnetosphere'
 0.10, 1.50, 0.00
'Energy','MeV/n', 1,'Energy'
'IFlux','cm!u-2!n', 92,'Integral Fluence of ','SPECIES'
'DFlux','cm!u-2!n (MeV/n)!u-1!n', 92,'Differential Fluence of ','SPECIES'
  1.0000E-01,  5.0214E+11,  3.5758E+10,  1.5862E+01,  2.0189E+01,  5.0277E+02,  1.7118E+08,  6.3484E+07,  6.2357E+08,  2.6503E+04,  8.7550E+07,  6.8695E+06,  1.2956E+08,  1.1736E+07,  1.1384E+08,  4.4310E+05,  2.2104E+07,  1.6712E+05,  2.3014E+06,  3.7610E+05,  7.3713E+06,  1.1167E+04,  6.0275E+05,  7.6074E+04,  3.7938E+06,  1.8286E+06,  2.3738E+08,  6.0941E+05,  1.1388E+07,  1.2182E+05,  1.9472E+05,  5.5730E+03,  1.9258E+04,  9.4658E+02,  1.0522E+04,  1.0649E+03,  5.0741E+03,  2.9905E+03,  7.0934E+03,  1.3184E+03,  2.9905E+03,  1.9745E+02,  6.0717E+02,  0.0000E+00,  5.0741E+02,  9.6247E+01,  3.2948E+02,  6.5927E+01,  3.1531E+02,  3.4344E+02,  7.6074E+02,  6.1697E+01,  9.3466E+02,  1.0295E+02,  3.7179E+02,  1.0125E+02,  1.0125E+03,  1.1141E+02,  2.8497E+02,  3.8375E+01,  2.3738E+02,  0.0000E+00,  7.6074E+01,  2.4407E+01,  9.6247E+01,  6.0718E+00,  1.0125E+02,  1.3681E+01,  6.5927E+01,  7.6074E+00,  9.1343E+01,  8.6057E+00,  5.5731E+01,  5.5731E+00,  9.6248E+01,  1.4183E+01,  1.6892E+02,  1.1481E+02,  3.3698E+02,  4.9750E+01,  4.3146E+01,  6.0718E+01,  6.5927E+02,  3.8375E+01,  0.0000E+00,  0.0000E+00,  0.0000E+00,  0.0000E+00,  0.0000E+00,  0.0000E+00,  9.1343E+00,  0.0000E+00,  2.3738E+00,  3.0610E+12,  1.3400E+11,  5.9440E+01,  7.5622E+01,  1.6375E+03,  5.5765E+08,  2.0854E+08,  2.0792E+09,  9.1001E+04,  3.0069E+08,  2.3885E+07,  4.5069E+08,  4.1174E+07,  3.9993E+08,  1.5656E+06,  7.7925E+07,  5.8977E+05,  8.1239E+06,  1.3276E+06,  2.6025E+07,  3.6514E+04,  1.9734E+06,  2.4901E+05,  1.2413E+07,  5.9846E+06,  7.7769E+08,  1.9928E+06,  3.7236E+07,  3.9862E+05,  6.3706E+05,  1.8229E+04,  6.2983E+04,  3.0963E+03,  3.4435E+04,  3.4822E+03,  1.6595E+04,  9.8035E+03,  2.3191E+04,  4.3123E+03,  9.8035E+03,  6.4622E+02,  1.9862E+03,  0.0000E+00,  1.6595E+03,  3.1492E+02,  1.0780E+03,  2.1561E+02,  1.0323E+03,  1.1238E+03,  2.4901E+03,  2.0190E+02,  3.0575E+03,  3.3641E+02,  1.2151E+03,  3.3131E+02,  3.3131E+03,  3.6461E+02,  9.3453E+02,  1.2544E+02,  7.7769E+02,  0.0000E+00,  2.4901E+02,  7.9689E+01,  3.1492E+02,  1.9862E+01,  3.3131E+02,  4.4762E+01,  2.1561E+02,  2.4901E+01,  2.9853E+02,  2.8161E+01,  1.8229E+02,  1.8229E+01,  3.1492E+02,  4.6383E+01,  5.5282E+02,  3.7571E+02,  1.1044E+03,  1.6267E+02,  1.4112E+02,  1.9862E+02,  2.1561E+03,  1.2544E+02,  0.0000E+00,  0.0000E+00,  0.0000E+00,  0.0000E+00,  0.0000E+00,  0.0000E+00,  2.9853E+01,  0.0000E+00,  7.7769E+00
  1.1000E-01,  4.7350E+11,  3.4437E+10,  1.5276E+01,  1.9444E+01,  4.8662E+02,  1.6568E+08,  6.1427E+07,  6.0306E+08,  2.5606E+04,  8.4585E+07,  6.6340E+06,  1.2512E+08,  1.1330E+07,  1.0990E+08,  4.2766E+05,  2.1335E+07,  1.6131E+05,  2.2213E+06,  3.6301E+05,  7.1146E+06,  1.0807E+04,  5.8328E+05,  7.3617E+04,  3.6713E+06,  1.7695E+06,  2.2970E+08,  5.8975E+05,  1.1020E+07,  1.1788E+05,  1.8844E+05,  5.3932E+03,  1.8637E+04,  9.1603E+02,  1.0182E+04,  1.0306E+03,  4.9103E+03,  2.8937E+03,  6.8646E+03,  1.2758E+03,  2.8937E+03,  1.9108E+02,  5.8758E+02,  0.0000E+00,  4.9103E+02,  9.3140E+01,  3.1885E+02,  6.3799E+01,  3.0513E+02,  3.3235E+02,  7.3617E+02,  5.9705E+01,  9.0450E+02,  9.9632E+01,  3.5980E+02,  9.7977E+01,  9.7977E+02,  1.0782E+02,  2.7575E+02,  3.7137E+01,  2.2970E+02,  0.0000E+00,  7.3617E+01,  2.3620E+01,  9.3140E+01,  5.8758E+00,  9.7977E+01,  1.3240E+01,  6.3800E+01,  7.3617E+00,  8.8397E+01,  8.3278E+00,  5.3932E+01,  5.3932E+00,  9.3140E+01,  1.3725E+01,  1.6347E+02,  1.1110E+02,  3.2608E+02,  4.8145E+01,  4.1753E+01,  5.8758E+01,  6.3800E+02,  3.7137E+01,  0.0000E+00,  0.0000E+00,  0.0000E+00,  0.0000E+00,  0.0000E+00,  0.0000E+00,  8.8398E+00,  0.0000E+00,  2.2971E+00,  2.6667E+12,  1.3021E+11,  5.7758E+01,  7.3482E+01,  1.5927E+03,  5.4240E+08,  2.0283E+08,  2.0222E+09,  8.8485E+04,  2.9238E+08,  2.3223E+07,  4.3820E+08,  4.0033E+07,  3.8884E+08,  1.5220E+06,  7.5758E+07,  5.7336E+05,  7.8978E+06,  1.2907E+06,  2.5301E+07,  3.5542E+04,  1.9208E+06,  2.4237E+05,  1.2083E+07,  5.8253E+06,  7.5696E+08,  1.9397E+06,  3.6245E+07,  3.8800E+05,  6.2009E+05,  1.7743E+04,  6.1306E+04,  3.0139E+03,  3.3517E+04,  3.3895E+03,  1.6153E+04,  9.5421E+03,  2.2574E+04,  4.1974E+03,  9.5421E+03,  6.2901E+02,  1.9333E+03,  0.0000E+00,  1.6153E+03,  3.0653E+02,  1.0493E+03,  2.0987E+02,  1.0048E+03,  1.0939E+03,  2.4237E+03,  1.9652E+02,  2.9761E+03,  3.2746E+02,  1.1827E+03,  3.2248E+02,  3.2248E+03,  3.5490E+02,  9.0962E+02,  1.2210E+02,  7.5696E+02,  0.0000E+00,  2.4237E+02,  7.7569E+01,  3.0653E+02,  1.9333E+01,  3.2248E+02,  4.3569E+01,  2.0987E+02,  2.4237E+01,  2.9058E+02,  2.7411E+01,  1.7743E+02,  1.7743E+01,  3.0653E+02,  4.5148E+01,  5.3809E+02,  3.6570E+02,  1.0750E+03,  1.5834E+02,  1.3736E+02,  1.9333E+02,  2.0987E+03,  1.2210E+02,  0.0000E+00,  0.0000E+00,  0.0000E+00,  0.0000E+00,  0.0000E+00,  0.0000E+00,  2.9058E+01,  0.0000E+00,  7.5696E+00
  1.2000E-01,  4.4855E+11,  3.3154E+10,  1.4707E+01,  1.8719E+01,  4.7092E+02,  1.6033E+08,  5.9428E+07,  5.8312E+08,  2.4734E+04,  8.1703E+07,  6.4051E+06,  1.2080E+08,  1.0935E+07,  1.0607E+08,  4.1266E+05,  2.0589E+07,  1.5566E+05,  2.1434E+06,  3.5029E+05,  6.8652E+06,  1.0457E+04,  5.6434E+05,  7.1226E+04,  3.5521E+06,  1.7121E+06,  2.2224E+08,  5.7061E+05,  1.0663E+07,  1.1406E+05,  1.8232E+05,  5.2182E+03,  1.8032E+04,  8.8630E+02,  9.8518E+03,  9.9716E+02,  4.7510E+03,  2.7996E+03,  6.6419E+03,  1.2344E+03,  2.7996E+03,  1.8487E+02,  5.6851E+02,  0.0000E+00,  4.7510E+02,  9.0116E+01,  3.0850E+02,  6.1729E+01,  2.9522E+02,  3.2156E+02,  7.1227E+02,  5.7767E+01,  8.7514E+02,  9.6402E+01,  3.4814E+02,  9.4796E+01,  9.4796E+02,  1.0431E+02,  2.6678E+02,  3.5933E+01,  2.2224E+02,  0.0000E+00,  7.1227E+01,  2.2855E+01,  9.0117E+01,  5.6851E+00,  9.4796E+01,  1.2810E+01,  6.1730E+01,  7.1227E+00,  8.5531E+01,  8.0575E+00,  5.2182E+01,  5.2182E+00,  9.0117E+01,  1.3280E+01,  1.5816E+02,  1.0750E+02,  3.1548E+02,  4.6583E+01,  4.0398E+01,  5.6851E+01,  6.1730E+02,  3.5933E+01,  0.0000E+00,  0.0000E+00,  0.0000E+00,  0.0000E+00,  0.0000E+00,  0.0000E+00,  8.5532E+00,  0.0000E+00,  2.2224E+00,  2.3227E+12,  1.2642E+11,  5.6075E+01,  7.1342E+01,  1.5479E+03,  5.2715E+08,  1.9711E+08,  1.9652E+09,  8.5969E+04,  2.8407E+08,  2.2561E+07,  4.2570E+08,  3.8891E+07,  3.7775E+08,  1.4784E+06,  7.3591E+07,  5.5696E+05,  7.6718E+06,  1.2537E+06,  2.4576E+07,  3.4571E+04,  1.8682E+06,  2.3573E+05,  1.1752E+07,  5.6659E+06,  7.3622E+08,  1.8866E+06,  3.5254E+07,  3.7737E+05,  6.0312E+05,  1.7258E+04,  5.9628E+04,  2.9315E+03,  3.2600E+04,  3.2968E+03,  1.5711E+04,  9.2806E+03,  2.1957E+04,  4.0825E+03,  9.2806E+03,  6.1179E+02,  1.8804E+03,  0.0000E+00,  1.5711E+03,  2.9814E+02,  1.0206E+03,  2.0413E+02,  9.7734E+02,  1.0639E+03,  2.3573E+03,  1.9114E+02,  2.8947E+03,  3.1851E+02,  1.1504E+03,  3.1365E+02,  3.1365E+03,  3.4518E+02,  8.8470E+02,  1.1876E+02,  7.3622E+02,  0.0000E+00,  2.3573E+02,  7.5449E+01,  2.9814E+02,  1.8804E+01,  3.1365E+02,  4.2376E+01,  2.0413E+02,  2.3573E+01,  2.8264E+02,  2.6661E+01,  1.7258E+02,  1.7258E+01,  2.9814E+02,  4.3913E+01,  5.2336E+02,  3.5569E+02,  1.0455E+03,  1.5401E+02,  1.3361E+02,  1.8804E+02,  2.0413E+03,  1.1876E+02,  0.0000E+00,  0.0000E+00,  0.0000E+00,  0.0000E+00,  0.0000E+00,  0.0000E+00,  2.8264E+01,  0.0000E+00,  7.3622E+00
  1.4000E-01,  4.0715E+11,  3.0701E+10,  1.3619E+01,  1.7335E+01,  4.4085E+02,  1.5010E+08,  5.5600E+07,  5.4496E+08,  2.3065E+04,  7.6188E+07,  5.9671E+06,  1.1253E+08,  1.0180E+07,  9.8735E+07,  3.8396E+05,  1.9160E+07,  1.4485E+05,  1.9945E+06,  3.2595E+05,  6.3882E+06,  9.7845E+03,  5.2803E+05,  6.6645E+04,  3.3237E+06,  1.6019E+06,  2.0793E+08,  5.3394E+05,  9.9777E+06,  1.0672E+05,  1.7060E+05,  4.8827E+03,  1.6873E+04,  8.2932E+02,  9.2182E+03,  9.3308E+02,  4.4456E+03,  2.6192E+03,  6.2152E+03,  1.1551E+03,  2.6192E+03,  1.7298E+02,  5.3196E+02,  0.0000E+00,  4.4456E+02,  8.4321E+01,  2.8866E+02,  5.7762E+01,  2.7622E+02,  3.0088E+02,  6.6645E+02,  5.4052E+01,  8.1888E+02,  9.0211E+01,  3.2578E+02,  8.8700E+01,  8.8700E+02,  9.7605E+01,  2.4959E+02,  3.3625E+01,  2.0793E+02,  0.0000E+00,  6.6645E+01,  2.1389E+01,  8.4322E+01,  5.3196E+00,  8.8700E+01,  1.1986E+01,  5.7762E+01,  6.6645E+00,  8.0037E+01,  7.5393E+00,  4.8828E+01,  4.8828E+00,  8.4322E+01,  1.2426E+01,  1.4799E+02,  1.0058E+02,  2.9516E+02,  4.3590E+01,  3.7801E+01,  5.3196E+01,  5.7762E+02,  3.3625E+01,  0.0000E+00,  0.0000E+00,  0.0000E+00,  0.0000E+00,  0.0000E+00,  0.0000E+00,  8.0038E+00,  0.0000E+00,  2.0793E+00,  1.8178E+12,  1.1883E+11,  5.2711E+01,  6.7063E+01,  1.4584E+03,  4.9665E+08,  1.8569E+08,  1.8513E+09,  8.0937E+04,  2.6744E+08,  2.1237E+07,  4.0072E+08,  3.6609E+07,  3.5556E+08,  1.3912E+06,  6.9258E+07,  5.2415E+05,  7.2198E+06,  1.1798E+06,  2.3128E+07,  3.2628E+04,  1.7630E+06,  2.2245E+05,  1.1091E+07,  5.3471E+06,  6.9475E+08,  1.7805E+06,  3.3272E+07,  3.5612E+05,  5.6918E+05,  1.6287E+04,  5.6274E+04,  2.7667E+03,  3.0765E+04,  3.1113E+03,  1.4827E+04,  8.7577E+03,  2.0722E+04,  3.8528E+03,  8.7577E+03,  5.7736E+02,  1.7746E+03,  0.0000E+00,  1.4827E+03,  2.8137E+02,  9.6316E+02,  1.9264E+02,  9.2234E+02,  1.0041E+03,  2.2245E+03,  1.8039E+02,  2.7319E+03,  3.0060E+02,  1.0857E+03,  2.9599E+02,  2.9599E+03,  3.2575E+02,  8.3487E+02,  1.1208E+02,  6.9475E+02,  0.0000E+00,  2.2245E+02,  7.1209E+01,  2.8137E+02,  1.7746E+01,  2.9599E+02,  3.9990E+01,  1.9264E+02,  2.2245E+01,  2.6675E+02,  2.5160E+01,  1.6287E+02,  1.6287E+01,  2.8137E+02,  4.1444E+01,  4.9389E+02,  3.3567E+02,  9.8665E+02,  1.4535E+02,  1.2609E+02,  1.7746E+02,  1.9264E+03,  1.1208E+02,  0.0000E+00,  0.0000E+00,  0.0000E+00,  0.0000E+00,  0.0000E+00,  0.0000E+00,  2.6675E+01,  0.0000E+00,  6.9475E+00
  1.6000E-01,  3.7439E+11,  2.8401E+10,  1.2598E+01,  1.6037E+01,  4.1258E+02,  1.4047E+08,  5.2000E+07,  5.0907E+08,  2.1496E+04,  7.1005E+07,  5.5556E+06,  1.0477E+08,  9.4706E+06,  9.1845E+07,  3.5701E+05,  1.7818E+07,  1.3469E+05,  1.8547E+06,  3.0309E+05,  5.9401E+06,  9.1514E+03,  4.9382E+05,  6.2329E+04,  3.1085E+06,  1.4982E+06,  1.9445E+08,  4.9940E+05,  9.3321E+06,  9.9812E+04,  1.5955E+05,  4.5667E+03,  1.5781E+04,  7.7564E+02,  8.6212E+03,  8.7270E+02,  4.1579E+03,  2.4493E+03,  5.8131E+03,  1.0803E+03,  2.4493E+03,  1.6178E+02,  4.9752E+02,  0.0000E+00,  4.1579E+02,  7.8862E+01,  2.6997E+02,  5.4024E+01,  2.5832E+02,  2.8140E+02,  6.2329E+02,  5.0552E+01,  7.6587E+02,  8.4378E+01,  3.0471E+02,  8.2957E+01,  8.2957E+02,  9.1285E+01,  2.3339E+02,  3.1450E+01,  1.9445E+02,  0.0000E+00,  6.2329E+01,  2.0007E+01,  7.8862E+01,  4.9752E+00,  8.2957E+01,  1.1210E+01,  5.4024E+01,  6.2329E+00,  7.4861E+01,  7.0511E+00,  4.5667E+01,  4.5667E+00,  7.8862E+01,  1.1622E+01,  1.3840E+02,  9.4069E+01,  2.7601E+02,  4.0769E+01,  3.5355E+01,  4.9753E+01,  5.4024E+02,  3.1450E+01,  0.0000E+00,  0.0000E+00,  0.0000E+00,  0.0000E+00,  0.0000E+00,  0.0000E+00,  7.4862E+00,  0.0000E+00,  1.9445E+00,  1.4581E+12,  1.1125E+11,  4.9346E+01,  6.2783E+01,  1.3688E+03,  4.6615E+08,  1.7427E+08,  1.7373E+09,  7.5905E+04,  2.5081E+08,  1.9914E+07,  3.7573E+08,  3.4327E+07,  3.3338E+08,  1.3041E+06,  6.4924E+07,  4.9134E+05,  6.7677E+06,  1.1059E+06,  2.1679E+07,  3.0685E+04,  1.6579E+06,  2.0916E+05,  1.0430E+07,  5.0284E+06,  6.5329E+08,  1.6743E+06,  3.1289E+07,  3.3487E+05,  5.3523E+05,  1.5316E+04,  5.2919E+04,  2.6019E+03,  2.8930E+04,  2.9259E+03,  1.3943E+04,  8.2348E+03,  1.9487E+04,  3.6231E+03,  8.2348E+03,  5.4292E+02,  1.6688E+03,  0.0000E+00,  1.3943E+03,  2.6459E+02,  9.0576E+02,  1.8116E+02,  8.6735E+02,  9.4420E+02,  2.0916E+03,  1.6963E+02,  2.5691E+03,  2.8270E+02,  1.0210E+03,  2.7833E+02,  2.7833E+03,  3.0632E+02,  7.8504E+02,  1.0540E+02,  6.5329E+02,  0.0000E+00,  2.0916E+02,  6.6968E+01,  2.6459E+02,  1.6688E+01,  2.7833E+02,  3.7604E+01,  1.8116E+02,  2.0916E+01,  2.5086E+02,  2.3660E+01,  1.5316E+02,  1.5316E+01,  2.6459E+02,  3.8975E+01,  4.6443E+02,  3.1565E+02,  9.2777E+02,  1.3669E+02,  1.1857E+02,  1.6688E+02,  1.8116E+03,  1.0540E+02,  0.0000E+00,  0.0000E+00,  0.0000E+00,  0.0000E+00,  0.0000E+00,  0.0000E+00,  2.5086E+01,  0.0000E+00,  6.5329E+00
  1.8000E-01,  3.4780E+11,  2.6251E+10,  1.1645E+01,  1.4824E+01,  3.8610E+02,  1.3145E+08,  4.8629E+07,  4.7547E+08,  2.0028E+04,  6.6155E+07,  5.1705E+06,  9.7503E+07,  8.8069E+06,  8.5400E+07,  3.3180E+05,  1.6563E+07,  1.2519E+05,  1.7238E+06,  2.8171E+05,  5.5210E+06,  8.5571E+03,  4.6171E+05,  5.8278E+04,  2.9065E+06,  1.4008E+06,  1.8180E+08,  4.6697E+05,  8.7261E+06,  9.3327E+04,  1.4919E+05,  4.2701E+03,  1.4756E+04,  7.2525E+02,  8.0609E+03,  8.1604E+02,  3.8879E+03,  2.2898E+03,  5.4357E+03,  1.0102E+03,  2.2898E+03,  1.5127E+02,  4.6520E+02,  0.0000E+00,  3.8879E+02,  7.3738E+01,  2.5243E+02,  5.0515E+01,  2.4153E+02,  2.6312E+02,  5.8278E+02,  4.7267E+01,  7.1611E+02,  7.8903E+01,  2.8494E+02,  7.7567E+01,  7.7567E+02,  8.5352E+01,  2.1818E+02,  2.9409E+01,  1.8180E+02,  0.0000E+00,  5.8279E+01,  1.8710E+01,  7.3738E+01,  4.6521E+00,  7.7567E+01,  1.0482E+01,  5.0516E+01,  5.8279E+00,  7.0003E+01,  6.5929E+00,  4.2701E+01,  4.2701E+00,  7.3738E+01,  1.0867E+01,  1.2941E+02,  8.7956E+01,  2.5805E+02,  3.8122E+01,  3.3058E+01,  4.6521E+01,  5.0516E+02,  2.9409E+01,  0.0000E+00,  0.0000E+00,  0.0000E+00,  0.0000E+00,  0.0000E+00,  0.0000E+00,  7.0003E+00,  0.0000E+00,  1.8180E+00,  1.2012E+12,  1.0366E+11,  4.5982E+01,  5.8504E+01,  1.2792E+03,  4.3565E+08,  1.6285E+08,  1.6233E+09,  7.0872E+04,  2.3419E+08,  1.8590E+07,  3.5074E+08,  3.2044E+07,  3.1119E+08,  1.2169E+06,  6.0590E+07,  4.5853E+05,  6.3157E+06,  1.0321E+06,  2.0230E+07,  2.8742E+04,  1.5527E+06,  1.9588E+05,  9.7689E+06,  4.7096E+06,  6.1182E+08,  1.5682E+06,  2.9307E+07,  3.1362E+05,  5.0129E+05,  1.4345E+04,  4.9564E+04,  2.4371E+03,  2.7095E+04,  2.7404E+03,  1.3059E+04,  7.7120E+03,  1.8253E+04,  3.3934E+03,  7.7120E+03,  5.0849E+02,  1.5630E+03,  0.0000E+00,  1.3059E+03,  2.4782E+02,  8.4835E+02,  1.6967E+02,  8.1236E+02,  8.8434E+02,  1.9588E+03,  1.5887E+02,  2.4062E+03,  2.6479E+02,  9.5634E+02,  2.6067E+02,  2.6067E+03,  2.8689E+02,  7.3521E+02,  9.8718E+01,  6.1182E+02,  0.0000E+00,  1.9588E+02,  6.2728E+01,  2.4782E+02,  1.5630E+01,  2.6067E+02,  3.5219E+01,  1.6967E+02,  1.9588E+01,  2.3497E+02,  2.2160E+01,  1.4345E+02,  1.4345E+01,  2.4782E+02,  3.6505E+01,  4.3496E+02,  2.9563E+02,  8.6889E+02,  1.2802E+02,  1.1106E+02,  1.5630E+02,  1.6967E+03,  9.8718E+01,  0.0000E+00,  0.0000E+00,  0.0000E+00,  0.0000E+00,  0.0000E+00,  0.0000E+00,  2.3497E+01,  0.0000E+00,  6.1182E+00
  2.0000E-01,  3.2568E+11,  2.4254E+10,  1.0759E+01,  1.3697E+01,  3.6141E+02,  1.2304E+08,  4.5486E+07,  4.4414E+08,  1.8661E+04,  6.1638E+07,  4.8120E+06,  9.0738E+07,  8.1889E+06,  7.9398E+07,  3.0834E+05,  1.5395E+07,  1.1635E+05,  1.6020E+06,  2.6181E+05,  5.1309E+06,  8.0017E+03,  4.3171E+05,  5.4493E+04,  2.7177E+06,  1.3098E+06,  1.6997E+08,  4.3667E+05,  8.1598E+06,  8.7267E+04,  1.3950E+05,  3.9929E+03,  1.3798E+04,  6.7815E+02,  7.5374E+03,  7.6309E+02,  3.6355E+03,  2.1408E+03,  5.0830E+03,  9.4459E+02,  2.1408E+03,  1.4144E+02,  4.3500E+02,  0.0000E+00,  3.6355E+02,  6.8949E+01,  2.3604E+02,  4.7237E+01,  2.2583E+02,  2.4603E+02,  5.4494E+02,  4.4197E+01,  6.6962E+02,  7.3786E+01,  2.6646E+02,  7.2530E+01,  7.2530E+02,  7.9809E+01,  2.0398E+02,  2.7501E+01,  1.6997E+02,  0.0000E+00,  5.4494E+01,  1.7498E+01,  6.8949E+01,  4.3500E+00,  7.2530E+01,  9.8016E+00,  4.7237E+01,  5.4494E+00,  6.5462E+01,  6.1647E+00,  3.9929E+01,  3.9929E+00,  6.8949E+01,  1.0162E+01,  1.2100E+02,  8.2243E+01,  2.4126E+02,  3.5648E+01,  3.0912E+01,  4.3501E+01,  4.7237E+02,  2.7501E+01,  0.0000E+00,  0.0000E+00,  0.0000E+00,  0.0000E+00,  0.0000E+00,  0.0000E+00,  6.5463E+00,  0.0000E+00,  1.6998E+00,  1.0105E+12,  9.6079E+10,  4.2617E+01,  5.4224E+01,  1.1896E+03,  4.0516E+08,  1.5143E+08,  1.5093E+09,  6.5840E+04,  2.1756E+08,  1.7266E+07,  3.2575E+08,  2.9762E+07,  2.8901E+08,  1.1297E+06,  5.6257E+07,  4.2572E+05,  5.8636E+06,  9.5818E+05,  1.8782E+07,  2.6799E+04,  1.4475E+06,  1.8260E+05,  9.1078E+06,  4.3909E+06,  5.7035E+08,  1.4620E+06,  2.7325E+07,  2.9237E+05,  4.6735E+05,  1.3374E+04,  4.6209E+04,  2.2723E+03,  2.5261E+04,  2.5550E+03,  1.2175E+04,  7.1891E+03,  1.7018E+04,  3.1637E+03,  7.1891E+03,  4.7406E+02,  1.4572E+03,  0.0000E+00,  1.2175E+03,  2.3105E+02,  7.9095E+02,  1.5818E+02,  7.5736E+02,  8.2447E+02,  1.8260E+03,  1.4811E+02,  2.2434E+03,  2.4689E+02,  8.9165E+02,  2.4301E+02,  2.4301E+03,  2.6746E+02,  6.8538E+02,  9.2038E+01,  5.7035E+02,  0.0000E+00,  1.8260E+02,  5.8488E+01,  2.3105E+02,  1.4572E+01,  2.4301E+02,  3.2833E+01,  1.5818E+02,  1.8260E+01,  2.1908E+02,  2.0659E+01,  1.3374E+02,  1.3374E+01,  2.3105E+02,  3.4036E+01,  4.0550E+02,  2.7561E+02,  8.1001E+02,  1.1936E+02,  1.0354E+02,  1.4572E+02,  1.5818E+03,  9.2038E+01,  0.0000E+00,  0.0000E+00,  0.0000E+00,  0.0000E+00,  0.0000E+00,  0.0000E+00,  2.1908E+01,  0.0000E+00,  5.7035E+00
  2.2000E-01,  3.0691E+11,  2.2408E+10,  9.9405E+00,  1.2655E+01,  3.3852E+02,  1.1524E+08,  4.2572E+07,  4.1509E+08,  1.7395E+04,  5.7453E+07,  4.4799E+06,  8.4473E+07,  7.6164E+06,  7.3839E+07,  2.8661E+05,  1.4313E+07,  1.0816E+05,  1.4893E+06,  2.4339E+05,  4.7698E+06,  7.4852E+03,  4.0381E+05,  5.0974E+04,  2.5422E+06,  1.2252E+06,  1.5898E+08,  4.0849E+05,  7.6332E+06,  8.1632E+04,  1.3049E+05,  3.7351E+03,  1.2908E+04,  6.3435E+02,  7.0505E+03,  7.1384E+02,  3.4009E+03,  2.0023E+03,  4.7550E+03,  8.8361E+02,  2.0023E+03,  1.3230E+02,  4.0691E+02,  0.0000E+00,  3.4009E+02,  6.4496E+01,  2.2079E+02,  4.4188E+01,  2.1123E+02,  2.3014E+02,  5.0974E+02,  4.1342E+01,  6.2638E+02,  6.9027E+01,  2.4927E+02,  6.7846E+01,  6.7847E+02,  7.4654E+01,  1.9077E+02,  2.5727E+01,  1.5898E+02,  0.0000E+00,  5.0974E+01,  1.6370E+01,  6.4496E+01,  4.0692E+00,  6.7847E+01,  9.1688E+00,  4.4188E+01,  5.0974E+00,  6.1240E+01,  5.7665E+00,  3.7352E+01,  3.7352E+00,  6.4496E+01,  9.5060E+00,  1.1319E+02,  7.6931E+01,  2.2565E+02,  3.3348E+01,  2.8917E+01,  4.0692E+01,  4.4188E+02,  2.5727E+01,  0.0000E+00,  0.0000E+00,  0.0000E+00,  0.0000E+00,  0.0000E+00,  0.0000E+00,  6.1240E+00,  0.0000E+00,  1.5898E+00,  8.6663E+11,  8.8494E+10,  3.9252E+01,  4.9945E+01,  1.1001E+03,  3.7466E+08,  1.4001E+08,  1.3954E+09,  6.0808E+04,  2.0094E+08,  1.5942E+07,  3.0076E+08,  2.7479E+07,  2.6682E+08,  1.0426E+06,  5.1923E+07,  3.9291E+05,  5.4115E+06,  8.8430E+05,  1.7333E+07,  2.4856E+04,  1.3424E+06,  1.6932E+05,  8.4467E+06,  4.0721E+06,  5.2889E+08,  1.3559E+06,  2.5342E+07,  2.7112E+05,  4.3341E+05,  1.2403E+04,  4.2855E+04,  2.1076E+03,  2.3426E+04,  2.3695E+03,  1.1292E+04,  6.6662E+03,  1.5783E+04,  2.9340E+03,  6.6662E+03,  4.3962E+02,  1.3514E+03,  0.0000E+00,  1.1292E+03,  2.1427E+02,  7.3355E+02,  1.4670E+02,  7.0237E+02,  7.6461E+02,  1.6932E+03,  1.3736E+02,  2.0806E+03,  2.2898E+02,  8.2697E+02,  2.2535E+02,  2.2535E+03,  2.4803E+02,  6.3555E+02,  8.5358E+01,  5.2889E+02,  0.0000E+00,  1.6932E+02,  5.4248E+01,  2.1427E+02,  1.3514E+01,  2.2535E+02,  3.0447E+01,  1.4670E+02,  1.6932E+01,  2.0320E+02,  1.9159E+01,  1.2403E+02,  1.2403E+01,  2.1427E+02,  3.1567E+01,  3.7603E+02,  2.5559E+02,  7.5113E+02,  1.1070E+02,  9.6024E+01,  1.3514E+02,  1.4670E+03,  8.5358E+01,  0.0000E+00,  0.0000E+00,  0.0000E+00,  0.0000E+00,  0.0000E+00,  0.0000E+00,  2.0320E+01,  0.0000E+00,  5.2889E+00
  2.5000E-01,  2.8333E+11,  1.9924E+10,  8.8386E+00,  1.1253E+01,  3.0753E+02,  1.0469E+08,  3.8629E+07,  3.7579E+08,  1.5684E+04,  5.1799E+07,  4.0314E+06,  7.6012E+07,  6.8434E+06,  6.6334E+07,  2.5730E+05,  1.2853E+07,  9.7115E+04,  1.3371E+06,  2.1852E+05,  4.2824E+06,  6.7832E+03,  3.6590E+05,  4.6193E+04,  2.3037E+06,  1.1102E+06,  1.4405E+08,  3.7020E+05,  6.9175E+06,  7.3976E+04,  1.1825E+05,  3.3849E+03,  1.1698E+04,  5.7483E+02,  6.3890E+03,  6.4693E+02,  3.0820E+03,  1.8141E+03,  4.3092E+03,  8.0076E+02,  1.8141E+03,  1.1989E+02,  3.6875E+02,  0.0000E+00,  3.0820E+02,  5.8445E+01,  2.0008E+02,  4.0046E+01,  1.9140E+02,  2.0855E+02,  4.6193E+02,  3.7463E+01,  5.6762E+02,  6.2560E+01,  2.2592E+02,  6.1483E+01,  6.1483E+02,  6.7650E+01,  1.7282E+02,  2.3317E+01,  1.4405E+02,  0.0000E+00,  4.6194E+01,  1.4838E+01,  5.8445E+01,  3.6876E+00,  6.1483E+01,  8.3090E+00,  4.0046E+01,  4.6194E+00,  5.5501E+01,  5.2255E+00,  3.3849E+01,  3.3849E+00,  5.8445E+01,  8.6145E+00,  1.0257E+02,  6.9714E+01,  2.0444E+02,  3.0222E+01,  2.6205E+01,  3.6876E+01,  4.0046E+02,  2.3317E+01,  0.0000E+00,  0.0000E+00,  0.0000E+00,  0.0000E+00,  0.0000E+00,  0.0000E+00,  5.5502E+00,  0.0000E+00,  1.4405E+00,  7.0531E+11,  7.7116E+10,  3.4206E+01,  4.3526E+01,  9.6570E+02,  3.2891E+08,  1.2287E+08,  1.2244E+09,  5.3260E+04,  1.7600E+08,  1.3957E+07,  2.6328E+08,  2.4056E+07,  2.3355E+08,  9.1182E+05,  4.5423E+07,  3.4370E+05,  4.7335E+06,  7.7348E+05,  1.5160E+07,  2.1941E+04,  1.1846E+06,  1.4940E+05,  7.4550E+06,  3.5940E+06,  4.6669E+08,  1.1966E+06,  2.2369E+07,  2.3925E+05,  3.8250E+05,  1.0946E+04,  3.7823E+04,  1.8604E+03,  2.0674E+04,  2.0914E+03,  9.9656E+03,  5.8818E+03,  1.3931E+04,  2.5894E+03,  5.8818E+03,  3.8797E+02,  1.1927E+03,  0.0000E+00,  9.9656E+02,  1.8911E+02,  6.4744E+02,  1.2947E+02,  6.1988E+02,  6.7481E+02,  1.4940E+03,  1.2122E+02,  1.8364E+03,  2.0213E+02,  7.2994E+02,  1.9886E+02,  1.9886E+03,  2.1889E+02,  5.6081E+02,  7.5338E+01,  4.6669E+02,  0.0000E+00,  1.4940E+02,  4.7888E+01,  1.8911E+02,  1.1927E+01,  1.9886E+02,  2.6869E+01,  1.2947E+02,  1.4940E+01,  1.7936E+02,  1.6909E+01,  1.0946E+02,  1.0946E+01,  1.8911E+02,  2.7863E+01,  3.3184E+02,  2.2556E+02,  6.6281E+02,  9.7706E+01,  8.4750E+01,  1.1927E+02,  1.2947E+03,  7.5338E+01,  0.0000E+00,  0.0000E+00,  0.0000E+00,  0.0000E+00,  0.0000E+00,  0.0000E+00,  1.7936E+01,  0.0000E+00,  4.6669E+00
  2.8000E-01,  2.6395E+11,  1.7781E+10,  7.8882E+00,  1.0044E+01,  2.8057E+02,  9.5510E+07,  3.5199E+07,  3.4163E+08,  1.4199E+04,  4.6893E+07,  3.6425E+06,  6.8676E+07,  6.1731E+06,  5.9827E+07,  2.3190E+05,  1.1588E+07,  8.7542E+04,  1.2053E+06,  1.9698E+05,  3.8602E+06,  6.1687E+03,  3.3273E+05,  4.2010E+04,  2.0949E+06,  1.0095E+06,  1.3098E+08,  3.3669E+05,  6.2910E+06,  6.7277E+04,  1.0754E+05,  3.0784E+03,  1.0638E+04,  5.2273E+02,  5.8101E+03,  5.8836E+02,  2.8029E+03,  1.6494E+03,  3.9191E+03,  7.2825E+02,  1.6494E+03,  1.0902E+02,  3.3535E+02,  0.0000E+00,  2.8029E+02,  5.3149E+01,  1.8195E+02,  3.6420E+01,  1.7404E+02,  1.8965E+02,  4.2010E+02,  3.4069E+01,  5.1619E+02,  5.6900E+01,  2.0547E+02,  5.5915E+01,  5.5915E+02,  6.1521E+01,  1.5712E+02,  2.1207E+01,  1.3098E+02,  0.0000E+00,  4.2010E+01,  1.3497E+01,  5.3149E+01,  3.3536E+00,  5.5915E+01,  7.5567E+00,  3.6420E+01,  4.2010E+00,  5.0478E+01,  4.7520E+00,  3.0784E+01,  3.0784E+00,  5.3149E+01,  7.8342E+00,  9.3278E+01,  6.3397E+01,  1.8588E+02,  2.7485E+01,  2.3832E+01,  3.3536E+01,  3.6420E+02,  2.1207E+01,  0.0000E+00,  0.0000E+00,  0.0000E+00,  0.0000E+00,  0.0000E+00,  0.0000E+00,  5.0478E+00,  0.0000E+00,  1.3098E+00,  5.8684E+11,  6.5739E+10,  2.9159E+01,  3.7106E+01,  8.3134E+02,  2.8317E+08,  1.0574E+08,  1.0535E+09,  4.5712E+04,  1.5106E+08,  1.1971E+07,  2.2580E+08,  2.0632E+07,  2.0027E+08,  7.8108E+05,  3.8922E+07,  2.9448E+05,  4.0554E+06,  6.6265E+05,  1.2987E+07,  1.9027E+04,  1.0269E+06,  1.2948E+05,  6.4633E+06,  3.1159E+06,  4.0449E+08,  1.0374E+06,  1.9395E+07,  2.0737E+05,  3.3159E+05,  9.4897E+03,  3.2790E+04,  1.6132E+03,  1.7922E+04,  1.8132E+03,  8.6397E+03,  5.0975E+03,  1.2079E+04,  2.2448E+03,  5.0975E+03,  3.3633E+02,  1.0340E+03,  0.0000E+00,  8.6397E+02,  1.6395E+02,  5.6133E+02,  1.1224E+02,  5.3738E+02,  5.8502E+02,  1.2948E+03,  1.0508E+02,  1.5922E+03,  1.7527E+02,  6.3291E+02,  1.7237E+02,  1.7237E+03,  1.8974E+02,  4.8607E+02,  6.5318E+01,  4.0449E+02,  0.0000E+00,  1.2948E+02,  4.1528E+01,  1.6395E+02,  1.0340E+01,  1.7237E+02,  2.3290E+01,  1.1224E+02,  1.2948E+01,  1.5553E+02,  1.4658E+01,  9.4897E+01,  9.4897E+00,  1.6395E+02,  2.4159E+01,  2.8764E+02,  1.9553E+02,  5.7449E+02,  8.4713E+01,  7.3476E+01,  1.0340E+02,  1.1224E+03,  6.5318E+01,  0.0000E+00,  0.0000E+00,  0.0000E+00,  0.0000E+00,  0.0000E+00,  0.0000E+00,  1.5553E+01,  0.0000E+00,  4.0449E+00
  3.2000E-01,  2.4278E+11,  1.5455E+10,  6.8564E+00,  8.7305E+00,  2.5090E+02,  8.5403E+07,  3.1427E+07,  3.0405E+08,  1.2572E+04,  4.1516E+07,  3.2166E+06,  6.0644E+07,  5.4391E+06,  5.2703E+07,  2.0415E+05,  1.0204E+07,  7.7075E+04,  1.0611E+06,  1.7343E+05,  3.3986E+06,  5.4853E+03,  2.9586E+05,  3.7362E+04,  1.8628E+06,  8.9763E+05,  1.1646E+08,  2.9944E+05,  5.5945E+06,  5.9832E+04,  9.5638E+04,  2.7376E+03,  9.4610E+03,  4.6479E+02,  5.1666E+03,  5.2325E+02,  2.4927E+03,  1.4664E+03,  3.4853E+03,  6.4764E+02,  1.4664E+03,  9.6949E+01,  2.9823E+02,  0.0000E+00,  2.4927E+02,  4.7262E+01,  1.6179E+02,  3.2390E+01,  1.5474E+02,  1.6864E+02,  3.7362E+02,  3.0296E+01,  4.5902E+02,  5.0605E+01,  1.8274E+02,  4.9726E+01,  4.9726E+02,  5.4708E+01,  1.3967E+02,  1.8861E+01,  1.1646E+02,  0.0000E+00,  3.7363E+01,  1.2006E+01,  4.7262E+01,  2.9823E+00,  4.9726E+01,  6.7205E+00,  3.2390E+01,  3.7363E+00,  4.4892E+01,  4.2257E+00,  2.7377E+01,  2.7377E+00,  4.7262E+01,  6.9666E+00,  8.2951E+01,  5.6377E+01,  1.6525E+02,  2.4443E+01,  2.1193E+01,  2.9823E+01,  3.2390E+02,  1.8862E+01,  0.0000E+00,  0.0000E+00,  0.0000E+00,  0.0000E+00,  0.0000E+00,  0.0000E+00,  4.4892E+00,  0.0000E+00,  1.1646E+00,  4.7141E+11,  5.0569E+10,  2.2430E+01,  2.8547E+01,  6.5219E+02,  2.2217E+08,  8.2896E+07,  8.2551E+08,  3.5648E+04,  1.1780E+08,  9.3240E+06,  1.7582E+08,  1.6067E+07,  1.5590E+08,  6.0675E+05,  3.0255E+07,  2.2886E+05,  3.1513E+06,  5.1488E+05,  1.0090E+07,  1.5141E+04,  8.1654E+05,  1.0291E+05,  5.1411E+06,  2.4784E+06,  3.2155E+08,  8.2510E+05,  1.5431E+07,  1.6487E+05,  2.6371E+05,  7.5477E+03,  2.6081E+04,  1.2836E+03,  1.4252E+04,  1.4423E+03,  6.8718E+03,  4.0517E+03,  9.6100E+03,  1.7854E+03,  4.0517E+03,  2.6746E+02,  8.2236E+02,  0.0000E+00,  6.8718E+02,  1.3040E+02,  4.4652E+02,  8.9268E+01,  4.2740E+02,  4.6529E+02,  1.0291E+03,  8.3566E+01,  1.2665E+03,  1.3946E+02,  5.0354E+02,  1.3706E+02,  1.3706E+03,  1.5088E+02,  3.8641E+02,  5.1958E+01,  3.2155E+02,  0.0000E+00,  1.0291E+02,  3.3047E+01,  1.3040E+02,  8.2236E+00,  1.3706E+02,  1.8519E+01,  8.9268E+01,  1.0291E+01,  1.2375E+02,  1.1658E+01,  7.5477E+01,  7.5477E+00,  1.3040E+02,  1.9220E+01,  2.2871E+02,  1.5549E+02,  4.5673E+02,  6.7388E+01,  5.8443E+01,  8.2236E+01,  8.9268E+02,  5.1958E+01,  0.0000E+00,  0.0000E+00,  0.0000E+00,  0.0000E+00,  0.0000E+00,  0.0000E+00,  1.2375E+01,  0.0000E+00,  3.2155E+00
  3.5000E-01,  2.2960E+11,  1.4109E+10,  6.2592E+00,  7.9704E+00,  2.3335E+02,  7.9424E+07,  2.9197E+07,  2.8185E+08,  1.1616E+04,  3.8356E+07,  2.9666E+06,  5.5931E+07,  5.0084E+06,  4.8525E+07,  1.8791E+05,  9.3939E+06,  7.0948E+04,  9.7677E+05,  1.5964E+05,  3.1285E+06,  5.0748E+03,  2.7373E+05,  3.4574E+04,  1.7234E+06,  8.3045E+05,  1.0775E+08,  2.7708E+05,  5.1762E+06,  5.5364E+04,  8.8490E+04,  2.5330E+03,  8.7540E+03,  4.2999E+02,  4.7803E+03,  4.8415E+02,  2.3064E+03,  1.3566E+03,  3.2248E+03,  5.9925E+02,  1.3566E+03,  8.9700E+01,  2.7594E+02,  0.0000E+00,  2.3064E+02,  4.3727E+01,  1.4968E+02,  2.9970E+01,  1.4316E+02,  1.5603E+02,  3.4574E+02,  2.8031E+01,  4.2469E+02,  4.6824E+01,  1.6909E+02,  4.6012E+01,  4.6012E+02,  5.0619E+01,  1.2920E+02,  1.7453E+01,  1.0775E+02,  0.0000E+00,  3.4574E+01,  1.1110E+01,  4.3728E+01,  2.7594E+00,  4.6012E+01,  6.2186E+00,  2.9970E+01,  3.4574E+00,  4.1537E+01,  3.9097E+00,  2.5331E+01,  2.5331E+00,  4.3728E+01,  6.4456E+00,  7.6753E+01,  5.2163E+01,  1.5288E+02,  2.2617E+01,  1.9609E+01,  2.7594E+01,  2.9971E+02,  1.7453E+01,  0.0000E+00,  0.0000E+00,  0.0000E+00,  0.0000E+00,  0.0000E+00,  0.0000E+00,  4.1537E+00,  0.0000E+00,  1.0775E+00,  4.0739E+11,  3.9191E+10,  1.7383E+01,  2.2128E+01,  5.1783E+02,  1.7642E+08,  6.5763E+07,  6.5455E+08,  2.8099E+04,  9.2865E+07,  7.3385E+06,  1.3834E+08,  1.2644E+07,  1.2262E+08,  4.7600E+05,  2.3755E+07,  1.7965E+05,  2.4732E+06,  4.0406E+05,  7.9170E+06,  1.2226E+04,  6.5878E+05,  8.2993E+04,  4.1495E+06,  2.0003E+06,  2.5935E+08,  6.6587E+05,  1.2457E+07,  1.3300E+05,  2.1280E+05,  6.0912E+03,  2.1049E+04,  1.0365E+03,  1.1500E+04,  1.1642E+03,  5.5459E+03,  3.2674E+03,  7.7580E+03,  1.4408E+03,  3.2674E+03,  2.1581E+02,  6.6365E+02,  0.0000E+00,  5.5459E+02,  1.0524E+02,  3.6042E+02,  7.2040E+01,  3.4490E+02,  3.7549E+02,  8.2993E+02,  6.7430E+01,  1.0223E+03,  1.1260E+02,  4.0652E+02,  1.1057E+02,  1.1057E+03,  1.2174E+02,  3.1166E+02,  4.1938E+01,  2.5935E+02,  0.0000E+00,  8.2993E+01,  2.6687E+01,  1.0524E+02,  6.6365E+00,  1.1057E+02,  1.4940E+01,  7.2040E+01,  8.2993E+00,  9.9922E+01,  9.4073E+00,  6.0912E+01,  6.0912E+00,  1.0524E+02,  1.5516E+01,  1.8451E+02,  1.2546E+02,  3.6841E+02,  5.4395E+01,  4.7169E+01,  6.6365E+01,  7.2040E+02,  4.1938E+01,  0.0000E+00,  0.0000E+00,  0.0000E+00,  0.0000E+00,  0.0000E+00,  0.0000E+00,  9.9922E+00,  0.0000E+00,  2.5935E+00
  4.0000E-01,  2.1119E+11,  1.2521E+10,  5.5552E+00,  7.0739E+00,  2.1188E+02,  7.2108E+07,  2.6472E+07,  2.5475E+08,  1.0459E+04,  3.4532E+07,  2.6649E+06,  5.0245E+07,  4.4887E+06,  4.3487E+07,  1.6840E+05,  8.4196E+06,  6.3580E+04,  8.7536E+05,  1.4308E+05,  2.8040E+06,  4.5601E+03,  2.4602E+05,  3.1083E+04,  1.5488E+06,  7.4628E+05,  9.6838E+07,  2.4906E+05,  4.6519E+06,  4.9769E+04,  7.9537E+04,  2.2767E+03,  7.8683E+03,  3.8636E+02,  4.2965E+03,  4.3516E+02,  2.0731E+03,  1.2192E+03,  2.8982E+03,  5.3862E+02,  1.2192E+03,  8.0620E+01,  2.4801E+02,  0.0000E+00,  2.0731E+02,  3.9298E+01,  1.3452E+02,  2.6939E+01,  1.2865E+02,  1.4023E+02,  3.1084E+02,  2.5194E+01,  3.8167E+02,  4.2084E+01,  1.5198E+02,  4.1361E+01,  4.1361E+02,  4.5497E+01,  1.1609E+02,  1.5688E+01,  9.6839E+01,  0.0000E+00,  3.1084E+01,  9.9861E+00,  3.9299E+01,  2.4801E+00,  4.1361E+01,  5.5901E+00,  2.6939E+01,  3.1084E+00,  3.7331E+01,  3.5139E+00,  2.2768E+01,  2.2768E+00,  3.9299E+01,  5.7925E+00,  6.8991E+01,  4.6884E+01,  1.3738E+02,  2.0327E+01,  1.7624E+01,  2.4802E+01,  2.6939E+02,  1.5688E+01,  0.0000E+00,  0.0000E+00,  0.0000E+00,  0.0000E+00,  0.0000E+00,  0.0000E+00,  3.7331E+00,  0.0000E+00,  9.6841E-01,  3.2886E+11,  2.4308E+10,  1.0780E+01,  1.3730E+01,  3.4093E+02,  1.1620E+08,  4.3211E+07,  4.2951E+08,  1.8179E+04,  6.0084E+07,  4.7304E+06,  8.9111E+07,  8.1456E+06,  7.8914E+07,  3.0440E+05,  1.5220E+07,  1.1505E+05,  1.5832E+06,  2.5860E+05,  5.0651E+06,  8.3625E+03,  4.4977E+05,  5.6614E+04,  2.8353E+06,  1.3665E+06,  1.7696E+08,  4.5490E+05,  8.5157E+06,  9.0780E+04,  1.4533E+05,  4.1614E+03,  1.4382E+04,  7.0877E+02,  7.8535E+03,  7.9551E+02,  3.7891E+03,  2.2286E+03,  5.3033E+03,  9.8424E+02,  2.2286E+03,  1.4737E+02,  4.5336E+02,  0.0000E+00,  3.7891E+02,  7.1903E+01,  2.4631E+02,  4.9212E+01,  2.3559E+02,  2.5650E+02,  5.6614E+02,  4.6049E+01,  6.9861E+02,  7.6999E+01,  2.7794E+02,  7.5477E+01,  7.5477E+02,  8.3125E+01,  2.1264E+02,  2.8662E+01,  1.7696E+02,  0.0000E+00,  5.6614E+01,  1.8255E+01,  7.1903E+01,  4.5336E+00,  7.5477E+01,  1.0200E+01,  4.9212E+01,  5.6614E+00,  6.8329E+01,  6.4255E+00,  4.1614E+01,  4.1614E+00,  7.1903E+01,  1.0607E+01,  1.2597E+02,  8.5673E+01,  2.5140E+02,  3.7175E+01,  3.2229E+01,  4.5336E+01,  4.9212E+02,  2.8662E+01,  0.0000E+00,  0.0000E+00,  0.0000E+00,  0.0000E+00,  0.0000E+00,  0.0000E+00,  6.8329E+00,  0.0000E+00,  1.7696E+00
  4.5000E-01,  1.9620E+11,  1.1388E+10,  5.0525E+00,  6.4336E+00,  1.9591E+02,  6.6664E+07,  2.4449E+07,  2.3463E+08,  9.6086E+03,  3.1722E+07,  2.4437E+06,  4.6078E+07,  4.1079E+06,  3.9798E+07,  1.5417E+05,  7.7083E+06,  5.8203E+04,  8.0137E+05,  1.3099E+05,  2.5672E+06,  4.1679E+03,  2.2492E+05,  2.8427E+04,  1.4158E+06,  6.8220E+05,  8.8535E+07,  2.2772E+05,  4.2524E+06,  4.5510E+04,  7.2720E+04,  2.0815E+03,  7.1935E+03,  3.5312E+02,  3.9281E+03,  3.9784E+02,  1.8953E+03,  1.1146E+03,  2.6495E+03,  4.9245E+02,  1.1146E+03,  7.3708E+01,  2.2674E+02,  0.0000E+00,  1.8953E+02,  3.5925E+01,  1.2296E+02,  2.4630E+01,  1.1760E+02,  1.2820E+02,  2.8427E+02,  2.3034E+01,  3.4890E+02,  3.8472E+01,  1.3894E+02,  3.7820E+01,  3.7820E+02,  4.1597E+01,  1.0612E+02,  1.4343E+01,  8.8537E+01,  0.0000E+00,  2.8427E+01,  9.1298E+00,  3.5926E+01,  2.2675E+00,  3.7820E+01,  5.1116E+00,  2.4630E+01,  2.8427E+00,  3.4126E+01,  3.2124E+00,  2.0815E+01,  2.0815E+00,  3.5926E+01,  5.2949E+00,  6.3081E+01,  4.2865E+01,  1.2559E+02,  1.8584E+01,  1.6112E+01,  2.2675E+01,  2.4630E+02,  1.4343E+01,  0.0000E+00,  0.0000E+00,  0.0000E+00,  0.0000E+00,  0.0000E+00,  0.0000E+00,  3.4126E+00,  0.0000E+00,  8.8538E-01,  2.7092E+11,  2.1034E+10,  9.3272E+00,  1.1882E+01,  2.9793E+02,  1.0156E+08,  3.7742E+07,  3.7495E+08,  1.5830E+04,  5.2305E+07,  4.1181E+06,  7.7583E+07,  7.0852E+06,  6.8657E+07,  2.6460E+05,  1.3230E+07,  1.0003E+05,  1.3765E+06,  2.2484E+05,  4.4040E+06,  7.3265E+03,  3.9419E+05,  4.9656E+04,  2.4848E+06,  1.1971E+06,  1.5514E+08,  3.9880E+05,  7.4618E+06,  7.9598E+04,  1.2736E+05,  3.6479E+03,  1.2610E+04,  6.2096E+02,  6.8843E+03,  6.9718E+02,  3.3219E+03,  1.9539E+03,  4.6473E+03,  8.6280E+02,  1.9539E+03,  1.2914E+02,  3.9739E+02,  0.0000E+00,  3.3219E+02,  6.3020E+01,  2.1588E+02,  4.3140E+01,  2.0645E+02,  2.2479E+02,  4.9656E+02,  4.0362E+01,  6.1222E+02,  6.7474E+01,  2.4366E+02,  6.6170E+01,  6.6170E+02,  7.2868E+01,  1.8632E+02,  2.5132E+01,  1.5514E+02,  0.0000E+00,  4.9656E+01,  1.5996E+01,  6.3020E+01,  3.9739E+00,  6.6170E+01,  8.9415E+00,  4.3140E+01,  4.9656E+00,  5.9869E+01,  5.6322E+00,  3.6479E+01,  3.6479E+00,  6.3020E+01,  9.2978E+00,  1.1043E+02,  7.5095E+01,  2.2034E+02,  3.2579E+01,  2.8250E+01,  3.9739E+01,  4.3140E+02,  2.5132E+01,  0.0000E+00,  0.0000E+00,  0.0000E+00,  0.0000E+00,  0.0000E+00,  0.0000E+00,  5.9869E+00,  0.0000E+00,  1.5514E+00
  5.0000E-01,  1.8373E+11,  1.0418E+10,  4.6224E+00,  5.8858E+00,  1.8209E+02,  6.1952E+07,  2.2698E+07,  2.1725E+08,  8.8758E+03,  2.9301E+07,  2.2531E+06,  4.2487E+07,  3.7802E+06,  3.6621E+07,  1.4194E+05,  7.0965E+06,  5.3578E+04,  7.3772E+05,  1.2059E+05,  2.3636E+06,  3.8275E+03,  2.0660E+05,  2.6118E+04,  1.3003E+06,  6.2658E+05,  8.1324E+07,  2.0918E+05,  3.9057E+06,  4.1809E+04,  6.6801E+04,  1.9119E+03,  6.6072E+03,  3.2426E+02,  3.6081E+03,  3.6544E+02,  1.7409E+03,  1.0238E+03,  2.4335E+03,  4.5234E+02,  1.0238E+03,  6.7706E+01,  2.0827E+02,  0.0000E+00,  1.7409E+02,  3.2996E+01,  1.1293E+02,  2.2625E+01,  1.0800E+02,  1.1775E+02,  2.6118E+02,  2.1158E+01,  3.2044E+02,  3.5337E+01,  1.2762E+02,  3.4744E+01,  3.4744E+02,  3.8210E+01,  9.7460E+01,  1.3175E+01,  8.1325E+01,  0.0000E+00,  2.6118E+01,  8.3865E+00,  3.2997E+01,  2.0828E+00,  3.4744E+01,  4.6960E+00,  2.2625E+01,  2.6118E+00,  3.1344E+01,  2.9506E+00,  1.9120E+01,  1.9120E+00,  3.2997E+01,  4.8627E+00,  5.7948E+01,  3.9375E+01,  1.1535E+02,  1.7070E+01,  1.4799E+01,  2.0828E+01,  2.2625E+02,  1.3175E+01,  0.0000E+00,  0.0000E+00,  0.0000E+00,  0.0000E+00,  0.0000E+00,  0.0000E+00,  3.1344E+00,  0.0000E+00,  8.1327E-01,  2.2790E+11,  1.7760E+10,  7.8740E+00,  1.0033E+01,  2.5492E+02,  8.6929E+07,  3.2274E+07,  3.2039E+08,  1.3481E+04,  4.4526E+07,  3.5057E+06,  6.6055E+07,  6.0249E+06,  5.8400E+07,  2.2481E+05,  1.1240E+07,  8.5006E+04,  1.1698E+06,  1.9107E+05,  3.7429E+06,  6.2905E+03,  3.3860E+05,  4.2698E+04,  2.1344E+06,  1.0276E+06,  1.3332E+08,  3.4270E+05,  6.4078E+06,  6.8417E+04,  1.0939E+05,  3.1344E+03,  1.0839E+04,  5.3316E+02,  5.9151E+03,  5.9884E+02,  2.8546E+03,  1.6792E+03,  3.9913E+03,  7.4136E+02,  1.6792E+03,  1.1091E+02,  3.4141E+02,  0.0000E+00,  2.8546E+02,  5.4136E+01,  1.8546E+02,  3.7068E+01,  1.7731E+02,  1.9308E+02,  4.2698E+02,  3.4675E+01,  5.2582E+02,  5.7949E+01,  2.0939E+02,  5.6863E+01,  5.6863E+02,  6.2611E+01,  1.6000E+02,  2.1601E+01,  1.3332E+02,  0.0000E+00,  4.2698E+01,  1.3736E+01,  5.4136E+01,  3.4141E+00,  5.6863E+01,  7.6834E+00,  3.7068E+01,  4.2698E+00,  5.1409E+01,  4.8388E+00,  3.1344E+01,  3.1344E+00,  5.4136E+01,  7.9884E+00,  9.4899E+01,  6.4517E+01,  1.8927E+02,  2.7983E+01,  2.4270E+01,  3.4141E+01,  3.7068E+02,  2.1601E+01,  0.0000E+00,  0.0000E+00,  0.0000E+00,  0.0000E+00,  0.0000E+00,  0.0000E+00,  5.1409E+00,  0.0000E+00,  1.3332E+00
  5.5000E-01,  1.7314E+11,  9.6117E+09,  4.2651E+00,  5.4303E+00,  1.7042E+02,  5.7971E+07,  2.1221E+07,  2.0259E+08,  8.2605E+03,  2.7270E+07,  2.0931E+06,  3.9472E+07,  3.5055E+06,  3.3958E+07,  1.3169E+05,  6.5843E+06,  4.9703E+04,  6.8439E+05,  1.1188E+05,  2.1930E+06,  3.5388E+03,  1.9106E+05,  2.4157E+04,  1.2024E+06,  5.7944E+05,  7.5204E+07,  1.9345E+05,  3.6117E+06,  3.8668E+04,  6.1781E+04,  1.7681E+03,  6.1096E+03,  2.9980E+02,  3.3366E+03,  3.3796E+02,  1.6098E+03,  9.4671E+02,  2.2503E+03,  4.1831E+02,  9.4671E+02,  6.2616E+01,  1.9260E+02,  0.0000E+00,  1.6098E+02,  3.0512E+01,  1.0442E+02,  2.0923E+01,  9.9865E+01,  1.0889E+02,  2.4157E+02,  1.9566E+01,  2.9631E+02,  3.2677E+01,  1.1800E+02,  3.2133E+01,  3.2133E+02,  3.5336E+01,  9.0117E+01,  1.2183E+01,  7.5205E+01,  0.0000E+00,  2.4157E+01,  7.7562E+00,  3.0512E+01,  1.9260E+00,  3.2133E+01,  4.3432E+00,  2.0923E+01,  2.4157E+00,  2.8985E+01,  2.7285E+00,  1.7681E+01,  1.7681E+00,  3.0512E+01,  4.4960E+00,  5.3591E+01,  3.6413E+01,  1.0666E+02,  1.5785E+01,  1.3685E+01,  1.9261E+01,  2.0924E+02,  1.2183E+01,  0.0000E+00,  0.0000E+00,  0.0000E+00,  0.0000E+00,  0.0000E+00,  0.0000E+00,  2.8985E+00,  0.0000E+00,  7.5207E-01,  1.9556E+11,  1.4487E+10,  6.4208E+00,  8.1846E+00,  2.1192E+02,  7.2295E+07,  2.6805E+07,  2.6584E+08,  1.1132E+04,  3.6746E+07,  2.8934E+06,  5.4527E+07,  4.9645E+06,  4.8143E+07,  1.8501E+05,  9.2506E+06,  6.9987E+04,  9.6311E+05,  1.5731E+05,  3.0817E+06,  5.2546E+03,  2.8301E+05,  3.5740E+04,  1.7839E+06,  8.5815E+05,  1.1149E+08,  2.8660E+05,  5.3539E+06,  5.7236E+04,  9.1415E+04,  2.6209E+03,  9.0673E+03,  4.4535E+02,  4.9458E+03,  5.0051E+02,  2.3873E+03,  1.4045E+03,  3.3353E+03,  6.1992E+02,  1.4045E+03,  9.2683E+01,  2.8544E+02,  0.0000E+00,  2.3873E+02,  4.5253E+01,  1.5503E+02,  3.0996E+01,  1.4817E+02,  1.6138E+02,  3.5740E+02,  2.8988E+01,  4.3942E+02,  4.8423E+01,  1.7511E+02,  4.7556E+01,  4.7556E+02,  5.2354E+01,  1.3369E+02,  1.8071E+01,  1.1149E+02,  0.0000E+00,  3.5740E+01,  1.1477E+01,  4.5253E+01,  2.8544E+00,  4.7556E+01,  6.4253E+00,  3.0996E+01,  3.5740E+00,  4.2949E+01,  4.0455E+00,  2.6209E+01,  2.6209E+00,  4.5253E+01,  6.6790E+00,  7.9366E+01,  5.3939E+01,  1.5820E+02,  2.3387E+01,  2.0291E+01,  2.8544E+01,  3.0996E+02,  1.8071E+01,  0.0000E+00,  0.0000E+00,  0.0000E+00,  0.0000E+00,  0.0000E+00,  0.0000E+00,  4.2949E+00,  0.0000E+00,  1.1149E+00
  6.3000E-01,  1.5903E+11,  8.5967E+09,  3.8152E+00,  4.8568E+00,  1.5538E+02,  5.2842E+07,  1.9321E+07,  1.8376E+08,  7.4743E+03,  2.4675E+07,  1.8889E+06,  3.5622E+07,  3.1553E+06,  3.0561E+07,  1.1865E+05,  5.9323E+06,  4.4770E+04,  6.1651E+05,  1.0079E+05,  1.9757E+06,  3.1652E+03,  1.7093E+05,  2.1612E+04,  1.0755E+06,  5.1841E+05,  6.7270E+07,  1.7305E+05,  3.2309E+06,  3.4595E+04,  5.5278E+04,  1.5816E+03,  5.4643E+03,  2.6813E+02,  2.9847E+03,  3.0235E+02,  1.4400E+03,  8.4678E+02,  2.0131E+03,  3.7420E+02,  8.4678E+02,  5.6024E+01,  1.7229E+02,  0.0000E+00,  1.4400E+02,  2.7293E+01,  9.3388E+01,  1.8718E+01,  8.9327E+01,  9.7411E+01,  2.1613E+02,  1.7504E+01,  2.6506E+02,  2.9233E+01,  1.0554E+02,  2.8749E+01,  2.8749E+02,  3.1611E+01,  8.0610E+01,  1.0897E+01,  6.7272E+01,  0.0000E+00,  2.1613E+01,  6.9397E+00,  2.7293E+01,  1.7230E+00,  2.8749E+01,  3.8860E+00,  1.8718E+01,  2.1613E+00,  2.5930E+01,  2.4407E+00,  1.5816E+01,  1.5816E+00,  2.7293E+01,  4.0209E+00,  4.7944E+01,  3.2576E+01,  9.5408E+01,  1.4122E+01,  1.2242E+01,  1.7230E+01,  1.8718E+02,  1.0897E+01,  0.0000E+00,  0.0000E+00,  0.0000E+00,  0.0000E+00,  0.0000E+00,  0.0000E+00,  2.5931E+00,  0.0000E+00,  6.7273E-01,  1.5722E+11,  1.0888E+10,  4.8246E+00,  6.1526E+00,  1.6396E+02,  5.5936E+07,  2.0701E+07,  2.0499E+08,  8.5230E+03,  2.8122E+07,  2.2133E+06,  4.1725E+07,  3.7889E+06,  3.6760E+07,  1.4097E+05,  7.0477E+06,  5.3337E+04,  7.3398E+05,  1.1989E+05,  2.3492E+06,  4.0872E+03,  2.2032E+05,  2.7871E+04,  1.3883E+06,  6.6748E+05,  8.6842E+07,  2.2324E+05,  4.1657E+06,  4.4603E+04,  7.1159E+04,  2.0410E+03,  7.0641E+03,  3.4636E+02,  3.8517E+03,  3.8958E+02,  1.8593E+03,  1.0937E+03,  2.5957E+03,  4.8281E+02,  1.0937E+03,  7.2138E+01,  2.2226E+02,  0.0000E+00,  1.8593E+02,  3.5227E+01,  1.2066E+02,  2.4140E+01,  1.1528E+02,  1.2560E+02,  2.7871E+02,  2.2570E+01,  3.4195E+02,  3.7679E+01,  1.3636E+02,  3.7044E+01,  3.7044E+02,  4.0775E+01,  1.0399E+02,  1.4077E+01,  8.6842E+01,  0.0000E+00,  2.7871E+01,  8.9343E+00,  3.5227E+01,  2.2226E+00,  3.7044E+01,  5.0053E+00,  2.4140E+01,  2.7871E+00,  3.3410E+01,  3.1497E+00,  2.0410E+01,  2.0410E+00,  3.5227E+01,  5.1995E+00,  6.1820E+01,  4.2001E+01,  1.2313E+02,  1.8204E+01,  1.5797E+01,  2.2226E+01,  2.4140E+02,  1.4077E+01,  0.0000E+00,  0.0000E+00,  0.0000E+00,  0.0000E+00,  0.0000E+00,  0.0000E+00,  3.3410E+00,  0.0000E+00,  8.6842E-01
  7.1000E-01,  1.4757E+11,  7.7971E+09,  3.4609E+00,  4.4050E+00,  1.4326E+02,  4.8710E+07,  1.7792E+07,  1.6863E+08,  6.8460E+03,  2.2601E+07,  1.7258E+06,  3.2547E+07,  2.8762E+06,  2.7854E+07,  1.0827E+05,  5.4133E+06,  4.0842E+04,  5.6247E+05,  9.1967E+04,  1.8027E+06,  2.8632E+03,  1.5465E+05,  1.9553E+04,  9.7295E+05,  4.6908E+05,  6.0855E+07,  1.5656E+05,  2.9231E+06,  3.1299E+04,  5.0020E+04,  1.4308E+03,  4.9426E+03,  2.4255E+02,  2.7001E+03,  2.7357E+02,  1.3026E+03,  7.6602E+02,  1.8213E+03,  3.3853E+02,  7.6602E+02,  5.0693E+01,  1.5587E+02,  0.0000E+00,  1.3026E+02,  2.4690E+01,  8.4478E+01,  1.6934E+01,  8.0813E+01,  8.8133E+01,  1.9554E+02,  1.5836E+01,  2.3980E+02,  2.6450E+01,  9.5475E+01,  2.6013E+01,  2.6013E+02,  2.8599E+01,  7.2930E+01,  9.8575E+00,  6.0856E+01,  0.0000E+00,  1.9554E+01,  6.2793E+00,  2.4691E+01,  1.5588E+00,  2.6013E+01,  3.5162E+00,  1.6935E+01,  1.9554E+00,  2.3462E+01,  2.2081E+00,  1.4309E+01,  1.4309E+00,  2.4691E+01,  3.6369E+00,  4.3377E+01,  2.9473E+01,  8.6314E+01,  1.2777E+01,  1.1075E+01,  1.5588E+01,  1.6935E+02,  9.8576E+00,  0.0000E+00,  0.0000E+00,  0.0000E+00,  0.0000E+00,  0.0000E+00,  0.0000E+00,  2.3463E+00,  0.0000E+00,  6.0858E-01,  1.2927E+11,  9.1008E+09,  4.0341E+00,  5.1437E+00,  1.3904E+02,  4.7378E+07,  1.7521E+07,  1.7336E+08,  7.1859E+03,  2.3722E+07,  1.8644E+06,  3.5160E+07,  3.1891E+06,  3.0934E+07,  1.1863E+05,  5.9289E+06,  4.4847E+04,  6.1712E+05,  1.0081E+05,  1.9763E+06,  3.4616E+03,  1.8664E+05,  2.3609E+04,  1.1752E+06,  5.6574E+05,  7.3540E+07,  1.8903E+05,  3.5281E+06,  3.7780E+04,  6.0297E+04,  1.7282E+03,  5.9796E+03,  2.9326E+02,  3.2622E+03,  3.2994E+02,  1.5740E+03,  9.2529E+02,  2.1987E+03,  4.0891E+02,  9.2529E+02,  6.1121E+01,  1.8824E+02,  0.0000E+00,  1.5740E+02,  2.9831E+01,  1.0210E+02,  2.0445E+01,  9.7577E+01,  1.0635E+02,  2.3609E+02,  1.9116E+01,  2.8954E+02,  3.1905E+01,  1.1539E+02,  3.1373E+01,  3.1373E+02,  3.4536E+01,  8.8007E+01,  1.1912E+01,  7.3540E+01,  0.0000E+00,  2.3609E+01,  7.5766E+00,  2.9831E+01,  1.8824E+00,  3.1373E+01,  4.2405E+00,  2.0445E+01,  2.3609E+00,  2.8289E+01,  2.6667E+00,  1.7282E+01,  1.7282E+00,  2.9831E+01,  4.4003E+00,  5.2350E+01,  3.5573E+01,  1.0422E+02,  1.5420E+01,  1.3374E+01,  1.8824E+01,  2.0445E+02,  1.1912E+01,  0.0000E+00,  0.0000E+00,  0.0000E+00,  0.0000E+00,  0.0000E+00,  0.0000E+00,  2.8289E+00,  0.0000E+00,  7.3540E-01
  8.0000E-01,  1.3696E+11,  7.0686E+09,  3.1379E+00,  3.9931E+00,  1.3201E+02,  4.4879E+07,  1.6376E+07,  1.5463E+08,  6.2669E+03,  2.0689E+07,  1.5756E+06,  2.9715E+07,  2.6195E+06,  2.5365E+07,  9.8721E+04,  4.9363E+06,  3.7236E+04,  5.1284E+05,  8.3859E+04,  1.6437E+06,  2.5833E+03,  1.3956E+05,  1.7644E+04,  8.7797E+05,  4.2332E+05,  5.4910E+07,  1.4128E+05,  2.6379E+06,  2.8245E+04,  4.5143E+04,  1.2911E+03,  4.4593E+03,  2.1884E+02,  2.4363E+03,  2.4690E+02,  1.1754E+03,  6.9127E+02,  1.6435E+03,  3.0547E+02,  6.9127E+02,  4.5750E+01,  1.4065E+02,  0.0000E+00,  1.1754E+02,  2.2279E+01,  7.6229E+01,  1.5281E+01,  7.2927E+01,  7.9536E+01,  1.7644E+02,  1.4291E+01,  2.1639E+02,  2.3871E+01,  8.6151E+01,  2.3476E+01,  2.3476E+02,  2.5806E+01,  6.5819E+01,  8.8951E+00,  5.4911E+01,  0.0000E+00,  1.7645E+01,  5.6661E+00,  2.2279E+01,  1.4066E+00,  2.3476E+01,  3.1733E+00,  1.5282E+01,  1.7645E+00,  2.1176E+01,  1.9925E+00,  1.2912E+01,  1.2912E+00,  2.2279E+01,  3.2813E+00,  3.9145E+01,  2.6597E+01,  7.7891E+01,  1.1530E+01,  9.9940E+00,  1.4066E+01,  1.5282E+02,  8.8952E+00,  0.0000E+00,  0.0000E+00,  0.0000E+00,  0.0000E+00,  0.0000E+00,  0.0000E+00,  2.1176E+00,  0.0000E+00,  5.4913E-01,  1.0646E+11,  7.0900E+09,  3.1447E+00,  4.0088E+00,  1.1100E+02,  3.7749E+07,  1.3945E+07,  1.3779E+08,  5.6817E+03,  1.8772E+07,  1.4719E+06,  2.7774E+07,  2.5143E+06,  2.4379E+07,  9.3494E+04,  4.6702E+06,  3.5296E+04,  4.8564E+05,  7.9351E+04,  1.5567E+06,  2.7578E+03,  1.4874E+05,  1.8814E+04,  9.3543E+05,  4.5128E+05,  5.8575E+07,  1.5056E+05,  2.8108E+06,  3.0104E+04,  4.8077E+04,  1.3763E+03,  4.7596E+03,  2.3351E+02,  2.5990E+03,  2.6285E+02,  1.2530E+03,  7.3581E+02,  1.7521E+03,  3.2577E+02,  7.3581E+02,  4.8728E+01,  1.4995E+02,  0.0000E+00,  1.2530E+02,  2.3760E+01,  8.1218E+01,  1.6288E+01,  7.7663E+01,  8.4694E+01,  1.8814E+02,  1.5230E+01,  2.3057E+02,  2.5408E+01,  9.1805E+01,  2.4992E+01,  2.4992E+02,  2.7518E+01,  7.0026E+01,  9.4755E+00,  5.8575E+01,  0.0000E+00,  1.8814E+01,  6.0492E+00,  2.3760E+01,  1.4995E+00,  2.4992E+01,  3.3801E+00,  1.6288E+01,  1.8814E+00,  2.2527E+01,  2.1234E+00,  1.3763E+01,  1.3763E+00,  2.3760E+01,  3.5013E+00,  4.1697E+01,  2.8342E+01,  8.2956E+01,  1.2288E+01,  1.0647E+01,  1.4995E+01,  1.6288E+02,  9.4755E+00,  0.0000E+00,  0.0000E+00,  0.0000E+00,  0.0000E+00,  0.0000E+00,  0.0000E+00,  2.2527E+00,  0.0000E+00,  5.8575E-01
  9.0000E-01,  1.2725E+11,  6.4171E+09,  2.8489E+00,  3.6247E+00,  1.2173E+02,  4.1385E+07,  1.5086E+07,  1.4189E+08,  5.7425E+03,  1.8956E+07,  1.4398E+06,  2.7152E+07,  2.3877E+06,  2.3117E+07,  9.0101E+04,  4.5058E+06,  3.3983E+04,  4.6808E+05,  7.6546E+04,  1.5002E+06,  2.3284E+03,  1.2581E+05,  1.5905E+04,  7.9152E+05,  3.8159E+05,  4.9496E+07,  1.2736E+05,  2.3780E+06,  2.5462E+04,  4.0698E+04,  1.1639E+03,  4.0194E+03,  1.9726E+02,  2.1961E+03,  2.2260E+02,  1.0596E+03,  6.2328E+02,  1.4816E+03,  2.7536E+02,  6.2328E+02,  4.1245E+01,  1.2679E+02,  0.0000E+00,  1.0596E+02,  2.0082E+01,  6.8724E+01,  1.3776E+01,  6.5749E+01,  7.1708E+01,  1.5905E+02,  1.2883E+01,  1.9508E+02,  2.1522E+01,  7.7667E+01,  2.1166E+01,  2.1166E+02,  2.3263E+01,  5.9347E+01,  8.0195E+00,  4.9497E+01,  0.0000E+00,  1.5905E+01,  5.1067E+00,  2.0083E+01,  1.2680E+00,  2.1166E+01,  2.8607E+00,  1.3776E+01,  1.5905E+00,  1.9093E+01,  1.7963E+00,  1.1639E+01,  1.1639E+00,  2.0083E+01,  2.9578E+00,  3.5291E+01,  2.3977E+01,  7.0224E+01,  1.0394E+01,  9.0099E+00,  1.2680E+01,  1.3776E+02,  8.0196E+00,  0.0000E+00,  0.0000E+00,  0.0000E+00,  0.0000E+00,  0.0000E+00,  0.0000E+00,  1.9094E+00,  0.0000E+00,  4.9498E-01,  8.7815E+10,  5.9392E+09,  2.6353E+00,  3.3588E+00,  9.4553E+01,  3.2120E+07,  1.1853E+07,  1.1700E+08,  4.8075E+03,  1.5891E+07,  1.2439E+06,  2.3479E+07,  2.1225E+06,  2.0575E+07,  7.8909E+04,  3.9407E+06,  2.9765E+04,  4.0954E+05,  6.6927E+04,  1.3135E+06,  2.3408E+03,  1.2628E+05,  1.5972E+04,  7.9364E+05,  3.8332E+05,  4.9712E+07,  1.2778E+05,  2.3859E+06,  2.5556E+04,  4.0830E+04,  1.1680E+03,  4.0378E+03,  1.9815E+02,  2.2061E+03,  2.2313E+02,  1.0632E+03,  6.2398E+02,  1.4874E+03,  2.7651E+02,  6.2398E+02,  4.1379E+01,  1.2728E+02,  0.0000E+00,  1.0632E+02,  2.0165E+01,  6.8883E+01,  1.3826E+01,  6.5889E+01,  7.1878E+01,  1.5972E+02,  1.2928E+01,  1.9566E+02,  2.1564E+01,  7.7867E+01,  2.1214E+01,  2.1214E+02,  2.3359E+01,  5.9403E+01,  8.0365E+00,  4.9712E+01,  0.0000E+00,  1.5972E+01,  5.1405E+00,  2.0165E+01,  1.2728E+00,  2.1214E+01,  2.8701E+00,  1.3826E+01,  1.5972E+00,  1.9119E+01,  1.8019E+00,  1.1680E+01,  1.1680E+00,  2.0165E+01,  2.9698E+00,  3.5390E+01,  2.4058E+01,  7.0381E+01,  1.0432E+01,  9.0346E+00,  1.2728E+01,  1.3826E+02,  8.0365E+00,  0.0000E+00,  0.0000E+00,  0.0000E+00,  0.0000E+00,  0.0000E+00,  0.0000E+00,  1.9119E+00,  0.0000E+00,  4.9712E-01
  1.0000E+00,  1.1917E+11,  5.8489E+09,  2.5967E+00,  3.3034E+00,  1.1267E+02,  3.8306E+07,  1.3950E+07,  1.3068E+08,  5.2820E+03,  1.7434E+07,  1.3207E+06,  2.4904E+07,  2.1845E+06,  2.1148E+07,  8.2548E+04,  4.1285E+06,  3.1134E+04,  4.2888E+05,  7.0139E+04,  1.3745E+06,  2.1045E+03,  1.1372E+05,  1.4377E+04,  7.1558E+05,  3.4491E+05,  4.4740E+07,  1.1514E+05,  2.1498E+06,  2.3017E+04,  3.6791E+04,  1.0522E+03,  3.6331E+03,  1.7830E+02,  1.9850E+03,  2.0125E+02,  9.5789E+02,  5.6358E+02,  1.3393E+03,  2.4891E+02,  5.6358E+02,  3.7286E+01,  1.1462E+02,  0.0000E+00,  9.5789E+01,  1.8153E+01,  6.2133E+01,  1.2453E+01,  5.9445E+01,  6.4831E+01,  1.4377E+02,  1.1646E+01,  1.7636E+02,  1.9459E+01,  7.0217E+01,  1.9136E+01,  1.9136E+02,  2.1028E+01,  5.3664E+01,  7.2505E+00,  4.4741E+01,  0.0000E+00,  1.4377E+01,  4.6149E+00,  1.8154E+01,  1.1462E+00,  1.9136E+01,  2.5861E+00,  1.2453E+01,  1.4377E+00,  1.7264E+01,  1.6239E+00,  1.0522E+01,  1.0522E+00,  1.8154E+01,  2.6737E+00,  3.1905E+01,  2.1675E+01,  6.3490E+01,  9.3957E+00,  8.1455E+00,  1.1462E+01,  1.2453E+02,  7.2507E+00,  0.0000E+00,  0.0000E+00,  0.0000E+00,  0.0000E+00,  0.0000E+00,  0.0000E+00,  1.7264E+00,  0.0000E+00,  4.4742E-01,  7.3869E+10,  5.4246E+09,  2.4072E+00,  3.0676E+00,  8.6737E+01,  2.9467E+07,  1.0867E+07,  1.0721E+08,  4.4014E+03,  1.4547E+07,  1.1381E+06,  2.1481E+07,  1.9410E+06,  1.8812E+07,  7.2160E+04,  3.6042E+06,  2.7219E+04,  3.7452E+05,  6.1209E+04,  1.2012E+06,  2.1380E+03,  1.1536E+05,  1.4590E+04,  7.2504E+05,  3.5013E+05,  4.5409E+07,  1.1673E+05,  2.1796E+06,  2.3345E+04,  3.7299E+04,  1.0669E+03,  3.6883E+03,  1.8100E+02,  2.0151E+03,  2.0385E+02,  9.7121E+02,  5.7010E+02,  1.3587E+03,  2.5258E+02,  5.7010E+02,  3.7801E+01,  1.1627E+02,  0.0000E+00,  9.7121E+01,  1.8420E+01,  6.2930E+01,  1.2630E+01,  6.0195E+01,  6.5666E+01,  1.4590E+02,  1.1809E+01,  1.7875E+02,  1.9702E+01,  7.1136E+01,  1.9381E+01,  1.9381E+02,  2.1337E+01,  5.4275E+01,  7.3422E+00,  4.5409E+01,  0.0000E+00,  1.4590E+01,  4.6949E+00,  1.8420E+01,  1.1627E+00,  1.9381E+01,  2.6219E+00,  1.2630E+01,  1.4590E+00,  1.7468E+01,  1.6461E+00,  1.0669E+01,  1.0669E+00,  1.8420E+01,  2.7128E+00,  3.2331E+01,  2.1978E+01,  6.4298E+01,  9.5295E+00,  8.2536E+00,  1.1627E+01,  1.2630E+02,  7.3422E+00,  0.0000E+00,  0.0000E+00,  0.0000E+00,  0.0000E+00,  0.0000E+00,  0.0000E+00,  1.7468E+00,  0.0000E+00,  4.5409E-01
  1.1000E+00,  1.1231E+11,  5.3322E+09,  2.3674E+00,  3.0112E+00,  1.0439E+02,  3.5492E+07,  1.2913E+07,  1.2044E+08,  4.8622E+03,  1.6046E+07,  1.2122E+06,  2.2856E+07,  1.9995E+06,  1.9354E+07,  7.5669E+04,  3.7849E+06,  2.8539E+04,  3.9318E+05,  6.4304E+04,  1.2599E+06,  1.9008E+03,  1.0273E+05,  1.2987E+04,  6.4651E+05,  3.1156E+05,  4.0414E+07,  1.0402E+05,  1.9421E+06,  2.0792E+04,  3.3238E+04,  9.5052E+02,  3.2818E+03,  1.6106E+02,  1.7931E+03,  1.8183E+02,  8.6537E+02,  5.0926E+02,  1.2098E+03,  2.2484E+02,  5.0926E+02,  3.3684E+01,  1.0354E+02,  0.0000E+00,  8.6536E+01,  1.6398E+01,  5.6137E+01,  1.1250E+01,  5.3710E+01,  5.8575E+01,  1.2987E+02,  1.0521E+01,  1.5933E+02,  1.7582E+01,  6.3440E+01,  1.7290E+01,  1.7290E+02,  1.8995E+01,  4.8492E+01,  6.5510E+00,  4.0415E+01,  0.0000E+00,  1.2987E+01,  4.1677E+00,  1.6399E+01,  1.0354E+00,  1.7290E+01,  2.3364E+00,  1.1250E+01,  1.2987E+00,  1.5600E+01,  1.4670E+00,  9.5055E+00,  9.5055E-01,  1.6399E+01,  2.4152E+00,  2.8824E+01,  1.9581E+01,  5.7364E+01,  8.4879E+00,  7.3592E+00,  1.0354E+01,  1.1250E+02,  6.5512E+00,  0.0000E+00,  0.0000E+00,  0.0000E+00,  0.0000E+00,  0.0000E+00,  0.0000E+00,  1.5600E+00,  0.0000E+00,  4.0416E-01,  6.3190E+10,  4.9101E+09,  2.1791E+00,  2.7765E+00,  7.8922E+01,  2.6815E+07,  9.8807E+06,  9.7430E+07,  3.9953E+03,  1.3203E+07,  1.0323E+06,  1.9483E+07,  1.7595E+06,  1.7050E+07,  6.5412E+04,  3.2676E+06,  2.4673E+04,  3.3951E+05,  5.5492E+04,  1.0890E+06,  1.9353E+03,  1.0444E+05,  1.3208E+04,  6.5643E+05,  3.1695E+05,  4.1107E+07,  1.0568E+05,  1.9733E+06,  2.1135E+04,  3.3769E+04,  9.6593E+02,  3.3388E+03,  1.6385E+02,  1.8241E+03,  1.8458E+02,  8.7927E+02,  5.1623E+02,  1.2301E+03,  2.2865E+02,  5.1623E+02,  3.4224E+01,  1.0526E+02,  0.0000E+00,  8.7927E+01,  1.6675E+01,  5.6978E+01,  1.1434E+01,  5.4502E+01,  5.9453E+01,  1.3208E+02,  1.0691E+01,  1.6183E+02,  1.7839E+01,  6.4405E+01,  1.7548E+01,  1.7548E+02,  1.9315E+01,  4.9147E+01,  6.6479E+00,  4.1107E+01,  0.0000E+00,  1.3208E+01,  4.2493E+00,  1.6675E+01,  1.0526E+00,  1.7548E+01,  2.3738E+00,  1.1434E+01,  1.3208E+00,  1.5818E+01,  1.4904E+00,  9.6593E+00,  9.6593E-01,  1.6675E+01,  2.4558E+00,  2.9272E+01,  1.9897E+01,  5.8216E+01,  8.6271E+00,  7.4727E+00,  1.0526E+01,  1.1434E+02,  6.6479E+00,  0.0000E+00,  0.0000E+00,  0.0000E+00,  0.0000E+00,  0.0000E+00,  0.0000E+00,  1.5818E+00,  0.0000E+00,  4.1107E-01
  1.2000E+00,  1.0640E+11,  4.8669E+09,  2.1609E+00,  2.7481E+00,  9.6886E+01,  3.2943E+07,  1.1974E+07,  1.1119E+08,  4.4830E+03,  1.4793E+07,  1.1143E+06,  2.1008E+07,  1.8326E+06,  1.7738E+07,  6.9465E+04,  3.4750E+06,  2.6199E+04,  3.6098E+05,  5.9040E+04,  1.1567E+06,  1.7174E+03,  9.2836E+04,  1.1735E+04,  5.8430E+05,  2.8152E+05,  3.6518E+07,  9.4003E+04,  1.7551E+06,  1.8789E+04,  3.0037E+04,  8.5897E+02,  2.9654E+03,  1.4553E+02,  1.6202E+03,  1.6433E+02,  7.8204E+02,  4.6033E+02,  1.0932E+03,  2.0318E+02,  4.6033E+02,  3.0441E+01,  9.3564E+01,  0.0000E+00,  7.8203E+01,  1.4818E+01,  5.0737E+01,  1.0166E+01,  4.8545E+01,  5.2940E+01,  1.1736E+02,  9.5078E+00,  1.4399E+02,  1.5891E+01,  5.7336E+01,  1.5626E+01,  1.5627E+02,  1.7165E+01,  4.3834E+01,  5.9210E+00,  3.6520E+01,  0.0000E+00,  1.1736E+01,  3.7650E+00,  1.4819E+01,  9.3567E-01,  1.5627E+01,  2.1114E+00,  1.0166E+01,  1.1736E+00,  1.4100E+01,  1.3258E+00,  8.5901E+00,  8.5901E-01,  1.4819E+01,  2.1825E+00,  2.6050E+01,  1.7695E+01,  5.1847E+01,  7.6703E+00,  6.6510E+00,  9.3568E+00,  1.0166E+02,  5.9211E+00,  0.0000E+00,  0.0000E+00,  0.0000E+00,  0.0000E+00,  0.0000E+00,  0.0000E+00,  1.4101E+00,  0.0000E+00,  3.6521E-01,  5.5040E+10,  4.3955E+09,  1.9510E+00,  2.4853E+00,  7.1107E+01,  2.4163E+07,  8.8946E+06,  8.7646E+07,  3.5892E+03,  1.1859E+07,  9.2652E+05,  1.7485E+07,  1.5779E+06,  1.5288E+07,  5.8663E+04,  2.9311E+06,  2.2127E+04,  3.0450E+05,  4.9775E+04,  9.7667E+05,  1.7325E+03,  9.3517E+04,  1.1825E+04,  5.8783E+05,  2.8377E+05,  3.6804E+07,  9.4625E+04,  1.7670E+06,  1.8925E+04,  3.0238E+04,  8.6490E+02,  2.9893E+03,  1.4669E+02,  1.6332E+03,  1.6531E+02,  7.8732E+02,  4.6236E+02,  1.1014E+03,  2.0472E+02,  4.6236E+02,  3.0646E+01,  9.4248E+01,  0.0000E+00,  7.8732E+01,  1.4931E+01,  5.1025E+01,  1.0238E+01,  4.8808E+01,  5.3241E+01,  1.1825E+02,  9.5733E+00,  1.4492E+02,  1.5977E+01,  5.7674E+01,  1.5715E+01,  1.5715E+02,  1.7294E+01,  4.4020E+01,  5.9536E+00,  3.6804E+01,  0.0000E+00,  1.1825E+01,  3.8037E+00,  1.4931E+01,  9.4248E-01,  1.5715E+01,  2.1257E+00,  1.0238E+01,  1.1825E+00,  1.4168E+01,  1.3346E+00,  8.6490E+00,  8.6490E-01,  1.4931E+01,  2.1988E+00,  2.6213E+01,  1.7817E+01,  5.2133E+01,  7.7247E+00,  6.6917E+00,  9.4248E+00,  1.0238E+02,  5.9536E+00,  0.0000E+00,  0.0000E+00,  0.0000E+00,  0.0000E+00,  0.0000E+00,  0.0000E+00,  1.4168E+00,  0.0000E+00,  3.6804E-01
  1.4000E+00,  9.6590E+10,  4.0907E+09,  1.8163E+00,  2.3093E+00,  8.4228E+01,  2.8641E+07,  1.0392E+07,  9.5618E+07,  3.8464E+03,  1.2690E+07,  9.5012E+05,  1.7910E+07,  1.5533E+06,  1.5032E+07,  5.9083E+04,  2.9561E+06,  2.2283E+04,  3.0708E+05,  5.0229E+04,  9.8378E+05,  1.4115E+03,  7.6317E+04,  9.6467E+03,  4.8045E+05,  2.3141E+05,  3.0018E+07,  7.7288E+04,  1.4430E+06,  1.5447E+04,  2.4696E+04,  7.0620E+02,  2.4374E+03,  1.1962E+02,  1.3318E+03,  1.3513E+02,  6.4296E+02,  3.7863E+02,  8.9869E+02,  1.6702E+02,  3.7863E+02,  2.5027E+01,  7.6917E+01,  0.0000E+00,  6.4296E+01,  1.2181E+01,  4.1723E+01,  8.3575E+00,  3.9922E+01,  4.3534E+01,  9.6470E+01,  7.8168E+00,  1.1839E+02,  1.3068E+01,  4.7147E+01,  1.2850E+01,  1.2850E+02,  1.4110E+01,  3.6056E+01,  4.8691E+00,  3.0019E+01,  0.0000E+00,  9.6471E+00,  3.0934E+00,  1.2181E+01,  7.6919E-01,  1.2850E+01,  1.7359E+00,  8.3578E+00,  9.6471E-01,  1.1597E+01,  1.0900E+00,  7.0623E+00,  7.0623E-01,  1.2181E+01,  1.7941E+00,  2.1419E+01,  1.4548E+01,  4.2637E+01,  6.3058E+00,  5.4688E+00,  7.6921E+00,  8.3579E+01,  4.8692E+00,  0.0000E+00,  0.0000E+00,  0.0000E+00,  0.0000E+00,  0.0000E+00,  0.0000E+00,  1.1597E+00,  0.0000E+00,  3.0021E-01,  4.3075E+10,  3.3665E+09,  1.4948E+00,  1.9030E+00,  5.5476E+01,  1.8858E+07,  6.9225E+06,  6.8078E+07,  2.7770E+03,  9.1716E+06,  7.1493E+05,  1.3489E+07,  1.2149E+06,  1.1763E+07,  4.5166E+04,  2.2580E+06,  1.7034E+04,  2.3448E+05,  3.8341E+04,  7.5211E+05,  1.3270E+03,  7.1674E+04,  9.0612E+03,  4.5062E+05,  2.1740E+05,  2.8199E+07,  7.2523E+04,  1.3545E+06,  1.4505E+04,  2.3177E+04,  6.6286E+02,  2.2903E+03,  1.1239E+02,  1.2513E+03,  1.2676E+02,  6.0343E+02,  3.5462E+02,  8.4408E+02,  1.5686E+02,  3.5462E+02,  2.3491E+01,  7.2229E+01,  0.0000E+00,  6.0343E+01,  1.1442E+01,  3.9119E+01,  7.8465E+00,  3.7421E+01,  4.0817E+01,  9.0612E+01,  7.3372E+00,  1.1109E+02,  1.2252E+01,  4.4213E+01,  1.2049E+01,  1.2049E+02,  1.3251E+01,  3.3764E+01,  4.5650E+00,  2.8199E+01,  0.0000E+00,  9.0612E+00,  2.9126E+00,  1.1442E+01,  7.2229E-01,  1.2049E+01,  1.6294E+00,  7.8465E+00,  9.0612E-01,  1.0867E+01,  1.0230E+00,  6.6286E+00,  6.6286E-01,  1.1442E+01,  1.6849E+00,  2.0095E+01,  1.3656E+01,  3.9968E+01,  5.9200E+00,  5.1298E+00,  7.2229E+00,  7.8465E+01,  4.5650E+00,  0.0000E+00,  0.0000E+00,  0.0000E+00,  0.0000E+00,  0.0000E+00,  0.0000E+00,  1.0867E+00,  0.0000E+00,  2.8199E-01
  1.6000E+00,  8.8827E+10,  3.5203E+09,  1.5630E+00,  1.9869E+00,  7.4695E+01,  2.5400E+07,  9.2051E+06,  8.3959E+07,  3.3722E+03,  1.1125E+07,  8.2829E+05,  1.5612E+07,  1.3467E+06,  1.3032E+07,  5.1399E+04,  2.5718E+06,  1.9385E+04,  2.6718E+05,  4.3704E+04,  8.5582E+05,  1.1866E+03,  6.4166E+04,  8.1109E+03,  4.0405E+05,  1.9456E+05,  2.5239E+07,  6.4994E+04,  1.2133E+06,  1.2988E+04,  2.0767E+04,  5.9383E+02,  2.0493E+03,  1.0058E+02,  1.1197E+03,  1.1363E+02,  5.4066E+02,  3.1848E+02,  7.5561E+02,  1.4043E+02,  3.1848E+02,  2.1045E+01,  6.4673E+01,  0.0000E+00,  5.4066E+01,  1.0241E+01,  3.5090E+01,  7.0273E+00,  3.3576E+01,  3.6613E+01,  8.1111E+01,  6.5730E+00,  9.9560E+01,  1.0990E+01,  3.9651E+01,  1.0807E+01,  1.0807E+02,  1.1864E+01,  3.0328E+01,  4.0950E+00,  2.5240E+01,  0.0000E+00,  8.1113E+00,  2.6000E+00,  1.0242E+01,  6.4675E-01,  1.0807E+01,  1.4596E+00,  7.0276E+00,  8.1113E-01,  9.7535E+00,  9.1657E-01,  5.9387E+00,  5.9387E-01,  1.0242E+01,  1.5085E+00,  1.8012E+01,  1.2233E+01,  3.5860E+01,  5.3023E+00,  4.5991E+00,  6.4677E+00,  7.0278E+01,  4.0951E+00,  0.0000E+00,  0.0000E+00,  0.0000E+00,  0.0000E+00,  0.0000E+00,  0.0000E+00,  9.7539E-01,  0.0000E+00,  2.5241E-01,  3.4551E+10,  2.3374E+09,  1.0387E+00,  1.3206E+00,  3.9845E+01,  1.3554E+07,  4.9504E+06,  4.8510E+07,  1.9648E+03,  6.4840E+06,  5.0334E+05,  9.4924E+06,  8.5180E+05,  8.2385E+06,  3.1669E+04,  1.5849E+06,  1.1942E+04,  1.6446E+05,  2.6907E+04,  5.2755E+05,  9.2149E+02,  4.9831E+04,  6.2969E+03,  3.1340E+05,  1.5104E+05,  1.9594E+07,  5.0420E+04,  9.4188E+05,  1.0084E+04,  1.6116E+04,  4.6081E+02,  1.5912E+03,  7.8088E+01,  8.6932E+02,  8.8215E+01,  4.1954E+02,  2.4688E+02,  5.8675E+02,  1.0901E+02,  2.4688E+02,  1.6335E+01,  5.0209E+01,  0.0000E+00,  4.1954E+01,  7.9524E+00,  2.7213E+01,  5.4548E+00,  2.6034E+01,  2.8392E+01,  6.2969E+01,  5.1010E+00,  7.7255E+01,  8.5267E+00,  3.0751E+01,  8.3831E+00,  8.3831E+01,  9.2073E+00,  2.3509E+01,  3.1764E+00,  1.9594E+01,  0.0000E+00,  6.2969E+00,  2.0214E+00,  7.9524E+00,  5.0209E-01,  8.3831E+00,  1.1331E+00,  5.4548E+00,  6.2969E-01,  7.5666E+00,  7.1147E-01,  4.6081E+00,  4.6081E-01,  7.9524E+00,  1.1709E+00,  1.3977E+01,  9.4944E+00,  2.7803E+01,  4.1153E+00,  3.5679E+00,  5.0209E+00,  5.4548E+01,  3.1764E+00,  0.0000E+00,  0.0000E+00,  0.0000E+00,  0.0000E+00,  0.0000E+00,  0.0000E+00,  7.5666E-01,  0.0000E+00,  1.9594E-01
  1.8000E+00,  8.2526E+10,  3.1242E+09,  1.3869E+00,  1.7632E+00,  6.7815E+01,  2.3059E+07,  8.3523E+06,  7.5618E+07,  3.0356E+03,  1.0014E+07,  7.4230E+05,  1.3991E+07,  1.2015E+06,  1.1629E+07,  4.6001E+04,  2.3015E+06,  1.7350E+04,  2.3914E+05,  3.9115E+04,  7.6587E+05,  1.0305E+03,  5.5717E+04,  7.0434E+03,  3.5090E+05,  1.6896E+05,  2.1917E+07,  5.6445E+04,  1.0536E+06,  1.1278E+04,  1.8034E+04,  5.1570E+02,  1.7796E+03,  8.7341E+01,  9.7236E+02,  9.8663E+01,  4.6953E+02,  2.7659E+02,  6.5613E+02,  1.2195E+02,  2.7659E+02,  1.8275E+01,  5.6160E+01,  0.0000E+00,  4.6952E+01,  8.8933E+00,  3.0474E+01,  6.1025E+00,  2.9161E+01,  3.1798E+01,  7.0437E+01,  5.7081E+00,  8.6459E+01,  9.5439E+00,  3.4436E+01,  9.3848E+00,  9.3849E+01,  1.0304E+01,  2.6339E+01,  3.5562E+00,  2.1919E+01,  0.0000E+00,  7.0438E+00,  2.2576E+00,  8.8937E+00,  5.6163E-01,  9.3849E+00,  1.2675E+00,  6.1028E+00,  7.0439E-01,  8.4696E+00,  7.9592E-01,  5.1573E+00,  5.1573E-01,  8.8938E+00,  1.3100E+00,  1.5642E+01,  1.0623E+01,  3.1144E+01,  4.6046E+00,  3.9940E+00,  5.6164E+00,  6.1029E+01,  3.5563E+00,  0.0000E+00,  0.0000E+00,  0.0000E+00,  0.0000E+00,  0.0000E+00,  0.0000E+00,  8.4699E-01,  0.0000E+00,  2.1920E-01,  2.8464E+10,  1.6239E+09,  7.2229E-01,  9.1696E-01,  2.8962E+01,  9.8592E+06,  3.5780E+06,  3.4899E+07,  1.4009E+03,  4.6184E+06,  3.5654E+05,  6.7204E+06,  6.0005E+05,  5.7955E+06,  2.2314E+04,  1.1183E+06,  8.4128E+03,  1.1593E+05,  1.8980E+04,  3.7190E+05,  6.3997E+02,  3.4660E+04,  4.3774E+03,  2.1810E+05,  1.0496E+05,  1.3619E+07,  3.5071E+04,  6.5532E+05,  7.0140E+03,  1.1212E+04,  3.2050E+02,  1.1059E+03,  5.4269E+01,  6.0413E+02,  6.1435E+01,  2.9182E+02,  1.7202E+02,  4.0804E+02,  7.5772E+01,  1.7202E+02,  1.1366E+01,  3.4916E+01,  0.0000E+00,  2.9182E+01,  5.5293E+00,  1.8943E+01,  3.7937E+00,  1.8124E+01,  1.9762E+01,  4.3774E+01,  3.5480E+00,  5.3757E+01,  5.9388E+00,  2.1400E+01,  5.8364E+00,  5.8364E+01,  6.3997E+00,  1.6383E+01,  2.2117E+00,  1.3619E+01,  0.0000E+00,  4.3774E+00,  1.4028E+00,  5.5293E+00,  3.4916E-01,  5.8364E+00,  7.8843E-01,  3.7937E+00,  4.3774E-01,  5.2731E+00,  4.9507E-01,  3.2050E+00,  3.2050E-01,  5.5293E+00,  8.1404E-01,  9.7274E+00,  6.6044E+00,  1.9353E+01,  2.8619E+00,  2.4830E+00,  3.4916E+00,  3.7937E+01,  2.2117E+00,  0.0000E+00,  0.0000E+00,  0.0000E+00,  0.0000E+00,  0.0000E+00,  0.0000E+00,  5.2731E-01,  0.0000E+00,  1.3619E-01
  2.0000E+00,  7.7285E+10,  2.8121E+09,  1.2481E+00,  1.5870E+00,  6.2229E+01,  2.1157E+07,  7.6626E+06,  6.8893E+07,  2.7657E+03,  9.1247E+06,  6.7364E+05,  1.2697E+07,  1.0860E+06,  1.0513E+07,  4.1704E+04,  2.0861E+06,  1.5730E+04,  2.1682E+05,  3.5461E+04,  6.9426E+05,  9.0761E+02,  4.9063E+04,  6.2030E+03,  3.0903E+05,  1.4881E+05,  1.9303E+07,  4.9712E+04,  9.2779E+05,  9.9313E+03,  1.5881E+04,  4.5417E+02,  1.5672E+03,  7.6922E+01,  8.5637E+02,  8.6869E+01,  4.1350E+02,  2.4357E+02,  5.7779E+02,  1.0740E+02,  2.4357E+02,  1.6093E+01,  4.9457E+01,  0.0000E+00,  4.1350E+01,  7.8318E+00,  2.6837E+01,  5.3741E+00,  2.5681E+01,  2.8004E+01,  6.2033E+01,  5.0269E+00,  7.6139E+01,  8.4038E+00,  3.0327E+01,  8.2643E+00,  8.2644E+01,  9.0751E+00,  2.3194E+01,  3.1316E+00,  1.9304E+01,  0.0000E+00,  6.2034E+00,  1.9883E+00,  7.8322E+00,  4.9460E-01,  8.2644E+00,  1.1161E+00,  5.3744E+00,  6.2035E-01,  7.4572E+00,  7.0087E-01,  4.5420E+00,  4.5420E-01,  7.8323E+00,  1.1538E+00,  1.3774E+01,  9.3553E+00,  2.7429E+01,  4.0551E+00,  3.5172E+00,  4.9461E+00,  5.3746E+01,  3.1317E+00,  0.0000E+00,  0.0000E+00,  0.0000E+00,  0.0000E+00,  0.0000E+00,  0.0000E+00,  7.4575E-01,  0.0000E+00,  1.9306E-01,  2.3944E+10,  1.4966E+09,  6.6563E-01,  8.4505E-01,  2.6896E+01,  9.1553E+06,  3.3192E+06,  3.2351E+07,  1.2980E+03,  4.2794E+06,  3.3007E+05,  6.2216E+06,  5.5505E+05,  5.3612E+06,  2.0654E+04,  1.0350E+06,  7.7871E+03,  1.0731E+05,  1.7568E+04,  3.4420E+05,  5.8872E+02,  3.1881E+04,  4.0267E+03,  2.0062E+05,  9.6549E+04,  1.2528E+07,  3.2262E+04,  6.0278E+05,  6.4517E+03,  1.0313E+04,  2.9482E+02,  1.0173E+03,  4.9921E+01,  5.5573E+02,  5.6506E+01,  2.6844E+02,  1.5823E+02,  3.7533E+02,  6.9702E+01,  1.5823E+02,  1.0455E+01,  3.2117E+01,  0.0000E+00,  2.6844E+01,  5.0861E+00,  1.7425E+01,  3.4897E+00,  1.6672E+01,  1.8179E+01,  4.0267E+01,  3.2636E+00,  4.9448E+01,  5.4626E+00,  1.9686E+01,  5.3687E+00,  5.3687E+01,  5.8872E+00,  1.5070E+01,  2.0344E+00,  1.2528E+01,  0.0000E+00,  4.0267E+00,  1.2904E+00,  5.0861E+00,  3.2117E-01,  5.3687E+00,  7.2522E-01,  3.4897E+00,  4.0267E-01,  4.8501E+00,  4.5537E-01,  2.9482E+00,  2.9482E-01,  5.0861E+00,  7.4881E-01,  8.9478E+00,  6.0751E+00,  1.7802E+01,  2.6326E+00,  2.2840E+00,  3.2117E+00,  3.4897E+01,  2.0344E+00,  0.0000E+00,  0.0000E+00,  0.0000E+00,  0.0000E+00,  0.0000E+00,  0.0000E+00,  4.8501E-01,  0.0000E+00,  1.2528E-01
  2.2000E+00,  7.2837E+10,  2.5255E+09,  1.1206E+00,  1.4252E+00,  5.7056E+01,  1.9397E+07,  7.0246E+06,  6.2678E+07,  2.5164E+03,  8.3027E+06,  6.1028E+05,  1.1502E+07,  9.7947E+05,  9.4845E+06,  3.7739E+04,  1.8875E+06,  1.4235E+04,  1.9622E+05,  3.2088E+04,  6.2819E+05,  7.9499E+02,  4.2965E+04,  5.4328E+03,  2.7065E+05,  1.3034E+05,  1.6906E+07,  4.3540E+04,  8.1249E+05,  8.6972E+03,  1.3908E+04,  3.9777E+02,  1.3726E+03,  6.7373E+01,  7.5007E+02,  7.6061E+01,  3.6215E+02,  2.1330E+02,  5.0600E+02,  9.4071E+01,  2.1330E+02,  1.4093E+01,  4.3313E+01,  0.0000E+00,  3.6215E+01,  6.8589E+00,  2.3504E+01,  4.7066E+00,  2.2492E+01,  2.4526E+01,  5.4331E+01,  4.4026E+00,  6.6680E+01,  7.3588E+00,  2.6561E+01,  7.2373E+00,  7.2375E+01,  7.9489E+00,  2.0311E+01,  2.7424E+00,  1.6908E+01,  0.0000E+00,  5.4332E+00,  1.7414E+00,  6.8593E+00,  4.3316E-01,  7.2375E+00,  9.7738E-01,  4.7069E+00,  5.4332E-01,  6.5295E+00,  6.1377E-01,  3.9781E+00,  3.9781E-01,  6.8594E+00,  1.0105E+00,  1.2063E+01,  8.1932E+00,  2.4023E+01,  3.5515E+00,  3.0803E+00,  4.3317E+00,  4.7070E+01,  2.7425E+00,  0.0000E+00,  0.0000E+00,  0.0000E+00,  0.0000E+00,  0.0000E+00,  0.0000E+00,  6.5298E-01,  0.0000E+00,  1.6909E-01,  2.0536E+10,  1.3693E+09,  6.0896E-01,  7.7313E-01,  2.4830E+01,  8.4514E+06,  3.0605E+06,  2.9803E+07,  1.1952E+03,  3.9405E+06,  3.0361E+05,  5.7228E+06,  5.1004E+05,  4.9268E+06,  1.8994E+04,  9.5170E+05,  7.1614E+03,  9.8687E+04,  1.6155E+04,  3.1651E+05,  5.3746E+02,  2.9101E+04,  3.6759E+03,  1.8315E+05,  8.8143E+04,  1.1436E+07,  2.9453E+04,  5.5025E+05,  5.8895E+03,  9.4147E+03,  2.6914E+02,  9.2869E+02,  4.5572E+01,  5.0732E+02,  5.1577E+01,  2.4505E+02,  1.4445E+02,  3.4261E+02,  6.3632E+01,  1.4445E+02,  9.5437E+00,  2.9318E+01,  0.0000E+00,  2.4505E+01,  4.6429E+00,  1.5907E+01,  3.1857E+00,  1.5220E+01,  1.6595E+01,  3.6759E+01,  2.9793E+00,  4.5139E+01,  4.9865E+00,  1.7971E+01,  4.9009E+00,  4.9009E+01,  5.3746E+00,  1.3756E+01,  1.8571E+00,  1.1436E+01,  0.0000E+00,  3.6759E+00,  1.1780E+00,  4.6429E+00,  2.9318E-01,  4.9009E+00,  6.6201E-01,  3.1857E+00,  3.6759E-01,  4.4271E+00,  4.1568E-01,  2.6914E+00,  2.6914E-01,  4.6429E+00,  6.8359E-01,  8.1681E+00,  5.5459E+00,  1.6252E+01,  2.4033E+00,  2.0850E+00,  2.9318E+00,  3.1857E+01,  1.8571E+00,  0.0000E+00,  0.0000E+00,  0.0000E+00,  0.0000E+00,  0.0000E+00,  0.0000E+00,  4.4271E-01,  0.0000E+00,  1.1436E-01
  2.5000E+00,  6.7250E+10,  2.1434E+09,  9.5068E-01,  1.2094E+00,  5.0072E+01,  1.7019E+07,  6.1647E+06,  5.4310E+07,  2.1810E+03,  7.1968E+06,  5.2515E+05,  9.8977E+06,  8.3659E+05,  8.1041E+06,  3.2414E+04,  1.6207E+06,  1.2227E+04,  1.6855E+05,  2.7559E+04,  5.3947E+05,  6.4528E+02,  3.4860E+04,  4.4089E+03,  2.1964E+05,  1.0579E+05,  1.3721E+07,  3.5336E+04,  6.5924E+05,  7.0569E+03,  1.1286E+04,  3.2281E+02,  1.1140E+03,  5.4679E+01,  6.0876E+02,  6.1697E+01,  2.9390E+02,  1.7307E+02,  4.1057E+02,  7.6347E+01,  1.7307E+02,  1.1435E+01,  3.5148E+01,  0.0000E+00,  2.9389E+01,  5.5657E+00,  1.9074E+01,  3.8193E+00,  1.8253E+01,  1.9904E+01,  4.4092E+01,  3.5728E+00,  5.4108E+01,  5.9700E+00,  2.1556E+01,  5.8723E+00,  5.8724E+01,  6.4518E+00,  1.6480E+01,  2.2251E+00,  1.3722E+01,  0.0000E+00,  4.4093E+00,  1.4133E+00,  5.5662E+00,  3.5150E-01,  5.8725E+00,  7.9300E-01,  3.8196E+00,  4.4093E-01,  5.2966E+00,  4.9800E-01,  3.2284E+00,  3.2284E-01,  5.5663E+00,  8.2011E-01,  9.7877E+00,  6.6485E+00,  1.9497E+01,  2.8821E+00,  2.4996E+00,  3.5152E+00,  3.8197E+01,  2.2253E+00,  0.0000E+00,  0.0000E+00,  0.0000E+00,  0.0000E+00,  0.0000E+00,  0.0000E+00,  5.2969E-01,  0.0000E+00,  1.3724E-01,  1.6713E+10,  1.1784E+09,  5.2396E-01,  6.6526E-01,  2.1731E+01,  7.3955E+06,  2.6724E+06,  2.5981E+07,  1.0409E+03,  3.4321E+06,  2.6391E+05,  4.9746E+06,  4.4252E+05,  4.2753E+06,  1.6504E+04,  8.2678E+05,  6.2229E+03,  8.5752E+04,  1.4037E+04,  2.7497E+05,  4.6058E+02,  2.4933E+04,  3.1498E+03,  1.5693E+05,  7.5533E+04,  9.7999E+06,  2.5240E+04,  4.7145E+05,  5.0461E+03,  8.0667E+03,  2.3063E+02,  7.9580E+02,  3.9050E+01,  4.3472E+02,  4.4184E+01,  2.0998E+02,  1.2376E+02,  2.9355E+02,  5.4527E+01,  1.2376E+02,  8.1772E+00,  2.5120E+01,  0.0000E+00,  2.0998E+01,  3.9781E+00,  1.3630E+01,  2.7297E+00,  1.3042E+01,  1.4220E+01,  3.1498E+01,  2.5529E+00,  3.8675E+01,  4.2722E+00,  1.5399E+01,  4.1992E+00,  4.1992E+01,  4.6058E+00,  1.1786E+01,  1.5912E+00,  9.7999E+00,  0.0000E+00,  3.1498E+00,  1.0094E+00,  3.9781E+00,  2.5120E-01,  4.1992E+00,  5.6720E-01,  2.7297E+00,  3.1498E-01,  3.7925E+00,  3.5613E-01,  2.3063E+00,  2.3063E-01,  3.9781E+00,  5.8575E-01,  6.9986E+00,  4.7519E+00,  1.3926E+01,  2.0593E+00,  1.7865E+00,  2.5120E+00,  2.7297E+01,  1.5912E+00,  0.0000E+00,  0.0000E+00,  0.0000E+00,  0.0000E+00,  0.0000E+00,  0.0000E+00,  3.7925E-01,  0.0000E+00,  9.7999E-02
  2.8000E+00,  6.2575E+10,  1.8185E+09,  8.0624E-01,  1.0260E+00,  4.4018E+01,  1.4959E+07,  5.4212E+06,  4.7090E+07,  1.8919E+03,  6.2434E+06,  4.5193E+05,  8.5176E+06,  7.1396E+05,  6.9193E+06,  2.7837E+04,  1.3914E+06,  1.0501E+04,  1.4477E+05,  2.3666E+04,  4.6321E+05,  5.1864E+02,  2.8006E+04,  3.5429E+03,  1.7649E+05,  8.5024E+04,  1.1026E+07,  2.8396E+04,  5.2962E+05,  5.6695E+03,  9.0683E+03,  2.5940E+02,  8.9517E+02,  4.3943E+01,  4.8924E+02,  4.9551E+01,  2.3617E+02,  1.3904E+02,  3.2987E+02,  6.1354E+01,  1.3904E+02,  9.1863E+00,  2.8241E+01,  0.0000E+00,  2.3616E+01,  4.4720E+00,  1.5326E+01,  3.0688E+00,  1.4667E+01,  1.5994E+01,  3.5431E+01,  2.8709E+00,  4.3475E+01,  4.7955E+00,  1.7322E+01,  4.7178E+00,  4.7180E+01,  5.1854E+00,  1.3240E+01,  1.7877E+00,  1.1028E+01,  0.0000E+00,  3.5433E+00,  1.1358E+00,  4.4725E+00,  2.8244E-01,  4.7180E+00,  6.3707E-01,  3.0690E+00,  3.5433E-01,  4.2540E+00,  4.0009E-01,  2.5943E+00,  2.5943E-01,  4.4726E+00,  6.5906E-01,  7.8636E+00,  5.3420E+00,  1.5668E+01,  2.3159E+00,  2.0085E+00,  2.8245E+00,  3.0692E+01,  1.7878E+00,  0.0000E+00,  0.0000E+00,  0.0000E+00,  0.0000E+00,  0.0000E+00,  0.0000E+00,  4.2543E-01,  0.0000E+00,  1.1029E-01,  1.4451E+10,  9.8740E+08,  4.3896E-01,  5.5738E-01,  1.8632E+01,  6.3397E+06,  2.2843E+06,  2.2159E+07,  8.8660E+02,  2.9238E+06,  2.2422E+05,  4.2264E+06,  3.7501E+05,  3.6238E+06,  1.4014E+04,  7.0186E+05,  5.2844E+03,  7.2818E+04,  1.1919E+04,  2.3343E+05,  3.8370E+02,  2.0764E+04,  2.6238E+03,  1.3071E+05,  6.2923E+04,  8.1634E+06,  2.1027E+04,  3.9264E+05,  4.2028E+03,  6.7186E+03,  1.9211E+02,  6.6291E+02,  3.2527E+01,  3.6212E+02,  3.6791E+01,  1.7490E+02,  1.0308E+02,  2.4448E+02,  4.5422E+01,  1.0308E+02,  6.8107E+00,  2.0922E+01,  0.0000E+00,  1.7490E+01,  3.3133E+00,  1.1353E+01,  2.2738E+00,  1.0863E+01,  1.1845E+01,  2.6238E+01,  2.1264E+00,  3.2211E+01,  3.5580E+00,  1.2827E+01,  3.4975E+00,  3.4975E+01,  3.8370E+00,  9.8161E+00,  1.3253E+00,  8.1634E+00,  0.0000E+00,  2.6238E+00,  8.4081E-01,  3.3133E+00,  2.0922E-01,  3.4975E+00,  4.7238E-01,  2.2738E+00,  2.6238E-01,  3.1580E+00,  2.9659E-01,  1.9211E+00,  1.9211E-01,  3.3133E+00,  4.8791E-01,  5.8291E+00,  3.9580E+00,  1.1600E+01,  1.7153E+00,  1.4879E+00,  2.0922E+00,  2.2738E+01,  1.3253E+00,  0.0000E+00,  0.0000E+00,  0.0000E+00,  0.0000E+00,  0.0000E+00,  0.0000E+00,  3.1580E-01,  0.0000E+00,  8.1634E-02
  3.2000E+00,  5.7101E+10,  1.4745E+09,  6.5332E-01,  8.3182E-01,  3.7391E+01,  1.2705E+07,  4.6110E+06,  3.9245E+07,  1.5784E+03,  5.2094E+06,  3.7283E+05,  7.0265E+06,  5.8196E+05,  5.6435E+06,  2.2895E+04,  1.1440E+06,  8.6379E+03,  1.1909E+05,  1.9463E+04,  3.8092E+05,  3.8566E+02,  2.0812E+04,  2.6336E+03,  1.3120E+05,  6.3217E+04,  8.1974E+06,  2.1109E+04,  3.9358E+05,  4.2133E+03,  6.7404E+03,  1.9282E+02,  6.6544E+02,  3.2671E+01,  3.6375E+02,  3.6806E+01,  1.7556E+02,  1.0332E+02,  2.4516E+02,  4.5613E+01,  1.0332E+02,  6.8264E+00,  2.0992E+01,  0.0000E+00,  1.7556E+01,  3.3240E+00,  1.1392E+01,  2.2808E+00,  1.0902E+01,  1.1889E+01,  2.6339E+01,  2.1341E+00,  3.2314E+01,  3.5628E+00,  1.2877E+01,  3.5060E+00,  3.5061E+01,  3.8557E+00,  9.8386E+00,  1.3285E+00,  8.1988E+00,  0.0000E+00,  2.6340E+00,  8.4440E-01,  3.3245E+00,  2.0995E-01,  3.5061E+00,  4.7340E-01,  2.2811E+00,  2.6341E-01,  3.1600E+00,  2.9733E-01,  1.9286E+00,  1.9286E-01,  3.3245E+00,  4.8999E-01,  5.8438E+00,  3.9705E+00,  1.1648E+01,  1.7215E+00,  1.4929E+00,  2.0996E+00,  2.2813E+01,  1.3286E+00,  0.0000E+00,  0.0000E+00,  0.0000E+00,  0.0000E+00,  0.0000E+00,  0.0000E+00,  3.1603E-01,  0.0000E+00,  8.2002E-02,  1.2922E+10,  7.3279E+08,  3.2563E-01,  4.1355E-01,  1.4500E+01,  4.9318E+06,  1.7668E+06,  1.7062E+07,  6.8089E+02,  2.2459E+06,  1.7129E+05,  3.2289E+06,  2.8499E+05,  2.7551E+06,  1.0693E+04,  5.3531E+05,  4.0330E+03,  5.5572E+04,  9.0943E+03,  1.7804E+05,  2.8118E+02,  1.5205E+04,  1.9223E+03,  9.5760E+04,  4.6110E+04,  5.9813E+06,  1.5409E+04,  2.8757E+05,  3.0783E+03,  4.9212E+03,  1.4076E+02,  4.8573E+02,  2.3830E+01,  2.6531E+02,  2.6933E+01,  1.2813E+02,  7.5506E+01,  1.7906E+02,  3.3282E+01,  7.5506E+01,  4.9887E+00,  1.5324E+01,  0.0000E+00,  1.2813E+01,  2.4269E+00,  8.3170E+00,  1.6658E+00,  7.9593E+00,  8.6782E+00,  1.9223E+01,  1.5577E+00,  2.3593E+01,  2.6057E+00,  9.3972E+00,  2.5619E+00,  2.5619E+01,  2.8118E+00,  7.1893E+00,  9.7074E-01,  5.9813E+00,  0.0000E+00,  1.9223E+00,  6.1602E-01,  2.4269E+00,  1.5324E-01,  2.5619E+00,  3.4596E-01,  1.6658E+00,  1.9223E-01,  2.3119E+00,  2.1720E-01,  1.4076E+00,  1.4076E-01,  2.4269E+00,  3.5746E-01,  4.2698E+00,  2.8994E+00,  8.4994E+00,  1.2567E+00,  1.0899E+00,  1.5324E+00,  1.6658E+01,  9.7074E-01,  0.0000E+00,  0.0000E+00,  0.0000E+00,  0.0000E+00,  0.0000E+00,  0.0000E+00,  2.3119E-01,  0.0000E+00,  5.9813E-02
  3.5000E+00,  5.3426E+10,  1.2833E+09,  5.6839E-01,  7.2393E-01,  3.3506E+01,  1.1384E+07,  4.1391E+06,  3.4700E+07,  1.3972E+03,  4.6119E+06,  3.2739E+05,  6.1701E+06,  5.0659E+05,  4.9147E+06,  2.0061E+04,  1.0021E+06,  7.5688E+03,  1.0436E+05,  1.7053E+04,  3.3373E+05,  3.1284E+02,  1.6875E+04,  2.1359E+03,  1.0640E+05,  5.1276E+04,  6.6485E+06,  1.7118E+04,  3.1913E+05,  3.4163E+03,  5.4662E+03,  1.5637E+02,  5.3965E+02,  2.6500E+01,  2.9505E+02,  2.9835E+01,  1.4238E+02,  8.3775E+01,  1.9880E+02,  3.6994E+01,  8.3772E+01,  5.5348E+00,  1.7025E+01,  0.0000E+00,  1.4238E+01,  2.6957E+00,  9.2387E+00,  1.8495E+00,  8.8413E+00,  9.6423E+00,  2.1361E+01,  1.7307E+00,  2.6206E+01,  2.8882E+00,  1.0444E+01,  2.8427E+00,  2.8428E+01,  3.1274E+00,  7.9773E+00,  1.0771E+00,  6.6499E+00,  0.0000E+00,  2.1363E+00,  6.8489E-01,  2.6961E+00,  1.7027E-01,  2.8428E+00,  3.8383E-01,  1.8498E+00,  2.1363E-01,  2.5616E+00,  2.4110E-01,  1.5641E+00,  1.5641E-01,  2.6962E+00,  3.9743E-01,  4.7383E+00,  3.2198E+00,  9.4467E+00,  1.3961E+00,  1.2107E+00,  1.7029E+00,  1.8499E+01,  1.0773E+00,  0.0000E+00,  0.0000E+00,  0.0000E+00,  0.0000E+00,  0.0000E+00,  0.0000E+00,  2.5619E-01,  0.0000E+00,  6.6513E-02,  1.1573E+10,  5.4184E+08,  2.4063E-01,  3.0568E-01,  1.1401E+01,  3.8760E+06,  1.3787E+06,  1.3240E+07,  5.2661E+02,  1.7376E+06,  1.3159E+05,  2.4807E+06,  2.1748E+05,  2.1036E+06,  8.2030E+03,  4.1039E+05,  3.0944E+03,  4.2637E+04,  6.9759E+03,  1.3650E+05,  2.0430E+02,  1.1036E+04,  1.3962E+03,  6.9544E+04,  3.3500E+04,  4.3448E+06,  1.1196E+04,  2.0877E+05,  2.2349E+03,  3.5732E+03,  1.0224E+02,  3.5285E+02,  1.7308E+01,  1.9271E+02,  1.9540E+01,  9.3053E+01,  5.4824E+01,  1.2999E+02,  2.4177E+01,  5.4824E+01,  3.6222E+00,  1.1126E+01,  0.0000E+00,  9.3053E+00,  1.7621E+00,  6.0400E+00,  1.2098E+00,  5.7812E+00,  6.3031E+00,  1.3962E+01,  1.1313E+00,  1.7130E+01,  1.8914E+00,  6.8250E+00,  1.8602E+00,  1.8602E+01,  2.0430E+00,  5.2193E+00,  7.0482E-01,  4.3448E+00,  0.0000E+00,  1.3962E+00,  4.4742E-01,  1.7621E+00,  1.1126E-01,  1.8602E+00,  2.5115E-01,  1.2098E+00,  1.3962E-01,  1.6774E+00,  1.5765E-01,  1.0224E+00,  1.0224E-01,  1.7621E+00,  2.5962E-01,  3.1003E+00,  2.1055E+00,  6.1737E+00,  9.1268E-01,  7.9136E-01,  1.1126E+00,  1.2098E+01,  7.0482E-01,  0.0000E+00,  0.0000E+00,  0.0000E+00,  0.0000E+00,  0.0000E+00,  0.0000E+00,  1.6774E-01,  0.0000E+00,  4.3448E-02
  4.0000E+00,  4.8240E+10,  1.0738E+09,  4.7544E-01,  6.0582E-01,  2.8824E+01,  9.7927E+06,  3.5772E+06,  2.9334E+07,  1.1845E+03,  3.9097E+06,  2.7458E+05,  5.1745E+06,  4.1991E+05,  4.0758E+06,  1.6774E+04,  8.3777E+05,  6.3285E+03,  8.7269E+04,  1.4257E+04,  2.7906E+05,  2.3562E+02,  1.2708E+04,  1.6083E+03,  8.0129E+04,  3.8614E+04,  5.0067E+06,  1.2886E+04,  2.4029E+05,  2.5722E+03,  4.1165E+03,  1.1774E+02,  4.0631E+02,  1.9961E+01,  2.2223E+02,  2.2461E+01,  1.0723E+02,  6.3066E+01,  1.4971E+02,  2.7858E+01,  6.3064E+01,  4.1666E+00,  1.2823E+01,  0.0000E+00,  1.0722E+01,  2.0301E+00,  6.9569E+00,  1.3925E+00,  6.6568E+00,  7.2607E+00,  1.6086E+01,  1.3033E+00,  1.9736E+01,  2.1740E+00,  7.8653E+00,  2.1400E+00,  2.1401E+01,  2.3552E+00,  6.0062E+00,  8.1091E-01,  5.0081E+00,  0.0000E+00,  1.6087E+00,  5.1583E-01,  2.0306E+00,  1.2825E-01,  2.1402E+00,  2.8899E-01,  1.3927E+00,  1.6087E-01,  1.9285E+00,  1.8158E-01,  1.1777E+00,  1.1777E-01,  2.0307E+00,  2.9934E-01,  3.5672E+00,  2.4244E+00,  7.1139E+00,  1.0513E+00,  9.1179E-01,  1.2827E+00,  1.3929E+01,  8.1105E-01,  0.0000E+00,  0.0000E+00,  0.0000E+00,  0.0000E+00,  0.0000E+00,  0.0000E+00,  1.9289E-01,  0.0000E+00,  5.0095E-02,  9.1731E+09,  2.9591E+08,  1.3115E-01,  1.6676E-01,  7.3265E+00,  2.4880E+06,  8.6902E+05,  8.2252E+06,  3.2448E+02,  1.0714E+06,  7.9650E+04,  1.5015E+06,  1.2924E+05,  1.2520E+06,  4.9462E+03,  2.4704E+05,  1.8668E+03,  2.5720E+04,  4.2054E+03,  8.2185E+04,  1.0459E+02,  5.6322E+03,  7.1405E+02,  3.5553E+04,  1.7147E+04,  2.2226E+06,  5.7322E+03,  1.0661E+05,  1.1415E+03,  1.8255E+03,  5.2295E+01,  1.8051E+02,  8.8506E+00,  9.8562E+01,  9.9571E+00,  4.7571E+01,  2.8008E+01,  6.6378E+01,  1.2370E+01,  2.8008E+01,  1.8505E+00,  5.6825E+00,  0.0000E+00,  4.7571E+00,  9.0014E-01,  3.0875E+00,  6.1848E-01,  2.9566E+00,  3.2233E+00,  7.1405E+00,  5.7828E-01,  8.7500E+00,  9.6546E-01,  3.4899E+00,  9.5037E-01,  9.5037E+00,  1.0459E+00,  2.6651E+00,  3.6003E-01,  2.2226E+00,  0.0000E+00,  7.1405E-01,  2.2880E-01,  9.0014E-01,  5.6825E-02,  9.5037E-01,  1.2823E-01,  6.1848E-01,  7.1405E-02,  8.5488E-01,  8.0461E-02,  5.2295E-01,  5.2295E-02,  9.0014E-01,  1.3276E-01,  1.5839E+00,  1.0761E+00,  3.1578E+00,  4.6664E-01,  4.0431E-01,  5.6825E-01,  6.1848E+00,  3.6003E-01,  0.0000E+00,  0.0000E+00,  0.0000E+00,  0.0000E+00,  0.0000E+00,  0.0000E+00,  8.5488E-02,  0.0000E+00,  2.2226E-02
  4.5000E+00,  4.4089E+10,  9.3590E+08,  4.1432E-01,  5.2809E-01,  2.5404E+01,  8.6312E+06,  3.1725E+06,  2.5511E+07,  1.0336E+03,  3.4116E+06,  2.3763E+05,  4.4780E+06,  3.6007E+05,  3.4960E+06,  1.4479E+04,  7.2317E+05,  5.4625E+03,  7.5337E+04,  1.2307E+04,  2.4093E+05,  1.8802E+02,  1.0145E+04,  1.2833E+03,  6.3948E+04,  3.0811E+04,  3.9952E+06,  1.0277E+04,  1.9177E+05,  2.0527E+03,  3.2856E+03,  9.3942E+01,  3.2418E+02,  1.5933E+01,  1.7737E+02,  1.7929E+01,  8.5574E+01,  5.0320E+01,  1.1950E+02,  2.2228E+01,  5.0318E+01,  3.3245E+00,  1.0236E+01,  0.0000E+00,  8.5571E+00,  1.6204E+00,  5.5518E+00,  1.1110E+00,  5.3113E+00,  5.7938E+00,  1.2836E+01,  1.0402E+00,  1.5753E+01,  1.7346E+00,  6.2770E+00,  1.7075E+00,  1.7076E+01,  1.8792E+00,  4.7934E+00,  6.4707E-01,  3.9966E+00,  0.0000E+00,  1.2837E+00,  4.1170E-01,  1.6209E+00,  1.0239E-01,  1.7077E+00,  2.3063E-01,  1.1113E+00,  1.2838E-01,  1.5395E+00,  1.4495E-01,  9.3976E-01,  9.3975E-02,  1.6210E+00,  2.3891E-01,  2.8464E+00,  1.9346E+00,  5.6768E+00,  8.3895E-01,  7.2777E-01,  1.0241E+00,  1.1114E+01,  6.4721E-01,  0.0000E+00,  0.0000E+00,  0.0000E+00,  0.0000E+00,  0.0000E+00,  0.0000E+00,  1.5398E-01,  0.0000E+00,  3.9980E-02,  7.4311E+09,  2.5586E+08,  1.1331E-01,  1.4417E-01,  6.3547E+00,  2.1581E+06,  7.4976E+05,  7.0660E+06,  2.7890E+02,  9.2099E+05,  6.8173E+04,  1.2846E+06,  1.1011E+05,  1.0671E+06,  4.2324E+03,  2.1136E+05,  1.5972E+03,  2.2010E+04,  3.5982E+03,  7.0336E+04,  8.5813E+01,  4.6219E+03,  5.8580E+02,  2.9173E+04,  1.4066E+04,  1.8233E+06,  4.7013E+03,  8.7465E+04,  9.3662E+02,  1.4981E+03,  4.2898E+01,  1.4803E+02,  7.2626E+00,  8.0872E+01,  8.1714E+00,  3.9035E+01,  2.2976E+01,  5.4465E+01,  1.0148E+01,  2.2976E+01,  1.5180E+00,  4.6632E+00,  0.0000E+00,  3.9035E+00,  7.3865E-01,  2.5329E+00,  5.0731E-01,  2.4252E+00,  2.6443E+00,  5.8580E+00,  4.7442E-01,  7.1800E+00,  7.9203E-01,  2.8634E+00,  7.7964E-01,  7.7964E+00,  8.5797E-01,  2.1862E+00,  2.9533E-01,  1.8233E+00,  0.0000E+00,  5.8580E-01,  1.8772E-01,  7.3865E-01,  4.6632E-02,  7.7964E-01,  1.0520E-01,  5.0731E-01,  5.8580E-02,  7.0147E-01,  6.6032E-02,  4.2898E-01,  4.2898E-02,  7.3865E-01,  1.0893E-01,  1.2993E+00,  8.8291E-01,  2.5904E+00,  3.8281E-01,  3.3178E-01,  4.6632E-01,  5.0731E+00,  2.9533E-01,  0.0000E+00,  0.0000E+00,  0.0000E+00,  0.0000E+00,  0.0000E+00,  0.0000E+00,  7.0147E-02,  0.0000E+00,  1.8233E-02
  5.0000E+00,  4.0590E+10,  8.1799E+08,  3.6213E-01,  4.6165E-01,  2.2469E+01,  7.6347E+06,  2.8274E+06,  2.2268E+07,  9.0556E+02,  2.9887E+06,  2.0641E+05,  3.8899E+06,  3.0979E+05,  3.0087E+06,  1.2541E+04,  6.2641E+05,  4.7312E+03,  6.5259E+04,  1.0659E+04,  2.0873E+05,  1.4981E+02,  8.0863E+03,  1.0225E+03,  5.0957E+04,  2.4548E+04,  3.1833E+06,  8.1844E+03,  1.5282E+05,  1.6356E+03,  2.6184E+03,  7.4842E+01,  2.5828E+02,  1.2698E+01,  1.4136E+02,  1.4290E+01,  6.8191E+01,  4.0090E+01,  9.5247E+01,  1.7710E+01,  4.0088E+01,  2.6487E+00,  8.1597E+00,  0.0000E+00,  6.8187E+00,  1.2915E+00,  4.4239E+00,  8.8514E-01,  4.2316E+00,  4.6164E+00,  1.0228E+01,  8.2892E-01,  1.2556E+01,  1.3819E+00,  5.0019E+00,  1.3604E+00,  1.3605E+01,  1.4972E+00,  3.8200E+00,  5.1557E-01,  3.1847E+00,  0.0000E+00,  1.0229E+00,  3.2811E-01,  1.2919E+00,  8.1622E-02,  1.3605E+00,  1.8379E-01,  8.8543E-01,  1.0229E-01,  1.2271E+00,  1.1554E-01,  7.4876E-01,  7.4875E-02,  1.2920E+00,  1.9041E-01,  2.2679E+00,  1.5415E+00,  4.5234E+00,  6.6850E-01,  5.8001E-01,  8.1637E-01,  8.8557E+00,  5.1572E-01,  0.0000E+00,  0.0000E+00,  0.0000E+00,  0.0000E+00,  0.0000E+00,  0.0000E+00,  1.2274E-01,  0.0000E+00,  3.1861E-02,  6.5643E+09,  2.1581E+08,  9.5466E-02,  1.2157E-01,  5.3829E+00,  1.8281E+06,  6.3050E+05,  5.9067E+06,  2.3333E+02,  7.7053E+05,  5.6697E+04,  1.0676E+06,  9.0986E+04,  8.8226E+05,  3.5186E+03,  1.7567E+05,  1.3276E+03,  1.8300E+04,  2.9910E+03,  5.8487E+04,  6.7032E+01,  3.6116E+03,  4.5756E+02,  2.2792E+04,  1.0985E+04,  1.4241E+06,  3.6705E+03,  6.8325E+04,  7.3173E+02,  1.1708E+03,  3.3501E+01,  1.1555E+02,  5.6746E+00,  6.3182E+01,  6.3857E+00,  3.0498E+01,  1.7944E+01,  4.2552E+01,  7.9257E+00,  1.7944E+01,  1.1855E+00,  3.6440E+00,  0.0000E+00,  3.0498E+00,  5.7716E-01,  1.9783E+00,  3.9614E-01,  1.8937E+00,  2.0653E+00,  4.5756E+00,  3.7057E-01,  5.6099E+00,  6.1860E-01,  2.2369E+00,  6.0890E-01,  6.0890E+00,  6.7003E-01,  1.7074E+00,  2.3063E-01,  1.4241E+00,  0.0000E+00,  4.5756E-01,  1.4664E-01,  5.7716E-01,  3.6440E-02,  6.0890E-01,  8.2166E-02,  3.9614E-01,  4.5756E-02,  5.4806E-01,  5.1603E-02,  3.3501E-01,  3.3501E-02,  5.7716E-01,  8.5104E-02,  1.0147E+00,  6.8971E-01,  2.0230E+00,  2.9898E-01,  2.5925E-01,  3.6440E-01,  3.9614E+00,  2.3063E-01,  0.0000E+00,  0.0000E+00,  0.0000E+00,  0.0000E+00,  0.0000E+00,  0.0000E+00,  5.4806E-02,  0.0000E+00,  1.4241E-02
  5.5000E+00,  3.7463E+10,  7.2010E+08,  3.1886E-01,  4.0651E-01,  2.0021E+01,  6.8031E+06,  2.5420E+06,  1.9604E+07,  8.0029E+02,  2.6410E+06,  1.8093E+05,  3.4103E+06,  2.6908E+05,  2.6138E+06,  1.0960E+04,  5.4750E+05,  4.1348E+03,  5.7036E+04,  9.3155E+03,  1.8245E+05,  1.2098E+02,  6.5331E+03,  8.2578E+02,  4.1156E+04,  1.9826E+04,  2.5711E+06,  6.6069E+03,  1.2344E+05,  1.3210E+03,  2.1149E+03,  6.0440E+01,  2.0863E+02,  1.0258E+01,  1.1419E+02,  1.1543E+01,  5.5077E+01,  3.2377E+01,  7.6949E+01,  1.4302E+01,  3.2374E+01,  2.1390E+00,  6.5925E+00,  0.0000E+00,  5.5073E+00,  1.0433E+00,  3.5734E+00,  7.1487E-01,  3.4176E+00,  3.7285E+00,  8.2606E+00,  6.6960E-01,  1.0143E+01,  1.1160E+00,  4.0400E+00,  1.0986E+00,  1.0987E+01,  1.2092E+00,  3.0860E+00,  4.1643E-01,  2.5725E+00,  0.0000E+00,  8.2617E-01,  2.6506E-01,  1.0437E+00,  6.5951E-02,  1.0988E+00,  1.4846E-01,  7.1516E-01,  8.2622E-02,  9.9140E-01,  9.3350E-02,  6.0474E-01,  6.0474E-02,  1.0438E+00,  1.5381E-01,  1.8316E+00,  1.2449E+00,  3.6538E+00,  5.3997E-01,  4.6852E-01,  6.5965E-01,  7.1529E+00,  4.1658E-01,  0.0000E+00,  0.0000E+00,  0.0000E+00,  0.0000E+00,  0.0000E+00,  0.0000E+00,  9.9172E-02,  0.0000E+00,  2.5739E-02,  5.9436E+09,  1.7575E+08,  7.7622E-02,  9.8981E-02,  4.4111E+00,  1.4982E+06,  5.1124E+05,  4.7475E+06,  1.8776E+02,  6.2008E+05,  4.5220E+04,  8.5068E+05,  7.1858E+04,  6.9740E+05,  2.8049E+03,  1.3998E+05,  1.0581E+03,  1.4590E+04,  2.3838E+03,  4.6638E+04,  4.8251E+01,  2.6013E+03,  3.2931E+02,  1.6412E+04,  7.9040E+03,  1.0249E+06,  2.6396E+03,  4.9184E+04,  5.2685E+02,  8.4341E+02,  2.4104E+01,  8.3073E+01,  4.0866E+00,  4.5492E+01,  4.6001E+00,  2.1961E+01,  1.2912E+01,  3.0639E+01,  5.7036E+00,  1.2912E+01,  8.5299E-01,  2.6247E+00,  0.0000E+00,  2.1961E+00,  4.1566E-01,  1.4238E+00,  2.8497E-01,  1.3622E+00,  1.4864E+00,  3.2931E+00,  2.6672E-01,  4.0399E+00,  4.4517E-01,  1.6105E+00,  4.3816E-01,  4.3816E+00,  4.8209E-01,  1.2286E+00,  1.6593E-01,  1.0249E+00,  0.0000E+00,  3.2931E-01,  1.0556E-01,  4.1566E-01,  2.6247E-02,  4.3816E-01,  5.9136E-02,  2.8497E-01,  3.2931E-02,  3.9466E-01,  3.7174E-02,  2.4104E-01,  2.4104E-02,  4.1566E-01,  6.1278E-02,  7.3013E-01,  4.9651E-01,  1.4556E+00,  2.1516E-01,  1.8672E-01,  2.6247E-01,  2.8497E+00,  1.6593E-01,  0.0000E+00,  0.0000E+00,  0.0000E+00,  0.0000E+00,  0.0000E+00,  0.0000E+00,  3.9466E-02,  0.0000E+00,  1.0249E-02
  6.3000E+00,  3.3227E+10,  5.9746E+08,  2.6473E-01,  3.3744E-01,  1.6933E+01,  5.7542E+06,  2.1856E+06,  1.6315E+07,  6.7006E+02,  2.2110E+06,  1.4977E+05,  2.8243E+06,  2.1990E+05,  2.1362E+06,  9.0279E+03,  4.5107E+05,  3.4059E+03,  4.6983E+04,  7.6733E+03,  1.5031E+05,  8.9997E+01,  4.8617E+03,  6.1430E+02,  3.0613E+04,  1.4751E+04,  1.9130E+06,  4.9128E+03,  9.1852E+04,  9.8257E+02,  1.5730E+03,  4.4964E+01,  1.5531E+02,  7.6326E+00,  8.4969E+01,  8.5875E+00,  4.0970E+01,  2.4086E+01,  5.7267E+01,  1.0640E+01,  2.4084E+01,  1.5913E+00,  4.9061E+00,  0.0000E+00,  4.0966E+00,  7.7624E-01,  2.6591E+00,  5.3192E-01,  2.5431E+00,  2.7740E+00,  6.1459E+00,  4.9831E-01,  7.5479E+00,  8.3016E-01,  3.0056E+00,  8.1728E-01,  8.1739E+00,  8.9968E-01,  2.2971E+00,  3.0990E-01,  1.9144E+00,  0.0000E+00,  6.1469E-01,  1.9726E-01,  7.7668E-01,  4.9087E-02,  8.1742E-01,  1.1049E-01,  5.3221E-01,  6.1474E-02,  7.3786E-01,  6.9465E-02,  4.4998E-01,  4.4998E-02,  7.7676E-01,  1.1445E-01,  1.3629E+00,  9.2603E-01,  2.7192E+00,  4.0181E-01,  3.4856E-01,  4.9101E-01,  5.3235E+00,  3.1005E-01,  0.0000E+00,  0.0000E+00,  0.0000E+00,  0.0000E+00,  0.0000E+00,  0.0000E+00,  7.3818E-02,  0.0000E+00,  1.9158E-02,  4.6478E+09,  1.3084E+08,  5.7703E-02,  7.3692E-02,  3.3083E+00,  1.1239E+06,  3.7980E+05,  3.4758E+06,  1.3780E+02,  4.5509E+05,  3.2690E+04,  6.1432E+05,  5.1089E+04,  4.9641E+05,  2.0265E+03,  1.0110E+05,  7.6417E+02,  1.0543E+04,  1.7219E+03,  3.3714E+04,  2.9217E+01,  1.5772E+03,  1.9938E+02,  9.9443E+03,  4.7837E+03,  6.2043E+05,  1.5958E+03,  2.9792E+04,  3.1915E+02,  5.1137E+02,  1.4586E+01,  5.0215E+01,  2.4768E+00,  2.7563E+01,  2.7891E+00,  1.3306E+01,  7.8142E+00,  1.8567E+01,  3.4525E+00,  7.8142E+00,  5.1623E-01,  1.5913E+00,  0.0000E+00,  1.3306E+00,  2.5193E-01,  8.6200E-01,  1.7240E-01,  8.2414E-01,  8.9978E-01,  1.9938E+00,  1.6152E-01,  2.4485E+00,  2.6944E-01,  9.7550E-01,  2.6519E-01,  2.6519E+00,  2.9173E-01,  7.4364E-01,  1.0041E-01,  6.2043E-01,  0.0000E+00,  1.9938E-01,  6.3936E-02,  2.5193E-01,  1.5913E-02,  2.6519E-01,  3.5807E-02,  1.7240E-01,  1.9938E-02,  2.3918E-01,  2.2539E-02,  1.4586E-01,  1.4586E-02,  2.5193E-01,  3.7125E-02,  4.4184E-01,  3.0067E-01,  8.8093E-01,  1.3024E-01,  1.1317E-01,  1.5913E-01,  1.7240E+00,  1.0041E-01,  0.0000E+00,  0.0000E+00,  0.0000E+00,  0.0000E+00,  0.0000E+00,  0.0000E+00,  2.3918E-02,  0.0000E+00,  6.2043E-03
  7.1000E+00,  2.9811E+10,  5.0227E+08,  2.2272E-01,  2.8380E-01,  1.4528E+01,  4.9369E+06,  1.9081E+06,  1.3785E+07,  5.6965E+02,  1.8794E+06,  1.2605E+05,  2.3785E+06,  1.8299E+05,  1.7776E+06,  7.5572E+03,  3.7769E+05,  2.8514E+03,  3.9332E+04,  6.4236E+03,  1.2584E+05,  6.9366E+01,  3.7477E+03,  4.7349E+02,  2.3591E+04,  1.1372E+04,  1.4748E+06,  3.7860E+03,  7.0810E+04,  7.5722E+02,  1.2119E+03,  3.4663E+01,  1.1984E+02,  5.8836E+00,  6.5503E+01,  6.6182E+00,  3.1575E+01,  1.8568E+01,  4.4153E+01,  8.2018E+00,  1.8566E+01,  1.2268E+00,  3.7822E+00,  0.0000E+00,  3.1571E+00,  5.9835E-01,  2.0503E+00,  4.1015E-01,  1.9610E+00,  2.1386E+00,  4.7378E+00,  3.8422E-01,  5.8187E+00,  6.3991E-01,  2.3168E+00,  6.3001E-01,  6.3012E+00,  6.9365E-01,  1.7719E+00,  2.3899E-01,  1.4762E+00,  0.0000E+00,  4.7389E-01,  1.5211E-01,  5.9879E-01,  3.7848E-02,  6.3015E-01,  8.5196E-02,  4.1044E-01,  4.7394E-02,  5.6892E-01,  5.3551E-02,  3.4697E-01,  3.4696E-02,  5.9887E-01,  8.8233E-02,  1.0508E+00,  7.1375E-01,  2.0970E+00,  3.0982E-01,  2.6865E-01,  3.7863E-01,  4.1058E+00,  2.3913E-01,  0.0000E+00,  0.0000E+00,  0.0000E+00,  0.0000E+00,  0.0000E+00,  0.0000E+00,  5.6925E-02,  0.0000E+00,  1.4776E-02,  3.8903E+09,  1.0713E+08,  4.7322E-02,  6.0407E-02,  2.7051E+00,  9.1943E+05,  3.1397E+05,  2.8485E+06,  1.1323E+02,  3.7379E+05,  2.6606E+04,  5.0037E+05,  4.1190E+04,  4.0016E+05,  1.6502E+03,  8.2347E+04,  6.2221E+02,  8.5841E+03,  1.4022E+03,  2.7458E+04,  2.2360E+01,  1.2077E+03,  1.5263E+02,  7.6104E+03,  3.6631E+03,  4.7503E+05,  1.2211E+03,  2.2814E+04,  2.4422E+02,  3.9124E+02,  1.1166E+01,  3.8477E+01,  1.8959E+00,  2.1101E+01,  2.1343E+00,  1.0181E+01,  5.9822E+00,  1.4219E+01,  2.6430E+00,  5.9822E+00,  3.9524E-01,  1.2184E+00,  0.0000E+00,  1.0181E+00,  1.9280E-01,  6.6006E-01,  1.3201E-01,  6.3114E-01,  6.8873E-01,  1.5263E+00,  1.2371E-01,  1.8744E+00,  2.0620E-01,  7.4658E-01,  2.0298E-01,  2.0298E+00,  2.2333E-01,  5.6955E-01,  7.6878E-02,  4.7503E-01,  0.0000E+00,  1.5263E-01,  4.8950E-02,  1.9280E-01,  1.2184E-02,  2.0298E-01,  2.7420E-02,  1.3201E-01,  1.5263E-02,  1.8316E-01,  1.7246E-02,  1.1166E-01,  1.1166E-02,  1.9280E-01,  2.8412E-02,  3.3821E-01,  2.3003E-01,  6.7452E-01,  9.9720E-02,  8.6602E-02,  1.2184E-01,  1.3201E+00,  7.6878E-02,  0.0000E+00,  0.0000E+00,  0.0000E+00,  0.0000E+00,  0.0000E+00,  0.0000E+00,  1.8316E-02,  0.0000E+00,  4.7503E-03
  8.0000E+00,  2.6591E+10,  4.1786E+08,  1.8538E-01,  2.3616E-01,  1.2399E+01,  4.2129E+06,  1.6588E+06,  1.1539E+07,  4.8019E+02,  1.5841E+06,  1.0518E+05,  1.9858E+06,  1.5093E+05,  1.4662E+06,  6.2626E+03,  3.1307E+05,  2.3633E+03,  3.2598E+04,  5.3234E+03,  1.0429E+05,  5.2714E+01,  2.8479E+03,  3.5979E+02,  1.7923E+04,  8.6425E+03,  1.1209E+06,  2.8767E+03,  5.3810E+04,  5.7535E+02,  9.2061E+02,  2.6345E+01,  9.1149E+01,  4.4713E+00,  4.9784E+01,  5.0289E+00,  2.3994E+01,  1.4111E+01,  3.3557E+01,  6.2329E+00,  1.4109E+01,  9.3230E-01,  2.8745E+00,  0.0000E+00,  2.3990E+00,  4.5476E-01,  1.5585E+00,  3.1179E-01,  1.4906E+00,  1.6256E+00,  3.6007E+00,  2.9202E-01,  4.4223E+00,  4.8635E-01,  1.7608E+00,  4.7883E-01,  4.7893E+00,  5.2729E-01,  1.3474E+00,  1.8171E-01,  1.1223E+00,  0.0000E+00,  3.6018E-01,  1.1564E-01,  4.5519E-01,  2.8770E-02,  4.7896E-01,  6.4764E-02,  3.1208E-01,  3.6023E-02,  4.3245E-01,  4.0709E-02,  2.6378E-01,  2.6378E-02,  4.5527E-01,  6.7074E-02,  7.9891E-01,  5.4248E-01,  1.5944E+00,  2.3553E-01,  2.0416E-01,  2.8785E-01,  3.1222E+00,  1.8186E-01,  0.0000E+00,  0.0000E+00,  0.0000E+00,  0.0000E+00,  0.0000E+00,  0.0000E+00,  4.3277E-02,  0.0000E+00,  1.1237E-02,  3.2655E+09,  8.0445E+07,  3.5644E-02,  4.5461E-02,  2.0264E+00,  6.8934E+05,  2.3992E+05,  2.1428E+06,  8.5579E+01,  2.8234E+05,  1.9762E+04,  3.7218E+05,  3.0053E+04,  2.9189E+05,  1.2267E+03,  6.1252E+04,  4.6251E+02,  6.3800E+03,  1.0426E+03,  2.0420E+04,  1.4646E+01,  7.9197E+02,  1.0004E+02,  4.9848E+03,  2.4025E+03,  3.1146E+05,  7.9962E+02,  1.4964E+04,  1.5992E+02,  2.5609E+02,  7.3188E+00,  2.5272E+01,  1.2424E+00,  1.3831E+01,  1.3976E+00,  6.6663E+00,  3.9211E+00,  9.3270E+00,  1.7323E+00,  3.9211E+00,  2.5912E-01,  7.9882E-01,  0.0000E+00,  6.6663E-01,  1.2629E-01,  4.3288E-01,  8.6576E-02,  4.1401E-01,  4.5130E-01,  1.0004E+00,  8.1173E-02,  1.2287E+00,  1.3504E-01,  4.8905E-01,  1.3299E-01,  1.3299E+00,  1.4638E-01,  3.7369E-01,  5.0409E-02,  3.1146E-01,  0.0000E+00,  1.0004E-01,  3.2090E-02,  1.2629E-01,  7.9882E-03,  1.3299E-01,  1.7985E-02,  8.6576E-02,  1.0004E-02,  1.2013E-01,  1.1291E-02,  7.3188E-02,  7.3188E-03,  1.2629E-01,  1.8609E-02,  2.2162E-01,  1.5057E-01,  4.4232E-01,  6.5381E-02,  5.6711E-02,  7.9882E-02,  8.6576E-01,  5.0409E-02,  0.0000E+00,  0.0000E+00,  0.0000E+00,  0.0000E+00,  0.0000E+00,  0.0000E+00,  1.2013E-02,  0.0000E+00,  3.1146E-03
  9.0000E+00,  2.3669E+10,  3.4625E+08,  1.5363E-01,  1.9567E-01,  1.0587E+01,  3.5966E+06,  1.4431E+06,  9.6285E+06,  4.0374E+02,  1.3319E+06,  8.7654E+04,  1.6555E+06,  1.2446E+05,  1.2091E+06,  5.1739E+03,  2.5870E+05,  1.9528E+03,  2.6936E+04,  4.3981E+03,  8.6166E+04,  4.0335E+01,  2.1783E+03,  2.7522E+02,  1.3710E+04,  6.6111E+03,  8.5754E+05,  2.2009E+03,  4.1157E+04,  4.4020E+02,  7.0420E+02,  2.0157E+01,  6.9769E+01,  3.4211E+00,  3.8091E+01,  3.8477E+00,  1.8360E+01,  1.0796E+01,  2.5671E+01,  4.7685E+00,  1.0794E+01,  7.1323E-01,  2.1991E+00,  0.0000E+00,  1.8356E+00,  3.4801E-01,  1.1925E+00,  2.3859E-01,  1.1406E+00,  1.2441E+00,  2.7550E+00,  2.2338E-01,  3.3837E+00,  3.7221E-01,  1.3474E+00,  3.6642E-01,  3.6652E+00,  4.0355E-01,  1.0314E+00,  1.3908E-01,  8.5893E-01,  0.0000E+00,  2.7561E-01,  8.8511E-02,  3.4845E-01,  2.2017E-02,  3.6655E-01,  4.9557E-02,  2.3888E-01,  2.7566E-02,  3.3088E-01,  3.1168E-02,  2.0191E-01,  2.0191E-02,  3.4853E-01,  5.1345E-02,  6.1158E-01,  4.1525E-01,  1.2204E+00,  1.8025E-01,  1.5623E-01,  2.2032E-01,  2.3901E+00,  1.3923E-01,  0.0000E+00,  0.0000E+00,  0.0000E+00,  0.0000E+00,  0.0000E+00,  0.0000E+00,  3.3120E-02,  0.0000E+00,  8.6031E-03,  2.5790E+09,  6.2783E+07,  2.7865E-02,  3.5516E-02,  1.5968E+00,  5.4341E+05,  1.9156E+05,  1.6778E+06,  6.7321E+01,  2.2206E+05,  1.5294E+04,  2.8840E+05,  2.2886E+04,  2.2227E+05,  9.5067E+02,  4.7490E+04,  3.5841E+02,  4.9440E+03,  8.0810E+02,  1.5830E+04,  1.0112E+01,  5.4722E+02,  6.9099E+01,  3.4413E+03,  1.6603E+03,  2.1521E+05,  5.5196E+02,  1.0342E+04,  1.1039E+02,  1.7672E+02,  5.0557E+00,  1.7488E+01,  8.5805E-01,  9.5542E+00,  9.6473E-01,  4.6013E+00,  2.7084E+00,  6.4459E+00,  1.1966E+00,  2.7084E+00,  1.7901E-01,  5.5188E-01,  0.0000E+00,  4.6013E-01,  8.7202E-02,  2.9914E-01,  5.9828E-02,  2.8613E-01,  3.1170E-01,  6.9099E-01,  5.6111E-02,  8.4864E-01,  9.3230E-02,  3.3763E-01,  9.1833E-02,  9.1833E-01,  1.0110E-01,  2.5836E-01,  3.4835E-02,  2.1521E-01,  0.0000E+00,  6.9099E-02,  2.2172E-02,  8.7202E-02,  5.5188E-03,  9.1833E-02,  1.2429E-02,  5.9828E-02,  6.9099E-03,  8.3010E-02,  7.7931E-03,  5.0557E-02,  5.0557E-03,  8.7202E-02,  1.2848E-02,  1.5306E-01,  1.0390E-01,  3.0564E-01,  4.5170E-02,  3.9141E-02,  5.5188E-02,  5.9828E-01,  3.4835E-02,  0.0000E+00,  0.0000E+00,  0.0000E+00,  0.0000E+00,  0.0000E+00,  0.0000E+00,  8.3010E-03,  0.0000E+00,  2.1521E-03
  1.0000E+01,  2.1271E+10,  2.8878E+08,  1.2813E-01,  1.6317E-01,  9.1098E+00,  3.0939E+06,  1.2658E+06,  8.0895E+06,  3.4189E+02,  1.1279E+06,  7.3672E+04,  1.3918E+06,  1.0363E+05,  1.0068E+06,  4.3042E+03,  2.1525E+05,  1.6249E+03,  2.2412E+04,  3.6588E+03,  7.1683E+04,  3.1304E+01,  1.6897E+03,  2.1352E+02,  1.0637E+04,  5.1285E+03,  6.6534E+05,  1.7079E+03,  3.1923E+04,  3.4161E+02,  5.4637E+02,  1.5643E+01,  5.4150E+01,  2.6549E+00,  2.9559E+01,  2.9862E+00,  1.4251E+01,  8.3780E+00,  1.9915E+01,  3.7000E+00,  8.3759E+00,  5.5340E-01,  1.7063E+00,  0.0000E+00,  1.4247E+00,  2.7013E-01,  9.2533E-01,  1.8516E-01,  8.8509E-01,  9.6571E-01,  2.1380E+00,  1.7328E-01,  2.6259E+00,  2.8895E-01,  1.0459E+00,  2.8441E-01,  2.8451E+00,  3.1326E-01,  8.0065E-01,  1.0797E-01,  6.6673E-01,  0.0000E+00,  2.1391E-01,  6.8710E-02,  2.7057E-01,  1.7089E-02,  2.8455E-01,  3.8460E-02,  1.8545E-01,  2.1396E-02,  2.5676E-01,  2.4207E-02,  1.5676E-01,  1.5676E-02,  2.7065E-01,  3.9871E-02,  4.7489E-01,  3.2246E-01,  9.4749E-01,  1.3992E-01,  1.2128E-01,  1.7104E-01,  1.8559E+00,  1.0812E-01,  0.0000E+00,  0.0000E+00,  0.0000E+00,  0.0000E+00,  0.0000E+00,  0.0000E+00,  2.5708E-02,  0.0000E+00,  6.6812E-03,  2.2164E+09,  5.2161E+07,  2.3137E-02,  2.9483E-02,  1.3577E+00,  4.6192E+05,  1.6311E+05,  1.4002E+06,  5.6382E+01,  1.8606E+05,  1.2669E+04,  2.3907E+05,  1.8777E+04,  1.8242E+05,  7.8879E+02,  3.9409E+04,  2.9740E+02,  4.1030E+03,  6.7054E+02,  1.3136E+04,  7.9505E+00,  4.3000E+02,  5.4299E+01,  2.7047E+03,  1.3048E+03,  1.6918E+05,  4.3392E+02,  8.1263E+03,  8.6784E+01,  1.3893E+02,  3.9741E+00,  1.3750E+01,  6.7445E-01,  7.5093E+00,  7.5832E-01,  3.6174E+00,  2.1285E+00,  5.0648E+00,  9.4040E-01,  2.1285E+00,  1.4067E-01,  4.3369E-01,  0.0000E+00,  3.6174E-01,  6.8553E-02,  2.3510E-01,  4.7020E-02,  2.2484E-01,  2.4505E-01,  5.4299E-01,  4.4086E-02,  6.6683E-01,  7.3290E-02,  2.6535E-01,  7.2182E-02,  7.2182E-01,  7.9460E-02,  2.0312E-01,  2.7387E-02,  1.6918E-01,  0.0000E+00,  5.4299E-02,  1.7431E-02,  6.8553E-02,  4.3369E-03,  7.2182E-02,  9.7668E-03,  4.7020E-02,  5.4299E-03,  6.5228E-02,  6.1275E-03,  3.9741E-02,  3.9741E-03,  6.8553E-02,  1.0099E-02,  1.2031E-01,  8.1677E-02,  2.4023E-01,  3.5495E-02,  3.0758E-02,  4.3369E-02,  4.7020E-01,  2.7387E-02,  0.0000E+00,  0.0000E+00,  0.0000E+00,  0.0000E+00,  0.0000E+00,  0.0000E+00,  6.5228E-03,  0.0000E+00,  1.6918E-03
  1.1000E+01,  1.9188E+10,  2.4193E+08,  1.0735E-01,  1.3671E-01,  7.8717E+00,  2.6727E+06,  1.1169E+06,  6.8281E+06,  2.9097E+02,  9.5983E+05,  6.2315E+04,  1.1774E+06,  8.6910E+04,  8.4428E+05,  3.5963E+03,  1.7988E+05,  1.3580E+03,  1.8730E+04,  3.0570E+03,  5.9894E+04,  2.4434E+01,  1.3183E+03,  1.6662E+02,  8.3007E+03,  4.0015E+03,  5.1918E+05,  1.3330E+03,  2.4904E+04,  2.6663E+02,  4.2634E+02,  1.2209E+01,  4.2269E+01,  2.0722E+00,  2.3072E+01,  2.3310E+00,  1.1125E+01,  6.5395E+00,  1.5541E+01,  2.8877E+00,  6.5373E+00,  4.3190E-01,  1.3317E+00,  0.0000E+00,  1.1121E+00,  2.1090E-01,  7.2225E-01,  1.4455E-01,  6.9089E-01,  7.5398E-01,  1.6691E+00,  1.3521E-01,  2.0500E+00,  2.2563E-01,  8.1674E-01,  2.2205E-01,  2.2216E+00,  2.4463E-01,  6.2515E-01,  8.4311E-02,  5.2057E-01,  0.0000E+00,  1.6702E-01,  5.3649E-02,  2.1134E-01,  1.3343E-02,  2.2219E-01,  3.0024E-02,  1.4484E-01,  1.6706E-02,  2.0042E-01,  1.8913E-02,  1.2243E-01,  1.2243E-02,  2.1142E-01,  3.1146E-02,  3.7096E-01,  2.5190E-01,  7.3997E-01,  1.0926E-01,  9.4715E-02,  1.3358E-01,  1.4497E+00,  8.4460E-02,  0.0000E+00,  0.0000E+00,  0.0000E+00,  0.0000E+00,  0.0000E+00,  0.0000E+00,  2.0074E-02,  0.0000E+00,  5.2196E-03,  1.9498E+09,  4.1538E+07,  1.8410E-02,  2.3450E-02,  1.1185E+00,  3.8043E+05,  1.3467E+05,  1.1226E+06,  4.5443E+01,  1.5005E+05,  1.0045E+04,  1.8973E+05,  1.4668E+04,  1.4256E+05,  6.2691E+02,  3.1329E+04,  2.3638E+02,  3.2619E+03,  5.3298E+02,  1.0443E+04,  5.7888E+00,  3.1278E+02,  3.9498E+01,  1.9681E+03,  9.4926E+02,  1.2314E+05,  3.1587E+02,  5.9110E+03,  6.3174E+01,  1.0114E+02,  2.8926E+00,  1.0012E+01,  4.9085E-01,  5.4644E+00,  5.5191E-01,  2.6334E+00,  1.5486E+00,  3.6837E+00,  6.8424E-01,  1.5486E+00,  1.0233E-01,  3.1551E-01,  0.0000E+00,  2.6334E-01,  4.9905E-02,  1.7106E-01,  3.4212E-02,  1.6355E-01,  1.7840E-01,  3.9498E-01,  3.2062E-02,  4.8502E-01,  5.3350E-02,  1.9306E-01,  5.2530E-02,  5.2530E-01,  5.7816E-02,  1.4787E-01,  1.9938E-02,  1.2314E-01,  0.0000E+00,  3.9498E-02,  1.2690E-02,  4.9905E-02,  3.1551E-03,  5.2530E-02,  7.1049E-03,  3.4212E-02,  3.9498E-03,  4.7445E-02,  4.4619E-03,  2.8926E-02,  2.8926E-03,  4.9905E-02,  7.3509E-03,  8.7562E-02,  5.9456E-02,  1.7481E-01,  2.5820E-02,  2.2376E-02,  3.1551E-02,  3.4212E-01,  1.9938E-02,  0.0000E+00,  0.0000E+00,  0.0000E+00,  0.0000E+00,  0.0000E+00,  0.0000E+00,  4.7445E-03,  0.0000E+00,  1.2314E-03
  1.2000E+01,  1.7400E+10,  2.0570E+08,  9.1308E-02,  1.1627E-01,  6.8727E+00,  2.3330E+06,  9.9642E+05,  5.8443E+06,  2.5100E+02,  8.2778E+05,  5.3583E+04,  1.0123E+06,  7.4297E+04,  7.2165E+05,  3.0504E+03,  1.5259E+05,  1.1521E+03,  1.5889E+04,  2.5928E+03,  5.0797E+04,  1.9726E+01,  1.0642E+03,  1.3452E+02,  6.7008E+03,  3.2300E+03,  4.1906E+05,  1.0762E+03,  2.0101E+04,  2.1526E+02,  3.4409E+02,  9.8573E+00,  3.4126E+01,  1.6732E+00,  1.8630E+01,  1.8823E+00,  8.9840E+00,  5.2809E+00,  1.2548E+01,  2.3315E+00,  5.2787E+00,  3.4874E-01,  1.0753E+00,  0.0000E+00,  8.9800E-01,  1.7032E-01,  5.8321E-01,  1.1674E-01,  5.5798E-01,  6.0890E-01,  1.3481E+00,  1.0916E-01,  1.6559E+00,  1.8225E-01,  6.5982E-01,  1.7935E-01,  1.7945E+00,  1.9763E-01,  5.0490E-01,  6.8097E-02,  4.2045E-01,  0.0000E+00,  1.3492E-01,  4.3331E-02,  1.7076E-01,  1.0779E-02,  1.7949E-01,  2.4250E-02,  1.1703E-01,  1.3497E-02,  1.6187E-01,  1.5284E-02,  9.8910E-02,  9.8908E-03,  1.7084E-01,  2.5170E-02,  2.9977E-01,  2.0355E-01,  5.9786E-01,  8.8278E-02,  7.6531E-02,  1.0794E-01,  1.1717E+00,  6.8246E-02,  0.0000E+00,  0.0000E+00,  0.0000E+00,  0.0000E+00,  0.0000E+00,  0.0000E+00,  1.6219E-02,  0.0000E+00,  4.2184E-03,  1.6274E+09,  3.0915E+07,  1.3683E-02,  1.7418E-02,  8.7943E-01,  2.9894E+05,  1.0622E+05,  8.4502E+05,  3.4505E+01,  1.1405E+05,  7.4199E+03,  1.4040E+05,  1.0559E+04,  1.0271E+05,  4.6502E+02,  2.3248E+04,  1.7537E+02,  2.4209E+03,  3.9542E+02,  7.7494E+03,  3.6272E+00,  1.9555E+02,  2.4698E+01,  1.2316E+03,  5.9375E+02,  7.7104E+04,  1.9782E+02,  3.6958E+03,  3.9565E+01,  6.3349E+01,  1.8111E+00,  6.2741E+00,  3.0725E-01,  3.4196E+00,  3.4550E-01,  1.6495E+00,  9.6864E-01,  2.3026E+00,  4.2808E-01,  9.6864E-01,  6.3986E-02,  1.9733E-01,  0.0000E+00,  1.6495E-01,  3.1257E-02,  1.0702E-01,  2.1404E-02,  1.0226E-01,  1.1175E-01,  2.4698E-01,  2.0037E-02,  3.0321E-01,  3.3410E-02,  1.2078E-01,  3.2879E-02,  3.2879E-01,  3.6172E-02,  9.2630E-02,  1.2490E-02,  7.7104E-02,  0.0000E+00,  2.4698E-02,  7.9484E-03,  3.1257E-02,  1.9733E-03,  3.2879E-02,  4.4430E-03,  2.1404E-02,  2.4698E-03,  2.9663E-02,  2.7963E-03,  1.8111E-02,  1.8111E-03,  3.1257E-02,  4.6024E-03,  5.4814E-02,  3.7235E-02,  1.0940E-01,  1.6146E-02,  1.3993E-02,  1.9733E-02,  2.1404E-01,  1.2490E-02,  0.0000E+00,  0.0000E+00,  0.0000E+00,  0.0000E+00,  0.0000E+00,  0.0000E+00,  2.9663E-03,  0.0000E+00,  7.7104E-04
  1.4000E+01,  1.4562E+10,  1.5209E+08,  6.7580E-02,  8.6063E-02,  5.3214E+00,  1.8057E+06,  8.0639E+05,  4.3712E+06,  1.9096E+02,  6.2933E+05,  4.0691E+04,  7.6834E+05,  5.5979E+04,  5.4346E+05,  2.2436E+03,  1.1224E+05,  8.4777E+02,  1.1689E+04,  1.9068E+03,  3.7351E+04,  1.3681E+01,  7.3828E+02,  9.3362E+01,  4.6484E+03,  2.2407E+03,  2.9057E+05,  7.4652E+02,  1.3942E+04,  1.4932E+02,  2.3853E+02,  6.8392E+00,  2.3670E+01,  1.1611E+00,  1.2932E+01,  1.3065E+00,  6.2351E+00,  3.6667E+00,  8.7112E+00,  1.6182E+00,  3.6646E+00,  2.4211E-01,  7.4648E-01,  0.0000E+00,  6.2312E-01,  1.1823E-01,  4.0486E-01,  8.1061E-02,  3.8757E-01,  4.2265E-01,  9.3649E-01,  7.5778E-02,  1.1507E+00,  1.2657E-01,  4.5855E-01,  1.2456E-01,  1.2467E+00,  1.3735E-01,  3.5055E-01,  4.7282E-02,  2.9196E-01,  0.0000E+00,  9.3758E-02,  3.0085E-02,  1.1866E-01,  7.4904E-03,  1.2470E-01,  1.6847E-02,  8.1351E-02,  9.3807E-03,  1.1245E-01,  1.0622E-02,  6.8728E-02,  6.8726E-03,  1.1874E-01,  1.7499E-02,  2.0841E-01,  1.4150E-01,  4.1555E-01,  6.1373E-02,  5.3213E-02,  7.5052E-02,  8.1489E-01,  4.7430E-02,  0.0000E+00,  0.0000E+00,  0.0000E+00,  0.0000E+00,  0.0000E+00,  0.0000E+00,  1.1278E-02,  0.0000E+00,  2.9335E-03,  1.2105E+09,  2.2697E+07,  1.0045E-02,  1.2793E-02,  6.7185E-01,  2.2840E+05,  8.3810E+04,  6.2807E+05,  2.5536E+01,  8.4405E+04,  5.4720E+03,  1.0359E+05,  7.7587E+03,  7.5476E+04,  3.4181E+02,  1.7100E+04,  1.2898E+02,  1.7790E+03,  2.9063E+02,  5.6968E+03,  2.4183E+00,  1.3031E+02,  1.6462E+01,  8.2083E+02,  3.9558E+02,  5.1382E+04,  1.3186E+02,  2.4632E+03,  2.6372E+01,  4.2212E+01,  1.2071E+00,  4.1815E+00,  2.0477E-01,  2.2787E+00,  2.3029E-01,  1.0994E+00,  6.4553E-01,  1.5341E+00,  2.8527E-01,  6.4553E-01,  4.2645E-02,  1.3152E-01,  0.0000E+00,  1.0994E-01,  2.0840E-02,  7.1327E-02,  1.4273E-02,  6.8157E-02,  7.4498E-02,  1.6462E-01,  1.3341E-02,  2.0202E-01,  2.2270E-02,  8.0498E-02,  2.1908E-02,  2.1908E-01,  2.4115E-02,  6.1723E-02,  8.3253E-03,  5.1382E-02,  0.0000E+00,  1.6462E-02,  5.2967E-03,  2.0840E-02,  1.3152E-03,  2.1908E-02,  2.9595E-03,  1.4273E-02,  1.6462E-03,  1.9753E-02,  1.8651E-03,  1.2071E-02,  1.2071E-03,  2.0840E-02,  3.0682E-03,  3.6543E-02,  2.4821E-02,  7.2912E-02,  1.0759E-02,  9.3253E-03,  1.3152E-02,  1.4273E-01,  8.3253E-03,  0.0000E+00,  0.0000E+00,  0.0000E+00,  0.0000E+00,  0.0000E+00,  0.0000E+00,  1.9753E-03,  0.0000E+00,  5.1382E-04
  1.6000E+01,  1.2396E+10,  1.1347E+08,  5.0479E-02,  6.4275E-02,  4.1552E+00,  1.4092E+06,  6.5735E+05,  3.2944E+06,  1.4742E+02,  4.8546E+05,  3.1328E+04,  5.9108E+05,  4.2660E+04,  4.1391E+05,  1.6609E+03,  8.3081E+04,  6.2779E+02,  8.6570E+03,  1.4114E+03,  2.7640E+04,  9.7067E+00,  5.2410E+02,  6.6300E+01,  3.2995E+03,  1.5907E+03,  2.0616E+05,  5.2985E+02,  9.8924E+03,  1.0599E+02,  1.6920E+02,  4.8557E+00,  1.6802E+01,  8.2467E-01,  9.1878E+00,  9.2813E-01,  4.4290E+00,  2.6058E+00,  6.1900E+00,  1.1494E+00,  2.6036E+00,  1.7201E-01,  5.3029E-01,  0.0000E+00,  4.4251E-01,  8.3978E-02,  2.8764E-01,  5.7593E-02,  2.7553E-01,  3.0024E-01,  6.6587E-01,  5.3864E-02,  8.1866E-01,  8.9979E-02,  3.2624E-01,  8.8571E-02,  8.8675E-01,  9.7702E-02,  2.4916E-01,  3.3603E-02,  2.0755E-01,  0.0000E+00,  6.6697E-02,  2.1385E-02,  8.4414E-02,  5.3285E-03,  8.8706E-02,  1.1985E-02,  5.7883E-02,  6.6746E-03,  8.0007E-02,  7.5566E-03,  4.8894E-02,  4.8892E-03,  8.4494E-02,  1.2456E-02,  1.4835E-01,  1.0071E-01,  2.9573E-01,  4.3689E-02,  3.7885E-02,  5.3433E-02,  5.8020E-01,  3.3752E-02,  0.0000E+00,  0.0000E+00,  0.0000E+00,  0.0000E+00,  0.0000E+00,  0.0000E+00,  8.0329E-03,  0.0000E+00,  2.0893E-03,  9.5543E+08,  1.5927E+07,  7.0547E-03,  8.9951E-03,  4.9434E-01,  1.6813E+05,  6.5234E+04,  4.4870E+05,  1.8003E+01,  5.9471E+04,  3.8909E+03,  7.3666E+04,  5.5605E+03,  5.4072E+04,  2.4087E+02,  1.2063E+04,  9.1004E+01,  1.2527E+03,  2.0476E+02,  4.0146E+03,  1.5556E+00,  8.3872E+01,  1.0600E+01,  5.2815E+02,  2.5440E+02,  3.3033E+04,  8.4801E+01,  1.5860E+03,  1.6960E+01,  2.7124E+01,  7.7633E-01,  2.6872E+00,  1.3171E-01,  1.4655E+00,  1.4814E-01,  7.0677E-01,  4.1539E-01,  9.8713E-01,  1.8351E-01,  4.1539E-01,  2.7454E-02,  8.4667E-02,  0.0000E+00,  7.0677E-02,  1.3409E-02,  4.5898E-02,  9.1953E-03,  4.3884E-02,  4.7913E-02,  1.0600E-01,  8.5730E-03,  1.2998E-01,  1.4323E-02,  5.1807E-02,  1.4085E-02,  1.4085E-01,  1.5529E-02,  3.9659E-02,  5.3531E-03,  3.3033E-02,  0.0000E+00,  1.0600E-02,  3.4040E-03,  1.3409E-02,  8.4667E-04,  1.4085E-02,  1.9027E-03,  9.1953E-03,  1.0600E-03,  1.2694E-02,  1.2004E-03,  7.7633E-03,  7.7633E-04,  1.3409E-02,  1.9743E-03,  2.3519E-02,  1.5966E-02,  4.6905E-02,  6.9245E-03,  6.0022E-03,  8.4667E-03,  9.1953E-02,  5.3531E-03,  0.0000E+00,  0.0000E+00,  0.0000E+00,  0.0000E+00,  0.0000E+00,  0.0000E+00,  1.2694E-03,  0.0000E+00,  3.3033E-04
  1.8000E+01,  1.0685E+10,  8.6843E+07,  3.8684E-02,  4.9228E-02,  3.3069E+00,  1.1206E+06,  5.4205E+05,  2.5370E+06,  1.1717E+02,  3.8557E+05,  2.4766E+04,  4.6686E+05,  3.3263E+04,  3.2256E+05,  1.2582E+03,  6.2902E+04,  4.7556E+02,  6.5635E+03,  1.0691E+03,  2.0928E+04,  7.2351E+00,  3.9079E+02,  4.9449E+01,  2.4601E+03,  1.1865E+03,  1.5369E+05,  3.9513E+02,  7.3711E+03,  7.9044E+01,  1.2613E+02,  3.6224E+00,  1.2535E+01,  6.1541E-01,  6.8596E+00,  6.9275E-01,  3.3064E+00,  1.9457E+00,  4.6213E+00,  8.5781E-01,  1.9435E+00,  1.2837E-01,  3.9571E-01,  0.0000E+00,  3.3025E-01,  6.2669E-02,  2.1470E-01,  4.2971E-02,  2.0576E-01,  2.2412E-01,  4.9736E-01,  4.0250E-02,  6.1209E-01,  6.7222E-02,  2.4390E-01,  6.6197E-02,  6.6301E-01,  7.3014E-02,  1.8619E-01,  2.5100E-02,  1.5508E-01,  0.0000E+00,  4.9845E-02,  1.5979E-02,  6.3106E-02,  3.9827E-03,  6.6333E-02,  8.9626E-03,  4.3261E-02,  4.9894E-03,  5.9847E-02,  5.6487E-03,  3.6560E-02,  3.6559E-03,  6.3186E-02,  9.3187E-03,  1.1097E-01,  7.5339E-02,  2.2120E-01,  3.2683E-02,  2.8345E-02,  3.9975E-02,  4.3398E-01,  2.5249E-02,  0.0000E+00,  0.0000E+00,  0.0000E+00,  0.0000E+00,  0.0000E+00,  0.0000E+00,  6.0170E-03,  0.0000E+00,  1.5646E-03,  7.5506E+08,  1.0696E+07,  4.7408E-03,  6.0526E-03,  3.5396E-01,  1.2043E+05,  5.0060E+04,  3.0878E+05,  1.2246E+01,  4.0418E+04,  2.6711E+03,  5.0557E+04,  3.8362E+03,  3.7284E+04,  1.6183E+02,  8.1150E+03,  6.1225E+01,  8.4084E+02,  1.3754E+02,  2.6972E+03,  9.1602E-01,  4.9431E+01,  6.2515E+00,  3.1118E+02,  1.4978E+02,  1.9437E+04,  4.9921E+01,  9.3527E+02,  9.9849E+00,  1.5944E+01,  4.5703E-01,  1.5800E+00,  7.7552E-02,  8.6275E-01,  8.7241E-02,  4.1583E-01,  2.4477E-01,  5.8161E-01,  1.0808E-01,  2.4477E-01,  1.6185E-02,  4.9914E-02,  0.0000E+00,  4.1583E-02,  7.8994E-03,  2.7043E-02,  5.4268E-03,  2.5881E-02,  2.8205E-02,  6.2515E-02,  5.0411E-03,  7.6579E-02,  8.4336E-03,  3.0536E-02,  8.2887E-03,  8.2887E-02,  9.1588E-03,  2.3315E-02,  3.1502E-03,  1.9437E-02,  0.0000E+00,  6.2515E-03,  2.0018E-03,  7.8994E-03,  4.9914E-04,  8.2887E-03,  1.1197E-03,  5.4268E-03,  6.2515E-04,  7.4654E-03,  7.0747E-04,  4.5703E-03,  4.5703E-04,  7.8994E-03,  1.1635E-03,  1.3861E-02,  9.4032E-03,  2.7624E-02,  4.0813E-03,  3.5381E-03,  4.9914E-03,  5.4268E-02,  3.1502E-03,  0.0000E+00,  0.0000E+00,  0.0000E+00,  0.0000E+00,  0.0000E+00,  0.0000E+00,  7.4654E-04,  0.0000E+00,  1.9437E-04
  2.0000E+01,  9.3163E+09,  6.7825E+07,  3.0259E-02,  3.8476E-02,  2.6704E+00,  9.0412E+05,  4.5079E+05,  1.9861E+06,  9.5134E+01,  3.1286E+05,  1.9973E+04,  3.7619E+05,  2.6435E+04,  2.5621E+05,  9.7289E+02,  4.8600E+04,  3.6766E+02,  5.0810E+03,  8.2660E+02,  1.6174E+04,  5.6280E+00,  3.0409E+02,  3.8484E+01,  1.9142E+03,  9.2369E+02,  1.1958E+05,  3.0755E+02,  5.7307E+03,  6.1524E+01,  9.8163E+01,  2.8206E+00,  9.7625E+00,  4.7934E-01,  5.3459E+00,  5.3969E-01,  2.5769E+00,  1.5162E+00,  3.6009E+00,  6.6819E-01,  1.5140E+00,  9.9987E-02,  3.0816E-01,  0.0000E+00,  2.5730E-01,  4.8813E-02,  1.6726E-01,  3.3455E-02,  1.6036E-01,  1.7465E-01,  3.8771E-01,  3.1404E-02,  4.7774E-01,  5.2425E-02,  1.9032E-01,  5.1653E-02,  5.1757E-01,  5.6950E-02,  1.4528E-01,  1.9574E-02,  1.2097E-01,  0.0000E+00,  3.8880E-02,  1.2466E-02,  4.9249E-02,  3.1072E-03,  5.1788E-02,  6.9976E-03,  3.3745E-02,  3.8929E-03,  4.6745E-02,  4.4080E-03,  2.8543E-02,  2.8541E-03,  4.9329E-02,  7.2766E-03,  8.6652E-02,  5.8840E-02,  1.7274E-01,  2.5522E-02,  2.2138E-02,  3.1221E-02,  3.3882E-01,  1.9722E-02,  0.0000E+00,  0.0000E+00,  0.0000E+00,  0.0000E+00,  0.0000E+00,  0.0000E+00,  4.7067E-03,  0.0000E+00,  1.2236E-03,  6.1380E+08,  8.3222E+06,  3.6840E-03,  4.6986E-03,  2.8255E-01,  9.6071E+04,  4.1206E+04,  2.4211E+05,  9.7898E+00,  3.2286E+04,  2.1220E+03,  4.0113E+04,  2.9920E+03,  2.9069E+04,  1.2344E+02,  6.1872E+03,  4.6673E+01,  6.4166E+02,  1.0493E+02,  2.0573E+03,  6.9104E-01,  3.7274E+01,  4.7138E+00,  2.3481E+02,  1.1304E+02,  1.4669E+04,  3.7661E+01,  7.0513E+02,  7.5349E+00,  1.2022E+01,  3.4475E-01,  1.1920E+00,  5.8522E-02,  6.5098E-01,  6.5816E-02,  3.1366E-01,  1.8471E-01,  4.3877E-01,  8.1538E-02,  1.8471E-01,  1.2202E-02,  3.7633E-02,  0.0000E+00,  3.1366E-02,  5.9571E-03,  2.0397E-02,  4.0893E-03,  1.9524E-02,  2.1270E-02,  4.7138E-02,  3.8048E-03,  5.7776E-02,  6.3633E-03,  2.3044E-02,  6.2556E-03,  6.2556E-02,  6.9048E-03,  1.7598E-02,  2.3762E-03,  1.4669E-02,  0.0000E+00,  4.7138E-03,  1.5106E-03,  5.9571E-03,  3.7633E-04,  6.2556E-03,  8.4523E-04,  4.0893E-03,  4.7138E-04,  5.6367E-03,  5.3327E-04,  3.4475E-03,  3.4475E-04,  5.9571E-03,  8.7866E-04,  1.0455E-02,  7.0956E-03,  2.0833E-02,  3.0803E-03,  2.6691E-03,  3.7633E-03,  4.0893E-02,  2.3762E-03,  0.0000E+00,  0.0000E+00,  0.0000E+00,  0.0000E+00,  0.0000E+00,  0.0000E+00,  5.6367E-04,  0.0000E+00,  1.4669E-04
  2.2000E+01,  8.1875E+09,  5.3555E+07,  2.3948E-02,  3.0433E-02,  2.1767E+00,  7.3633E+05,  3.7723E+05,  1.5685E+06,  7.8011E+01,  2.5642E+05,  1.6278E+04,  3.0641E+05,  2.1295E+04,  2.0628E+05,  7.6441E+02,  3.8154E+04,  2.8887E+02,  3.9968E+03,  6.4936E+02,  1.2699E+04,  4.4709E+00,  2.4170E+02,  3.0594E+01,  1.5209E+03,  7.3436E+02,  9.5010E+04,  2.4449E+02,  4.5506E+03,  4.8904E+01,  7.8041E+01,  2.2434E+00,  7.7666E+00,  3.8132E-01,  4.2557E+00,  4.2948E-01,  2.0518E+00,  1.2068E+00,  2.8662E+00,  5.3166E-01,  1.2046E+00,  7.9567E-02,  2.4518E-01,  0.0000E+00,  2.0478E-01,  3.8841E-02,  1.3311E-01,  2.6614E-02,  1.2767E-01,  1.3905E-01,  3.0881E-01,  2.5031E-02,  3.8099E-01,  4.1768E-02,  1.5172E-01,  4.1174E-02,  4.1279E-01,  4.5395E-02,  1.1580E-01,  1.5595E-02,  9.6400E-02,  0.0000E+00,  3.0990E-02,  9.9365E-03,  3.9277E-02,  2.4774E-03,  4.1310E-02,  5.5817E-03,  2.6904E-02,  3.1039E-03,  3.7301E-02,  3.5156E-03,  2.2771E-02,  2.2769E-03,  3.9357E-02,  5.8041E-03,  6.9147E-02,  4.6957E-02,  1.3787E-01,  2.0362E-02,  1.7669E-02,  2.4922E-02,  2.7041E-01,  1.5744E-02,  0.0000E+00,  0.0000E+00,  0.0000E+00,  0.0000E+00,  0.0000E+00,  0.0000E+00,  3.7623E-03,  0.0000E+00,  9.7787E-04,  5.1494E+08,  5.9486E+06,  2.6272E-03,  3.3446E-03,  2.1113E-01,  7.1715E+04,  3.2351E+04,  1.7544E+05,  7.3335E+00,  2.4153E+04,  1.5730E+03,  2.9669E+04,  2.1478E+03,  2.0854E+04,  8.5049E+01,  4.2594E+03,  3.2122E+01,  4.4248E+02,  7.2314E+01,  1.4175E+03,  4.6606E-01,  2.5116E+01,  3.1760E+00,  1.5844E+02,  7.6297E+01,  9.9012E+03,  2.5400E+01,  4.7499E+02,  5.0849E+00,  8.1003E+00,  2.3246E-01,  8.0394E-01,  3.9491E-02,  4.3921E-01,  4.4391E-02,  2.1149E-01,  1.2465E-01,  2.9594E-01,  5.4994E-02,  1.2465E-01,  8.2180E-03,  2.5352E-02,  0.0000E+00,  2.1149E-02,  4.0149E-03,  1.3751E-02,  2.7518E-03,  1.3167E-02,  1.4335E-02,  3.1760E-02,  2.5684E-03,  3.8972E-02,  4.2931E-03,  1.5552E-02,  4.2225E-03,  4.2225E-02,  4.6509E-03,  1.1881E-02,  1.6022E-03,  9.9012E-03,  0.0000E+00,  3.1760E-03,  1.0193E-03,  4.0149E-03,  2.5352E-04,  4.2225E-03,  5.7071E-04,  2.7518E-03,  3.1760E-04,  3.8080E-03,  3.5906E-04,  2.3246E-03,  2.3246E-04,  4.0149E-03,  5.9383E-04,  7.0497E-03,  4.7880E-03,  1.4043E-02,  2.0792E-03,  1.8002E-03,  2.5352E-03,  2.7518E-02,  1.6022E-03,  0.0000E+00,  0.0000E+00,  0.0000E+00,  0.0000E+00,  0.0000E+00,  0.0000E+00,  3.8080E-04,  0.0000E+00,  9.9012E-05
  2.5000E+01,  6.8279E+09,  3.8465E+07,  1.7282E-02,  2.1947E-02,  1.6317E+00,  5.5115E+05,  2.9215E+05,  1.1213E+06,  5.9055E+01,  1.9396E+05,  1.2225E+04,  2.2998E+05,  1.5815E+04,  1.5308E+05,  5.5050E+02,  2.7444E+04,  2.0808E+02,  2.8839E+03,  4.6749E+02,  9.1350E+03,  3.3028E+00,  1.7874E+02,  2.2632E+01,  1.1239E+03,  5.4309E+02,  7.0194E+04,  1.8079E+02,  3.3601E+03,  3.6158E+01,  5.7728E+01,  1.6606E+00,  5.7516E+00,  2.8235E-01,  3.1547E+00,  3.1821E-01,  1.5214E+00,  8.9440E-01,  2.1242E+00,  3.9381E-01,  8.9223E-01,  5.8962E-02,  1.8163E-01,  0.0000E+00,  1.5175E-01,  2.8779E-02,  9.8656E-02,  1.9717E-02,  9.4672E-02,  1.0313E-01,  2.2919E-01,  1.8592E-02,  2.8330E-01,  3.1008E-02,  1.1273E-01,  3.0591E-02,  3.0695E-01,  3.3740E-02,  8.6018E-02,  1.1579E-02,  7.1583E-02,  0.0000E+00,  2.3028E-02,  7.3814E-03,  2.9215E-02,  1.8419E-03,  3.0726E-02,  4.1510E-03,  2.0006E-02,  2.3077E-03,  2.7756E-02,  2.6155E-03,  1.6942E-02,  1.6940E-03,  2.9295E-02,  4.3162E-03,  5.1478E-02,  3.4955E-02,  1.0266E-01,  1.5151E-02,  1.3157E-02,  1.8567E-02,  2.0142E-01,  1.1727E-02,  0.0000E+00,  0.0000E+00,  0.0000E+00,  0.0000E+00,  0.0000E+00,  0.0000E+00,  2.8069E-03,  0.0000E+00,  7.2942E-04,  3.9150E+08,  4.1109E+06,  1.8165E-03,  2.3129E-03,  1.5224E-01,  5.1736E+04,  2.4367E+04,  1.2270E+05,  5.3042E+00,  1.7491E+04,  1.1293E+03,  2.1285E+04,  1.5055E+03,  1.4613E+04,  5.7555E+01,  2.8803E+03,  2.1740E+01,  2.9946E+02,  4.8932E+01,  9.5834E+02,  3.1268E-01,  1.6855E+01,  2.1323E+00,  1.0621E+02,  5.1214E+01,  6.6431E+03,  1.7064E+01,  3.1866E+02,  3.4125E+00,  5.4412E+00,  1.5609E-01,  5.3941E-01,  2.6489E-02,  2.9477E-01,  2.9788E-02,  1.4207E-01,  8.3623E-02,  1.9868E-01,  3.6904E-02,  8.3623E-02,  5.5191E-03,  1.7011E-02,  0.0000E+00,  1.4207E-02,  2.6931E-03,  9.2192E-03,  1.8466E-03,  8.8297E-03,  9.6087E-03,  2.1323E-02,  1.7245E-03,  2.6152E-02,  2.8801E-03,  1.0440E-02,  2.8333E-03,  2.8333E-02,  3.1190E-03,  7.9729E-03,  1.0752E-03,  6.6431E-03,  0.0000E+00,  2.1323E-03,  6.8406E-04,  2.6931E-03,  1.7011E-04,  2.8333E-03,  3.8306E-04,  1.8466E-03,  2.1323E-04,  2.5554E-03,  2.4102E-04,  1.5609E-03,  1.5609E-04,  2.6932E-03,  3.9810E-04,  4.7299E-03,  3.2128E-03,  9.4289E-03,  1.3947E-03,  1.2079E-03,  1.7020E-03,  1.8477E-02,  1.0756E-03,  0.0000E+00,  0.0000E+00,  0.0000E+00,  0.0000E+00,  0.0000E+00,  0.0000E+00,  2.5615E-04,  0.0000E+00,  6.6618E-05
  2.8000E+01,  5.7736E+09,  2.8245E+07,  1.2762E-02,  1.6189E-02,  1.2448E+00,  4.1960E+05,  2.2889E+05,  8.1456E+05,  4.5549E+01,  1.4937E+05,  9.3585E+03,  1.7596E+05,  1.2035E+04,  1.1639E+05,  4.0840E+02,  2.0335E+04,  1.5439E+02,  2.1447E+03,  3.4669E+02,  6.7703E+03,  2.5314E+00,  1.3714E+02,  1.7368E+01,  8.6205E+02,  4.1671E+02,  5.3806E+04,  1.3866E+02,  2.5737E+03,  2.7738E+01,  4.4290E+01,  1.2753E+00,  4.4207E+00,  2.1702E-01,  2.4274E+00,  2.4471E-01,  1.1706E+00,  6.8811E-01,  1.6338E+00,  3.0274E-01,  6.8595E-01,  4.5331E-02,  1.3965E-01,  0.0000E+00,  1.1667E-01,  2.2134E-02,  7.5918E-02,  1.5158E-02,  7.2893E-02,  7.9433E-02,  1.7654E-01,  1.4334E-02,  2.1869E-01,  2.3902E-02,  8.6946E-02,  2.3596E-02,  2.3696E-01,  2.6037E-02,  6.6337E-02,  8.9251E-03,  5.5189E-02,  0.0000E+00,  1.7760E-02,  5.6926E-03,  2.2561E-02,  1.4216E-03,  2.3726E-02,  3.2045E-03,  1.5441E-02,  1.7807E-03,  2.1440E-02,  2.0195E-03,  1.3082E-02,  1.3080E-03,  2.2635E-02,  3.3330E-03,  3.9777E-02,  2.7009E-02,  7.9323E-02,  1.1704E-02,  1.0168E-02,  1.4352E-02,  1.5566E-01,  9.0644E-03,  0.0000E+00,  0.0000E+00,  0.0000E+00,  0.0000E+00,  0.0000E+00,  0.0000E+00,  2.1720E-03,  0.0000E+00,  5.6428E-04,  3.1132E+08,  2.7030E+06,  1.1969E-03,  1.5259E-03,  1.0569E-01,  3.5965E+04,  1.7811E+04,  8.1790E+04,  3.6999E+00,  1.2230E+04,  7.8135E+02,  1.4729E+04,  1.0148E+03,  9.8508E+03,  3.7180E+01,  1.8590E+03,  1.4053E+01,  1.9335E+02,  3.1601E+01,  6.1810E+02,  2.0158E-01,  1.0880E+01,  1.3769E+00,  6.8381E+01,  3.3037E+01,  4.2816E+03,  1.1026E+01,  2.0561E+02,  2.2005E+00,  3.5180E+00,  1.0076E-01,  3.4784E-01,  1.7066E-02,  1.9011E-01,  1.9215E-02,  9.1792E-02,  5.3901E-02,  1.2826E-01,  2.3805E-02,  5.3901E-02,  3.5681E-03,  1.0979E-02,  0.0000E+00,  9.1792E-03,  1.7369E-03,  5.9393E-03,  1.1922E-03,  5.6895E-03,  6.1893E-03,  1.3773E-02,  1.1138E-03,  1.6926E-02,  1.8578E-03,  6.7512E-03,  1.8295E-03,  1.8327E-02,  2.0163E-03,  5.1482E-03,  6.9410E-04,  4.2864E-03,  0.0000E+00,  1.3796E-03,  4.4179E-04,  1.7433E-03,  1.1011E-04,  1.8338E-03,  2.4798E-04,  1.1968E-03,  1.3812E-04,  1.6547E-03,  1.5633E-04,  1.0128E-03,  1.0127E-04,  1.7466E-03,  2.5736E-04,  3.0704E-03,  2.0846E-03,  6.1296E-03,  9.0374E-04,  7.8432E-04,  1.1076E-03,  1.2031E-02,  6.9939E-04,  0.0000E+00,  0.0000E+00,  0.0000E+00,  0.0000E+00,  0.0000E+00,  0.0000E+00,  1.6709E-04,  0.0000E+00,  4.3477E-05
  3.2000E+01,  4.6947E+09,  1.9428E+07,  8.8531E-03,  1.1211E-02,  8.9363E-01,  3.0008E+05,  1.6859E+05,  5.4779E+05,  3.3208E+01,  1.0862E+05,  6.7628E+03,  1.2698E+05,  8.6915E+03,  8.3889E+04,  2.8747E+02,  1.4289E+04,  1.0870E+02,  1.5161E+03,  2.4387E+02,  4.7586E+03,  1.8725E+00,  1.0153E+02,  1.2870E+01,  6.3821E+02,  3.0865E+02,  3.9804E+04,  1.0264E+02,  1.9012E+03,  2.0545E+01,  3.2786E+01,  9.4619E-01,  3.2819E+00,  1.6117E-01,  1.8046E+00,  1.8176E-01,  8.7014E-01,  5.1143E-01,  1.2136E+00,  2.2479E-01,  5.0940E-01,  3.3652E-02,  1.0369E-01,  0.0000E+00,  8.6647E-02,  1.6442E-02,  5.6444E-02,  1.1260E-02,  5.4226E-02,  5.9115E-02,  1.3138E-01,  1.0672E-02,  1.6296E-01,  1.7799E-02,  6.4750E-02,  1.7579E-02,  1.7662E-01,  1.9401E-02,  4.9408E-02,  6.6451E-03,  4.1103E-02,  0.0000E+00,  1.3229E-02,  4.2401E-03,  1.6818E-02,  1.0592E-03,  1.7686E-02,  2.3880E-03,  1.1507E-02,  1.3267E-03,  1.5985E-02,  1.5049E-03,  9.7520E-03,  9.7507E-04,  1.6878E-02,  2.4854E-03,  2.9658E-02,  2.0137E-02,  5.9130E-02,  8.7278E-03,  7.5822E-03,  1.0700E-02,  1.1606E-01,  6.7591E-03,  0.0000E+00,  0.0000E+00,  0.0000E+00,  0.0000E+00,  0.0000E+00,  0.0000E+00,  1.6202E-03,  0.0000E+00,  4.2087E-04,  2.2815E+08,  1.7051E+06,  7.5772E-04,  9.6293E-04,  6.9897E-02,  2.3796E+04,  1.2337E+04,  5.1599E+04,  2.4704E+00,  8.1455E+03,  5.1650E+02,  9.7603E+03,  6.5686E+02,  6.3981E+03,  2.3285E+01,  1.1642E+03,  8.7897E+00,  1.2097E+02,  1.9811E+01,  3.8778E+02,  1.2790E-01,  6.9223E+00,  8.7181E-01,  4.3538E+01,  2.0995E+01,  2.7194E+03,  6.9834E+00,  1.3066E+02,  1.3963E+00,  2.2337E+00,  6.3784E-02,  2.2156E-01,  1.0857E-02,  1.2132E-01,  1.2260E-02,  5.8458E-02,  3.4439E-02,  8.1867E-02,  1.5171E-02,  3.4371E-02,  2.2715E-03,  6.9992E-03,  0.0000E+00,  5.8317E-03,  1.1087E-03,  3.7976E-03,  7.5708E-04,  3.6441E-03,  3.9698E-03,  8.8069E-03,  7.1737E-04,  1.0936E-02,  1.1933E-03,  4.3464E-03,  1.1791E-03,  1.1844E-02,  1.3015E-03,  3.3161E-03,  4.4587E-04,  2.7568E-03,  0.0000E+00,  8.8600E-04,  2.8447E-04,  1.1282E-03,  7.1113E-05,  1.1860E-03,  1.6023E-04,  7.7019E-04,  8.8847E-05,  1.0729E-03,  1.0098E-04,  6.5208E-04,  6.5199E-05,  1.1322E-03,  1.6641E-04,  1.9893E-03,  1.3516E-03,  3.9670E-03,  5.8423E-04,  5.0874E-04,  7.1853E-04,  7.7696E-03,  4.5327E-04,  0.0000E+00,  0.0000E+00,  0.0000E+00,  0.0000E+00,  0.0000E+00,  0.0000E+00,  1.0878E-04,  0.0000E+00,  2.8226E-05
  3.5000E+01,  4.0738E+09,  1.4972E+07,  6.8645E-03,  8.6869E-03,  7.0863E-01,  2.3712E+05,  1.3556E+05,  4.1320E+05,  2.6650E+01,  8.7005E+04,  5.3959E+03,  1.0115E+05,  6.9577E+03,  6.7006E+04,  2.2655E+02,  1.1245E+04,  8.5712E+01,  1.1991E+03,  1.9208E+02,  3.7443E+03,  1.5358E+00,  8.3299E+01,  1.0571E+01,  5.2354E+02,  2.5334E+02,  3.2645E+04,  8.4237E+01,  1.5574E+03,  1.6866E+01,  2.6903E+01,  7.7773E-01,  2.6967E+00,  1.3248E-01,  1.4838E+00,  1.4936E-01,  7.1551E-01,  4.2038E-01,  9.9722E-01,  1.8471E-01,  4.1860E-01,  2.7653E-02,  8.5201E-02,  0.0000E+00,  7.1233E-02,  1.3512E-02,  4.6403E-02,  9.2579E-03,  4.4585E-02,  4.8610E-02,  1.0806E-01,  8.7727E-03,  1.3401E-01,  1.4640E-02,  5.3241E-02,  1.4457E-02,  1.4525E-01,  1.5954E-02,  4.0628E-02,  5.4647E-03,  3.3803E-02,  0.0000E+00,  1.0882E-02,  3.4868E-03,  1.3829E-02,  8.7085E-04,  1.4545E-02,  1.9637E-03,  9.4662E-03,  1.0914E-03,  1.3142E-02,  1.2374E-03,  8.0240E-03,  8.0228E-04,  1.3878E-02,  2.0444E-03,  2.4388E-02,  1.6559E-02,  4.8625E-02,  7.1799E-03,  6.2348E-03,  8.7975E-03,  9.5472E-02,  5.5587E-03,  0.0000E+00,  0.0000E+00,  0.0000E+00,  0.0000E+00,  0.0000E+00,  0.0000E+00,  1.3320E-03,  0.0000E+00,  3.4612E-04,  1.8577E+08,  1.2659E+06,  5.6798E-04,  7.1976E-04,  5.3437E-02,  1.8173E+04,  9.6824E+03,  3.8125E+04,  1.9017E+00,  6.2673E+03,  3.9477E+02,  7.4571E+03,  4.9900E+02,  4.8568E+03,  1.7325E+01,  8.6487E+02,  6.5364E+00,  9.0362E+01,  1.4718E+01,  2.8839E+02,  9.6543E-02,  5.2347E+00,  6.6131E-01,  3.2910E+01,  1.5882E+01,  2.0538E+03,  5.2860E+00,  9.8531E+01,  1.0566E+00,  1.6885E+00,  4.8524E-02,  1.6858E-01,  8.2722E-03,  9.2545E-02,  9.3396E-03,  4.4629E-02,  2.6261E-02,  6.2378E-02,  1.1551E-02,  2.6163E-02,  1.7273E-03,  5.3268E-03,  0.0000E+00,  4.4444E-03,  8.4463E-04,  2.8970E-03,  5.7740E-04,  2.7831E-03,  3.0335E-03,  6.7395E-03,  5.4867E-04,  8.3671E-03,  9.1301E-04,  3.3261E-03,  9.0234E-04,  9.0666E-03,  9.9641E-04,  2.5376E-03,  3.4109E-04,  2.1098E-03,  0.0000E+00,  6.7875E-04,  2.1769E-04,  8.6420E-04,  5.4428E-05,  9.0790E-04,  1.2266E-04,  5.9032E-04,  6.8077E-05,  8.2247E-04,  7.7308E-05,  4.9997E-04,  4.9990E-05,  8.6727E-04,  1.2762E-04,  1.5239E-03,  1.0340E-03,  3.0362E-03,  4.4770E-04,  3.8948E-04,  5.4985E-04,  5.9537E-03,  3.4700E-04,  0.0000E+00,  0.0000E+00,  0.0000E+00,  0.0000E+00,  0.0000E+00,  0.0000E+00,  8.3377E-05,  0.0000E+00,  2.1609E-05
  4.0000E+01,  3.2652E+09,  9.8956E+06,  4.5697E-03,  5.7808E-03,  4.8930E-01,  1.6290E+05,  9.5349E+04,  2.6129E+05,  1.8807E+01,  6.1231E+04,  3.7762E+03,  7.0633E+04,  4.9162E+03,  4.7193E+04,  1.5664E+02,  7.7614E+03,  5.9319E+01,  8.3254E+02,  1.3277E+02,  2.5829E+03,  1.1400E+00,  6.1822E+01,  7.8523E+00,  3.8852E+02,  1.8811E+02,  2.4222E+04,  6.2534E+01,  1.1543E+03,  1.2527E+01,  1.9977E+01,  5.7801E-01,  2.0032E+00,  9.8432E-02,  1.1029E+00,  1.1094E-01,  5.3176E-01,  3.1233E-01,  7.4070E-01,  1.3722E-01,  3.1098E-01,  2.0549E-02,  6.3294E-02,  0.0000E+00,  5.2937E-02,  1.0038E-02,  3.4485E-02,  6.8803E-03,  3.3131E-02,  3.6128E-02,  8.0315E-02,  6.5165E-03,  9.9584E-02,  1.0881E-02,  3.9555E-02,  1.0744E-02,  1.0795E-01,  1.1855E-02,  3.0188E-02,  4.0609E-03,  2.5119E-02,  0.0000E+00,  8.0873E-03,  2.5909E-03,  1.0273E-02,  6.4696E-04,  1.0810E-02,  1.4593E-03,  7.0351E-03,  8.1109E-04,  9.7586E-03,  9.1939E-04,  5.9646E-03,  5.9638E-04,  1.0310E-02,  1.5187E-03,  1.8118E-02,  1.2306E-02,  3.6135E-02,  5.3365E-03,  4.6324E-03,  6.5357E-03,  7.0952E-02,  4.1305E-03,  0.0000E+00,  0.0000E+00,  0.0000E+00,  0.0000E+00,  0.0000E+00,  0.0000E+00,  9.8906E-04,  0.0000E+00,  2.5718E-04,  1.3768E+08,  7.6454E+05,  3.4995E-04,  4.4267E-04,  3.4294E-02,  1.1517E+04,  6.4021E+03,  2.2639E+04,  1.2357E+00,  4.0423E+03,  2.5314E+02,  4.7514E+03,  3.1760E+02,  3.0687E+03,  1.0641E+01,  5.2862E+02,  4.0208E+00,  5.6250E+01,  9.0058E+00,  1.7619E+02,  6.1787E-02,  3.3563E+00,  4.2607E-01,  2.1095E+01,  1.0206E+01,  1.3151E+03,  3.3954E+00,  6.2709E+01,  6.7885E-01,  1.0820E+00,  3.1363E-02,  1.0881E-01,  5.3466E-03,  5.9795E-02,  6.0260E-03,  2.8869E-02,  1.6961E-02,  4.0230E-02,  7.4443E-03,  1.6887E-02,  1.1146E-03,  3.4357E-03,  0.0000E+00,  2.8739E-03,  5.4516E-04,  1.8700E-03,  3.7365E-04,  1.7986E-03,  1.9593E-03,  4.3590E-03,  3.5379E-04,  5.4015E-03,  5.9038E-04,  2.1486E-03,  5.8279E-04,  5.8556E-03,  6.4336E-04,  1.6382E-03,  2.2045E-04,  1.3639E-03,  0.0000E+00,  4.3900E-04,  1.4068E-04,  5.5810E-04,  3.5127E-05,  5.8637E-04,  7.9088E-05,  3.8214E-04,  4.4030E-05,  5.3082E-04,  4.9913E-05,  3.2377E-04,  3.2372E-05,  5.6011E-04,  8.2646E-05,  9.8425E-04,  6.6733E-04,  1.9599E-03,  2.8967E-04,  2.5151E-04,  3.5488E-04,  3.8542E-03,  2.2427E-04,  0.0000E+00,  0.0000E+00,  0.0000E+00,  0.0000E+00,  0.0000E+00,  0.0000E+00,  5.3801E-05,  0.0000E+00,  1.3966E-05
  4.5000E+01,  2.6625E+09,  6.7744E+06,  3.1351E-03,  3.9671E-03,  3.4645E-01,  1.1510E+05,  6.8464E+04,  1.6983E+05,  1.3624E+01,  4.4329E+04,  2.7186E+03,  5.0822E+04,  3.5909E+03,  3.4419E+04,  1.1272E+02,  5.5816E+03,  4.2703E+01,  5.9972E+02,  9.5575E+01,  1.8567E+03,  8.8013E-01,  4.7715E+01,  6.0612E+00,  2.9984E+02,  1.4519E+02,  1.8694E+04,  4.8264E+01,  8.9085E+02,  9.6721E+00,  1.5426E+01,  4.4616E-01,  1.5456E+00,  7.5965E-02,  8.5140E-01,  8.5619E-02,  4.1039E-01,  2.4103E-01,  5.7160E-01,  1.0594E-01,  2.3999E-01,  1.5859E-02,  4.8851E-02,  0.0000E+00,  4.0854E-02,  7.7463E-03,  2.6621E-02,  5.3094E-03,  2.5566E-02,  2.7889E-02,  6.1990E-02,  5.0298E-03,  7.6868E-02,  8.3985E-03,  3.0522E-02,  8.2934E-03,  8.3324E-02,  9.1501E-03,  2.3302E-02,  3.1339E-03,  1.9385E-02,  0.0000E+00,  6.2419E-03,  1.9995E-03,  7.9275E-03,  4.9931E-04,  8.3437E-03,  1.1268E-03,  5.4286E-03,  6.2601E-04,  7.5294E-03,  7.0962E-04,  4.6036E-03,  4.6029E-04,  7.9557E-03,  1.1714E-03,  1.3982E-02,  9.4991E-03,  2.7895E-02,  4.1185E-03,  3.5749E-03,  5.0440E-03,  5.4749E-02,  3.1875E-03,  0.0000E+00,  0.0000E+00,  0.0000E+00,  0.0000E+00,  0.0000E+00,  0.0000E+00,  7.6312E-04,  0.0000E+00,  1.9847E-04,  1.0338E+08,  4.8394E+05,  2.2390E-04,  2.8280E-04,  2.2846E-02,  7.6013E+03,  4.3517E+03,  1.3942E+04,  8.3756E-01,  2.7187E+03,  1.6990E+02,  3.1732E+03,  2.1252E+02,  2.0407E+03,  6.9270E+00,  3.4330E+02,  2.6253E+00,  3.6879E+01,  5.8706E+00,  1.1426E+02,  4.2150E-02,  2.2865E+00,  2.9039E-01,  1.4380E+01,  6.9624E+00,  8.9629E+02,  2.3125E+00,  4.2678E+01,  4.6305E-01,  7.3814E-01,  2.1379E-02,  7.4221E-02,  3.6400E-03,  4.0809E-02,  4.1042E-03,  1.9681E-02,  1.1559E-02,  2.7412E-02,  5.0688E-03,  1.1508E-02,  7.6117E-04,  2.3414E-03,  0.0000E+00,  1.9591E-03,  3.7151E-04,  1.2753E-03,  2.5471E-04,  1.2276E-03,  1.3362E-03,  2.9709E-03,  2.4091E-04,  3.6849E-03,  4.0277E-04,  1.4645E-03,  3.9751E-04,  3.9939E-03,  4.3854E-04,  1.1164E-03,  1.5036E-04,  9.2971E-04,  0.0000E+00,  2.9915E-04,  9.5889E-05,  3.8026E-04,  2.3935E-05,  3.9995E-04,  5.3908E-05,  2.6046E-04,  3.0003E-05,  3.6087E-04,  3.3994E-05,  2.2065E-04,  2.2062E-05,  3.8161E-04,  5.6258E-05,  6.7017E-04,  4.5529E-04,  1.3362E-03,  1.9754E-04,  1.7148E-04,  2.4179E-04,  2.6268E-03,  1.5294E-04,  0.0000E+00,  0.0000E+00,  0.0000E+00,  0.0000E+00,  0.0000E+00,  0.0000E+00,  3.6572E-05,  0.0000E+00,  9.5185E-06
  5.0000E+01,  2.2058E+09,  4.7698E+06,  2.2069E-03,  2.7946E-03,  2.5038E-01,  8.3161E+04,  4.9991E+04,  1.1293E+05,  1.0075E+01,  3.2810E+04,  2.0010E+03,  3.7415E+04,  2.6912E+03,  2.5786E+04,  8.3635E+01,  4.1407E+03,  3.1675E+01,  4.4485E+02,  7.0907E+01,  1.3771E+03,  6.9987E-01,  3.7938E+01,  4.8193E+00,  2.3837E+02,  1.1544E+02,  1.4863E+04,  3.8371E+01,  7.0831E+02,  7.6919E+00,  1.2268E+01,  3.5468E-01,  1.2283E+00,  6.0398E-02,  6.7688E-01,  6.8066E-02,  3.2626E-01,  1.9164E-01,  4.5439E-01,  8.4246E-02,  1.9082E-01,  1.2604E-02,  3.8839E-02,  0.0000E+00,  3.2479E-02,  6.1580E-03,  2.1166E-02,  4.2203E-03,  2.0319E-02,  2.2173E-02,  4.9287E-02,  3.9992E-03,  6.1112E-02,  6.6767E-03,  2.4264E-02,  6.5934E-03,  6.6244E-02,  7.2748E-03,  1.8526E-02,  2.4912E-03,  1.5411E-02,  0.0000E+00,  4.9628E-03,  1.5897E-03,  6.3020E-03,  3.9697E-04,  6.6334E-03,  8.9611E-04,  4.3149E-03,  4.9773E-04,  5.9864E-03,  5.6427E-04,  3.6595E-03,  3.6590E-04,  6.3244E-03,  9.3111E-04,  1.1116E-02,  7.5520E-03,  2.2179E-02,  3.2741E-03,  2.8420E-03,  4.0102E-03,  4.3518E-02,  2.5338E-03,  0.0000E+00,  0.0000E+00,  0.0000E+00,  0.0000E+00,  0.0000E+00,  0.0000E+00,  6.0674E-04,  0.0000E+00,  1.5778E-04,  7.9294E+07,  3.1792E+05,  1.4737E-04,  1.8620E-04,  1.5580E-02,  5.1754E+03,  3.0374E+03,  8.8190E+03,  5.8182E-01,  1.8888E+03,  1.1714E+02,  2.1894E+03,  1.4736E+02,  1.4126E+03,  4.7058E+00,  2.3304E+02,  1.7861E+00,  2.5069E+01,  3.9966E+00,  7.7586E+01,  2.9955E-02,  1.6244E+00,  2.0634E-01,  1.0205E+01,  4.9395E+00,  6.3625E+02,  1.6448E+00,  3.0341E+01,  3.2907E-01,  5.2534E-01,  1.5213E-02,  5.2708E-02,  2.5869E-03,  2.8999E-02,  2.9170E-03,  1.3972E-02,  8.1937E-03,  1.9470E-02,  3.6081E-03,  8.1584E-03,  5.4084E-04,  1.6634E-03,  0.0000E+00,  1.3908E-03,  2.6378E-04,  9.0697E-04,  1.8095E-04,  8.7099E-04,  9.5041E-04,  2.1104E-03,  1.7133E-04,  2.6178E-03,  2.8595E-04,  1.0389E-03,  2.8249E-04,  2.8381E-03,  3.1160E-04,  7.9402E-04,  1.0671E-04,  6.5982E-04,  0.0000E+00,  2.1248E-04,  6.8034E-05,  2.6995E-04,  1.7001E-05,  2.8419E-04,  3.8384E-05,  1.8500E-04,  2.1309E-05,  2.5634E-04,  2.4146E-05,  1.5695E-04,  1.5693E-05,  2.7091E-04,  3.9875E-05,  4.7603E-04,  3.2355E-04,  9.5018E-04,  1.4022E-04,  1.2168E-04,  1.7175E-04,  1.8659E-03,  1.0853E-04,  0.0000E+00,  0.0000E+00,  0.0000E+00,  0.0000E+00,  0.0000E+00,  0.0000E+00,  2.5981E-05,  0.0000E+00,  6.7554E-06
  5.5000E+01,  1.8509E+09,  3.4384E+06,  1.5903E-03,  2.0146E-03,  1.8437E-01,  6.1239E+04,  3.7014E+04,  7.6703E+04,  7.5905E+00,  2.4733E+04,  1.5018E+03,  2.8078E+04,  2.0602E+03,  1.9743E+04,  6.3616E+01,  3.1494E+03,  2.4082E+01,  3.3830E+02,  5.3918E+01,  1.0473E+03,  5.6995E-01,  3.0893E+01,  3.9245E+00,  1.9415E+02,  9.4009E+01,  1.2103E+04,  3.1239E+01,  5.7676E+02,  6.2644E+00,  9.9901E+00,  2.8870E-01,  9.9987E-01,  4.9178E-02,  5.5113E-01,  5.5421E-02,  2.6565E-01,  1.5611E-01,  3.6997E-01,  6.8600E-02,  1.5543E-01,  1.0261E-02,  3.1623E-02,  0.0000E+00,  2.6446E-02,  5.0144E-03,  1.7234E-02,  3.4359E-03,  1.6545E-02,  1.8050E-02,  4.0135E-02,  3.2564E-03,  4.9761E-02,  5.4364E-03,  1.9761E-02,  5.3683E-03,  5.3935E-02,  5.9238E-03,  1.5082E-02,  2.0284E-03,  1.2549E-02,  0.0000E+00,  4.0414E-03,  1.2946E-03,  5.1317E-03,  3.2322E-04,  5.4008E-03,  7.2970E-04,  3.5130E-03,  4.0532E-04,  4.8748E-03,  4.5957E-04,  2.9788E-03,  2.9784E-04,  5.1499E-03,  7.5821E-04,  9.0520E-03,  6.1492E-03,  1.8057E-02,  2.6662E-03,  2.3145E-03,  3.2651E-03,  3.5430E-02,  2.0632E-03,  0.0000E+00,  0.0000E+00,  0.0000E+00,  0.0000E+00,  0.0000E+00,  0.0000E+00,  4.9407E-04,  0.0000E+00,  1.2849E-04,  6.2676E+07,  2.1462E+05,  9.9274E-05,  1.2579E-04,  1.0826E-02,  3.5935E+03,  2.1535E+03,  5.6720E+03,  4.1203E-01,  1.3419E+03,  8.2527E+01,  1.5457E+03,  1.0503E+02,  1.0046E+03,  3.3020E+00,  1.6348E+02,  1.2511E+00,  1.7550E+01,  2.7993E+00,  5.4339E+01,  2.2014E-02,  1.1933E+00,  1.5160E-01,  7.4852E+00,  3.6323E+00,  4.6761E+02,  1.2081E+00,  2.2276E+01,  2.4193E-01,  3.8569E-01,  1.1179E-02,  3.8669E-02,  1.9010E-03,  2.1301E-02,  2.1410E-03,  1.0270E-02,  6.0220E-03,  1.4299E-02,  2.6501E-03,  5.9965E-03,  3.9650E-04,  1.2232E-03,  0.0000E+00,  1.0225E-03,  1.9368E-04,  6.6589E-04,  1.3280E-04,  6.3893E-04,  6.9852E-04,  1.5503E-03,  1.2581E-04,  1.9225E-03,  2.1016E-04,  7.6210E-04,  2.0757E-04,  2.0854E-03,  2.2879E-04,  5.8370E-04,  7.8384E-05,  4.8485E-04,  0.0000E+00,  1.5610E-04,  4.9994E-05,  1.9820E-04,  1.2501E-05,  2.0882E-04,  2.8180E-05,  1.3577E-04,  1.5655E-05,  1.8832E-04,  1.7734E-05,  1.1533E-04,  1.1531E-05,  1.9891E-04,  2.9284E-05,  3.4966E-04,  2.3760E-04,  6.9864E-04,  1.0294E-04,  8.9308E-05,  1.2628E-04,  1.3693E-03,  7.9720E-05,  0.0000E+00,  0.0000E+00,  0.0000E+00,  0.0000E+00,  0.0000E+00,  0.0000E+00,  1.9085E-05,  0.0000E+00,  4.9638E-06
  6.3000E+01,  1.4238E+09,  2.0933E+06,  9.6819E-04,  1.2259E-03,  1.1560E-01,  3.8401E+04,  2.3246E+04,  4.2269E+04,  4.9406E+00,  1.6099E+04,  9.7256E+02,  1.8171E+04,  1.3822E+03,  1.3252E+04,  4.2434E+01,  2.0999E+03,  1.6060E+01,  2.2565E+02,  3.5963E+01,  6.9853E+02,  4.2440E-01,  2.3009E+01,  2.9220E+00,  1.4466E+02,  7.0012E+01,  9.0121E+03,  2.3265E+01,  4.2954E+02,  4.6652E+00,  7.4411E+00,  2.1488E-01,  7.4432E-01,  3.6612E-02,  4.1034E-01,  4.1277E-02,  1.9779E-01,  1.1627E-01,  2.7552E-01,  5.1084E-02,  1.1577E-01,  7.6406E-03,  2.3543E-02,  0.0000E+00,  1.9691E-02,  3.7340E-03,  1.2833E-02,  2.5590E-03,  1.2320E-02,  1.3437E-02,  2.9883E-02,  2.4250E-03,  3.7061E-02,  4.0477E-03,  1.4722E-02,  3.9966E-03,  4.0154E-02,  4.4120E-03,  1.1227E-02,  1.5103E-03,  9.3445E-03,  0.0000E+00,  3.0091E-03,  9.6418E-04,  3.8214E-03,  2.4063E-04,  4.0208E-03,  5.4340E-04,  2.6164E-03,  3.0179E-04,  3.6301E-03,  3.4229E-04,  2.2172E-03,  2.2169E-04,  3.8350E-03,  5.6459E-04,  6.7401E-03,  4.5788E-03,  1.3442E-02,  1.9856E-03,  1.7240E-03,  2.4309E-03,  2.6388E-02,  1.5362E-03,  0.0000E+00,  0.0000E+00,  0.0000E+00,  0.0000E+00,  0.0000E+00,  0.0000E+00,  3.6793E-04,  0.0000E+00,  9.5678E-05,  4.4099E+07,  1.2166E+05,  5.6250E-05,  7.1380E-05,  6.3672E-03,  2.1161E+03,  1.2885E+03,  2.9363E+03,  2.5044E-01,  8.1647E+02,  4.9790E+01,  9.3094E+02,  6.4481E+01,  6.1824E+02,  1.9933E+00,  9.8896E+01,  7.5424E-01,  1.0612E+01,  1.6893E+00,  3.2848E+01,  1.4372E-02,  7.7771E-01,  9.9029E-02,  4.8863E+00,  2.3670E+00,  3.0507E+02,  7.8539E-01,  1.4530E+01,  1.5785E-01,  2.5156E-01,  7.2752E-03,  2.5216E-02,  1.2406E-03,  1.3896E-02,  1.3949E-03,  6.6944E-03,  3.9370E-03,  9.3140E-03,  1.7290E-03,  3.9200E-03,  2.5862E-04,  7.9693E-04,  0.0000E+00,  6.6646E-04,  1.2640E-04,  4.3420E-04,  8.6425E-05,  4.1718E-04,  4.5483E-04,  1.0127E-03,  8.2030E-05,  1.2526E-03,  1.3702E-04,  4.9775E-04,  1.3535E-04,  1.3599E-03,  1.4916E-04,  3.7994E-04,  5.1144E-05,  3.1630E-04,  0.0000E+00,  1.0198E-04,  3.2607E-05,  1.2936E-04,  8.1456E-06,  1.3618E-04,  1.8395E-05,  8.8366E-05,  1.0228E-05,  1.2285E-04,  1.1585E-05,  7.5070E-05,  7.5060E-06,  1.2982E-04,  1.9122E-05,  2.2830E-04,  1.5498E-04,  4.5514E-04,  6.7223E-05,  5.8314E-05,  8.2283E-05,  8.9114E-04,  5.2023E-05,  0.0000E+00,  0.0000E+00,  0.0000E+00,  0.0000E+00,  0.0000E+00,  0.0000E+00,  1.2450E-05,  0.0000E+00,  3.2385E-06
  7.1000E+01,  1.1207E+09,  1.3145E+06,  6.0799E-04,  7.6918E-04,  7.4346E-02,  2.4693E+04,  1.4872E+04,  2.4138E+04,  3.2998E+00,  1.0751E+04,  6.4692E+02,  1.2086E+04,  9.5682E+02,  9.1728E+03,  2.9330E+01,  1.4503E+03,  1.1104E+01,  1.5592E+02,  2.4864E+01,  4.8273E+02,  3.2712E-01,  1.7742E+01,  2.2516E+00,  1.1155E+02,  5.3977E+01,  6.9467E+03,  1.7944E+01,  3.3111E+02,  3.5961E+00,  5.7376E+00,  1.6564E-01,  5.7365E-01,  2.8216E-02,  3.1629E-01,  3.1825E-02,  1.5247E-01,  8.9612E-02,  2.1243E-01,  3.9374E-02,  8.9226E-02,  5.8890E-03,  1.8147E-02,  0.0000E+00,  1.5178E-02,  2.8785E-03,  9.8928E-03,  1.9735E-03,  9.4956E-03,  1.0358E-02,  2.3028E-02,  1.8694E-03,  2.8573E-02,  3.1204E-03,  1.1350E-02,  3.0808E-03,  3.0952E-02,  3.4016E-03,  8.6549E-03,  1.1640E-03,  7.2031E-03,  0.0000E+00,  2.3188E-03,  7.4336E-04,  2.9459E-03,  1.8548E-04,  3.0994E-03,  4.1885E-04,  2.0178E-03,  2.3255E-04,  2.7985E-03,  2.6380E-04,  1.7091E-03,  1.7089E-04,  2.9563E-03,  4.3514E-04,  5.1950E-03,  3.5293E-03,  1.0360E-02,  1.5304E-03,  1.3292E-03,  1.8738E-03,  2.0351E-02,  1.1840E-03,  0.0000E+00,  0.0000E+00,  0.0000E+00,  0.0000E+00,  0.0000E+00,  0.0000E+00,  2.8365E-04,  0.0000E+00,  7.3752E-05,  3.1673E+07,  7.3037E+04,  3.3801E-05,  4.2810E-05,  3.9455E-03,  1.3108E+03,  8.0499E+02,  1.5966E+03,  1.5975E-01,  5.2059E+02,  3.1620E+01,  5.9033E+02,  4.1867E+01,  4.0151E+02,  1.2827E+00,  6.3507E+01,  4.8491E-01,  6.8226E+00,  1.0856E+00,  2.1102E+01,  9.9495E-03,  5.3916E-01,  6.8562E-02,  3.3907E+00,  1.6418E+00,  2.1129E+02,  5.4466E-01,  1.0077E+01,  1.0943E-01,  1.7430E-01,  5.0364E-03,  1.7451E-02,  8.5846E-04,  9.6158E-03,  9.6803E-04,  4.6370E-03,  2.7275E-03,  6.4579E-03,  1.1984E-03,  2.7156E-03,  1.7930E-04,  5.5192E-04,  0.0000E+00,  4.6160E-04,  8.7481E-05,  3.0092E-04,  5.9946E-05,  2.8895E-04,  3.1493E-04,  7.0120E-04,  5.6864E-05,  8.6938E-04,  9.4787E-05,  3.4514E-04,  9.3615E-05,  9.4053E-04,  1.0344E-04,  2.6309E-04,  3.5433E-05,  2.1907E-04,  0.0000E+00,  7.0605E-05,  2.2598E-05,  8.9520E-05,  5.6408E-06,  9.4180E-05,  1.2743E-05,  6.1284E-05,  7.0809E-06,  8.5063E-05,  8.0379E-06,  5.1967E-05,  5.1959E-06,  8.9838E-05,  1.3240E-05,  1.5799E-04,  1.0740E-04,  3.1523E-04,  4.6580E-05,  4.0410E-05,  5.6982E-05,  6.1808E-04,  3.6039E-05,  0.0000E+00,  0.0000E+00,  0.0000E+00,  0.0000E+00,  0.0000E+00,  0.0000E+00,  8.6218E-06,  0.0000E+00,  2.2430E-06
  8.0000E+01,  8.7555E+08,  8.0070E+05,  3.7022E-04,  4.6818E-04,  4.6266E-02,  1.5364E+04,  9.1359E+03,  1.3447E+04,  2.1466E+00,  6.9925E+03,  4.1908E+02,  7.8319E+03,  6.5099E+02,  6.2412E+03,  1.9994E+01,  9.8830E+02,  7.5735E+00,  1.0627E+02,  1.6959E+01,  3.2912E+02,  2.5200E-01,  1.3668E+01,  1.7341E+00,  8.5948E+01,  4.1574E+01,  5.3509E+03,  1.3828E+01,  2.5501E+02,  2.7695E+00,  4.4207E+00,  1.2760E-01,  4.4187E-01,  2.1736E-02,  2.4369E-01,  2.4512E-02,  1.1744E-01,  6.9022E-02,  1.6365E-01,  3.0326E-02,  6.8725E-02,  4.5348E-03,  1.3979E-02,  0.0000E+00,  1.1692E-02,  2.2179E-03,  7.6204E-03,  1.5206E-03,  7.3133E-03,  7.9787E-03,  1.7735E-02,  1.4401E-03,  2.2004E-02,  2.4046E-03,  8.7431E-03,  2.3739E-03,  2.3850E-02,  2.6202E-03,  6.6677E-03,  8.9644E-04,  5.5485E-03,  0.0000E+00,  1.7858E-03,  5.7263E-04,  2.2698E-03,  1.4289E-04,  2.3882E-03,  3.2264E-04,  1.5547E-03,  1.7910E-04,  2.1560E-03,  2.0311E-04,  1.3166E-03,  1.3164E-04,  2.2779E-03,  3.3518E-04,  4.0019E-03,  2.7184E-03,  7.9790E-03,  1.1786E-03,  1.0240E-03,  1.4435E-03,  1.5681E-02,  9.1181E-04,  0.0000E+00,  0.0000E+00,  0.0000E+00,  0.0000E+00,  0.0000E+00,  0.0000E+00,  2.1853E-04,  0.0000E+00,  5.6811E-05,  2.2810E+07,  4.1133E+04,  1.9036E-05,  2.4080E-05,  2.2946E-03,  7.6234E+02,  4.6972E+02,  7.7914E+02,  9.6531E-02,  3.1468E+02,  1.9010E+01,  3.5509E+02,  2.6093E+01,  2.4996E+02,  7.9200E-01,  3.9160E+01,  2.9961E-01,  4.2092E+00,  6.7093E-01,  1.3034E+01,  6.7437E-03,  3.6597E-01,  4.6456E-02,  2.2997E+00,  1.1144E+00,  1.4333E+02,  3.7009E-01,  6.8346E+00,  7.4254E-02,  1.1836E-01,  3.4163E-03,  1.1835E-02,  5.8152E-04,  6.5180E-03,  6.5718E-04,  3.1463E-03,  1.8480E-03,  4.3838E-03,  8.1238E-04,  1.8401E-03,  1.2162E-04,  3.7426E-04,  0.0000E+00,  3.1323E-04,  5.9324E-05,  2.0405E-04,  4.0711E-05,  1.9599E-04,  2.1376E-04,  4.7506E-04,  3.8552E-05,  5.9033E-04,  6.4298E-05,  2.3427E-04,  6.3469E-05,  6.3769E-04,  7.0205E-05,  1.7849E-04,  2.4029E-05,  1.4860E-04,  0.0000E+00,  4.7838E-05,  1.5342E-05,  6.0713E-05,  3.8254E-06,  6.3856E-05,  8.6368E-06,  4.1626E-05,  4.7977E-06,  5.7710E-05,  5.4486E-06,  3.5251E-05,  3.5247E-06,  6.0930E-05,  8.9727E-06,  1.0714E-04,  7.2810E-05,  2.1392E-04,  3.1605E-05,  2.7409E-05,  3.8644E-05,  4.1981E-04,  2.4441E-05,  0.0000E+00,  0.0000E+00,  0.0000E+00,  0.0000E+00,  0.0000E+00,  0.0000E+00,  5.8490E-06,  0.0000E+00,  1.5215E-06
  9.0000E+01,  6.8025E+08,  4.8129E+05,  2.2246E-04,  2.8125E-04,  2.8286E-02,  9.3912E+03,  5.4672E+03,  7.6674E+03,  1.3772E+00,  4.4841E+03,  2.6788E+02,  5.0074E+03,  4.3998E+02,  4.2194E+03,  1.3602E+01,  6.7210E+02,  5.1542E+00,  7.2278E+01,  1.1538E+01,  2.2387E+02,  1.9525E-01,  1.0589E+01,  1.3432E+00,  6.6597E+01,  3.2204E+01,  4.1448E+03,  1.0714E+01,  1.9753E+02,  2.1451E+00,  3.4240E+00,  9.8854E-02,  3.4231E-01,  1.6842E-02,  1.8882E-01,  1.8986E-02,  9.0977E-02,  5.3478E-02,  1.2676E-01,  2.3491E-02,  5.3248E-02,  3.5122E-03,  1.0830E-02,  0.0000E+00,  9.0569E-03,  1.7185E-03,  5.9042E-03,  1.1782E-03,  5.6644E-03,  6.1798E-03,  1.3738E-02,  1.1157E-03,  1.7041E-02,  1.8632E-03,  6.7712E-03,  1.8394E-03,  1.8480E-02,  2.0297E-03,  5.1659E-03,  6.9435E-04,  4.2980E-03,  0.0000E+00,  1.3833E-03,  4.4353E-04,  1.7588E-03,  1.1070E-04,  1.8506E-03,  2.4998E-04,  1.2046E-03,  1.3873E-04,  1.6702E-03,  1.5730E-04,  1.0200E-03,  1.0199E-04,  1.7650E-03,  2.5967E-04,  3.1001E-03,  2.1059E-03,  6.1798E-03,  9.1273E-04,  7.9329E-04,  1.1184E-03,  1.2150E-02,  7.0625E-04,  0.0000E+00,  0.0000E+00,  0.0000E+00,  0.0000E+00,  0.0000E+00,  0.0000E+00,  1.6930E-04,  0.0000E+00,  4.4008E-05,  1.6251E+07,  2.2750E+04,  1.0516E-05,  1.3305E-05,  1.3015E-03,  4.3226E+02,  2.6401E+02,  3.7680E+02,  5.7348E-02,  1.8700E+02,  1.1230E+01,  2.0979E+02,  1.6110E+01,  1.5440E+02,  4.8646E-01,  2.4080E+01,  1.8425E-01,  2.5899E+00,  4.1323E-01,  8.0165E+00,  4.6064E-03,  2.4982E-01,  3.1714E-02,  1.5704E+00,  7.5950E-01,  9.7887E+01,  2.5273E-01,  4.6619E+00,  5.0637E-02,  8.0967E-02,  2.3327E-03,  8.0763E-03,  3.9739E-04,  4.4563E-03,  4.4805E-04,  2.1468E-03,  1.2608E-03,  2.9924E-03,  5.5446E-04,  1.2553E-03,  8.2896E-05,  2.5553E-04,  0.0000E+00,  2.1371E-04,  4.0549E-05,  1.3919E-04,  2.7771E-05,  1.3380E-04,  1.4602E-04,  3.2435E-04,  2.6331E-05,  4.0238E-04,  4.3983E-05,  1.6010E-04,  4.3418E-05,  4.3622E-04,  4.7905E-05,  1.2187E-04,  1.6389E-05,  1.0150E-04,  0.0000E+00,  3.2660E-05,  1.0478E-05,  4.1497E-05,  2.6117E-06,  4.3681E-05,  5.8954E-06,  2.8393E-05,  3.2755E-06,  3.9439E-05,  3.7149E-06,  2.4069E-05,  2.4066E-06,  4.1642E-05,  6.1282E-06,  7.3219E-05,  4.9677E-05,  1.4590E-04,  2.1561E-05,  1.8724E-05,  2.6382E-05,  2.8635E-04,  1.6669E-05,  0.0000E+00,  0.0000E+00,  0.0000E+00,  0.0000E+00,  0.0000E+00,  0.0000E+00,  3.9972E-06,  0.0000E+00,  1.0391E-06
  1.0000E+02,  5.4039E+08,  2.9919E+05,  1.3832E-04,  1.7483E-04,  1.7800E-02,  5.9084E+03,  3.3503E+03,  4.6993E+03,  9.0773E-01,  2.9544E+03,  1.7606E+02,  3.2925E+03,  3.0617E+02,  2.9366E+03,  9.5569E+00,  4.7207E+02,  3.6227E+00,  5.0754E+01,  8.1041E+00,  1.5730E+02,  1.5549E-01,  8.4325E+00,  1.0693E+00,  5.3030E+01,  2.5647E+01,  3.3000E+03,  8.5313E+00,  1.5728E+02,  1.7079E+00,  2.7250E+00,  7.8713E-02,  2.7264E-01,  1.3410E-02,  1.5034E-01,  1.5118E-02,  7.2449E-02,  4.2591E-02,  1.0093E-01,  1.8704E-02,  4.2408E-02,  2.7968E-03,  8.6235E-03,  0.0000E+00,  7.2124E-03,  1.3685E-03,  4.7023E-03,  9.3837E-04,  4.5101E-03,  4.9200E-03,  1.0937E-02,  8.8831E-04,  1.3568E-02,  1.4834E-03,  5.3897E-03,  1.4646E-03,  1.4715E-02,  1.6162E-03,  4.1141E-03,  5.5289E-04,  3.4221E-03,  0.0000E+00,  1.1013E-03,  3.5312E-04,  1.4006E-03,  8.8144E-05,  1.4735E-03,  1.9908E-04,  9.5945E-04,  1.1045E-04,  1.3298E-03,  1.2523E-04,  8.1220E-04,  8.1209E-05,  1.4056E-03,  2.0675E-04,  2.4682E-03,  1.6771E-03,  4.9205E-03,  7.2669E-04,  6.3159E-04,  8.9050E-04,  9.6773E-03,  5.6239E-04,  0.0000E+00,  0.0000E+00,  0.0000E+00,  0.0000E+00,  0.0000E+00,  0.0000E+00,  1.3480E-04,  0.0000E+00,  3.5041E-05,  1.1720E+07,  1.3669E+04,  6.3131E-06,  7.9794E-06,  7.9567E-04,  2.6432E+02,  1.5937E+02,  2.1684E+02,  3.6547E-02,  1.1894E+02,  7.1348E+00,  1.3319E+02,  1.0652E+01,  1.0216E+02,  3.2254E-01,  1.5928E+01,  1.2205E-01,  1.7147E+00,  2.7365E-01,  5.2969E+00,  3.3454E-03,  1.8156E-01,  2.3062E-02,  1.1431E+00,  5.5196E-01,  7.1069E+01,  1.8380E-01,  3.3869E+00,  3.6805E-02,  5.8841E-02,  1.6956E-03,  5.8575E-03,  2.8887E-04,  3.2389E-03,  3.2548E-04,  1.5588E-03,  9.1669E-04,  2.1748E-03,  4.0310E-04,  9.1274E-04,  6.0184E-05,  1.8587E-04,  0.0000E+00,  1.5518E-04,  2.9451E-05,  1.0119E-04,  2.0188E-05,  9.7044E-05,  1.0595E-04,  2.3583E-04,  1.9138E-05,  2.9220E-04,  3.1959E-05,  1.1620E-04,  3.1549E-05,  3.1696E-04,  3.4794E-05,  8.8484E-05,  1.1901E-05,  7.3689E-05,  0.0000E+00,  2.3746E-05,  7.6033E-06,  3.0137E-05,  1.8996E-06,  3.1739E-05,  4.2848E-06,  2.0639E-05,  2.3815E-06,  2.8649E-05,  2.6993E-06,  1.7493E-05,  1.7490E-06,  3.0243E-05,  4.4555E-06,  5.3163E-05,  3.6098E-05,  1.0596E-04,  1.5646E-05,  1.3616E-05,  1.9188E-05,  2.0814E-04,  1.2103E-05,  0.0000E+00,  0.0000E+00,  0.0000E+00,  0.0000E+00,  0.0000E+00,  0.0000E+00,  2.9033E-06,  0.0000E+00,  7.5433E-07
  1.1000E+02,  4.3904E+08,  1.9098E+05,  8.8338E-05,  1.1165E-04,  1.1464E-02,  3.8050E+03,  2.0919E+03,  2.9969E+03,  6.1163E-01,  1.9907E+03,  1.1835E+02,  2.2143E+03,  2.1820E+02,  2.0930E+03,  6.8889E+00,  3.4037E+02,  2.6119E+00,  3.6583E+01,  5.8403E+00,  1.1345E+02,  1.2660E-01,  6.8637E+00,  8.7023E-01,  4.3154E+01,  2.0880E+01,  2.6862E+03,  6.9438E+00,  1.2803E+02,  1.3900E+00,  2.2174E+00,  6.4075E-02,  2.2201E-01,  1.0916E-02,  1.2237E-01,  1.2306E-02,  5.8989E-02,  3.4673E-02,  8.2159E-02,  1.5223E-02,  3.4524E-02,  2.2769E-03,  7.0190E-03,  0.0000E+00,  5.8725E-03,  1.1142E-03,  3.8279E-03,  7.6390E-04,  3.6723E-03,  4.0057E-03,  8.9007E-03,  7.2308E-04,  1.1044E-02,  1.2075E-03,  4.3874E-03,  1.1922E-03,  1.1978E-02,  1.3158E-03,  3.3496E-03,  4.5011E-04,  2.7856E-03,  0.0000E+00,  8.9627E-04,  2.8745E-04,  1.1404E-03,  7.1747E-05,  1.1994E-03,  1.6208E-04,  7.8110E-04,  8.9887E-05,  1.0825E-03,  1.0191E-04,  6.6119E-04,  6.6110E-05,  1.1444E-03,  1.6828E-04,  2.0090E-03,  1.3653E-03,  4.0056E-03,  5.9162E-04,  5.1412E-04,  7.2486E-04,  7.8786E-03,  4.5787E-04,  0.0000E+00,  0.0000E+00,  0.0000E+00,  0.0000E+00,  0.0000E+00,  0.0000E+00,  1.0973E-04,  0.0000E+00,  2.8525E-05,  8.5518E+06,  7.9720E+03,  3.6827E-06,  4.6570E-06,  4.7158E-04,  1.5636E+02,  9.2304E+01,  1.2364E+02,  2.2674E-02,  7.3796E+01,  4.4063E+00,  8.2448E+01,  6.9419E+00,  6.6568E+01,  2.1106E-01,  1.0412E+01,  8.0118E-02,  1.1195E+00,  1.7910E-01,  3.4736E+00,  2.4330E-03,  1.3221E-01,  1.6761E-02,  8.3202E-01,  4.0136E-01,  5.1698E+01,  1.3371E-01,  2.4637E+00,  2.6774E-02,  4.2689E-02,  1.2322E-03,  4.2689E-03,  2.1011E-04,  2.3560E-03,  2.3699E-04,  1.1331E-03,  6.6690E-04,  1.5792E-03,  2.9295E-04,  6.6404E-04,  4.3804E-05,  1.3503E-04,  0.0000E+00,  1.1281E-04,  2.1413E-05,  7.3705E-05,  1.4706E-05,  7.0521E-05,  7.6907E-05,  1.7140E-04,  1.3908E-05,  2.1252E-04,  2.3224E-05,  8.4265E-05,  2.2933E-05,  2.3039E-04,  2.5282E-05,  6.4416E-05,  8.6552E-06,  5.3598E-05,  0.0000E+00,  1.7257E-05,  5.5301E-06,  2.1910E-05,  1.3799E-06,  2.3069E-05,  3.1157E-06,  1.5032E-05,  1.7307E-06,  2.0807E-05,  1.9633E-06,  1.2710E-05,  1.2708E-06,  2.1987E-05,  3.2394E-06,  3.8666E-05,  2.6258E-05,  7.7038E-05,  1.1367E-05,  9.8783E-06,  1.3939E-05,  1.5161E-04,  8.8021E-06,  0.0000E+00,  0.0000E+00,  0.0000E+00,  0.0000E+00,  0.0000E+00,  0.0000E+00,  2.1088E-06,  0.0000E+00,  5.4868E-07
  1.2000E+02,  3.6350E+08,  1.2444E+05,  5.7595E-05,  7.2774E-05,  7.5131E-03,  2.4951E+03,  1.3247E+03,  1.9699E+03,  4.1910E-01,  1.3641E+03,  8.0979E+01,  1.5147E+03,  1.5834E+02,  1.5189E+03,  5.0653E+00,  2.5041E+02,  1.9195E+00,  2.6911E+01,  4.2931E+00,  8.3426E+01,  1.0486E-01,  5.6828E+00,  7.2057E-01,  3.5724E+01,  1.7295E+01,  2.2244E+03,  5.7496E+00,  1.0602E+02,  1.1509E+00,  1.8362E+00,  5.3069E-02,  1.8388E-01,  9.0390E-03,  1.0133E-01,  1.0189E-02,  4.8867E-02,  2.8716E-02,  6.8054E-02,  1.2607E-02,  2.8593E-02,  1.8857E-03,  5.8131E-03,  0.0000E+00,  4.8648E-03,  9.2293E-04,  3.1695E-03,  6.3255E-04,  3.0424E-03,  3.3188E-03,  7.3703E-03,  5.9887E-04,  9.1461E-03,  1.0002E-03,  3.6349E-03,  9.8736E-04,  9.9200E-03,  1.0900E-03,  2.7743E-03,  3.7281E-04,  2.3069E-03,  0.0000E+00,  7.4218E-04,  2.3806E-04,  9.4464E-04,  5.9424E-05,  9.9335E-04,  1.3425E-04,  6.4682E-04,  7.4435E-05,  8.9667E-04,  8.4382E-05,  5.4766E-04,  5.4759E-05,  9.4803E-04,  1.3935E-04,  1.6637E-03,  1.1308E-03,  3.3175E-03,  4.9009E-04,  4.2590E-04,  6.0037E-04,  6.5243E-03,  3.7924E-04,  0.0000E+00,  0.0000E+00,  0.0000E+00,  0.0000E+00,  0.0000E+00,  0.0000E+00,  9.0898E-05,  0.0000E+00,  2.3625E-05,  6.5548E+06,  5.3363E+03,  2.4659E-06,  3.1181E-06,  3.1856E-04,  1.0561E+02,  6.1145E+01,  8.1758E+01,  1.5832E-02,  5.1533E+01,  3.0689E+00,  5.7469E+01,  5.0294E+00,  4.8237E+01,  1.5364E-01,  7.5811E+00,  5.8350E-02,  8.1477E-01,  1.3034E-01,  2.5306E+00,  1.9144E-03,  1.0395E-01,  1.3171E-02,  6.5409E-01,  3.1564E-01,  4.0653E+01,  1.0512E-01,  1.9375E+00,  2.1053E-02,  3.3546E-02,  9.6893E-04,  3.3581E-03,  1.6519E-04,  1.8518E-03,  1.8634E-04,  8.9129E-04,  5.2439E-04,  1.2417E-03,  2.3035E-04,  5.2216E-04,  3.4443E-05,  1.0615E-04,  0.0000E+00,  8.8736E-05,  1.6843E-05,  5.7965E-05,  1.1566E-05,  5.5467E-05,  6.0477E-05,  1.3467E-04,  1.0934E-05,  1.6708E-04,  1.8250E-05,  6.6234E-05,  1.8035E-05,  1.8118E-04,  1.9875E-05,  5.0658E-05,  6.8062E-06,  4.2143E-05,  0.0000E+00,  1.3560E-05,  4.3491E-06,  1.7233E-05,  1.0847E-06,  1.8143E-05,  2.4502E-06,  1.1823E-05,  1.3599E-06,  1.6364E-05,  1.5428E-06,  9.9949E-06,  9.9935E-07,  1.7295E-05,  2.5472E-06,  3.0397E-05,  2.0639E-05,  6.0579E-05,  8.9391E-06,  7.7654E-06,  1.0958E-05,  1.1924E-04,  6.9223E-06,  0.0000E+00,  0.0000E+00,  0.0000E+00,  0.0000E+00,  0.0000E+00,  0.0000E+00,  1.6585E-06,  0.0000E+00,  4.3145E-07
  1.4000E+02,  2.5644E+08,  5.1849E+04,  2.4028E-05,  3.0352E-05,  3.1569E-03,  1.0495E+03,  5.0581E+02,  8.6285E+02,  1.9600E-01,  6.3803E+02,  3.7798E+01,  7.0646E+02,  8.4872E+01,  8.1416E+02,  2.8068E+00,  1.3886E+02,  1.0627E+00,  1.4923E+01,  2.3780E+00,  4.6230E+01,  7.4500E-02,  4.0371E+00,  5.1205E-01,  2.5369E+01,  1.2293E+01,  1.5804E+03,  4.0850E+00,  7.5326E+01,  8.1738E-01,  1.3046E+00,  3.7712E-02,  1.3068E-01,  6.4226E-03,  7.2002E-02,  7.2384E-03,  3.4734E-02,  2.0409E-02,  4.8367E-02,  8.9564E-03,  2.0320E-02,  1.3402E-03,  4.1311E-03,  0.0000E+00,  3.4577E-03,  6.5592E-04,  2.2515E-03,  4.4938E-04,  2.1627E-03,  2.3595E-03,  5.2381E-03,  4.2561E-04,  6.4992E-03,  7.1112E-04,  2.5846E-03,  7.0149E-04,  7.0480E-03,  7.7501E-04,  1.9718E-03,  2.6495E-04,  1.6393E-03,  0.0000E+00,  5.2748E-04,  1.6913E-04,  6.7142E-04,  4.2233E-05,  7.0576E-04,  9.5415E-05,  4.5957E-04,  5.2903E-05,  6.3718E-04,  5.9960E-05,  3.8923E-04,  3.8917E-05,  6.7383E-04,  9.8987E-05,  1.1823E-03,  8.0398E-04,  2.3575E-03,  3.4838E-04,  3.0278E-04,  4.2671E-04,  4.6357E-03,  2.6954E-04,  0.0000E+00,  0.0000E+00,  0.0000E+00,  0.0000E+00,  0.0000E+00,  0.0000E+00,  6.4597E-05,  0.0000E+00,  1.6789E-05,  4.1513E+06,  1.9229E+03,  8.9082E-07,  1.1242E-06,  1.1707E-04,  3.8949E+01,  2.0741E+01,  2.8945E+01,  6.4776E-03,  2.1073E+01,  1.2492E+00,  2.3356E+01,  2.3179E+00,  2.2241E+01,  7.2208E-02,  3.5732E+00,  2.7335E-02,  3.8403E-01,  6.1160E-02,  1.1890E+00,  1.1214E-03,  6.0626E-02,  7.6813E-03,  3.8140E-01,  1.8463E-01,  2.3749E+01,  6.1350E-02,  1.1325E+00,  1.2295E-02,  1.9612E-02,  5.6683E-04,  1.9611E-03,  9.6461E-05,  1.0807E-03,  1.0872E-04,  5.2202E-04,  3.0641E-04,  7.2704E-04,  1.3469E-04,  3.0509E-04,  2.0106E-05,  6.2056E-05,  0.0000E+00,  5.1969E-05,  9.8584E-06,  3.3839E-05,  6.7508E-06,  3.2499E-05,  3.5452E-05,  7.8552E-05,  6.3916E-06,  9.7606E-05,  1.0653E-05,  3.8801E-05,  1.0553E-05,  1.0602E-04,  1.1624E-05,  2.9590E-05,  3.9795E-06,  2.4623E-05,  0.0000E+00,  7.9102E-06,  2.5432E-06,  1.0089E-05,  6.3429E-07,  1.0616E-05,  1.4330E-06,  6.9024E-06,  7.9332E-07,  9.5856E-06,  8.9935E-07,  5.8487E-06,  5.8479E-07,  1.0125E-05,  1.4887E-06,  1.7746E-05,  1.2043E-05,  3.5417E-05,  5.2322E-06,  4.5471E-06,  6.4078E-06,  6.9618E-05,  4.0479E-06,  0.0000E+00,  0.0000E+00,  0.0000E+00,  0.0000E+00,  0.0000E+00,  0.0000E+00,  9.7164E-07,  0.0000E+00,  2.5213E-07
  1.6000E+02,  1.8814E+08,  2.4313E+04,  1.1264E-05,  1.4239E-05,  1.4765E-03,  4.9046E+02,  2.1512E+02,  4.4303E+02,  1.0050E-01,  3.2733E+02,  1.9390E+01,  3.6232E+02,  4.9431E+01,  4.7420E+02,  1.6943E+00,  8.3782E+01,  6.4145E-01,  9.0082E+00,  1.4352E+00,  2.7907E+01,  5.6008E-02,  3.0365E+00,  3.8524E-01,  1.9078E+01,  9.2458E+00,  1.1887E+03,  3.0726E+00,  5.6635E+01,  6.1468E-01,  9.8084E-01,  2.8363E-02,  9.8291E-02,  4.8309E-03,  5.4161E-02,  5.4443E-03,  2.6122E-02,  1.5350E-02,  3.6372E-02,  6.7360E-03,  1.5283E-02,  1.0084E-03,  3.1072E-03,  0.0000E+00,  2.6003E-03,  4.9336E-04,  1.6931E-03,  3.3804E-04,  1.6263E-03,  1.7745E-03,  3.9411E-03,  3.2018E-04,  4.8884E-03,  5.3519E-04,  1.9440E-03,  5.2745E-04,  5.2994E-03,  5.8298E-04,  1.4832E-03,  1.9930E-04,  1.2331E-03,  0.0000E+00,  3.9688E-04,  1.2718E-04,  5.0506E-04,  3.1768E-05,  5.3067E-04,  7.1765E-05,  3.4572E-04,  3.9804E-05,  4.7911E-04,  4.5111E-05,  2.9276E-04,  2.9272E-05,  5.0689E-04,  7.4449E-05,  8.8937E-04,  6.0495E-04,  1.7732E-03,  2.6206E-04,  2.2775E-04,  3.2099E-04,  3.4875E-03,  2.0277E-04,  0.0000E+00,  0.0000E+00,  0.0000E+00,  0.0000E+00,  0.0000E+00,  0.0000E+00,  4.8574E-05,  0.0000E+00,  1.2631E-05,  2.6792E+06,  8.3062E+02,  3.8551E-07,  4.8705E-07,  5.0967E-05,  1.6957E+01,  8.3273E+00,  1.3037E+01,  3.0723E-03,  9.9980E+00,  5.9165E-01,  1.1057E+01,  1.2262E+00,  1.1756E+01,  3.9042E-02,  1.9349E+00,  1.4788E-02,  2.0750E-01,  3.3121E-02,  6.4337E-01,  7.2779E-04,  3.9430E-02,  5.0004E-03,  2.4772E-01,  1.2005E-01,  1.5419E+01,  3.9887E-02,  7.3658E-01,  7.9754E-03,  1.2765E-02,  3.6807E-04,  1.2781E-03,  6.2707E-05,  7.0339E-04,  7.0684E-05,  3.3918E-04,  1.9946E-04,  4.7249E-04,  8.7350E-05,  1.9861E-04,  1.3072E-05,  4.0333E-05,  0.0000E+00,  3.3767E-05,  6.3969E-06,  2.2003E-05,  4.3838E-06,  2.1136E-05,  2.3049E-05,  5.1148E-05,  4.1516E-06,  6.3470E-05,  6.9390E-06,  2.5252E-05,  6.8517E-06,  6.8834E-05,  7.5785E-06,  1.9268E-05,  2.5854E-06,  1.5989E-05,  0.0000E+00,  5.1502E-06,  1.6526E-06,  6.5465E-06,  4.1225E-07,  6.8926E-06,  9.3205E-07,  4.4820E-06,  5.1649E-07,  6.2217E-06,  5.8551E-07,  3.7978E-06,  3.7972E-07,  6.5698E-06,  9.6510E-07,  1.1545E-05,  7.8603E-06,  2.3014E-05,  3.4001E-06,  2.9558E-06,  4.1648E-06,  4.5208E-05,  2.6296E-06,  0.0000E+00,  0.0000E+00,  0.0000E+00,  0.0000E+00,  0.0000E+00,  0.0000E+00,  6.3064E-07,  0.0000E+00,  1.6370E-07
  1.8000E+02,  1.4305E+08,  1.2001E+04,  5.5532E-06,  7.0220E-06,  7.2142E-04,  2.3939E+02,  9.4871E+01,  2.4569E+02,  5.3804E-02,  1.7532E+02,  1.0395E+01,  1.9427E+02,  3.0107E+01,  2.8893E+02,  1.0729E+00,  5.3017E+01,  4.0612E-01,  5.7038E+00,  9.0812E-01,  1.7667E+01,  4.3667E-02,  2.3676E+00,  3.0039E-01,  1.4877E+01,  7.2088E+00,  9.2727E+02,  2.3958E+00,  4.4145E+01,  4.7936E-01,  7.6464E-01,  2.2120E-02,  7.6630E-02,  3.7671E-03,  4.2230E-02,  4.2450E-03,  2.0370E-02,  1.1967E-02,  2.8356E-02,  5.2538E-03,  1.1915E-02,  7.8663E-04,  2.4233E-03,  0.0000E+00,  2.0278E-03,  3.8487E-04,  1.3201E-03,  2.6365E-04,  1.2681E-03,  1.3838E-03,  3.0733E-03,  2.4972E-04,  3.8118E-03,  4.1746E-04,  1.5160E-03,  4.1126E-04,  4.1322E-03,  4.5448E-04,  1.1565E-03,  1.5543E-04,  9.6201E-04,  0.0000E+00,  3.0949E-04,  9.9167E-05,  3.9403E-04,  2.4777E-05,  4.1379E-04,  5.5962E-05,  2.6967E-04,  3.1041E-05,  3.7360E-04,  3.5177E-05,  2.2835E-04,  2.2832E-05,  3.9546E-04,  5.8071E-05,  6.9354E-04,  4.7169E-04,  1.3829E-03,  2.0437E-04,  1.7760E-04,  2.5036E-04,  2.7204E-03,  1.5815E-04,  0.0000E+00,  0.0000E+00,  0.0000E+00,  0.0000E+00,  0.0000E+00,  0.0000E+00,  3.7879E-05,  0.0000E+00,  9.8547E-06,  1.8291E+06,  4.0062E+02,  1.8561E-07,  2.3468E-07,  2.4538E-05,  8.1498E+00,  3.6979E+00,  6.6977E+00,  1.5977E-03,  5.2030E+00,  3.0781E-01,  5.7479E+00,  7.0609E-01,  6.7713E+00,  2.3104E-02,  1.1417E+00,  8.7449E-03,  1.2294E-01,  1.9588E-02,  3.8061E-01,  5.0632E-04,  2.7459E-02,  3.4844E-03,  1.7234E-01,  8.3641E-02,  1.0728E+01,  2.7791E-02,  5.1246E-01,  5.5561E-03,  8.8550E-03,  2.5621E-04,  8.8799E-04,  4.3670E-05,  4.8972E-04,  4.9246E-05,  2.3597E-04,  1.3879E-04,  3.2909E-04,  6.0869E-05,  1.3820E-04,  9.1054E-06,  2.8061E-05,  0.0000E+00,  2.3492E-05,  4.4521E-06,  1.5295E-05,  3.0548E-06,  1.4692E-05,  1.6022E-05,  3.5637E-05,  2.8935E-06,  4.4192E-05,  4.8344E-06,  1.7558E-05,  4.7672E-06,  4.7894E-05,  5.2710E-06,  1.3407E-05,  1.8014E-06,  1.1124E-05,  0.0000E+00,  3.5883E-06,  1.1483E-06,  4.5563E-06,  2.8681E-07,  4.7959E-06,  6.4833E-07,  3.1234E-06,  3.5987E-07,  4.3291E-06,  4.0790E-07,  2.6435E-06,  2.6431E-07,  4.5726E-06,  6.7272E-07,  8.0391E-06,  5.4660E-06,  1.6014E-05,  2.3684E-06,  2.0591E-06,  2.8977E-06,  3.1504E-05,  1.8324E-06,  0.0000E+00,  0.0000E+00,  0.0000E+00,  0.0000E+00,  0.0000E+00,  0.0000E+00,  4.3882E-07,  0.0000E+00,  1.1390E-07
  2.0000E+02,  1.1170E+08,  6.0896E+03,  2.8164E-06,  3.5612E-06,  3.6038E-04,  1.1953E+02,  4.2171E+01,  1.4368E+02,  2.9591E-02,  9.6442E+01,  5.7292E+00,  1.0712E+02,  1.8951E+01,  1.8190E+02,  7.0326E-01,  3.4768E+01,  2.6628E-01,  3.7377E+00,  5.9511E-01,  1.1581E+01,  3.5002E-02,  1.8976E+00,  2.4075E-01,  1.1926E+01,  5.7775E+00,  7.4359E+02,  1.9203E+00,  3.5375E+01,  3.8422E-01,  6.1311E-01,  1.7734E-02,  6.1434E-02,  3.0197E-03,  3.3847E-02,  3.4020E-03,  1.6330E-02,  9.5923E-03,  2.2723E-02,  4.2113E-03,  9.5505E-03,  6.3071E-04,  1.9428E-03,  0.0000E+00,  1.6256E-03,  3.0864E-04,  1.0584E-03,  2.1135E-04,  1.0167E-03,  1.1094E-03,  2.4633E-03,  2.0019E-04,  3.0553E-03,  3.3471E-04,  1.2155E-03,  3.2965E-04,  3.3123E-03,  3.6432E-04,  9.2692E-04,  1.2461E-04,  7.7154E-04,  0.0000E+00,  2.4807E-04,  7.9509E-05,  3.1601E-04,  1.9866E-05,  3.3169E-04,  4.4865E-05,  2.1619E-04,  2.4881E-05,  2.9950E-04,  2.8194E-05,  1.8310E-04,  1.8307E-05,  3.1716E-04,  4.6550E-05,  5.5591E-04,  3.7815E-04,  1.1088E-03,  1.6384E-04,  1.4235E-04,  2.0074E-04,  2.1809E-03,  1.2679E-04,  0.0000E+00,  0.0000E+00,  0.0000E+00,  0.0000E+00,  0.0000E+00,  0.0000E+00,  3.0369E-05,  0.0000E+00,  7.9044E-06,  1.3062E+06,  1.9053E+02,  8.8066E-08,  1.1139E-07,  1.1566E-05,  3.8365E+00,  1.5721E+00,  3.5028E+00,  8.2364E-04,  2.6843E+00,  1.5875E-01,  2.9671E+00,  4.0953E-01,  3.9314E+00,  1.3856E-02,  6.8320E-01,  5.2390E-03,  7.3675E-02,  1.1713E-02,  2.2794E-01,  3.6014E-04,  1.9544E-02,  2.4795E-03,  1.2280E-01,  5.9491E-02,  7.6403E+00,  1.9765E-02,  3.6451E-01,  3.9580E-03,  6.2984E-03,  1.8234E-04,  6.3159E-04,  3.1069E-05,  3.4862E-04,  3.5053E-05,  1.6801E-04,  9.8717E-05,  2.3418E-04,  4.3382E-05,  9.8295E-05,  6.4861E-06,  1.9988E-05,  0.0000E+00,  1.6726E-05,  3.1712E-06,  1.0869E-05,  2.1758E-06,  1.0449E-05,  1.1415E-05,  2.5361E-05,  2.0601E-06,  3.1461E-05,  3.4411E-06,  1.2490E-05,  3.3935E-06,  3.4095E-05,  3.7457E-06,  9.5457E-06,  1.2812E-06,  7.9229E-06,  0.0000E+00,  2.5537E-06,  8.1740E-07,  3.2456E-06,  2.0431E-07,  3.4141E-06,  4.6132E-07,  2.2248E-06,  2.5611E-07,  3.0808E-06,  2.9040E-07,  1.8816E-06,  1.8813E-07,  3.2572E-06,  4.7932E-07,  5.7238E-06,  3.8879E-06,  1.1402E-05,  1.6849E-06,  1.4655E-06,  2.0641E-06,  2.2439E-05,  1.3032E-06,  0.0000E+00,  0.0000E+00,  0.0000E+00,  0.0000E+00,  0.0000E+00,  0.0000E+00,  3.1228E-07,  0.0000E+00,  8.1127E-08
  2.2000E+02,  8.8941E+07,  3.2654E+03,  1.5108E-06,  1.9100E-06,  1.8972E-04,  6.2911E+01,  1.9807E+01,  8.9561E+01,  1.7046E-02,  5.5549E+01,  3.3109E+00,  6.1886E+01,  1.2424E+01,  1.1924E+02,  4.7957E-01,  2.3732E+01,  1.8171E-01,  2.5491E+00,  4.0616E-01,  7.9015E+00,  2.8770E-02,  1.5595E+00,  1.9784E-01,  9.7995E+00,  4.7485E+00,  6.1130E+02,  1.5785E+00,  2.9068E+01,  3.1573E-01,  5.0399E-01,  1.4579E-02,  5.0499E-02,  2.4823E-03,  2.7814E-02,  2.7956E-03,  1.3423E-02,  7.8841E-03,  1.8673E-02,  3.4603E-03,  7.8496E-03,  5.1844E-04,  1.5966E-03,  0.0000E+00,  1.3361E-03,  2.5374E-04,  8.7035E-04,  1.7369E-04,  8.3578E-04,  9.1169E-04,  2.0244E-03,  1.6455E-04,  2.5109E-03,  2.7518E-04,  9.9929E-04,  2.7092E-04,  2.7222E-03,  2.9952E-04,  7.6169E-04,  1.0245E-04,  6.3436E-04,  0.0000E+00,  2.0388E-04,  6.5355E-05,  2.5982E-04,  1.6328E-05,  2.7260E-04,  3.6881E-05,  1.7769E-04,  2.0449E-05,  2.4619E-04,  2.3168E-05,  1.5054E-04,  1.5052E-05,  2.6077E-04,  3.8255E-05,  4.5685E-04,  3.1086E-04,  9.1137E-04,  1.3469E-04,  1.1700E-04,  1.6500E-04,  1.7926E-03,  1.0425E-04,  0.0000E+00,  0.0000E+00,  0.0000E+00,  0.0000E+00,  0.0000E+00,  0.0000E+00,  2.4964E-05,  0.0000E+00,  6.4997E-06,  9.6979E+05,  9.1894E+01,  4.2485E-08,  5.3730E-08,  5.5004E-06,  1.8256E+00,  6.6426E-01,  1.9090E+00,  4.3084E-04,  1.4050E+00,  8.3073E-02,  1.5564E+00,  2.4316E-01,  2.3349E+00,  8.5140E-03,  4.2033E-01,  3.2182E-03,  4.5177E-02,  7.1818E-03,  1.4003E-01,  2.6308E-04,  1.4263E-02,  1.8113E-03,  8.9838E-02,  4.3407E-02,  5.5882E+00,  1.4415E-02,  2.6620E-01,  2.8912E-03,  4.6131E-03,  1.3323E-04,  4.6195E-04,  2.2676E-05,  2.5462E-04,  2.5585E-05,  1.2274E-04,  7.2103E-05,  1.7086E-04,  3.1717E-05,  7.1794E-05,  4.7413E-06,  1.4628E-05,  0.0000E+00,  1.2219E-05,  2.3192E-06,  7.9394E-06,  1.5895E-06,  7.6380E-06,  8.3551E-06,  1.8527E-05,  1.5038E-06,  2.2979E-05,  2.5117E-06,  9.1293E-06,  2.4795E-06,  2.4912E-05,  2.7343E-06,  6.9774E-06,  9.3476E-07,  5.7951E-06,  0.0000E+00,  1.8656E-06,  5.9804E-07,  2.3737E-06,  1.4952E-07,  2.4946E-06,  3.3705E-07,  1.6253E-06,  1.8710E-07,  2.2508E-06,  2.1218E-07,  1.3748E-06,  1.3746E-07,  2.3822E-06,  3.5022E-07,  4.1821E-06,  2.8408E-06,  8.3376E-06,  1.2299E-06,  1.0694E-06,  1.5107E-06,  1.6394E-05,  9.5088E-07,  0.0000E+00,  0.0000E+00,  0.0000E+00,  0.0000E+00,  0.0000E+00,  0.0000E+00,  2.2818E-07,  0.0000E+00,  5.9350E-08
  2.5000E+02,  6.4666E+07,  1.3647E+03,  6.3177E-07,  7.9850E-07,  7.6687E-05,  2.5417E+01,  6.7046E+00,  4.7732E+01,  7.8687E-03,  2.5622E+01,  1.5385E+00,  2.8714E+01,  6.9506E+00,  6.6697E+01,  2.8483E-01,  1.4111E+01,  1.0805E-01,  1.5151E+00,  2.4157E-01,  4.6949E+00,  2.2196E-02,  1.2034E+00,  1.5261E-01,  7.5574E+00,  3.6643E+00,  4.7175E+02,  1.2184E+00,  2.2422E+01,  2.4355E-01,  3.8881E-01,  1.1248E-02,  3.8961E-02,  1.9158E-03,  2.1459E-02,  2.1569E-03,  1.0359E-02,  6.0836E-03,  1.4406E-02,  2.6684E-03,  6.0568E-03,  4.0004E-04,  1.2312E-03,  0.0000E+00,  1.0312E-03,  1.9582E-04,  6.7190E-04,  1.3401E-04,  6.4499E-04,  7.0322E-04,  1.5617E-03,  1.2701E-04,  1.9369E-03,  2.1245E-04,  7.7125E-04,  2.0900E-04,  2.1001E-03,  2.3122E-04,  5.8752E-04,  7.9083E-05,  4.8963E-04,  0.0000E+00,  1.5729E-04,  5.0422E-05,  2.0054E-04,  1.2592E-05,  2.1030E-04,  2.8465E-05,  1.3710E-04,  1.5776E-05,  1.8995E-04,  1.7871E-05,  1.1617E-04,  1.1615E-05,  2.0128E-04,  2.9507E-05,  3.5241E-04,  2.3996E-04,  7.0314E-04,  1.0396E-04,  9.0306E-05,  1.2726E-04,  1.3832E-03,  8.0483E-05,  0.0000E+00,  0.0000E+00,  0.0000E+00,  0.0000E+00,  0.0000E+00,  0.0000E+00,  1.9263E-05,  0.0000E+00,  5.0174E-06,  6.4852E+05,  3.4817E+01,  1.6121E-08,  2.0371E-08,  2.0348E-06,  6.7399E-01,  2.0921E-01,  8.7956E-01,  1.8097E-04,  5.9010E-01,  3.5087E-02,  6.5510E-01,  1.2175E-01,  1.1679E+00,  4.4683E-03,  2.2108E-01,  1.6920E-03,  2.3760E-02,  3.7910E-03,  7.3745E-02,  1.7520E-04,  9.4779E-03,  1.2044E-03,  5.9636E-02,  2.8873E-02,  3.7154E+00,  9.5921E-03,  1.7684E-01,  1.9207E-03,  3.0657E-03,  8.8788E-05,  3.0723E-04,  1.5088E-05,  1.6908E-04,  1.6996E-05,  8.1478E-05,  4.7931E-05,  1.1355E-04,  2.1078E-05,  4.7723E-05,  3.1519E-06,  9.7339E-06,  0.0000E+00,  8.1111E-06,  1.5419E-06,  5.2908E-06,  1.0563E-06,  5.0813E-06,  5.5433E-06,  1.2320E-05,  9.9881E-07,  1.5286E-05,  1.6700E-06,  6.0734E-06,  1.6487E-06,  1.6564E-05,  1.8188E-06,  4.6336E-06,  6.2287E-07,  3.8537E-06,  0.0000E+00,  1.2407E-06,  3.9750E-07,  1.5784E-06,  9.9517E-08,  1.6587E-06,  2.2402E-07,  1.0803E-06,  1.2443E-07,  1.4980E-06,  1.4097E-07,  9.1644E-07,  9.1631E-08,  1.5840E-06,  2.3298E-07,  2.7804E-06,  1.8861E-06,  5.5445E-06,  8.1908E-07,  7.1037E-07,  1.0055E-06,  1.0897E-05,  6.3368E-07,  0.0000E+00,  0.0000E+00,  0.0000E+00,  0.0000E+00,  0.0000E+00,  0.0000E+00,  1.5187E-07,  0.0000E+00,  3.9470E-08
  2.8000E+02,  4.8190E+07,  6.3595E+02,  2.9440E-07,  3.7214E-07,  3.4518E-05,  1.1445E+01,  2.5667E+00,  2.8010E+01,  3.9719E-03,  1.2925E+01,  7.8184E-01,  1.4586E+01,  4.1707E+00,  4.0014E+01,  1.8086E-01,  8.9629E+00,  6.8643E-02,  9.6244E-01,  1.5339E-01,  2.9798E+00,  1.7751E-02,  9.6260E-01,  1.2204E-01,  6.0429E+00,  2.9311E+00,  3.7740E+02,  9.7475E-01,  1.7933E+01,  1.9475E-01,  3.1094E-01,  8.9941E-03,  3.1156E-02,  1.5322E-03,  1.7162E-02,  1.7255E-03,  8.2887E-03,  4.8662E-03,  1.1521E-02,  2.1334E-03,  4.8447E-03,  3.2003E-04,  9.8420E-04,  0.0000E+00,  8.2505E-04,  1.5667E-04,  5.3752E-04,  1.0719E-04,  5.1594E-04,  5.6242E-04,  1.2490E-03,  1.0164E-04,  1.5487E-03,  1.7000E-04,  6.1705E-04,  1.6716E-04,  1.6797E-03,  1.8503E-04,  4.6985E-04,  6.3266E-05,  3.9176E-04,  0.0000E+00,  1.2580E-04,  4.0330E-05,  1.6046E-04,  1.0067E-05,  1.6821E-04,  2.2773E-05,  1.0967E-04,  1.2618E-05,  1.5193E-04,  1.4294E-05,  9.2899E-05,  9.2885E-06,  1.6105E-04,  2.3593E-05,  2.8181E-04,  1.9208E-04,  5.6235E-04,  8.3160E-05,  7.2259E-05,  1.0174E-04,  1.1065E-03,  6.4391E-05,  0.0000E+00,  0.0000E+00,  0.0000E+00,  0.0000E+00,  0.0000E+00,  0.0000E+00,  1.5409E-05,  0.0000E+00,  4.0149E-06,  4.4992E+05,  1.3770E+01,  6.3713E-09,  8.0525E-09,  7.7650E-07,  2.5748E-01,  6.6646E-02,  4.3524E-01,  7.8814E-05,  2.5632E-01,  1.5359E-02,  2.8671E-01,  6.3574E-02,  6.1099E-01,  2.4633E-03,  1.2213E-01,  9.3536E-04,  1.3084E-02,  2.0877E-03,  4.0590E-02,  1.2110E-04,  6.5760E-03,  8.3332E-04,  4.1328E-02,  2.0007E-02,  2.5748E+00,  6.6494E-03,  1.2246E-01,  1.3326E-03,  2.1259E-03,  6.1503E-05,  2.1309E-04,  1.0484E-05,  1.1737E-04,  1.1767E-05,  5.6567E-05,  3.3229E-05,  7.8806E-05,  1.4592E-05,  3.3085E-05,  2.1818E-06,  6.7323E-06,  0.0000E+00,  5.6311E-06,  1.0682E-06,  3.6679E-06,  7.3180E-07,  3.5224E-06,  3.8433E-06,  8.5255E-06,  6.9247E-07,  1.0598E-05,  1.1600E-06,  4.2066E-06,  1.1403E-06,  1.1457E-05,  1.2605E-06,  3.2115E-06,  4.3159E-07,  2.6712E-06,  0.0000E+00,  8.5856E-07,  2.7526E-07,  1.0935E-06,  6.8832E-08,  1.1473E-06,  1.5547E-07,  7.4846E-07,  8.6108E-08,  1.0367E-06,  9.7490E-08,  6.3488E-07,  6.3479E-08,  1.0975E-06,  1.6124E-07,  1.9261E-06,  1.3060E-06,  3.8416E-06,  5.6749E-07,  4.9276E-07,  6.9549E-07,  7.5501E-06,  4.3910E-07,  0.0000E+00,  0.0000E+00,  0.0000E+00,  0.0000E+00,  0.0000E+00,  0.0000E+00,  1.0511E-07,  0.0000E+00,  2.7361E-08
  3.2000E+02,  3.3638E+07,  2.4338E+02,  1.1278E-07,  1.4258E-07,  1.2574E-05,  4.1691E+00,  7.5229E-01,  1.4815E+01,  1.6792E-03,  5.4670E+00,  3.3404E-01,  6.2300E+00,  2.2254E+00,  2.1334E+01,  1.0420E-01,  5.1612E+00,  3.9528E-02,  5.5512E-01,  8.8419E-02,  1.7167E+00,  1.3664E-02,  7.4070E-01,  9.3901E-02,  4.6482E+00,  2.2560E+00,  2.9046E+02,  7.5029E-01,  1.3798E+01,  1.4977E-01,  2.3914E-01,  6.9193E-03,  2.3966E-02,  1.1784E-03,  1.3200E-02,  1.3282E-03,  6.3791E-03,  3.7447E-03,  8.8614E-03,  1.6408E-03,  3.7280E-03,  2.4637E-04,  7.5709E-04,  0.0000E+00,  6.3495E-04,  1.2062E-04,  4.1371E-04,  8.2485E-05,  3.9703E-04,  4.3270E-04,  9.6111E-04,  7.8258E-05,  1.1911E-03,  1.3085E-04,  4.7506E-04,  1.2867E-04,  1.2930E-03,  1.4248E-04,  3.6146E-04,  4.8692E-05,  3.0156E-04,  0.0000E+00,  9.6806E-05,  3.1036E-05,  1.2355E-04,  7.7450E-06,  1.2948E-04,  1.7525E-05,  8.4410E-05,  9.7100E-06,  1.1695E-04,  1.1002E-05,  7.1480E-05,  7.1469E-06,  1.2401E-04,  1.8153E-05,  2.1683E-04,  1.4799E-04,  4.3268E-04,  6.4004E-05,  5.5626E-05,  7.8277E-05,  8.5167E-04,  4.9563E-05,  0.0000E+00,  0.0000E+00,  0.0000E+00,  0.0000E+00,  0.0000E+00,  0.0000E+00,  1.1861E-05,  0.0000E+00,  3.0909E-06,  2.7765E+05,  5.8582E+00,  2.7094E-09,  3.4256E-09,  3.2069E-07,  1.0629E-01,  2.4076E-02,  2.2451E-01,  3.5819E-05,  1.1660E-01,  7.0309E-03,  1.3111E-01,  3.3690E-02,  3.2301E-01,  1.3694E-03,  6.7952E-02,  5.2037E-04,  7.2814E-03,  1.1608E-03,  2.2568E-02,  8.3252E-05,  4.5190E-03,  5.7365E-04,  2.8408E-02,  1.3748E-02,  1.7722E+00,  4.5737E-03,  8.4297E-02,  9.1653E-04,  1.4640E-03,  4.2239E-05,  1.4642E-04,  7.2060E-06,  8.0711E-05,  8.0980E-06,  3.8916E-05,  2.2848E-05,  5.4185E-05,  1.0035E-05,  2.2747E-05,  1.5014E-06,  4.6232E-06,  0.0000E+00,  3.8738E-06,  7.3442E-07,  2.5224E-06,  5.0325E-07,  2.4232E-06,  2.6424E-06,  5.8693E-06,  4.7675E-07,  7.2819E-06,  7.9758E-07,  2.8927E-06,  7.8421E-07,  7.8794E-06,  8.6728E-07,  2.2076E-06,  2.9709E-07,  1.8388E-06,  0.0000E+00,  5.9109E-07,  1.8947E-07,  7.5195E-07,  4.7274E-08,  7.8902E-07,  1.0691E-07,  5.1476E-07,  5.9284E-08,  7.1267E-07,  6.7143E-08,  4.3609E-07,  4.3602E-08,  7.5468E-07,  1.1080E-07,  1.3230E-06,  8.9851E-07,  2.6419E-06,  3.9030E-07,  3.3890E-07,  4.7771E-07,  5.1931E-06,  3.0230E-07,  0.0000E+00,  0.0000E+00,  0.0000E+00,  0.0000E+00,  0.0000E+00,  0.0000E+00,  7.2265E-08,  0.0000E+00,  1.8839E-08
  3.5000E+02,  2.6461E+07,  1.2565E+02,  5.8289E-08,  7.3694E-08,  6.2278E-06,  2.0652E+00,  3.0752E-01,  9.7881E+00,  9.3355E-04,  3.0392E+00,  1.8714E-01,  3.4906E+00,  1.4643E+00,  1.4039E+01,  7.2432E-02,  3.5852E+00,  2.7460E-02,  3.8605E-01,  6.1476E-02,  1.1933E+00,  1.1519E-02,  6.2435E-01,  7.9130E-02,  3.9170E+00,  1.9023E+00,  2.4481E+02,  6.3251E-01,  1.1627E+01,  1.2618E-01,  2.0144E-01,  5.8317E-03,  2.0198E-02,  9.9303E-04,  1.1123E-02,  1.1195E-03,  5.3770E-03,  3.1567E-03,  7.4666E-03,  1.3824E-03,  3.1426E-03,  2.0768E-04,  6.3806E-04,  0.0000E+00,  5.3519E-04,  1.0171E-04,  3.4878E-04,  6.9530E-05,  3.3464E-04,  3.6469E-04,  8.0997E-04,  6.5984E-05,  1.0036E-03,  1.1032E-04,  4.0058E-04,  1.0846E-04,  1.0900E-03,  1.2015E-04,  3.0464E-04,  4.1040E-05,  2.5419E-04,  0.0000E+00,  8.1585E-05,  2.6154E-05,  1.0419E-04,  6.5278E-06,  1.0915E-04,  1.4774E-05,  7.1158E-05,  8.1833E-06,  9.8590E-05,  9.2712E-06,  6.0251E-05,  6.0242E-06,  1.0458E-04,  1.5300E-05,  1.8278E-04,  1.2484E-04,  3.6465E-04,  5.3954E-05,  4.6900E-05,  6.5977E-05,  7.1798E-04,  4.1776E-05,  0.0000E+00,  0.0000E+00,  0.0000E+00,  0.0000E+00,  0.0000E+00,  0.0000E+00,  9.9997E-06,  0.0000E+00,  2.6056E-06,  2.0086E+05,  1.9908E+00,  9.2345E-10,  1.1669E-09,  1.0238E-07,  3.3964E-02,  5.5750E-03,  1.1062E-01,  1.3891E-05,  4.5252E-02,  2.7624E-03,  5.1523E-02,  1.7053E-02,  1.6333E-01,  7.4878E-04,  3.7117E-02,  2.8416E-04,  3.9897E-03,  6.3543E-04,  1.2324E-02,  5.9735E-05,  3.2379E-03,  4.1112E-04,  2.0340E-02,  9.8330E-03,  1.2709E+00,  3.2779E-03,  6.0440E-02,  6.5642E-04,  1.0493E-03,  3.0264E-05,  1.0477E-04,  5.1545E-06,  5.7766E-05,  5.8129E-06,  2.7890E-05,  1.6353E-05,  3.8798E-05,  7.1912E-06,  1.6282E-05,  1.0780E-06,  3.3120E-06,  0.0000E+00,  2.7763E-06,  5.2598E-07,  1.8064E-06,  3.6039E-07,  1.7358E-06,  1.8918E-06,  4.2067E-06,  3.4157E-07,  5.2175E-06,  5.7083E-07,  2.0727E-06,  5.6313E-07,  5.6584E-06,  6.2151E-07,  1.5807E-06,  2.1309E-07,  1.3189E-06,  0.0000E+00,  4.2369E-07,  1.3599E-07,  5.3861E-07,  3.3872E-08,  5.6662E-07,  7.6515E-08,  3.6868E-07,  4.2496E-08,  5.1106E-07,  4.8212E-08,  3.1251E-07,  3.1247E-08,  5.4056E-07,  7.9355E-08,  9.4684E-07,  6.4469E-07,  1.8933E-06,  2.7973E-07,  2.4282E-07,  3.4228E-07,  3.7194E-06,  2.1685E-07,  0.0000E+00,  0.0000E+00,  0.0000E+00,  0.0000E+00,  0.0000E+00,  0.0000E+00,  5.1822E-08,  0.0000E+00,  1.3513E-08
  4.0000E+02,  1.8284E+07,  4.8863E+01,  2.2669E-08,  2.8679E-08,  2.2968E-06,  7.6128E-01,  9.6111E-02,  5.3533E+00,  3.9352E-04,  1.2802E+00,  7.9651E-02,  1.4856E+00,  7.8196E-01,  7.5027E+00,  4.2083E-02,  2.0811E+00,  1.5944E-02,  2.2432E-01,  3.5718E-02,  6.9379E-01,  8.9419E-03,  4.8466E-01,  6.1386E-02,  3.0387E+00,  1.4779E+00,  1.8998E+02,  4.9110E-01,  9.0183E+00,  9.7848E-02,  1.5617E-01,  4.5254E-03,  1.5676E-02,  7.7061E-04,  8.6302E-03,  8.6862E-04,  4.1733E-03,  2.4509E-03,  5.7924E-03,  1.0720E-03,  2.4399E-03,  1.6117E-04,  4.9509E-04,  0.0000E+00,  4.1538E-04,  7.9015E-05,  2.7083E-04,  5.3981E-05,  2.5973E-04,  2.8303E-04,  6.2839E-04,  5.1248E-05,  7.7836E-04,  8.5691E-05,  3.1117E-04,  8.4162E-05,  8.4576E-04,  9.3320E-05,  2.3641E-04,  3.1845E-05,  1.9728E-04,  0.0000E+00,  6.3297E-05,  2.0286E-05,  8.0952E-05,  5.0655E-06,  8.4696E-05,  1.1472E-05,  5.5249E-05,  6.3490E-06,  7.6534E-05,  7.1903E-06,  4.6761E-05,  4.6754E-06,  8.1254E-05,  1.1875E-05,  1.4191E-04,  9.7017E-05,  2.8291E-04,  4.1881E-05,  3.6422E-05,  5.1200E-05,  5.5748E-04,  3.2418E-05,  0.0000E+00,  0.0000E+00,  0.0000E+00,  0.0000E+00,  0.0000E+00,  0.0000E+00,  7.7631E-06,  0.0000E+00,  2.0225E-06,  1.2619E+05,  1.0805E+00,  5.0136E-10,  6.3371E-10,  5.4861E-08,  1.8195E-02,  2.8813E-03,  6.6774E-02,  7.7102E-06,  2.5110E-02,  1.5373E-03,  2.8675E-02,  1.0241E-02,  9.8130E-02,  4.6515E-04,  2.3046E-02,  1.7649E-04,  2.4797E-03,  3.9489E-04,  7.6565E-03,  4.3356E-05,  2.3497E-03,  2.9864E-04,  1.4791E-02,  7.1436E-03,  9.2236E-01,  2.3783E-03,  4.3892E-02,  4.7667E-04,  7.6144E-04,  2.1987E-05,  7.6099E-05,  3.7425E-06,  4.1954E-05,  4.2223E-06,  2.0256E-05,  1.1880E-05,  2.8173E-05,  5.2243E-06,  1.1827E-05,  7.8221E-07,  2.4068E-06,  0.0000E+00,  2.0163E-06,  3.8185E-07,  1.3117E-06,  2.6161E-07,  1.2607E-06,  1.3746E-06,  3.0564E-06,  2.4784E-07,  3.7920E-06,  4.1451E-07,  1.5039E-06,  4.0894E-07,  4.1092E-06,  4.5157E-07,  1.1485E-06,  1.5470E-07,  9.5740E-07,  0.0000E+00,  3.0782E-07,  9.8710E-08,  3.9107E-07,  2.4617E-08,  4.1150E-07,  5.5559E-08,  2.6766E-07,  3.0875E-08,  3.7118E-07,  3.5026E-08,  2.2708E-07,  2.2704E-08,  3.9251E-07,  5.7667E-08,  6.8828E-07,  4.6814E-07,  1.3763E-06,  2.0318E-07,  1.7633E-07,  2.4879E-07,  2.7006E-06,  1.5745E-07,  0.0000E+00,  0.0000E+00,  0.0000E+00,  0.0000E+00,  0.0000E+00,  0.0000E+00,  3.7643E-08,  0.0000E+00,  9.8113E-09
  4.5000E+02,  1.3079E+07,  1.7442E+01,  8.0903E-09,  1.0244E-08,  7.3331E-07,  2.4286E-01,  1.8735E-02,  3.1111E+00,  1.6178E-04,  5.2570E-01,  3.3268E-02,  6.2032E-01,  4.4027E-01,  4.2267E+00,  2.5937E-02,  1.2815E+00,  9.8189E-03,  1.3820E-01,  2.2004E-02,  4.2795E-01,  7.1897E-03,  3.8971E-01,  4.9309E-02,  2.4400E+00,  1.1890E+00,  1.5271E+02,  3.9502E-01,  7.2436E+00,  7.8577E-02,  1.2541E-01,  3.6363E-03,  1.2599E-02,  6.1934E-04,  6.9340E-03,  6.9789E-04,  3.3543E-03,  1.9705E-03,  4.6535E-03,  8.6078E-04,  1.9616E-03,  1.2957E-04,  3.9774E-04,  0.0000E+00,  3.3386E-04,  6.3581E-05,  2.1781E-04,  4.3408E-05,  2.0876E-04,  2.2744E-04,  5.0479E-04,  4.1236E-05,  6.2496E-04,  6.8935E-05,  2.5041E-04,  6.7630E-05,  6.7964E-04,  7.5057E-05,  1.8996E-04,  2.5592E-05,  1.5859E-04,  0.0000E+00,  5.0848E-05,  1.6297E-05,  6.5144E-05,  4.0697E-06,  6.8060E-05,  9.2264E-06,  4.4431E-05,  5.1004E-06,  6.1527E-05,  5.7739E-06,  3.7577E-05,  3.7571E-06,  6.5388E-05,  9.5424E-06,  1.1406E-04,  7.8093E-05,  2.2723E-04,  3.3666E-05,  2.9294E-05,  4.1136E-05,  4.4833E-04,  2.6054E-05,  0.0000E+00,  0.0000E+00,  0.0000E+00,  0.0000E+00,  0.0000E+00,  0.0000E+00,  6.2411E-06,  0.0000E+00,  1.6260E-06,  8.2005E+04,  1.7627E-01,  8.1768E-11,  1.0368E-10,  7.6791E-09,  2.5421E-03,  2.1372E-04,  2.2914E-02,  1.5594E-06,  5.0686E-03,  3.1801E-04,  5.9357E-03,  3.4263E-03,  3.2909E-02,  1.8072E-04,  8.9388E-03,  6.8514E-05,  9.6489E-04,  1.5365E-04,  2.9771E-03,  2.6731E-05,  1.4482E-03,  1.8442E-04,  9.1563E-03,  4.4135E-03,  5.6851E-01,  1.4652E-03,  2.7094E-02,  2.9420E-04,  4.6922E-04,  1.3579E-05,  4.6975E-05,  2.3083E-06,  2.5894E-05,  2.6069E-06,  1.2503E-05,  7.3356E-06,  1.7381E-05,  3.2263E-06,  7.3030E-06,  4.8179E-07,  1.4874E-06,  0.0000E+00,  1.2444E-06,  2.3550E-07,  8.0932E-07,  1.6130E-07,  7.7802E-07,  8.4903E-07,  1.8877E-06,  1.5265E-07,  2.3439E-06,  2.5574E-07,  9.2642E-07,  2.5234E-07,  2.5358E-06,  2.7896E-07,  7.0948E-07,  9.5402E-08,  5.9025E-07,  0.0000E+00,  1.9013E-07,  6.0848E-08,  2.4124E-07,  1.5216E-08,  2.5394E-07,  3.4274E-08,  1.6507E-07,  1.9070E-08,  2.2909E-07,  2.1630E-08,  1.4028E-07,  1.4026E-08,  2.4214E-07,  3.5634E-08,  4.2555E-07,  2.8881E-07,  8.5093E-07,  1.2541E-07,  1.0878E-07,  1.5379E-07,  1.6655E-06,  9.7108E-08,  0.0000E+00,  0.0000E+00,  0.0000E+00,  0.0000E+00,  0.0000E+00,  0.0000E+00,  2.3236E-08,  0.0000E+00,  6.0503E-09
  5.0000E+02,  9.8049E+06,  1.0563E+01,  4.8989E-09,  6.1989E-09,  4.3556E-07,  1.4429E-01,  1.0584E-02,  2.1700E+00,  1.0040E-04,  3.2621E-01,  2.0733E-02,  3.8639E-01,  3.0067E-01,  2.8860E+00,  1.8458E-02,  9.1165E-01,  6.9841E-03,  9.8278E-02,  1.5647E-02,  3.0472E-01,  6.0084E-03,  3.2571E-01,  4.1163E-02,  2.0357E+00,  9.9390E-01,  1.2759E+02,  3.3025E-01,  6.0469E+00,  6.5582E-02,  1.0468E-01,  3.0364E-03,  1.0524E-02,  5.1734E-04,  5.7900E-03,  5.8272E-04,  2.8019E-03,  1.6463E-03,  3.8856E-03,  7.1829E-04,  1.6389E-03,  1.0828E-04,  3.3203E-04,  0.0000E+00,  2.7887E-04,  5.3170E-05,  1.8203E-04,  3.6279E-05,  1.7438E-04,  1.8993E-04,  4.2140E-04,  3.4487E-05,  5.2144E-04,  5.7630E-05,  2.0945E-04,  5.6479E-05,  5.6759E-04,  6.2727E-05,  1.5861E-04,  2.1376E-05,  1.3251E-04,  0.0000E+00,  4.2449E-05,  1.3609E-05,  5.4478E-05,  3.3975E-06,  5.6840E-05,  7.7114E-06,  3.7135E-05,  4.2579E-06,  5.1402E-05,  4.8184E-06,  3.1378E-05,  3.1374E-06,  5.4682E-05,  7.9679E-06,  9.5257E-05,  6.5323E-05,  1.8964E-04,  2.8124E-05,  2.4486E-05,  3.4341E-05,  3.7471E-04,  2.1763E-05,  0.0000E+00,  0.0000E+00,  0.0000E+00,  0.0000E+00,  0.0000E+00,  0.0000E+00,  5.2142E-06,  0.0000E+00,  1.3586E-06,  4.8973E+04,  9.8910E-02,  4.5888E-11,  5.8142E-11,  4.2308E-09,  1.4008E-03,  1.1230E-04,  1.4727E-02,  8.9573E-07,  2.9110E-03,  1.8339E-04,  3.4214E-03,  2.1576E-03,  2.0719E-02,  1.1844E-04,  5.8562E-03,  4.4881E-05,  6.3202E-04,  1.0063E-04,  1.9522E-03,  2.0522E-05,  1.1119E-03,  1.4144E-04,  7.0178E-03,  3.3894E-03,  4.3635E-01,  1.1254E-03,  2.0777E-02,  2.2558E-04,  3.5982E-04,  1.0418E-05,  3.6050E-05,  1.7715E-06,  1.9867E-05,  1.9999E-06,  9.5959E-06,  5.6314E-06,  1.3335E-05,  2.4736E-06,  5.6059E-06,  3.6991E-07,  1.1408E-06,  0.0000E+00,  9.5508E-07,  1.8094E-07,  6.2151E-07,  1.2386E-07,  5.9716E-07,  6.5146E-07,  1.4480E-06,  1.1731E-07,  1.7972E-06,  1.9646E-07,  7.1208E-07,  1.9366E-07,  1.9462E-06,  2.1424E-07,  5.4438E-07,  7.3223E-08,  4.5318E-07,  0.0000E+00,  1.4586E-07,  4.6691E-08,  1.8540E-07,  1.1674E-08,  1.9489E-07,  2.6326E-08,  1.2678E-07,  1.4630E-08,  1.7589E-07,  1.6588E-08,  1.0766E-07,  1.0764E-08,  1.8609E-07,  2.7345E-08,  3.2662E-07,  2.2201E-07,  6.5266E-07,  9.6281E-08,  8.3562E-08,  1.1800E-07,  1.2793E-06,  7.4547E-08,  0.0000E+00,  0.0000E+00,  0.0000E+00,  0.0000E+00,  0.0000E+00,  0.0000E+00,  1.7842E-08,  0.0000E+00,  4.6463E-09
'End of File'
