'*',    89,     1,    41,    43,     3,   185,    95,     0
'SPENVIS 4.6.13.3554          - 18-Sep-2025 21:05:04'
'PRJ_DEF', -1,'RADFX2'
'PRJ_HDR', -1,'IU ME RADFX Unit 2 HW2 P1'
'MOD_ABB', -1,'GCR'
'MIS_PLA',  1,    3,' '
'MIS_NTR',  1,    1,' '
'MIS_STA',  1,  27759.00000000,' '
'MIS_END',  1,  30314.00000000,' '
'MIS_DUR',  1, 2.555000E+03,'days'
'ORB_HDR', -1,'Polar LEO'
'ORB_TYP', -1,'GEN'
'ORB_MJD',  1,  27759.00000000,' '
'ORB_YEA',  1, 2026,' '
'ORB_MON',  1,  1,' '
'ORB_DAY',  1,  1,' '
'ORB_HOU',  1,  0,' '
'ORB_MIN',  1,  0,' '
'ORB_SEC',  1,  0.0,' '
'ORB_APO',  1, 8.250000E+02,'km'
'ORB_PER',  1, 8.250000E+02,'km'
'ORB_INC',  1,    98.80,'deg'
'ORB_RAA',  1,     0.00,'deg'
'ORB_ARG',  1,     0.00,'deg'
'ORB_TRA',  1,     0.00,'deg'
'ORB_PRD',  1, 1.687500E+00,'hrs'
'ORB_DUR',  1, 3.000000E+01,'days'
'ORB_TSE',  1,  30314.00000000,' '
'ORB_AXM',  1,  2,' '
'ORB_MJR', -1,'1 Jan 1950, 00:00 UT'
'ORB_GDR', -1,'Astron. J. 66, 15, 1961'
'GCR_IEL',  1,  1,' '
'GCR_JEL',  1, 92,' '
'GCR_MOD', -1,'CREME96'
'GCR_IWI',  1,9677,' '
'GCR_IAC',  1,  0,' '
'GCR_IGC',  1,  1,' '
'GCR_IGV',  1,  1,' '
'GCR_IST',  1,  0,' '
'GCR_OMN',  1,  0,' '
'GCR_ABS', -1,'Energy'
'PLT_HDR', -1,'ion spectrum (GCR)'
'SPECIES', -92,'H ','He','Li','Be','B ','C ','N ','O ','F ','Ne','Na','Mg','Al','Si','P ','S ','Cl','Ar','K ','Ca','Sc','Ti','V ','Cr','Mn','Fe','Co','Ni','Cu','Zn','Ga','Ge','As','Se','Br','Kr','Rb','Sr','Y ','Zr','Nb','Mo','Tc','Ru','Rh','Pd','Ag','Cd','In','Sn','Sb','Te','I ','Xe','Cs','Ba','La','Ce','Pr','Nd','Pm','Sm','Eu','Gd','Tb','Dy','Ho','Er','Tm','Yb','Lu','Hf','Ta','W ','Re','Os','Ir','Pt','Au','Hg','Tl','Pb','Bi','Po','At','Rn','Fr','Ra','Ac','Th','Pa','U '
'PS Annotation',  8,  2
'Mission start: 01/01/2026 00:00:00'
 0.05, 0.00, 0.00
'Mission end: 30/12/2032 00:00:00'
 0.95, 0.00, 1.00
'Nr. of segments:   1'
 0.05, 1.50, 0.00
'Duration: 2555.00 days'
 0.95, 0.00, 1.00
'PS Annotation', 24,  1
'Segment  1: Polar LEO'
 0.05, 2.00, 0.00
'Apogee: 825.0 km'
 0.05, 1.50, 0.00
'Perigee: 825.0 km'
 0.50, 0.00, 0.50
'Inclination: 98.8 deg'
 0.95, 0.00, 1.00
'R.A. Asc. Node: 0.0 deg'
 0.05, 1.50, 0.00
'Arg. Per.: 0.0 deg'
 0.50, 0.00, 0.50
'True Anomaly: 0.0 deg'
 0.95, 0.00, 1.00
'Period: 1.69 hrs'
 0.05, 1.50, 0.00
'Duration: 30.00 days'
 0.50, 0.00, 0.50
'426.67 Orbits'
 0.95, 0.00, 1.00
'Orbit start: 01/01/2026 00:00:00'
 0.05, 1.50, 0.00
'Orbit end: 31/01/2026 00:00:00'
 0.95, 0.00, 1.00
'PS Annotation',  8,  0
'GCR model: CREME96'
 0.05, 1.50, 0.00
'Ion range: H  - U                     Interplanetary weather index: M =9677'
 0.05, 1.50, 0.00
'no propagation of flux'
 0.05, 1.50, 0.00
'Magnetic shielding on'
 0.05, 1.50, 0.00
'Energy','MeV/n', 1,'Energy'
'IFlux','m!u-2!n sr!u-1!n s!u-1!n', 92,'Integral Flux of ','SPECIES'
'DFlux','m!u-2!n sr!u-1!n s!u-1!n (MeV/n)!u-1!n', 92,'Differential Flux of ','SPECIES'
  1.0000E+00,  1.2602E+03,  1.3490E+02,  5.6563E-01,  3.2355E-01,  1.0398E+00,  3.5669E+00,  9.6666E-01,  3.5653E+00,  7.6916E-02,  5.8875E-01,  1.1385E-01,  7.2622E-01,  1.2786E-01,  5.2469E-01,  2.2461E-02,  1.0104E-01,  2.2579E-02,  4.8187E-02,  3.6488E-02,  9.4352E-02,  1.7430E-02,  5.7973E-02,  2.9732E-02,  6.0360E-02,  3.9310E-02,  4.0247E-01,  2.5100E-03,  1.9648E-02,  7.9329E-06,  7.9322E-06,  7.9368E-06,  7.9381E-06,  7.9381E-06,  7.9415E-06,  7.9390E-06,  7.9417E-06,  7.9407E-06,  7.9404E-06,  7.9388E-06,  7.9388E-06,  7.9379E-06,  7.9390E-06,  7.9373E-06,  7.9398E-06,  7.9392E-06,  7.9408E-06,  7.9398E-06,  7.9426E-06,  7.9426E-06,  7.9445E-06,  7.9453E-06,  7.9489E-06,  7.9457E-06,  7.9477E-06,  7.9469E-06,  7.9488E-06,  7.9480E-06,  7.9468E-06,  7.9453E-06,  7.9462E-06,  7.9447E-06,  7.9474E-06,  7.9467E-06,  7.9492E-06,  7.9484E-06,  7.9494E-06,  7.9493E-06,  7.9493E-06,  7.9486E-06,  7.9499E-06,  7.9495E-06,  7.9503E-06,  7.9502E-06,  7.9506E-06,  7.9505E-06,  7.9515E-06,  7.9512E-06,  7.9514E-06,  7.9510E-06,  7.9518E-06,  7.9526E-06,  7.9528E-06,  7.9523E-06,  7.9508E-06,  7.9498E-06,  7.9555E-06,  7.9546E-06,  7.9548E-06,  7.9539E-06,  7.9553E-06,  7.9533E-06,  7.9557E-06,  4.3070E+01,  2.3811E+00,  2.3828E-03,  1.2617E-04,  3.4700E-03,  4.7955E-02,  5.7080E-03,  5.2934E-02,  3.4801E-04,  8.8749E-03,  1.1113E-03,  1.0598E-02,  1.5173E-03,  6.3777E-03,  4.8268E-05,  4.7456E-04,  1.3788E-05,  1.3641E-04,  5.3731E-05,  9.5492E-04,  9.4444E-05,  3.7414E-04,  3.6664E-04,  6.2902E-04,  5.3700E-04,  2.8585E-03,  2.3663E-06,  1.0655E-04,  2.1385E-11,  2.1385E-11,  2.1385E-11,  2.1385E-11,  2.1385E-11,  2.1385E-11,  2.1385E-11,  2.1385E-11,  2.1385E-11,  2.1385E-11,  2.1385E-11,  2.1385E-11,  2.1385E-11,  2.1385E-11,  2.1385E-11,  2.1385E-11,  2.1385E-11,  2.1385E-11,  2.1385E-11,  2.1385E-11,  2.1385E-11,  2.1385E-11,  2.1385E-11,  2.1385E-11,  2.1385E-11,  2.1385E-11,  2.1385E-11,  2.1385E-11,  2.1385E-11,  2.1385E-11,  2.1385E-11,  2.1385E-11,  2.1385E-11,  2.1385E-11,  2.1385E-11,  2.1385E-11,  2.1385E-11,  2.1385E-11,  2.1385E-11,  2.1385E-11,  2.1385E-11,  2.1385E-11,  2.1385E-11,  2.1385E-11,  2.1385E-11,  2.1385E-11,  2.1385E-11,  2.1385E-11,  2.1385E-11,  2.1385E-11,  2.1385E-11,  2.1385E-11,  2.1385E-11,  2.1385E-11,  2.1385E-11,  2.1385E-11,  2.1385E-11,  2.1385E-11,  2.1385E-11,  2.1385E-11,  2.1385E-11,  2.1385E-11,  2.1385E-11,  2.1385E-11
  1.1000E+00,  1.2555E+03,  1.3465E+02,  5.6538E-01,  3.2353E-01,  1.0395E+00,  3.5619E+00,  9.6605E-01,  3.5597E+00,  7.6879E-02,  5.8781E-01,  1.1374E-01,  7.2510E-01,  1.2770E-01,  5.2401E-01,  2.2455E-02,  1.0099E-01,  2.2578E-02,  4.8173E-02,  3.6482E-02,  9.4251E-02,  1.7420E-02,  5.7934E-02,  2.9694E-02,  6.0294E-02,  3.9253E-02,  4.0217E-01,  2.5098E-03,  1.9637E-02,  7.9329E-06,  7.9322E-06,  7.9368E-06,  7.9381E-06,  7.9381E-06,  7.9415E-06,  7.9390E-06,  7.9417E-06,  7.9407E-06,  7.9404E-06,  7.9388E-06,  7.9388E-06,  7.9379E-06,  7.9390E-06,  7.9373E-06,  7.9398E-06,  7.9392E-06,  7.9408E-06,  7.9398E-06,  7.9426E-06,  7.9426E-06,  7.9445E-06,  7.9453E-06,  7.9489E-06,  7.9456E-06,  7.9477E-06,  7.9469E-06,  7.9488E-06,  7.9480E-06,  7.9468E-06,  7.9453E-06,  7.9462E-06,  7.9447E-06,  7.9474E-06,  7.9467E-06,  7.9491E-06,  7.9484E-06,  7.9494E-06,  7.9493E-06,  7.9493E-06,  7.9486E-06,  7.9499E-06,  7.9495E-06,  7.9503E-06,  7.9502E-06,  7.9506E-06,  7.9505E-06,  7.9515E-06,  7.9512E-06,  7.9514E-06,  7.9510E-06,  7.9518E-06,  7.9526E-06,  7.9527E-06,  7.9523E-06,  7.9508E-06,  7.9498E-06,  7.9555E-06,  7.9546E-06,  7.9548E-06,  7.9539E-06,  7.9553E-06,  7.9533E-06,  7.9557E-06,  4.9985E+01,  2.6353E+00,  2.6704E-03,  1.4779E-04,  3.9415E-03,  5.3327E-02,  6.4444E-03,  5.8691E-02,  3.9398E-04,  9.8321E-03,  1.2411E-03,  1.1748E-02,  1.6872E-03,  7.0923E-03,  5.5375E-05,  5.3659E-04,  1.6149E-05,  1.4859E-04,  6.2110E-05,  1.0670E-03,  1.0631E-04,  4.1972E-04,  4.0604E-04,  6.9922E-04,  5.9218E-04,  3.1870E-03,  2.7312E-06,  1.1955E-04,  2.1385E-11,  2.1385E-11,  2.1385E-11,  2.1385E-11,  2.1385E-11,  2.1385E-11,  2.1385E-11,  2.1385E-11,  2.1385E-11,  2.1385E-11,  2.1385E-11,  2.1385E-11,  2.1385E-11,  2.1385E-11,  2.1385E-11,  2.1385E-11,  2.1385E-11,  2.1385E-11,  2.1385E-11,  2.1385E-11,  2.1385E-11,  2.1385E-11,  2.1385E-11,  2.1385E-11,  2.1385E-11,  2.1385E-11,  2.1385E-11,  2.1385E-11,  2.1385E-11,  2.1385E-11,  2.1385E-11,  2.1385E-11,  2.1385E-11,  2.1385E-11,  2.1385E-11,  2.1385E-11,  2.1385E-11,  2.1385E-11,  2.1385E-11,  2.1385E-11,  2.1385E-11,  2.1385E-11,  2.1385E-11,  2.1385E-11,  2.1385E-11,  2.1385E-11,  2.1385E-11,  2.1385E-11,  2.1385E-11,  2.1385E-11,  2.1385E-11,  2.1385E-11,  2.1385E-11,  2.1385E-11,  2.1385E-11,  2.1385E-11,  2.1385E-11,  2.1385E-11,  2.1385E-11,  2.1385E-11,  2.1385E-11,  2.1385E-11,  2.1385E-11,  2.1385E-11
  1.2000E+00,  1.2510E+03,  1.3441E+02,  5.6513E-01,  3.2352E-01,  1.0391E+00,  3.5570E+00,  9.6545E-01,  3.5543E+00,  7.6842E-02,  5.8689E-01,  1.1362E-01,  7.2402E-01,  1.2755E-01,  5.2336E-01,  2.2450E-02,  1.0094E-01,  2.2576E-02,  4.8158E-02,  3.6477E-02,  9.4153E-02,  1.7410E-02,  5.7895E-02,  2.9656E-02,  6.0229E-02,  3.9199E-02,  4.0187E-01,  2.5095E-03,  1.9625E-02,  7.9329E-06,  7.9322E-06,  7.9368E-06,  7.9381E-06,  7.9381E-06,  7.9415E-06,  7.9390E-06,  7.9417E-06,  7.9407E-06,  7.9404E-06,  7.9388E-06,  7.9388E-06,  7.9379E-06,  7.9390E-06,  7.9372E-06,  7.9398E-06,  7.9392E-06,  7.9408E-06,  7.9398E-06,  7.9426E-06,  7.9426E-06,  7.9445E-06,  7.9453E-06,  7.9489E-06,  7.9456E-06,  7.9477E-06,  7.9469E-06,  7.9488E-06,  7.9480E-06,  7.9468E-06,  7.9453E-06,  7.9462E-06,  7.9447E-06,  7.9474E-06,  7.9467E-06,  7.9491E-06,  7.9484E-06,  7.9494E-06,  7.9493E-06,  7.9493E-06,  7.9486E-06,  7.9499E-06,  7.9495E-06,  7.9503E-06,  7.9502E-06,  7.9506E-06,  7.9505E-06,  7.9515E-06,  7.9512E-06,  7.9514E-06,  7.9510E-06,  7.9518E-06,  7.9526E-06,  7.9527E-06,  7.9523E-06,  7.9508E-06,  7.9498E-06,  7.9555E-06,  7.9546E-06,  7.9548E-06,  7.9539E-06,  7.9553E-06,  7.9533E-06,  7.9557E-06,  3.9838E+01,  2.2143E+00,  2.3094E-03,  1.3270E-04,  3.4234E-03,  4.4982E-02,  5.5889E-03,  5.0059E-02,  3.4017E-04,  8.6891E-03,  1.0570E-03,  9.8960E-03,  1.4300E-03,  5.9821E-03,  4.8260E-05,  4.5952E-04,  1.4362E-05,  1.5467E-04,  5.4456E-05,  9.0385E-04,  9.1488E-05,  3.6082E-04,  3.4567E-04,  5.9568E-04,  5.0170E-04,  2.7191E-03,  2.4103E-06,  1.0228E-04,  2.1385E-11,  2.1385E-11,  2.1385E-11,  2.1385E-11,  2.1385E-11,  2.1385E-11,  2.1385E-11,  2.1385E-11,  2.1385E-11,  2.1385E-11,  2.1385E-11,  2.1385E-11,  2.1385E-11,  2.1385E-11,  2.1385E-11,  2.1385E-11,  2.1385E-11,  2.1385E-11,  2.1385E-11,  2.1385E-11,  2.1385E-11,  2.1385E-11,  2.1385E-11,  2.1385E-11,  2.1385E-11,  2.1385E-11,  2.1385E-11,  2.1385E-11,  2.1385E-11,  2.1385E-11,  2.1385E-11,  2.1385E-11,  2.1385E-11,  2.1385E-11,  2.1385E-11,  2.1385E-11,  2.1385E-11,  2.1385E-11,  2.1385E-11,  2.1385E-11,  2.1385E-11,  2.1385E-11,  2.1385E-11,  2.1385E-11,  2.1385E-11,  2.1385E-11,  2.1385E-11,  2.1385E-11,  2.1385E-11,  2.1385E-11,  2.1385E-11,  2.1385E-11,  2.1385E-11,  2.1385E-11,  2.1385E-11,  2.1385E-11,  2.1385E-11,  2.1385E-11,  2.1385E-11,  2.1385E-11,  2.1385E-11,  2.1385E-11,  2.1385E-11,  2.1385E-11
  1.4000E+00,  1.2445E+03,  1.3403E+02,  5.6472E-01,  3.2349E-01,  1.0385E+00,  3.5492E+00,  9.6446E-01,  3.5455E+00,  7.6783E-02,  5.8531E-01,  1.1344E-01,  7.2231E-01,  1.2730E-01,  5.2233E-01,  2.2442E-02,  1.0086E-01,  2.2574E-02,  4.8126E-02,  3.6467E-02,  9.3996E-02,  1.7394E-02,  5.7831E-02,  2.9596E-02,  6.0125E-02,  3.9112E-02,  4.0140E-01,  2.5091E-03,  1.9608E-02,  7.9329E-06,  7.9322E-06,  7.9368E-06,  7.9381E-06,  7.9381E-06,  7.9415E-06,  7.9390E-06,  7.9417E-06,  7.9407E-06,  7.9404E-06,  7.9388E-06,  7.9388E-06,  7.9379E-06,  7.9390E-06,  7.9372E-06,  7.9398E-06,  7.9392E-06,  7.9408E-06,  7.9398E-06,  7.9426E-06,  7.9426E-06,  7.9445E-06,  7.9453E-06,  7.9489E-06,  7.9456E-06,  7.9477E-06,  7.9469E-06,  7.9488E-06,  7.9480E-06,  7.9468E-06,  7.9453E-06,  7.9462E-06,  7.9447E-06,  7.9474E-06,  7.9467E-06,  7.9491E-06,  7.9484E-06,  7.9494E-06,  7.9493E-06,  7.9493E-06,  7.9486E-06,  7.9499E-06,  7.9495E-06,  7.9503E-06,  7.9502E-06,  7.9506E-06,  7.9505E-06,  7.9515E-06,  7.9512E-06,  7.9514E-06,  7.9510E-06,  7.9518E-06,  7.9526E-06,  7.9527E-06,  7.9523E-06,  7.9507E-06,  7.9498E-06,  7.9555E-06,  7.9546E-06,  7.9548E-06,  7.9539E-06,  7.9553E-06,  7.9533E-06,  7.9557E-06,  2.5899E+01,  1.5989E+00,  1.7570E-03,  1.0787E-04,  2.6220E-03,  3.2686E-02,  4.3066E-03,  3.7500E-02,  2.5772E-04,  7.0627E-03,  7.8154E-04,  7.1741E-03,  1.0483E-03,  4.3459E-03,  3.7166E-05,  3.4295E-04,  1.1466E-05,  1.6568E-04,  4.2383E-05,  6.6169E-04,  6.8932E-05,  2.7139E-04,  2.5564E-04,  4.4094E-04,  3.6780E-04,  2.0180E-03,  1.8992E-06,  7.6244E-05,  2.1385E-11,  2.1385E-11,  2.1385E-11,  2.1385E-11,  2.1385E-11,  2.1385E-11,  2.1385E-11,  2.1385E-11,  2.1385E-11,  2.1385E-11,  2.1385E-11,  2.1385E-11,  2.1385E-11,  2.1385E-11,  2.1385E-11,  2.1385E-11,  2.1385E-11,  2.1385E-11,  2.1385E-11,  2.1385E-11,  2.1385E-11,  2.1385E-11,  2.1385E-11,  2.1385E-11,  2.1385E-11,  2.1385E-11,  2.1385E-11,  2.1385E-11,  2.1385E-11,  2.1385E-11,  2.1385E-11,  2.1385E-11,  2.1385E-11,  2.1385E-11,  2.1385E-11,  2.1385E-11,  2.1385E-11,  2.1385E-11,  2.1385E-11,  2.1385E-11,  2.1385E-11,  2.1385E-11,  2.1385E-11,  2.1385E-11,  2.1385E-11,  2.1385E-11,  2.1385E-11,  2.1385E-11,  2.1385E-11,  2.1385E-11,  2.1385E-11,  2.1385E-11,  2.1385E-11,  2.1385E-11,  2.1385E-11,  2.1385E-11,  2.1385E-11,  2.1385E-11,  2.1385E-11,  2.1385E-11,  2.1385E-11,  2.1385E-11,  2.1385E-11,  2.1385E-11
  1.6000E+00,  1.2401E+03,  1.3375E+02,  5.6441E-01,  3.2347E-01,  1.0380E+00,  3.5435E+00,  9.6369E-01,  3.5389E+00,  7.6737E-02,  5.8400E-01,  1.1330E-01,  7.2106E-01,  1.2711E-01,  5.2157E-01,  2.2435E-02,  1.0080E-01,  2.2572E-02,  4.8092E-02,  3.6459E-02,  9.3880E-02,  1.7381E-02,  5.7783E-02,  2.9551E-02,  6.0048E-02,  3.9047E-02,  4.0104E-01,  2.5087E-03,  1.9594E-02,  7.9329E-06,  7.9322E-06,  7.9368E-06,  7.9381E-06,  7.9381E-06,  7.9415E-06,  7.9390E-06,  7.9417E-06,  7.9407E-06,  7.9404E-06,  7.9387E-06,  7.9388E-06,  7.9379E-06,  7.9390E-06,  7.9372E-06,  7.9397E-06,  7.9392E-06,  7.9408E-06,  7.9398E-06,  7.9426E-06,  7.9426E-06,  7.9445E-06,  7.9453E-06,  7.9489E-06,  7.9456E-06,  7.9477E-06,  7.9469E-06,  7.9488E-06,  7.9480E-06,  7.9468E-06,  7.9453E-06,  7.9461E-06,  7.9446E-06,  7.9474E-06,  7.9467E-06,  7.9491E-06,  7.9484E-06,  7.9494E-06,  7.9493E-06,  7.9493E-06,  7.9486E-06,  7.9499E-06,  7.9495E-06,  7.9503E-06,  7.9502E-06,  7.9506E-06,  7.9505E-06,  7.9515E-06,  7.9512E-06,  7.9514E-06,  7.9510E-06,  7.9518E-06,  7.9526E-06,  7.9527E-06,  7.9523E-06,  7.9507E-06,  7.9498E-06,  7.9555E-06,  7.9546E-06,  7.9548E-06,  7.9539E-06,  7.9553E-06,  7.9533E-06,  7.9557E-06,  1.7517E+01,  1.1952E+00,  1.3753E-03,  8.9379E-05,  2.0628E-03,  2.4551E-02,  3.4495E-03,  2.9370E-02,  2.0082E-04,  6.0575E-03,  5.9619E-04,  5.3779E-03,  7.9373E-04,  3.2635E-03,  2.9365E-05,  2.6359E-04,  9.3479E-06,  1.7500E-04,  3.3793E-05,  5.0019E-04,  5.3459E-05,  2.1021E-04,  1.9514E-04,  3.3679E-04,  2.7863E-04,  1.5447E-03,  1.5314E-06,  5.8575E-05,  2.1385E-11,  2.1385E-11,  2.1385E-11,  2.1385E-11,  2.1385E-11,  2.1385E-11,  2.1385E-11,  2.1385E-11,  2.1385E-11,  2.1385E-11,  2.1385E-11,  2.1385E-11,  2.1385E-11,  2.1385E-11,  2.1385E-11,  2.1385E-11,  2.1385E-11,  2.1385E-11,  2.1385E-11,  2.1385E-11,  2.1385E-11,  2.1385E-11,  2.1385E-11,  2.1385E-11,  2.1385E-11,  2.1385E-11,  2.1385E-11,  2.1385E-11,  2.1385E-11,  2.1385E-11,  2.1385E-11,  2.1385E-11,  2.1385E-11,  2.1385E-11,  2.1385E-11,  2.1385E-11,  2.1385E-11,  2.1385E-11,  2.1385E-11,  2.1385E-11,  2.1385E-11,  2.1385E-11,  2.1385E-11,  2.1385E-11,  2.1385E-11,  2.1385E-11,  2.1385E-11,  2.1385E-11,  2.1385E-11,  2.1385E-11,  2.1385E-11,  2.1385E-11,  2.1385E-11,  2.1385E-11,  2.1385E-11,  2.1385E-11,  2.1385E-11,  2.1385E-11,  2.1385E-11,  2.1385E-11,  2.1385E-11,  2.1385E-11,  2.1385E-11,  2.1385E-11
  1.8000E+00,  1.2371E+03,  1.3354E+02,  5.6416E-01,  3.2346E-01,  1.0377E+00,  3.5391E+00,  9.6306E-01,  3.5335E+00,  7.6701E-02,  5.8285E-01,  1.1319E-01,  7.2010E-01,  1.2697E-01,  5.2099E-01,  2.2430E-02,  1.0075E-01,  2.2570E-02,  4.8056E-02,  3.6453E-02,  9.3791E-02,  1.7372E-02,  5.7746E-02,  2.9516E-02,  5.9988E-02,  3.8998E-02,  4.0077E-01,  2.5085E-03,  1.9584E-02,  7.9329E-06,  7.9322E-06,  7.9368E-06,  7.9381E-06,  7.9381E-06,  7.9415E-06,  7.9390E-06,  7.9417E-06,  7.9407E-06,  7.9403E-06,  7.9387E-06,  7.9388E-06,  7.9379E-06,  7.9390E-06,  7.9372E-06,  7.9397E-06,  7.9392E-06,  7.9408E-06,  7.9398E-06,  7.9426E-06,  7.9426E-06,  7.9445E-06,  7.9453E-06,  7.9489E-06,  7.9456E-06,  7.9477E-06,  7.9469E-06,  7.9488E-06,  7.9480E-06,  7.9468E-06,  7.9453E-06,  7.9461E-06,  7.9446E-06,  7.9474E-06,  7.9467E-06,  7.9491E-06,  7.9484E-06,  7.9494E-06,  7.9493E-06,  7.9493E-06,  7.9486E-06,  7.9499E-06,  7.9495E-06,  7.9503E-06,  7.9502E-06,  7.9506E-06,  7.9505E-06,  7.9515E-06,  7.9512E-06,  7.9514E-06,  7.9510E-06,  7.9517E-06,  7.9526E-06,  7.9527E-06,  7.9523E-06,  7.9507E-06,  7.9498E-06,  7.9555E-06,  7.9546E-06,  7.9548E-06,  7.9539E-06,  7.9553E-06,  7.9533E-06,  7.9557E-06,  1.2249E+01,  9.1947E-01,  1.1018E-03,  7.5304E-05,  1.6598E-03,  1.8950E-02,  2.8588E-03,  2.3919E-02,  1.6015E-04,  5.4237E-03,  4.6662E-04,  4.1439E-03,  6.1708E-04,  2.5180E-03,  2.3702E-05,  2.0761E-04,  7.7572E-06,  1.8235E-04,  2.7495E-05,  3.8822E-04,  4.2465E-05,  1.6684E-04,  1.5292E-04,  2.6404E-04,  2.1688E-04,  1.2133E-03,  1.2594E-06,  4.6132E-05,  2.1385E-11,  2.1385E-11,  2.1385E-11,  2.1385E-11,  2.1385E-11,  2.1385E-11,  2.1385E-11,  2.1385E-11,  2.1385E-11,  2.1385E-11,  2.1385E-11,  2.1385E-11,  2.1385E-11,  2.1385E-11,  2.1385E-11,  2.1385E-11,  2.1385E-11,  2.1385E-11,  2.1385E-11,  2.1385E-11,  2.1385E-11,  2.1385E-11,  2.1385E-11,  2.1385E-11,  2.1385E-11,  2.1385E-11,  2.1385E-11,  2.1385E-11,  2.1385E-11,  2.1385E-11,  2.1385E-11,  2.1385E-11,  2.1385E-11,  2.1385E-11,  2.1385E-11,  2.1385E-11,  2.1385E-11,  2.1385E-11,  2.1385E-11,  2.1385E-11,  2.1385E-11,  2.1385E-11,  2.1385E-11,  2.1385E-11,  2.1385E-11,  2.1385E-11,  2.1385E-11,  2.1385E-11,  2.1385E-11,  2.1385E-11,  2.1385E-11,  2.1385E-11,  2.1385E-11,  2.1385E-11,  2.1385E-11,  2.1385E-11,  2.1385E-11,  2.1385E-11,  2.1385E-11,  2.1385E-11,  2.1385E-11,  2.1385E-11,  2.1385E-11,  2.1385E-11
  2.0000E+00,  1.2350E+03,  1.3337E+02,  5.6396E-01,  3.2344E-01,  1.0374E+00,  3.5357E+00,  9.6253E-01,  3.5291E+00,  7.6672E-02,  5.8181E-01,  1.1311E-01,  7.1936E-01,  1.2686E-01,  5.2054E-01,  2.2425E-02,  1.0072E-01,  2.2568E-02,  4.8019E-02,  3.6448E-02,  9.3722E-02,  1.7364E-02,  5.7715E-02,  2.9489E-02,  5.9940E-02,  3.8959E-02,  4.0055E-01,  2.5082E-03,  1.9575E-02,  7.9328E-06,  7.9322E-06,  7.9368E-06,  7.9381E-06,  7.9381E-06,  7.9415E-06,  7.9390E-06,  7.9417E-06,  7.9407E-06,  7.9403E-06,  7.9387E-06,  7.9388E-06,  7.9379E-06,  7.9390E-06,  7.9372E-06,  7.9397E-06,  7.9392E-06,  7.9408E-06,  7.9398E-06,  7.9426E-06,  7.9426E-06,  7.9445E-06,  7.9453E-06,  7.9489E-06,  7.9456E-06,  7.9477E-06,  7.9469E-06,  7.9488E-06,  7.9480E-06,  7.9468E-06,  7.9453E-06,  7.9461E-06,  7.9446E-06,  7.9474E-06,  7.9467E-06,  7.9491E-06,  7.9484E-06,  7.9494E-06,  7.9493E-06,  7.9493E-06,  7.9486E-06,  7.9499E-06,  7.9495E-06,  7.9503E-06,  7.9502E-06,  7.9506E-06,  7.9504E-06,  7.9515E-06,  7.9512E-06,  7.9514E-06,  7.9510E-06,  7.9517E-06,  7.9526E-06,  7.9527E-06,  7.9523E-06,  7.9507E-06,  7.9498E-06,  7.9554E-06,  7.9546E-06,  7.9548E-06,  7.9539E-06,  7.9553E-06,  7.9533E-06,  7.9557E-06,  8.8055E+00,  7.2453E-01,  9.0005E-04,  6.4331E-05,  1.3604E-03,  1.4963E-02,  2.4415E-03,  2.0160E-02,  1.3026E-04,  5.0204E-03,  3.7320E-04,  3.2665E-03,  4.9059E-04,  1.9873E-03,  1.9486E-05,  1.6689E-04,  6.5378E-06,  1.8764E-04,  2.2766E-05,  3.0798E-04,  3.4415E-05,  1.3508E-04,  1.2242E-04,  2.1143E-04,  1.7257E-04,  9.7306E-04,  1.0526E-06,  3.7103E-05,  2.1385E-11,  2.1385E-11,  2.1385E-11,  2.1385E-11,  2.1385E-11,  2.1385E-11,  2.1385E-11,  2.1385E-11,  2.1385E-11,  2.1385E-11,  2.1385E-11,  2.1385E-11,  2.1385E-11,  2.1385E-11,  2.1385E-11,  2.1385E-11,  2.1385E-11,  2.1385E-11,  2.1385E-11,  2.1385E-11,  2.1385E-11,  2.1385E-11,  2.1385E-11,  2.1385E-11,  2.1385E-11,  2.1385E-11,  2.1385E-11,  2.1385E-11,  2.1385E-11,  2.1385E-11,  2.1385E-11,  2.1385E-11,  2.1385E-11,  2.1385E-11,  2.1385E-11,  2.1385E-11,  2.1385E-11,  2.1385E-11,  2.1385E-11,  2.1385E-11,  2.1385E-11,  2.1385E-11,  2.1385E-11,  2.1385E-11,  2.1385E-11,  2.1385E-11,  2.1385E-11,  2.1385E-11,  2.1385E-11,  2.1385E-11,  2.1385E-11,  2.1385E-11,  2.1385E-11,  2.1385E-11,  2.1385E-11,  2.1385E-11,  2.1385E-11,  2.1385E-11,  2.1385E-11,  2.1385E-11,  2.1385E-11,  2.1385E-11,  2.1385E-11,  2.1385E-11
  2.2000E+00,  1.2335E+03,  1.3324E+02,  5.6380E-01,  3.2343E-01,  1.0371E+00,  3.5330E+00,  9.6207E-01,  3.5254E+00,  7.6648E-02,  5.8083E-01,  1.1304E-01,  7.1877E-01,  1.2677E-01,  5.2018E-01,  2.2422E-02,  1.0069E-01,  2.2567E-02,  4.7981E-02,  3.6444E-02,  9.3666E-02,  1.7358E-02,  5.7691E-02,  2.9466E-02,  5.9902E-02,  3.8927E-02,  4.0037E-01,  2.5080E-03,  1.9569E-02,  7.9328E-06,  7.9322E-06,  7.9367E-06,  7.9381E-06,  7.9381E-06,  7.9415E-06,  7.9389E-06,  7.9417E-06,  7.9407E-06,  7.9403E-06,  7.9387E-06,  7.9388E-06,  7.9379E-06,  7.9390E-06,  7.9372E-06,  7.9397E-06,  7.9392E-06,  7.9408E-06,  7.9398E-06,  7.9426E-06,  7.9426E-06,  7.9445E-06,  7.9453E-06,  7.9489E-06,  7.9456E-06,  7.9477E-06,  7.9469E-06,  7.9488E-06,  7.9480E-06,  7.9468E-06,  7.9453E-06,  7.9461E-06,  7.9446E-06,  7.9474E-06,  7.9467E-06,  7.9491E-06,  7.9484E-06,  7.9494E-06,  7.9493E-06,  7.9493E-06,  7.9486E-06,  7.9499E-06,  7.9495E-06,  7.9503E-06,  7.9502E-06,  7.9506E-06,  7.9504E-06,  7.9515E-06,  7.9511E-06,  7.9514E-06,  7.9510E-06,  7.9517E-06,  7.9526E-06,  7.9527E-06,  7.9523E-06,  7.9507E-06,  7.9498E-06,  7.9554E-06,  7.9546E-06,  7.9548E-06,  7.9539E-06,  7.9553E-06,  7.9533E-06,  7.9557E-06,  6.4922E+00,  5.8329E-01,  7.4770E-04,  5.5644E-05,  1.1332E-03,  1.2054E-02,  2.1422E-03,  1.7525E-02,  1.0773E-04,  4.7651E-03,  3.0397E-04,  2.6271E-03,  3.9739E-04,  1.5999E-03,  1.6271E-05,  1.3661E-04,  5.5832E-06,  1.9085E-04,  1.9130E-05,  2.4912E-04,  2.8373E-05,  1.1129E-04,  9.9850E-05,  1.7246E-04,  1.3998E-04,  7.9483E-04,  8.9250E-07,  3.0374E-05,  2.1385E-11,  2.1385E-11,  2.1385E-11,  2.1385E-11,  2.1385E-11,  2.1385E-11,  2.1385E-11,  2.1385E-11,  2.1385E-11,  2.1385E-11,  2.1385E-11,  2.1385E-11,  2.1385E-11,  2.1385E-11,  2.1385E-11,  2.1385E-11,  2.1385E-11,  2.1385E-11,  2.1385E-11,  2.1385E-11,  2.1385E-11,  2.1385E-11,  2.1385E-11,  2.1385E-11,  2.1385E-11,  2.1385E-11,  2.1385E-11,  2.1385E-11,  2.1385E-11,  2.1385E-11,  2.1385E-11,  2.1385E-11,  2.1385E-11,  2.1385E-11,  2.1385E-11,  2.1385E-11,  2.1385E-11,  2.1385E-11,  2.1385E-11,  2.1385E-11,  2.1385E-11,  2.1385E-11,  2.1385E-11,  2.1385E-11,  2.1385E-11,  2.1385E-11,  2.1385E-11,  2.1385E-11,  2.1385E-11,  2.1385E-11,  2.1385E-11,  2.1385E-11,  2.1385E-11,  2.1385E-11,  2.1385E-11,  2.1385E-11,  2.1385E-11,  2.1385E-11,  2.1385E-11,  2.1385E-11,  2.1385E-11,  2.1385E-11,  2.1385E-11,  2.1385E-11
  2.5000E+00,  1.2319E+03,  1.3309E+02,  5.6360E-01,  3.2342E-01,  1.0368E+00,  3.5299E+00,  9.6147E-01,  3.5205E+00,  7.6619E-02,  5.7943E-01,  1.1296E-01,  7.1809E-01,  1.2667E-01,  5.1976E-01,  2.2417E-02,  1.0065E-01,  2.2566E-02,  4.7924E-02,  3.6439E-02,  9.3600E-02,  1.7350E-02,  5.7661E-02,  2.9440E-02,  5.9856E-02,  3.8891E-02,  4.0016E-01,  2.5078E-03,  1.9561E-02,  7.9328E-06,  7.9322E-06,  7.9367E-06,  7.9380E-06,  7.9381E-06,  7.9415E-06,  7.9389E-06,  7.9417E-06,  7.9407E-06,  7.9403E-06,  7.9387E-06,  7.9388E-06,  7.9379E-06,  7.9390E-06,  7.9372E-06,  7.9397E-06,  7.9392E-06,  7.9408E-06,  7.9397E-06,  7.9425E-06,  7.9426E-06,  7.9445E-06,  7.9453E-06,  7.9489E-06,  7.9456E-06,  7.9477E-06,  7.9469E-06,  7.9488E-06,  7.9480E-06,  7.9468E-06,  7.9453E-06,  7.9461E-06,  7.9446E-06,  7.9474E-06,  7.9467E-06,  7.9491E-06,  7.9484E-06,  7.9493E-06,  7.9493E-06,  7.9493E-06,  7.9486E-06,  7.9498E-06,  7.9495E-06,  7.9503E-06,  7.9502E-06,  7.9506E-06,  7.9504E-06,  7.9515E-06,  7.9511E-06,  7.9514E-06,  7.9510E-06,  7.9517E-06,  7.9525E-06,  7.9527E-06,  7.9523E-06,  7.9507E-06,  7.9498E-06,  7.9554E-06,  7.9545E-06,  7.9548E-06,  7.9539E-06,  7.9553E-06,  7.9533E-06,  7.9557E-06,  4.2727E+00,  4.3572E-01,  5.8167E-04,  4.5687E-05,  8.8446E-04,  8.9898E-03,  1.8380E-03,  1.4909E-02,  8.3260E-05,  4.5491E-03,  2.3015E-04,  1.9544E-03,  2.9868E-04,  1.1918E-03,  1.2735E-05,  1.0406E-04,  4.5040E-06,  1.9196E-04,  1.5101E-05,  1.8676E-04,  2.1839E-05,  8.5593E-05,  7.5768E-05,  1.3087E-04,  1.0542E-04,  6.0425E-04,  7.1338E-07,  2.3157E-05,  2.1385E-11,  2.1385E-11,  2.1385E-11,  2.1385E-11,  2.1385E-11,  2.1385E-11,  2.1385E-11,  2.1385E-11,  2.1385E-11,  2.1385E-11,  2.1385E-11,  2.1385E-11,  2.1385E-11,  2.1385E-11,  2.1385E-11,  2.1385E-11,  2.1385E-11,  2.1385E-11,  2.1385E-11,  2.1385E-11,  2.1385E-11,  2.1385E-11,  2.1385E-11,  2.1385E-11,  2.1385E-11,  2.1385E-11,  2.1385E-11,  2.1385E-11,  2.1385E-11,  2.1385E-11,  2.1385E-11,  2.1385E-11,  2.1385E-11,  2.1385E-11,  2.1385E-11,  2.1385E-11,  2.1385E-11,  2.1385E-11,  2.1385E-11,  2.1385E-11,  2.1385E-11,  2.1385E-11,  2.1385E-11,  2.1385E-11,  2.1385E-11,  2.1385E-11,  2.1385E-11,  2.1385E-11,  2.1385E-11,  2.1385E-11,  2.1385E-11,  2.1385E-11,  2.1385E-11,  2.1385E-11,  2.1385E-11,  2.1385E-11,  2.1385E-11,  2.1385E-11,  2.1385E-11,  2.1385E-11,  2.1385E-11,  2.1385E-11,  2.1385E-11,  2.1385E-11
  2.8000E+00,  1.2308E+03,  1.3297E+02,  5.6344E-01,  3.2340E-01,  1.0366E+00,  3.5275E+00,  9.6095E-01,  3.5163E+00,  7.6597E-02,  5.7808E-01,  1.1290E-01,  7.1757E-01,  1.2659E-01,  5.1944E-01,  2.2414E-02,  1.0062E-01,  2.2564E-02,  4.7867E-02,  3.6435E-02,  9.3551E-02,  1.7345E-02,  5.7638E-02,  2.9420E-02,  5.9821E-02,  3.8862E-02,  4.0000E-01,  2.5076E-03,  1.9554E-02,  7.9328E-06,  7.9322E-06,  7.9367E-06,  7.9380E-06,  7.9381E-06,  7.9414E-06,  7.9389E-06,  7.9417E-06,  7.9407E-06,  7.9403E-06,  7.9387E-06,  7.9388E-06,  7.9379E-06,  7.9390E-06,  7.9372E-06,  7.9397E-06,  7.9392E-06,  7.9408E-06,  7.9397E-06,  7.9425E-06,  7.9426E-06,  7.9444E-06,  7.9453E-06,  7.9489E-06,  7.9456E-06,  7.9477E-06,  7.9469E-06,  7.9488E-06,  7.9480E-06,  7.9468E-06,  7.9453E-06,  7.9461E-06,  7.9446E-06,  7.9474E-06,  7.9466E-06,  7.9491E-06,  7.9484E-06,  7.9493E-06,  7.9493E-06,  7.9492E-06,  7.9486E-06,  7.9498E-06,  7.9495E-06,  7.9502E-06,  7.9502E-06,  7.9506E-06,  7.9504E-06,  7.9515E-06,  7.9511E-06,  7.9514E-06,  7.9510E-06,  7.9517E-06,  7.9525E-06,  7.9527E-06,  7.9523E-06,  7.9507E-06,  7.9498E-06,  7.9554E-06,  7.9545E-06,  7.9548E-06,  7.9539E-06,  7.9553E-06,  7.9533E-06,  7.9557E-06,  2.9294E+00,  3.3719E-01,  4.6511E-04,  3.8318E-05,  7.0907E-04,  6.9232E-03,  1.6460E-03,  1.3303E-02,  6.6162E-05,  4.4465E-03,  1.7958E-04,  1.5013E-03,  2.3154E-04,  9.1644E-04,  1.0234E-05,  8.1606E-05,  3.7175E-06,  1.8907E-04,  1.2226E-05,  1.4442E-04,  1.7294E-05,  6.7735E-05,  5.9252E-05,  1.0234E-04,  8.1902E-05,  4.7326E-04,  5.8418E-07,  1.8180E-05,  2.1385E-11,  2.1385E-11,  2.1385E-11,  2.1385E-11,  2.1385E-11,  2.1385E-11,  2.1385E-11,  2.1385E-11,  2.1385E-11,  2.1385E-11,  2.1385E-11,  2.1385E-11,  2.1385E-11,  2.1385E-11,  2.1385E-11,  2.1385E-11,  2.1385E-11,  2.1385E-11,  2.1385E-11,  2.1385E-11,  2.1385E-11,  2.1385E-11,  2.1385E-11,  2.1385E-11,  2.1385E-11,  2.1385E-11,  2.1385E-11,  2.1385E-11,  2.1385E-11,  2.1385E-11,  2.1385E-11,  2.1385E-11,  2.1385E-11,  2.1385E-11,  2.1385E-11,  2.1385E-11,  2.1385E-11,  2.1385E-11,  2.1385E-11,  2.1385E-11,  2.1385E-11,  2.1385E-11,  2.1385E-11,  2.1385E-11,  2.1385E-11,  2.1385E-11,  2.1385E-11,  2.1385E-11,  2.1385E-11,  2.1385E-11,  2.1385E-11,  2.1385E-11,  2.1385E-11,  2.1385E-11,  2.1385E-11,  2.1385E-11,  2.1385E-11,  2.1385E-11,  2.1385E-11,  2.1385E-11,  2.1385E-11,  2.1385E-11,  2.1385E-11,  2.1385E-11
  3.2000E+00,  1.2299E+03,  1.3286E+02,  5.6328E-01,  3.2339E-01,  1.0363E+00,  3.5251E+00,  9.6032E-01,  3.5112E+00,  7.6573E-02,  5.7632E-01,  1.1284E-01,  7.1705E-01,  1.2651E-01,  5.1913E-01,  2.2410E-02,  1.0059E-01,  2.2563E-02,  4.7793E-02,  3.6430E-02,  9.3501E-02,  1.7338E-02,  5.7614E-02,  2.9399E-02,  5.9785E-02,  3.8834E-02,  3.9983E-01,  2.5074E-03,  1.9548E-02,  7.9328E-06,  7.9322E-06,  7.9367E-06,  7.9380E-06,  7.9381E-06,  7.9414E-06,  7.9389E-06,  7.9417E-06,  7.9407E-06,  7.9403E-06,  7.9387E-06,  7.9387E-06,  7.9378E-06,  7.9390E-06,  7.9372E-06,  7.9397E-06,  7.9392E-06,  7.9408E-06,  7.9397E-06,  7.9425E-06,  7.9426E-06,  7.9444E-06,  7.9453E-06,  7.9489E-06,  7.9456E-06,  7.9477E-06,  7.9468E-06,  7.9488E-06,  7.9480E-06,  7.9468E-06,  7.9453E-06,  7.9461E-06,  7.9446E-06,  7.9474E-06,  7.9466E-06,  7.9491E-06,  7.9484E-06,  7.9493E-06,  7.9493E-06,  7.9492E-06,  7.9486E-06,  7.9498E-06,  7.9495E-06,  7.9502E-06,  7.9502E-06,  7.9506E-06,  7.9504E-06,  7.9515E-06,  7.9511E-06,  7.9514E-06,  7.9510E-06,  7.9517E-06,  7.9525E-06,  7.9527E-06,  7.9523E-06,  7.9507E-06,  7.9498E-06,  7.9554E-06,  7.9545E-06,  7.9548E-06,  7.9539E-06,  7.9552E-06,  7.9533E-06,  7.9557E-06,  1.8687E+00,  2.5103E-01,  3.5770E-04,  3.1170E-05,  5.4681E-04,  5.0945E-03,  1.4947E-03,  1.2070E-02,  5.0489E-05,  4.3912E-03,  1.3412E-04,  1.1004E-03,  1.7159E-04,  6.7256E-04,  7.9114E-06,  6.1297E-05,  2.9664E-06,  1.8010E-04,  9.5349E-06,  1.0669E-04,  1.3143E-05,  5.1444E-05,  4.4382E-05,  7.6637E-05,  6.0866E-05,  3.5506E-04,  4.6192E-07,  1.3676E-05,  2.1385E-11,  2.1385E-11,  2.1385E-11,  2.1385E-11,  2.1385E-11,  2.1385E-11,  2.1385E-11,  2.1385E-11,  2.1385E-11,  2.1385E-11,  2.1385E-11,  2.1385E-11,  2.1385E-11,  2.1385E-11,  2.1385E-11,  2.1385E-11,  2.1385E-11,  2.1385E-11,  2.1385E-11,  2.1385E-11,  2.1385E-11,  2.1385E-11,  2.1385E-11,  2.1385E-11,  2.1385E-11,  2.1385E-11,  2.1385E-11,  2.1385E-11,  2.1385E-11,  2.1385E-11,  2.1385E-11,  2.1385E-11,  2.1385E-11,  2.1385E-11,  2.1385E-11,  2.1385E-11,  2.1385E-11,  2.1385E-11,  2.1385E-11,  2.1385E-11,  2.1385E-11,  2.1385E-11,  2.1385E-11,  2.1385E-11,  2.1385E-11,  2.1385E-11,  2.1385E-11,  2.1385E-11,  2.1385E-11,  2.1385E-11,  2.1385E-11,  2.1385E-11,  2.1385E-11,  2.1385E-11,  2.1385E-11,  2.1385E-11,  2.1385E-11,  2.1385E-11,  2.1385E-11,  2.1385E-11,  2.1385E-11,  2.1385E-11,  2.1385E-11,  2.1385E-11
  3.5000E+00,  1.2294E+03,  1.3279E+02,  5.6318E-01,  3.2338E-01,  1.0362E+00,  3.5237E+00,  9.5988E-01,  3.5076E+00,  7.6560E-02,  5.7500E-01,  1.1280E-01,  7.1675E-01,  1.2646E-01,  5.1894E-01,  2.2408E-02,  1.0058E-01,  2.2562E-02,  4.7740E-02,  3.6428E-02,  9.3471E-02,  1.7335E-02,  5.7600E-02,  2.9387E-02,  5.9764E-02,  3.8817E-02,  3.9974E-01,  2.5073E-03,  1.9544E-02,  7.9328E-06,  7.9322E-06,  7.9367E-06,  7.9380E-06,  7.9381E-06,  7.9414E-06,  7.9389E-06,  7.9417E-06,  7.9407E-06,  7.9403E-06,  7.9387E-06,  7.9387E-06,  7.9378E-06,  7.9389E-06,  7.9372E-06,  7.9397E-06,  7.9392E-06,  7.9408E-06,  7.9397E-06,  7.9425E-06,  7.9426E-06,  7.9444E-06,  7.9452E-06,  7.9489E-06,  7.9456E-06,  7.9477E-06,  7.9468E-06,  7.9488E-06,  7.9480E-06,  7.9468E-06,  7.9452E-06,  7.9461E-06,  7.9446E-06,  7.9474E-06,  7.9466E-06,  7.9491E-06,  7.9484E-06,  7.9493E-06,  7.9493E-06,  7.9492E-06,  7.9486E-06,  7.9498E-06,  7.9495E-06,  7.9502E-06,  7.9502E-06,  7.9505E-06,  7.9504E-06,  7.9515E-06,  7.9511E-06,  7.9514E-06,  7.9510E-06,  7.9517E-06,  7.9525E-06,  7.9527E-06,  7.9523E-06,  7.9507E-06,  7.9498E-06,  7.9554E-06,  7.9545E-06,  7.9548E-06,  7.9539E-06,  7.9552E-06,  7.9533E-06,  7.9557E-06,  1.3818E+00,  2.0750E-01,  3.0058E-04,  2.7195E-05,  4.6025E-04,  4.1579E-03,  1.4297E-03,  1.1553E-02,  4.2197E-05,  4.3720E-03,  1.1048E-04,  8.9516E-04,  1.4062E-04,  5.4753E-04,  6.6698E-06,  5.0685E-05,  2.5547E-06,  1.7045E-04,  8.0856E-06,  8.7240E-05,  1.0955E-05,  4.2862E-05,  3.6637E-05,  6.3253E-05,  4.9982E-05,  2.9341E-04,  3.9539E-07,  1.1321E-05,  2.1385E-11,  2.1385E-11,  2.1385E-11,  2.1385E-11,  2.1385E-11,  2.1385E-11,  2.1385E-11,  2.1385E-11,  2.1385E-11,  2.1385E-11,  2.1385E-11,  2.1385E-11,  2.1385E-11,  2.1385E-11,  2.1385E-11,  2.1385E-11,  2.1385E-11,  2.1385E-11,  2.1385E-11,  2.1385E-11,  2.1385E-11,  2.1385E-11,  2.1385E-11,  2.1385E-11,  2.1385E-11,  2.1385E-11,  2.1385E-11,  2.1385E-11,  2.1385E-11,  2.1385E-11,  2.1385E-11,  2.1385E-11,  2.1385E-11,  2.1385E-11,  2.1385E-11,  2.1385E-11,  2.1385E-11,  2.1385E-11,  2.1385E-11,  2.1385E-11,  2.1385E-11,  2.1385E-11,  2.1385E-11,  2.1385E-11,  2.1385E-11,  2.1385E-11,  2.1385E-11,  2.1385E-11,  2.1385E-11,  2.1385E-11,  2.1385E-11,  2.1385E-11,  2.1385E-11,  2.1385E-11,  2.1385E-11,  2.1385E-11,  2.1385E-11,  2.1385E-11,  2.1385E-11,  2.1385E-11,  2.1385E-11,  2.1385E-11,  2.1385E-11,  2.1385E-11
  4.0000E+00,  1.2288E+03,  1.3270E+02,  5.6304E-01,  3.2337E-01,  1.0360E+00,  3.5219E+00,  9.5918E-01,  3.5020E+00,  7.6541E-02,  5.7282E-01,  1.1275E-01,  7.1636E-01,  1.2640E-01,  5.1870E-01,  2.2405E-02,  1.0056E-01,  2.2561E-02,  4.7660E-02,  3.6424E-02,  9.3433E-02,  1.7330E-02,  5.7581E-02,  2.9371E-02,  5.9737E-02,  3.8795E-02,  3.9961E-01,  2.5071E-03,  1.9539E-02,  7.9328E-06,  7.9321E-06,  7.9367E-06,  7.9380E-06,  7.9381E-06,  7.9414E-06,  7.9389E-06,  7.9417E-06,  7.9406E-06,  7.9403E-06,  7.9387E-06,  7.9387E-06,  7.9378E-06,  7.9389E-06,  7.9372E-06,  7.9397E-06,  7.9391E-06,  7.9408E-06,  7.9397E-06,  7.9425E-06,  7.9426E-06,  7.9444E-06,  7.9452E-06,  7.9489E-06,  7.9456E-06,  7.9477E-06,  7.9468E-06,  7.9488E-06,  7.9480E-06,  7.9468E-06,  7.9452E-06,  7.9461E-06,  7.9446E-06,  7.9473E-06,  7.9466E-06,  7.9491E-06,  7.9484E-06,  7.9493E-06,  7.9493E-06,  7.9492E-06,  7.9485E-06,  7.9498E-06,  7.9495E-06,  7.9502E-06,  7.9502E-06,  7.9505E-06,  7.9504E-06,  7.9514E-06,  7.9511E-06,  7.9514E-06,  7.9510E-06,  7.9517E-06,  7.9525E-06,  7.9527E-06,  7.9522E-06,  7.9507E-06,  7.9498E-06,  7.9554E-06,  7.9545E-06,  7.9548E-06,  7.9539E-06,  7.9552E-06,  7.9533E-06,  7.9557E-06,  8.8491E-01,  1.5882E-01,  2.3403E-04,  2.2393E-05,  3.5833E-04,  3.0927E-03,  1.3746E-03,  1.1116E-02,  3.2473E-05,  4.3364E-03,  8.3214E-05,  6.6165E-04,  1.0509E-04,  4.0516E-04,  5.1996E-06,  3.8386E-05,  2.0556E-06,  1.5088E-04,  6.3586E-06,  6.4981E-05,  8.3972E-06,  3.2951E-05,  2.7780E-05,  4.7949E-05,  3.7601E-05,  2.2202E-04,  3.1646E-07,  8.5887E-06,  2.1385E-11,  2.1385E-11,  2.1385E-11,  2.1385E-11,  2.1385E-11,  2.1385E-11,  2.1385E-11,  2.1385E-11,  2.1385E-11,  2.1385E-11,  2.1385E-11,  2.1385E-11,  2.1385E-11,  2.1385E-11,  2.1385E-11,  2.1385E-11,  2.1385E-11,  2.1385E-11,  2.1385E-11,  2.1385E-11,  2.1385E-11,  2.1385E-11,  2.1385E-11,  2.1385E-11,  2.1385E-11,  2.1385E-11,  2.1385E-11,  2.1385E-11,  2.1385E-11,  2.1385E-11,  2.1385E-11,  2.1385E-11,  2.1385E-11,  2.1385E-11,  2.1385E-11,  2.1385E-11,  2.1385E-11,  2.1385E-11,  2.1385E-11,  2.1385E-11,  2.1385E-11,  2.1385E-11,  2.1385E-11,  2.1385E-11,  2.1385E-11,  2.1385E-11,  2.1385E-11,  2.1385E-11,  2.1385E-11,  2.1385E-11,  2.1385E-11,  2.1385E-11,  2.1385E-11,  2.1385E-11,  2.1385E-11,  2.1385E-11,  2.1385E-11,  2.1385E-11,  2.1385E-11,  2.1385E-11,  2.1385E-11,  2.1385E-11,  2.1385E-11,  2.1385E-11
  4.5000E+00,  1.2284E+03,  1.3262E+02,  5.6294E-01,  3.2336E-01,  1.0358E+00,  3.5205E+00,  9.5850E-01,  3.4964E+00,  7.6526E-02,  5.7067E-01,  1.1271E-01,  7.1606E-01,  1.2635E-01,  5.1853E-01,  2.2403E-02,  1.0054E-01,  2.2560E-02,  4.7590E-02,  3.6421E-02,  9.3405E-02,  1.7326E-02,  5.7566E-02,  2.9358E-02,  5.9715E-02,  3.8779E-02,  3.9951E-01,  2.5069E-03,  1.9535E-02,  7.9328E-06,  7.9321E-06,  7.9367E-06,  7.9380E-06,  7.9381E-06,  7.9414E-06,  7.9389E-06,  7.9417E-06,  7.9406E-06,  7.9403E-06,  7.9387E-06,  7.9387E-06,  7.9378E-06,  7.9389E-06,  7.9372E-06,  7.9397E-06,  7.9391E-06,  7.9408E-06,  7.9397E-06,  7.9425E-06,  7.9426E-06,  7.9444E-06,  7.9452E-06,  7.9489E-06,  7.9456E-06,  7.9476E-06,  7.9468E-06,  7.9488E-06,  7.9479E-06,  7.9468E-06,  7.9452E-06,  7.9461E-06,  7.9446E-06,  7.9473E-06,  7.9466E-06,  7.9491E-06,  7.9484E-06,  7.9493E-06,  7.9493E-06,  7.9492E-06,  7.9485E-06,  7.9498E-06,  7.9494E-06,  7.9502E-06,  7.9502E-06,  7.9505E-06,  7.9504E-06,  7.9514E-06,  7.9511E-06,  7.9514E-06,  7.9510E-06,  7.9517E-06,  7.9525E-06,  7.9527E-06,  7.9522E-06,  7.9507E-06,  7.9498E-06,  7.9554E-06,  7.9545E-06,  7.9547E-06,  7.9539E-06,  7.9552E-06,  7.9533E-06,  7.9557E-06,  6.0201E-01,  1.2829E-01,  1.8876E-04,  1.8973E-05,  2.9038E-04,  2.4067E-03,  1.3566E-03,  1.0960E-02,  2.6096E-05,  4.2677E-03,  6.5614E-05,  5.1111E-04,  8.2302E-05,  3.1330E-04,  4.2262E-06,  3.0296E-05,  1.7180E-06,  1.2936E-04,  5.2082E-06,  5.0540E-05,  6.7242E-06,  2.6278E-05,  2.1887E-05,  3.7768E-05,  2.9422E-05,  1.7579E-04,  2.6150E-07,  6.8158E-06,  2.1385E-11,  2.1385E-11,  2.1385E-11,  2.1385E-11,  2.1385E-11,  2.1385E-11,  2.1385E-11,  2.1385E-11,  2.1385E-11,  2.1385E-11,  2.1385E-11,  2.1385E-11,  2.1385E-11,  2.1385E-11,  2.1385E-11,  2.1385E-11,  2.1385E-11,  2.1385E-11,  2.1385E-11,  2.1385E-11,  2.1385E-11,  2.1385E-11,  2.1385E-11,  2.1385E-11,  2.1385E-11,  2.1385E-11,  2.1385E-11,  2.1385E-11,  2.1385E-11,  2.1385E-11,  2.1385E-11,  2.1385E-11,  2.1385E-11,  2.1385E-11,  2.1385E-11,  2.1385E-11,  2.1385E-11,  2.1385E-11,  2.1385E-11,  2.1385E-11,  2.1385E-11,  2.1385E-11,  2.1385E-11,  2.1385E-11,  2.1385E-11,  2.1385E-11,  2.1385E-11,  2.1385E-11,  2.1385E-11,  2.1385E-11,  2.1385E-11,  2.1385E-11,  2.1385E-11,  2.1385E-11,  2.1385E-11,  2.1385E-11,  2.1385E-11,  2.1385E-11,  2.1385E-11,  2.1385E-11,  2.1385E-11,  2.1385E-11,  2.1385E-11,  2.1385E-11
  5.0000E+00,  1.2282E+03,  1.3256E+02,  5.6285E-01,  3.2335E-01,  1.0357E+00,  3.5194E+00,  9.5782E-01,  3.4910E+00,  7.6514E-02,  5.6857E-01,  1.1268E-01,  7.1583E-01,  1.2632E-01,  5.1838E-01,  2.2401E-02,  1.0052E-01,  2.2559E-02,  4.7530E-02,  3.6419E-02,  9.3382E-02,  1.7323E-02,  5.7554E-02,  2.9348E-02,  5.9698E-02,  3.8765E-02,  3.9943E-01,  2.5068E-03,  1.9532E-02,  7.9328E-06,  7.9321E-06,  7.9367E-06,  7.9380E-06,  7.9381E-06,  7.9414E-06,  7.9389E-06,  7.9417E-06,  7.9406E-06,  7.9403E-06,  7.9387E-06,  7.9387E-06,  7.9378E-06,  7.9389E-06,  7.9372E-06,  7.9397E-06,  7.9391E-06,  7.9408E-06,  7.9397E-06,  7.9425E-06,  7.9426E-06,  7.9444E-06,  7.9452E-06,  7.9489E-06,  7.9456E-06,  7.9476E-06,  7.9468E-06,  7.9487E-06,  7.9479E-06,  7.9468E-06,  7.9452E-06,  7.9461E-06,  7.9446E-06,  7.9473E-06,  7.9466E-06,  7.9491E-06,  7.9484E-06,  7.9493E-06,  7.9492E-06,  7.9492E-06,  7.9485E-06,  7.9498E-06,  7.9494E-06,  7.9502E-06,  7.9501E-06,  7.9505E-06,  7.9504E-06,  7.9514E-06,  7.9511E-06,  7.9514E-06,  7.9510E-06,  7.9517E-06,  7.9525E-06,  7.9527E-06,  7.9522E-06,  7.9507E-06,  7.9497E-06,  7.9554E-06,  7.9545E-06,  7.9547E-06,  7.9539E-06,  7.9552E-06,  7.9533E-06,  7.9557E-06,  4.3142E-01,  1.0875E-01,  1.5716E-04,  1.6509E-05,  2.4226E-04,  1.9528E-03,  1.3580E-03,  1.0932E-02,  2.1592E-05,  4.1552E-03,  5.3379E-05,  4.1135E-04,  6.6547E-05,  2.5238E-04,  3.5327E-06,  2.4856E-05,  1.4723E-06,  1.0811E-04,  4.3836E-06,  4.0925E-05,  5.5460E-06,  2.1663E-05,  1.7848E-05,  3.0794E-05,  2.3845E-05,  1.4354E-04,  2.2252E-07,  5.5767E-06,  2.1385E-11,  2.1385E-11,  2.1385E-11,  2.1385E-11,  2.1385E-11,  2.1385E-11,  2.1385E-11,  2.1385E-11,  2.1385E-11,  2.1385E-11,  2.1385E-11,  2.1385E-11,  2.1385E-11,  2.1385E-11,  2.1385E-11,  2.1385E-11,  2.1385E-11,  2.1385E-11,  2.1385E-11,  2.1385E-11,  2.1385E-11,  2.1385E-11,  2.1385E-11,  2.1385E-11,  2.1385E-11,  2.1385E-11,  2.1385E-11,  2.1385E-11,  2.1385E-11,  2.1385E-11,  2.1385E-11,  2.1385E-11,  2.1385E-11,  2.1385E-11,  2.1385E-11,  2.1385E-11,  2.1385E-11,  2.1385E-11,  2.1385E-11,  2.1385E-11,  2.1385E-11,  2.1385E-11,  2.1385E-11,  2.1385E-11,  2.1385E-11,  2.1385E-11,  2.1385E-11,  2.1385E-11,  2.1385E-11,  2.1385E-11,  2.1385E-11,  2.1385E-11,  2.1385E-11,  2.1385E-11,  2.1385E-11,  2.1385E-11,  2.1385E-11,  2.1385E-11,  2.1385E-11,  2.1385E-11,  2.1385E-11,  2.1385E-11,  2.1385E-11,  2.1385E-11
  5.5000E+00,  1.2280E+03,  1.3251E+02,  5.6278E-01,  3.2334E-01,  1.0356E+00,  3.5185E+00,  9.5714E-01,  3.4855E+00,  7.6504E-02,  5.6653E-01,  1.1266E-01,  7.1565E-01,  1.2629E-01,  5.1827E-01,  2.2399E-02,  1.0051E-01,  2.2559E-02,  4.7481E-02,  3.6417E-02,  9.3363E-02,  1.7321E-02,  5.7544E-02,  2.9340E-02,  5.9684E-02,  3.8754E-02,  3.9936E-01,  2.5067E-03,  1.9530E-02,  7.9328E-06,  7.9321E-06,  7.9367E-06,  7.9380E-06,  7.9380E-06,  7.9414E-06,  7.9389E-06,  7.9416E-06,  7.9406E-06,  7.9403E-06,  7.9387E-06,  7.9387E-06,  7.9378E-06,  7.9389E-06,  7.9372E-06,  7.9397E-06,  7.9391E-06,  7.9407E-06,  7.9397E-06,  7.9425E-06,  7.9426E-06,  7.9444E-06,  7.9452E-06,  7.9488E-06,  7.9456E-06,  7.9476E-06,  7.9468E-06,  7.9487E-06,  7.9479E-06,  7.9467E-06,  7.9452E-06,  7.9461E-06,  7.9446E-06,  7.9473E-06,  7.9466E-06,  7.9491E-06,  7.9483E-06,  7.9493E-06,  7.9492E-06,  7.9492E-06,  7.9485E-06,  7.9498E-06,  7.9494E-06,  7.9502E-06,  7.9501E-06,  7.9505E-06,  7.9504E-06,  7.9514E-06,  7.9511E-06,  7.9513E-06,  7.9510E-06,  7.9517E-06,  7.9525E-06,  7.9527E-06,  7.9522E-06,  7.9507E-06,  7.9497E-06,  7.9554E-06,  7.9545E-06,  7.9547E-06,  7.9539E-06,  7.9552E-06,  7.9532E-06,  7.9556E-06,  3.2323E-01,  9.5343E-02,  1.3439E-04,  1.4692E-05,  2.0758E-04,  1.6288E-03,  1.3656E-03,  1.0929E-02,  1.8364E-05,  3.9963E-03,  4.4710E-05,  3.4004E-04,  5.5436E-05,  2.0881E-04,  3.0326E-06,  2.0907E-05,  1.2926E-06,  8.8622E-05,  3.7865E-06,  3.4018E-05,  4.7033E-06,  1.8362E-05,  1.4979E-05,  2.5841E-05,  1.9902E-05,  1.2062E-04,  1.9409E-07,  4.6954E-06,  2.1385E-11,  2.1385E-11,  2.1385E-11,  2.1385E-11,  2.1385E-11,  2.1385E-11,  2.1385E-11,  2.1385E-11,  2.1385E-11,  2.1385E-11,  2.1385E-11,  2.1385E-11,  2.1385E-11,  2.1385E-11,  2.1385E-11,  2.1385E-11,  2.1385E-11,  2.1385E-11,  2.1385E-11,  2.1385E-11,  2.1385E-11,  2.1385E-11,  2.1385E-11,  2.1385E-11,  2.1385E-11,  2.1385E-11,  2.1385E-11,  2.1385E-11,  2.1385E-11,  2.1385E-11,  2.1385E-11,  2.1385E-11,  2.1385E-11,  2.1385E-11,  2.1385E-11,  2.1385E-11,  2.1385E-11,  2.1385E-11,  2.1385E-11,  2.1385E-11,  2.1385E-11,  2.1385E-11,  2.1385E-11,  2.1385E-11,  2.1385E-11,  2.1385E-11,  2.1385E-11,  2.1385E-11,  2.1385E-11,  2.1385E-11,  2.1385E-11,  2.1385E-11,  2.1385E-11,  2.1385E-11,  2.1385E-11,  2.1385E-11,  2.1385E-11,  2.1385E-11,  2.1385E-11,  2.1385E-11,  2.1385E-11,  2.1385E-11,  2.1385E-11,  2.1385E-11
  6.3000E+00,  1.2278E+03,  1.3244E+02,  5.6268E-01,  3.2333E-01,  1.0354E+00,  3.5174E+00,  9.5604E-01,  3.4768E+00,  7.6491E-02,  5.6347E-01,  1.1263E-01,  7.1540E-01,  1.2625E-01,  5.1812E-01,  2.2397E-02,  1.0050E-01,  2.2558E-02,  4.7421E-02,  3.6414E-02,  9.3339E-02,  1.7317E-02,  5.7531E-02,  2.9330E-02,  5.9665E-02,  3.8740E-02,  3.9927E-01,  2.5066E-03,  1.9526E-02,  7.9328E-06,  7.9321E-06,  7.9367E-06,  7.9380E-06,  7.9380E-06,  7.9414E-06,  7.9389E-06,  7.9416E-06,  7.9406E-06,  7.9403E-06,  7.9386E-06,  7.9387E-06,  7.9378E-06,  7.9389E-06,  7.9371E-06,  7.9396E-06,  7.9391E-06,  7.9407E-06,  7.9397E-06,  7.9425E-06,  7.9425E-06,  7.9444E-06,  7.9452E-06,  7.9488E-06,  7.9455E-06,  7.9476E-06,  7.9468E-06,  7.9487E-06,  7.9479E-06,  7.9467E-06,  7.9452E-06,  7.9460E-06,  7.9445E-06,  7.9473E-06,  7.9466E-06,  7.9490E-06,  7.9483E-06,  7.9493E-06,  7.9492E-06,  7.9492E-06,  7.9485E-06,  7.9498E-06,  7.9494E-06,  7.9502E-06,  7.9501E-06,  7.9505E-06,  7.9504E-06,  7.9514E-06,  7.9511E-06,  7.9513E-06,  7.9509E-06,  7.9516E-06,  7.9525E-06,  7.9526E-06,  7.9522E-06,  7.9506E-06,  7.9497E-06,  7.9554E-06,  7.9545E-06,  7.9547E-06,  7.9538E-06,  7.9552E-06,  7.9532E-06,  7.9556E-06,  2.2028E-01,  8.2054E-02,  1.0953E-04,  1.2676E-05,  1.6974E-04,  1.2858E-03,  1.3792E-03,  1.0894E-02,  1.4861E-05,  3.6647E-03,  3.5406E-05,  2.6434E-04,  4.3562E-05,  1.6254E-04,  2.4873E-06,  1.6661E-05,  1.0946E-06,  6.2916E-05,  3.1335E-06,  2.6657E-05,  3.7901E-06,  1.4784E-05,  1.1890E-05,  2.0514E-05,  1.5676E-05,  9.5951E-05,  1.6279E-07,  3.7460E-06,  2.1385E-11,  2.1385E-11,  2.1385E-11,  2.1385E-11,  2.1385E-11,  2.1385E-11,  2.1385E-11,  2.1385E-11,  2.1385E-11,  2.1385E-11,  2.1385E-11,  2.1385E-11,  2.1385E-11,  2.1385E-11,  2.1385E-11,  2.1385E-11,  2.1385E-11,  2.1385E-11,  2.1385E-11,  2.1385E-11,  2.1385E-11,  2.1385E-11,  2.1385E-11,  2.1385E-11,  2.1385E-11,  2.1385E-11,  2.1385E-11,  2.1385E-11,  2.1385E-11,  2.1385E-11,  2.1385E-11,  2.1385E-11,  2.1385E-11,  2.1385E-11,  2.1385E-11,  2.1385E-11,  2.1385E-11,  2.1385E-11,  2.1385E-11,  2.1385E-11,  2.1385E-11,  2.1385E-11,  2.1385E-11,  2.1385E-11,  2.1385E-11,  2.1385E-11,  2.1385E-11,  2.1385E-11,  2.1385E-11,  2.1385E-11,  2.1385E-11,  2.1385E-11,  2.1385E-11,  2.1385E-11,  2.1385E-11,  2.1385E-11,  2.1385E-11,  2.1385E-11,  2.1385E-11,  2.1385E-11,  2.1385E-11,  2.1385E-11,  2.1385E-11,  2.1385E-11
  7.1000E+00,  1.2276E+03,  1.3238E+02,  5.6260E-01,  3.2332E-01,  1.0353E+00,  3.5164E+00,  9.5494E-01,  3.4681E+00,  7.6480E-02,  5.6069E-01,  1.1260E-01,  7.1521E-01,  1.2621E-01,  5.1800E-01,  2.2395E-02,  1.0049E-01,  2.2557E-02,  4.7378E-02,  3.6412E-02,  9.3319E-02,  1.7314E-02,  5.7520E-02,  2.9321E-02,  5.9650E-02,  3.8729E-02,  3.9920E-01,  2.5064E-03,  1.9524E-02,  7.9327E-06,  7.9321E-06,  7.9366E-06,  7.9379E-06,  7.9380E-06,  7.9414E-06,  7.9388E-06,  7.9416E-06,  7.9406E-06,  7.9402E-06,  7.9386E-06,  7.9387E-06,  7.9378E-06,  7.9389E-06,  7.9371E-06,  7.9396E-06,  7.9391E-06,  7.9407E-06,  7.9396E-06,  7.9424E-06,  7.9425E-06,  7.9444E-06,  7.9452E-06,  7.9488E-06,  7.9455E-06,  7.9476E-06,  7.9468E-06,  7.9487E-06,  7.9479E-06,  7.9467E-06,  7.9452E-06,  7.9460E-06,  7.9445E-06,  7.9473E-06,  7.9466E-06,  7.9490E-06,  7.9483E-06,  7.9493E-06,  7.9492E-06,  7.9492E-06,  7.9485E-06,  7.9497E-06,  7.9494E-06,  7.9502E-06,  7.9501E-06,  7.9505E-06,  7.9503E-06,  7.9514E-06,  7.9510E-06,  7.9513E-06,  7.9509E-06,  7.9516E-06,  7.9524E-06,  7.9526E-06,  7.9522E-06,  7.9506E-06,  7.9497E-06,  7.9553E-06,  7.9544E-06,  7.9547E-06,  7.9538E-06,  7.9552E-06,  7.9532E-06,  7.9556E-06,  1.6266E-01,  7.4606E-02,  9.3439E-05,  1.1372E-05,  1.4533E-04,  1.0703E-03,  1.3846E-03,  1.0752E-02,  1.2611E-05,  3.2700E-03,  2.9482E-05,  2.1661E-04,  3.6030E-05,  1.3338E-04,  2.1361E-06,  1.3957E-05,  9.6670E-07,  4.4368E-05,  2.7126E-06,  2.2002E-05,  3.2037E-06,  1.2485E-05,  9.9155E-06,  1.7111E-05,  1.2984E-05,  8.0191E-05,  1.4250E-07,  3.1396E-06,  2.1385E-11,  2.1385E-11,  2.1385E-11,  2.1385E-11,  2.1385E-11,  2.1385E-11,  2.1385E-11,  2.1385E-11,  2.1385E-11,  2.1385E-11,  2.1385E-11,  2.1385E-11,  2.1385E-11,  2.1385E-11,  2.1385E-11,  2.1385E-11,  2.1385E-11,  2.1385E-11,  2.1385E-11,  2.1385E-11,  2.1385E-11,  2.1385E-11,  2.1385E-11,  2.1385E-11,  2.1385E-11,  2.1385E-11,  2.1385E-11,  2.1385E-11,  2.1385E-11,  2.1385E-11,  2.1385E-11,  2.1385E-11,  2.1385E-11,  2.1385E-11,  2.1385E-11,  2.1385E-11,  2.1385E-11,  2.1385E-11,  2.1385E-11,  2.1385E-11,  2.1385E-11,  2.1385E-11,  2.1385E-11,  2.1385E-11,  2.1385E-11,  2.1385E-11,  2.1385E-11,  2.1385E-11,  2.1385E-11,  2.1385E-11,  2.1385E-11,  2.1385E-11,  2.1385E-11,  2.1385E-11,  2.1385E-11,  2.1385E-11,  2.1385E-11,  2.1385E-11,  2.1385E-11,  2.1385E-11,  2.1385E-11,  2.1385E-11,  2.1385E-11,  2.1385E-11
  8.0000E+00,  1.2275E+03,  1.3231E+02,  5.6252E-01,  3.2331E-01,  1.0352E+00,  3.5155E+00,  9.5369E-01,  3.4586E+00,  7.6469E-02,  5.5796E-01,  1.1258E-01,  7.1503E-01,  1.2618E-01,  5.1789E-01,  2.2393E-02,  1.0047E-01,  2.2556E-02,  4.7344E-02,  3.6409E-02,  9.3301E-02,  1.7312E-02,  5.7510E-02,  2.9313E-02,  5.9636E-02,  3.8718E-02,  3.9914E-01,  2.5063E-03,  1.9521E-02,  7.9327E-06,  7.9321E-06,  7.9366E-06,  7.9379E-06,  7.9380E-06,  7.9413E-06,  7.9388E-06,  7.9416E-06,  7.9406E-06,  7.9402E-06,  7.9386E-06,  7.9386E-06,  7.9377E-06,  7.9389E-06,  7.9371E-06,  7.9396E-06,  7.9391E-06,  7.9407E-06,  7.9396E-06,  7.9424E-06,  7.9425E-06,  7.9443E-06,  7.9452E-06,  7.9488E-06,  7.9455E-06,  7.9476E-06,  7.9467E-06,  7.9487E-06,  7.9479E-06,  7.9467E-06,  7.9451E-06,  7.9460E-06,  7.9445E-06,  7.9473E-06,  7.9465E-06,  7.9490E-06,  7.9483E-06,  7.9492E-06,  7.9492E-06,  7.9491E-06,  7.9485E-06,  7.9497E-06,  7.9494E-06,  7.9501E-06,  7.9501E-06,  7.9505E-06,  7.9503E-06,  7.9514E-06,  7.9510E-06,  7.9513E-06,  7.9509E-06,  7.9516E-06,  7.9524E-06,  7.9526E-06,  7.9522E-06,  7.9506E-06,  7.9497E-06,  7.9553E-06,  7.9544E-06,  7.9547E-06,  7.9538E-06,  7.9551E-06,  7.9532E-06,  7.9556E-06,  1.2494E-01,  7.0073E-02,  8.1579E-05,  1.0441E-05,  1.2743E-04,  9.1408E-04,  1.3749E-03,  1.0437E-02,  1.0963E-05,  2.7972E-03,  2.5155E-05,  1.8199E-04,  3.0540E-05,  1.1222E-04,  1.8799E-06,  1.1987E-05,  8.7467E-07,  3.0667E-05,  2.4064E-06,  1.8619E-05,  2.7740E-06,  1.0798E-05,  8.4666E-06,  1.4619E-05,  1.1014E-05,  6.8652E-05,  1.2774E-07,  2.6962E-06,  2.1385E-11,  2.1385E-11,  2.1385E-11,  2.1385E-11,  2.1385E-11,  2.1385E-11,  2.1385E-11,  2.1385E-11,  2.1385E-11,  2.1385E-11,  2.1385E-11,  2.1385E-11,  2.1385E-11,  2.1385E-11,  2.1385E-11,  2.1385E-11,  2.1385E-11,  2.1385E-11,  2.1385E-11,  2.1385E-11,  2.1385E-11,  2.1385E-11,  2.1385E-11,  2.1385E-11,  2.1385E-11,  2.1385E-11,  2.1385E-11,  2.1385E-11,  2.1385E-11,  2.1385E-11,  2.1385E-11,  2.1385E-11,  2.1385E-11,  2.1385E-11,  2.1385E-11,  2.1385E-11,  2.1385E-11,  2.1385E-11,  2.1385E-11,  2.1385E-11,  2.1385E-11,  2.1385E-11,  2.1385E-11,  2.1385E-11,  2.1385E-11,  2.1385E-11,  2.1385E-11,  2.1385E-11,  2.1385E-11,  2.1385E-11,  2.1385E-11,  2.1385E-11,  2.1385E-11,  2.1385E-11,  2.1385E-11,  2.1385E-11,  2.1385E-11,  2.1385E-11,  2.1385E-11,  2.1385E-11,  2.1385E-11,  2.1385E-11,  2.1385E-11,  2.1385E-11
  9.0000E+00,  1.2274E+03,  1.3225E+02,  5.6244E-01,  3.2330E-01,  1.0350E+00,  3.5147E+00,  9.5233E-01,  3.4484E+00,  7.6459E-02,  5.5542E-01,  1.1255E-01,  7.1486E-01,  1.2616E-01,  5.1779E-01,  2.2392E-02,  1.0046E-01,  2.2555E-02,  4.7318E-02,  3.6407E-02,  9.3284E-02,  1.7309E-02,  5.7500E-02,  2.9305E-02,  5.9622E-02,  3.8708E-02,  3.9907E-01,  2.5062E-03,  1.9518E-02,  7.9327E-06,  7.9320E-06,  7.9366E-06,  7.9379E-06,  7.9380E-06,  7.9413E-06,  7.9388E-06,  7.9416E-06,  7.9405E-06,  7.9402E-06,  7.9386E-06,  7.9386E-06,  7.9377E-06,  7.9388E-06,  7.9371E-06,  7.9396E-06,  7.9390E-06,  7.9407E-06,  7.9396E-06,  7.9424E-06,  7.9425E-06,  7.9443E-06,  7.9451E-06,  7.9488E-06,  7.9455E-06,  7.9476E-06,  7.9467E-06,  7.9487E-06,  7.9478E-06,  7.9467E-06,  7.9451E-06,  7.9460E-06,  7.9445E-06,  7.9472E-06,  7.9465E-06,  7.9490E-06,  7.9483E-06,  7.9492E-06,  7.9492E-06,  7.9491E-06,  7.9484E-06,  7.9497E-06,  7.9494E-06,  7.9501E-06,  7.9501E-06,  7.9504E-06,  7.9503E-06,  7.9513E-06,  7.9510E-06,  7.9513E-06,  7.9509E-06,  7.9516E-06,  7.9524E-06,  7.9526E-06,  7.9521E-06,  7.9506E-06,  7.9497E-06,  7.9553E-06,  7.9544E-06,  7.9546E-06,  7.9538E-06,  7.9551E-06,  7.9532E-06,  7.9556E-06,  1.0068E-01,  6.7694E-02,  7.3360E-05,  9.8396E-06,  1.1483E-04,  8.0278E-04,  1.3431E-03,  9.9083E-03,  9.7987E-06,  2.2866E-03,  2.2074E-05,  1.5736E-04,  2.6629E-05,  9.7194E-05,  1.7011E-06,  1.0595E-05,  8.1330E-07,  2.1544E-05,  2.1949E-06,  1.6218E-05,  2.4690E-06,  9.5976E-06,  7.4290E-06,  1.2838E-05,  9.6031E-06,  6.0425E-05,  1.1761E-07,  2.3813E-06,  2.1385E-11,  2.1385E-11,  2.1385E-11,  2.1385E-11,  2.1385E-11,  2.1385E-11,  2.1385E-11,  2.1385E-11,  2.1385E-11,  2.1385E-11,  2.1385E-11,  2.1385E-11,  2.1385E-11,  2.1385E-11,  2.1385E-11,  2.1385E-11,  2.1385E-11,  2.1385E-11,  2.1385E-11,  2.1385E-11,  2.1385E-11,  2.1385E-11,  2.1385E-11,  2.1385E-11,  2.1385E-11,  2.1385E-11,  2.1385E-11,  2.1385E-11,  2.1385E-11,  2.1385E-11,  2.1385E-11,  2.1385E-11,  2.1385E-11,  2.1385E-11,  2.1385E-11,  2.1385E-11,  2.1385E-11,  2.1385E-11,  2.1385E-11,  2.1385E-11,  2.1385E-11,  2.1385E-11,  2.1385E-11,  2.1385E-11,  2.1385E-11,  2.1385E-11,  2.1385E-11,  2.1385E-11,  2.1385E-11,  2.1385E-11,  2.1385E-11,  2.1385E-11,  2.1385E-11,  2.1385E-11,  2.1385E-11,  2.1385E-11,  2.1385E-11,  2.1385E-11,  2.1385E-11,  2.1385E-11,  2.1385E-11,  2.1385E-11,  2.1385E-11,  2.1385E-11
  1.0000E+01,  1.2273E+03,  1.3218E+02,  5.6237E-01,  3.2329E-01,  1.0349E+00,  3.5139E+00,  9.5102E-01,  3.4388E+00,  7.6450E-02,  5.5336E-01,  1.1253E-01,  7.1471E-01,  1.2613E-01,  5.1769E-01,  2.2390E-02,  1.0045E-01,  2.2554E-02,  4.7299E-02,  3.6405E-02,  9.3268E-02,  1.7307E-02,  5.7490E-02,  2.9297E-02,  5.9610E-02,  3.8698E-02,  3.9902E-01,  2.5061E-03,  1.9516E-02,  7.9327E-06,  7.9320E-06,  7.9366E-06,  7.9379E-06,  7.9379E-06,  7.9413E-06,  7.9388E-06,  7.9416E-06,  7.9405E-06,  7.9402E-06,  7.9386E-06,  7.9386E-06,  7.9377E-06,  7.9388E-06,  7.9371E-06,  7.9396E-06,  7.9390E-06,  7.9407E-06,  7.9396E-06,  7.9424E-06,  7.9425E-06,  7.9443E-06,  7.9451E-06,  7.9487E-06,  7.9455E-06,  7.9475E-06,  7.9467E-06,  7.9486E-06,  7.9478E-06,  7.9466E-06,  7.9451E-06,  7.9460E-06,  7.9445E-06,  7.9472E-06,  7.9465E-06,  7.9490E-06,  7.9482E-06,  7.9492E-06,  7.9491E-06,  7.9491E-06,  7.9484E-06,  7.9497E-06,  7.9493E-06,  7.9501E-06,  7.9500E-06,  7.9504E-06,  7.9503E-06,  7.9513E-06,  7.9510E-06,  7.9512E-06,  7.9509E-06,  7.9516E-06,  7.9524E-06,  7.9526E-06,  7.9521E-06,  7.9506E-06,  7.9496E-06,  7.9553E-06,  7.9544E-06,  7.9546E-06,  7.9538E-06,  7.9551E-06,  7.9531E-06,  7.9555E-06,  8.6229E-02,  6.6869E-02,  6.8039E-05,  9.5751E-06,  1.0707E-04,  7.3076E-04,  1.2911E-03,  9.2313E-03,  9.0739E-06,  1.8303E-03,  2.0113E-05,  1.4158E-04,  2.4127E-05,  8.7588E-05,  1.5933E-06,  9.7223E-06,  7.8033E-07,  1.6200E-05,  2.0706E-06,  1.4690E-05,  2.2772E-06,  8.8593E-06,  6.7851E-06,  1.1725E-05,  8.7223E-06,  5.5183E-05,  1.1216E-07,  2.1821E-06,  2.1385E-11,  2.1385E-11,  2.1385E-11,  2.1385E-11,  2.1385E-11,  2.1385E-11,  2.1385E-11,  2.1385E-11,  2.1385E-11,  2.1385E-11,  2.1385E-11,  2.1385E-11,  2.1385E-11,  2.1385E-11,  2.1385E-11,  2.1385E-11,  2.1385E-11,  2.1385E-11,  2.1385E-11,  2.1385E-11,  2.1385E-11,  2.1385E-11,  2.1385E-11,  2.1385E-11,  2.1385E-11,  2.1385E-11,  2.1385E-11,  2.1385E-11,  2.1385E-11,  2.1385E-11,  2.1385E-11,  2.1385E-11,  2.1385E-11,  2.1385E-11,  2.1385E-11,  2.1385E-11,  2.1385E-11,  2.1385E-11,  2.1385E-11,  2.1385E-11,  2.1385E-11,  2.1385E-11,  2.1385E-11,  2.1385E-11,  2.1385E-11,  2.1385E-11,  2.1385E-11,  2.1385E-11,  2.1385E-11,  2.1385E-11,  2.1385E-11,  2.1385E-11,  2.1385E-11,  2.1385E-11,  2.1385E-11,  2.1385E-11,  2.1385E-11,  2.1385E-11,  2.1385E-11,  2.1385E-11,  2.1385E-11,  2.1385E-11,  2.1385E-11,  2.1385E-11
  1.1000E+01,  1.2272E+03,  1.3211E+02,  5.6231E-01,  3.2328E-01,  1.0348E+00,  3.5132E+00,  9.4976E-01,  3.4300E+00,  7.6441E-02,  5.5172E-01,  1.1251E-01,  7.1458E-01,  1.2611E-01,  5.1761E-01,  2.2388E-02,  1.0044E-01,  2.2554E-02,  4.7284E-02,  3.6403E-02,  9.3254E-02,  1.7304E-02,  5.7482E-02,  2.9291E-02,  5.9599E-02,  3.8690E-02,  3.9896E-01,  2.5060E-03,  1.9514E-02,  7.9327E-06,  7.9320E-06,  7.9366E-06,  7.9379E-06,  7.9379E-06,  7.9413E-06,  7.9388E-06,  7.9415E-06,  7.9405E-06,  7.9402E-06,  7.9385E-06,  7.9386E-06,  7.9377E-06,  7.9388E-06,  7.9370E-06,  7.9395E-06,  7.9390E-06,  7.9406E-06,  7.9396E-06,  7.9424E-06,  7.9424E-06,  7.9443E-06,  7.9451E-06,  7.9487E-06,  7.9454E-06,  7.9475E-06,  7.9467E-06,  7.9486E-06,  7.9478E-06,  7.9466E-06,  7.9451E-06,  7.9459E-06,  7.9444E-06,  7.9472E-06,  7.9465E-06,  7.9489E-06,  7.9482E-06,  7.9492E-06,  7.9491E-06,  7.9491E-06,  7.9484E-06,  7.9497E-06,  7.9493E-06,  7.9501E-06,  7.9500E-06,  7.9504E-06,  7.9503E-06,  7.9513E-06,  7.9510E-06,  7.9512E-06,  7.9508E-06,  7.9515E-06,  7.9524E-06,  7.9525E-06,  7.9521E-06,  7.9505E-06,  7.9496E-06,  7.9553E-06,  7.9544E-06,  7.9546E-06,  7.9537E-06,  7.9551E-06,  7.9531E-06,  7.9555E-06,  7.7441E-02,  6.6888E-02,  6.4763E-05,  9.4938E-06,  1.0284E-04,  6.8303E-04,  1.2229E-03,  8.4576E-03,  8.6636E-06,  1.4473E-03,  1.8928E-05,  1.3132E-04,  2.2560E-05,  8.1377E-05,  1.5352E-06,  9.1818E-06,  7.6944E-07,  1.2834E-05,  2.0043E-06,  1.3711E-05,  2.1661E-06,  8.3955E-06,  6.3539E-06,  1.1006E-05,  8.1281E-06,  5.2021E-05,  1.0924E-07,  2.0641E-06,  2.1385E-11,  2.1385E-11,  2.1385E-11,  2.1385E-11,  2.1385E-11,  2.1385E-11,  2.1385E-11,  2.1385E-11,  2.1385E-11,  2.1385E-11,  2.1385E-11,  2.1385E-11,  2.1385E-11,  2.1385E-11,  2.1385E-11,  2.1385E-11,  2.1385E-11,  2.1385E-11,  2.1385E-11,  2.1385E-11,  2.1385E-11,  2.1385E-11,  2.1385E-11,  2.1385E-11,  2.1385E-11,  2.1385E-11,  2.1385E-11,  2.1385E-11,  2.1385E-11,  2.1385E-11,  2.1385E-11,  2.1385E-11,  2.1385E-11,  2.1385E-11,  2.1385E-11,  2.1385E-11,  2.1385E-11,  2.1385E-11,  2.1385E-11,  2.1385E-11,  2.1385E-11,  2.1385E-11,  2.1385E-11,  2.1385E-11,  2.1385E-11,  2.1385E-11,  2.1385E-11,  2.1385E-11,  2.1385E-11,  2.1385E-11,  2.1385E-11,  2.1385E-11,  2.1385E-11,  2.1385E-11,  2.1385E-11,  2.1385E-11,  2.1385E-11,  2.1385E-11,  2.1385E-11,  2.1385E-11,  2.1385E-11,  2.1385E-11,  2.1385E-11,  2.1385E-11
  1.2000E+01,  1.2271E+03,  1.3204E+02,  5.6224E-01,  3.2327E-01,  1.0347E+00,  3.5125E+00,  9.4858E-01,  3.4220E+00,  7.6432E-02,  5.5043E-01,  1.1250E-01,  7.1445E-01,  1.2609E-01,  5.1753E-01,  2.2387E-02,  1.0043E-01,  2.2553E-02,  4.7273E-02,  3.6401E-02,  9.3240E-02,  1.7302E-02,  5.7474E-02,  2.9285E-02,  5.9588E-02,  3.8682E-02,  3.9891E-01,  2.5059E-03,  1.9512E-02,  7.9326E-06,  7.9320E-06,  7.9365E-06,  7.9378E-06,  7.9379E-06,  7.9412E-06,  7.9387E-06,  7.9415E-06,  7.9405E-06,  7.9401E-06,  7.9385E-06,  7.9386E-06,  7.9377E-06,  7.9388E-06,  7.9370E-06,  7.9395E-06,  7.9390E-06,  7.9406E-06,  7.9395E-06,  7.9423E-06,  7.9424E-06,  7.9442E-06,  7.9451E-06,  7.9487E-06,  7.9454E-06,  7.9475E-06,  7.9467E-06,  7.9486E-06,  7.9478E-06,  7.9466E-06,  7.9451E-06,  7.9459E-06,  7.9444E-06,  7.9472E-06,  7.9464E-06,  7.9489E-06,  7.9482E-06,  7.9491E-06,  7.9491E-06,  7.9490E-06,  7.9484E-06,  7.9496E-06,  7.9493E-06,  7.9501E-06,  7.9500E-06,  7.9504E-06,  7.9502E-06,  7.9513E-06,  7.9509E-06,  7.9512E-06,  7.9508E-06,  7.9515E-06,  7.9523E-06,  7.9525E-06,  7.9521E-06,  7.9505E-06,  7.9496E-06,  7.9552E-06,  7.9543E-06,  7.9546E-06,  7.9537E-06,  7.9551E-06,  7.9531E-06,  7.9555E-06,  7.2112E-02,  6.7447E-02,  6.2893E-05,  9.5713E-06,  1.0045E-04,  6.5332E-04,  1.1435E-03,  7.6397E-03,  8.4191E-06,  1.1420E-03,  1.8154E-05,  1.2518E-04,  2.1574E-05,  7.7702E-05,  1.5089E-06,  8.8987E-06,  7.7008E-07,  1.0513E-05,  1.9859E-06,  1.3146E-05,  2.0975E-06,  8.1168E-06,  6.0817E-06,  1.0549E-05,  7.7462E-06,  4.9964E-05,  1.0838E-07,  1.9891E-06,  2.1385E-11,  2.1385E-11,  2.1385E-11,  2.1385E-11,  2.1385E-11,  2.1385E-11,  2.1385E-11,  2.1385E-11,  2.1385E-11,  2.1385E-11,  2.1385E-11,  2.1385E-11,  2.1385E-11,  2.1385E-11,  2.1385E-11,  2.1385E-11,  2.1385E-11,  2.1385E-11,  2.1385E-11,  2.1385E-11,  2.1385E-11,  2.1385E-11,  2.1385E-11,  2.1385E-11,  2.1385E-11,  2.1385E-11,  2.1385E-11,  2.1385E-11,  2.1385E-11,  2.1385E-11,  2.1385E-11,  2.1385E-11,  2.1385E-11,  2.1385E-11,  2.1385E-11,  2.1385E-11,  2.1385E-11,  2.1385E-11,  2.1385E-11,  2.1385E-11,  2.1385E-11,  2.1385E-11,  2.1385E-11,  2.1385E-11,  2.1385E-11,  2.1385E-11,  2.1385E-11,  2.1385E-11,  2.1385E-11,  2.1385E-11,  2.1385E-11,  2.1385E-11,  2.1385E-11,  2.1385E-11,  2.1385E-11,  2.1385E-11,  2.1385E-11,  2.1385E-11,  2.1385E-11,  2.1385E-11,  2.1385E-11,  2.1385E-11,  2.1385E-11,  2.1385E-11
  1.4000E+01,  1.2270E+03,  1.3191E+02,  5.6212E-01,  3.2325E-01,  1.0345E+00,  3.5112E+00,  9.4647E-01,  3.4083E+00,  7.6416E-02,  5.4855E-01,  1.1246E-01,  7.1421E-01,  1.2604E-01,  5.1738E-01,  2.2384E-02,  1.0042E-01,  2.2551E-02,  4.7255E-02,  3.6397E-02,  9.3215E-02,  1.7298E-02,  5.7457E-02,  2.9273E-02,  5.9567E-02,  3.8667E-02,  3.9881E-01,  2.5056E-03,  1.9508E-02,  7.9326E-06,  7.9319E-06,  7.9365E-06,  7.9378E-06,  7.9379E-06,  7.9412E-06,  7.9387E-06,  7.9415E-06,  7.9404E-06,  7.9401E-06,  7.9385E-06,  7.9385E-06,  7.9376E-06,  7.9387E-06,  7.9370E-06,  7.9395E-06,  7.9389E-06,  7.9406E-06,  7.9395E-06,  7.9423E-06,  7.9424E-06,  7.9442E-06,  7.9450E-06,  7.9487E-06,  7.9454E-06,  7.9474E-06,  7.9466E-06,  7.9485E-06,  7.9477E-06,  7.9466E-06,  7.9450E-06,  7.9459E-06,  7.9444E-06,  7.9471E-06,  7.9464E-06,  7.9489E-06,  7.9482E-06,  7.9491E-06,  7.9491E-06,  7.9490E-06,  7.9483E-06,  7.9496E-06,  7.9492E-06,  7.9500E-06,  7.9500E-06,  7.9503E-06,  7.9502E-06,  7.9512E-06,  7.9509E-06,  7.9512E-06,  7.9508E-06,  7.9515E-06,  7.9523E-06,  7.9525E-06,  7.9520E-06,  7.9505E-06,  7.9496E-06,  7.9552E-06,  7.9543E-06,  7.9545E-06,  7.9537E-06,  7.9550E-06,  7.9531E-06,  7.9555E-06,  6.7474E-02,  6.8879E-02,  6.1918E-05,  1.0073E-05,  1.0009E-04,  6.1954E-04,  9.6722E-04,  6.0226E-03,  8.3172E-06,  7.3211E-04,  1.7529E-05,  1.1893E-04,  2.0673E-05,  7.4069E-05,  1.5178E-06,  8.7090E-06,  8.0166E-07,  7.4805E-06,  2.0195E-06,  1.2624E-05,  2.0583E-06,  7.9394E-06,  5.8424E-06,  1.0164E-05,  7.3861E-06,  4.8328E-05,  1.1098E-07,  1.9366E-06,  2.1385E-11,  2.1385E-11,  2.1385E-11,  2.1385E-11,  2.1385E-11,  2.1385E-11,  2.1385E-11,  2.1385E-11,  2.1385E-11,  2.1385E-11,  2.1385E-11,  2.1385E-11,  2.1385E-11,  2.1385E-11,  2.1385E-11,  2.1385E-11,  2.1385E-11,  2.1385E-11,  2.1385E-11,  2.1385E-11,  2.1385E-11,  2.1385E-11,  2.1385E-11,  2.1385E-11,  2.1385E-11,  2.1385E-11,  2.1385E-11,  2.1385E-11,  2.1385E-11,  2.1385E-11,  2.1385E-11,  2.1385E-11,  2.1385E-11,  2.1385E-11,  2.1385E-11,  2.1385E-11,  2.1385E-11,  2.1385E-11,  2.1385E-11,  2.1385E-11,  2.1385E-11,  2.1385E-11,  2.1385E-11,  2.1385E-11,  2.1385E-11,  2.1385E-11,  2.1385E-11,  2.1385E-11,  2.1385E-11,  2.1385E-11,  2.1385E-11,  2.1385E-11,  2.1385E-11,  2.1385E-11,  2.1385E-11,  2.1385E-11,  2.1385E-11,  2.1385E-11,  2.1385E-11,  2.1385E-11,  2.1385E-11,  2.1385E-11,  2.1385E-11,  2.1385E-11
  1.6000E+01,  1.2268E+03,  1.3177E+02,  5.6199E-01,  3.2323E-01,  1.0343E+00,  3.5100E+00,  9.4471E-01,  3.3977E+00,  7.6399E-02,  5.4731E-01,  1.1242E-01,  7.1397E-01,  1.2600E-01,  5.1723E-01,  2.2381E-02,  1.0040E-01,  2.2550E-02,  4.7242E-02,  3.6393E-02,  9.3189E-02,  1.7294E-02,  5.7441E-02,  2.9261E-02,  5.9547E-02,  3.8652E-02,  3.9872E-01,  2.5054E-03,  1.9504E-02,  7.9325E-06,  7.9319E-06,  7.9365E-06,  7.9378E-06,  7.9378E-06,  7.9412E-06,  7.9387E-06,  7.9414E-06,  7.9404E-06,  7.9400E-06,  7.9384E-06,  7.9385E-06,  7.9376E-06,  7.9387E-06,  7.9369E-06,  7.9394E-06,  7.9389E-06,  7.9405E-06,  7.9395E-06,  7.9423E-06,  7.9423E-06,  7.9442E-06,  7.9450E-06,  7.9486E-06,  7.9453E-06,  7.9474E-06,  7.9466E-06,  7.9485E-06,  7.9477E-06,  7.9465E-06,  7.9450E-06,  7.9458E-06,  7.9443E-06,  7.9471E-06,  7.9464E-06,  7.9488E-06,  7.9481E-06,  7.9491E-06,  7.9490E-06,  7.9490E-06,  7.9483E-06,  7.9496E-06,  7.9492E-06,  7.9500E-06,  7.9499E-06,  7.9503E-06,  7.9501E-06,  7.9512E-06,  7.9509E-06,  7.9511E-06,  7.9507E-06,  7.9514E-06,  7.9523E-06,  7.9524E-06,  7.9520E-06,  7.9504E-06,  7.9495E-06,  7.9551E-06,  7.9543E-06,  7.9545E-06,  7.9536E-06,  7.9550E-06,  7.9530E-06,  7.9554E-06,  6.7334E-02,  7.0270E-02,  6.3277E-05,  1.0910E-05,  1.0352E-04,  6.1002E-04,  7.9288E-04,  4.6169E-03,  8.5449E-06,  5.0986E-04,  1.7662E-05,  1.1829E-04,  2.0697E-05,  7.3908E-05,  1.5847E-06,  8.8896E-06,  8.6196E-07,  5.6766E-06,  2.1289E-06,  1.2676E-05,  2.1016E-06,  8.0805E-06,  5.8511E-06,  1.0213E-05,  7.3520E-06,  4.8739E-05,  1.1751E-07,  1.9654E-06,  2.1385E-11,  2.1385E-11,  2.1385E-11,  2.1385E-11,  2.1385E-11,  2.1385E-11,  2.1385E-11,  2.1385E-11,  2.1385E-11,  2.1385E-11,  2.1385E-11,  2.1385E-11,  2.1385E-11,  2.1385E-11,  2.1385E-11,  2.1385E-11,  2.1385E-11,  2.1385E-11,  2.1385E-11,  2.1385E-11,  2.1385E-11,  2.1385E-11,  2.1385E-11,  2.1385E-11,  2.1385E-11,  2.1385E-11,  2.1385E-11,  2.1385E-11,  2.1385E-11,  2.1385E-11,  2.1385E-11,  2.1385E-11,  2.1385E-11,  2.1385E-11,  2.1385E-11,  2.1385E-11,  2.1385E-11,  2.1385E-11,  2.1385E-11,  2.1385E-11,  2.1385E-11,  2.1385E-11,  2.1385E-11,  2.1385E-11,  2.1385E-11,  2.1385E-11,  2.1385E-11,  2.1385E-11,  2.1385E-11,  2.1385E-11,  2.1385E-11,  2.1385E-11,  2.1385E-11,  2.1385E-11,  2.1385E-11,  2.1385E-11,  2.1385E-11,  2.1385E-11,  2.1385E-11,  2.1385E-11,  2.1385E-11,  2.1385E-11,  2.1385E-11,  2.1385E-11
  1.8000E+01,  1.2267E+03,  1.3163E+02,  5.6186E-01,  3.2321E-01,  1.0341E+00,  3.5088E+00,  9.4327E-01,  3.3895E+00,  7.6381E-02,  5.4641E-01,  1.1239E-01,  7.1373E-01,  1.2596E-01,  5.1708E-01,  2.2377E-02,  1.0038E-01,  2.2548E-02,  4.7231E-02,  3.6388E-02,  9.3164E-02,  1.7290E-02,  5.7425E-02,  2.9249E-02,  5.9526E-02,  3.8637E-02,  3.9862E-01,  2.5052E-03,  1.9500E-02,  7.9325E-06,  7.9318E-06,  7.9364E-06,  7.9377E-06,  7.9378E-06,  7.9411E-06,  7.9386E-06,  7.9414E-06,  7.9403E-06,  7.9400E-06,  7.9384E-06,  7.9384E-06,  7.9375E-06,  7.9386E-06,  7.9369E-06,  7.9394E-06,  7.9388E-06,  7.9405E-06,  7.9394E-06,  7.9422E-06,  7.9423E-06,  7.9441E-06,  7.9449E-06,  7.9486E-06,  7.9453E-06,  7.9474E-06,  7.9465E-06,  7.9485E-06,  7.9477E-06,  7.9465E-06,  7.9449E-06,  7.9458E-06,  7.9443E-06,  7.9470E-06,  7.9463E-06,  7.9488E-06,  7.9481E-06,  7.9490E-06,  7.9490E-06,  7.9489E-06,  7.9482E-06,  7.9495E-06,  7.9492E-06,  7.9499E-06,  7.9499E-06,  7.9502E-06,  7.9501E-06,  7.9511E-06,  7.9508E-06,  7.9511E-06,  7.9507E-06,  7.9514E-06,  7.9522E-06,  7.9524E-06,  7.9519E-06,  7.9504E-06,  7.9495E-06,  7.9551E-06,  7.9542E-06,  7.9545E-06,  7.9536E-06,  7.9549E-06,  7.9530E-06,  7.9554E-06,  6.9692E-02,  7.1240E-02,  6.6070E-05,  1.1993E-05,  1.0937E-04,  6.1525E-04,  6.3977E-04,  3.5178E-03,  8.9786E-06,  3.8958E-04,  1.8248E-05,  1.2092E-04,  2.1268E-05,  7.5784E-05,  1.6898E-06,  9.2991E-06,  9.4291E-07,  4.6157E-06,  2.2896E-06,  1.3070E-05,  2.1957E-06,  8.4152E-06,  6.0062E-06,  1.0518E-05,  7.5077E-06,  5.0370E-05,  1.2671E-07,  2.0435E-06,  2.1385E-11,  2.1385E-11,  2.1385E-11,  2.1385E-11,  2.1385E-11,  2.1385E-11,  2.1385E-11,  2.1385E-11,  2.1385E-11,  2.1385E-11,  2.1385E-11,  2.1385E-11,  2.1385E-11,  2.1385E-11,  2.1385E-11,  2.1385E-11,  2.1385E-11,  2.1385E-11,  2.1385E-11,  2.1385E-11,  2.1385E-11,  2.1385E-11,  2.1385E-11,  2.1385E-11,  2.1385E-11,  2.1385E-11,  2.1385E-11,  2.1385E-11,  2.1385E-11,  2.1385E-11,  2.1385E-11,  2.1385E-11,  2.1385E-11,  2.1385E-11,  2.1385E-11,  2.1385E-11,  2.1385E-11,  2.1385E-11,  2.1385E-11,  2.1385E-11,  2.1385E-11,  2.1385E-11,  2.1385E-11,  2.1385E-11,  2.1385E-11,  2.1385E-11,  2.1385E-11,  2.1385E-11,  2.1385E-11,  2.1385E-11,  2.1385E-11,  2.1385E-11,  2.1385E-11,  2.1385E-11,  2.1385E-11,  2.1385E-11,  2.1385E-11,  2.1385E-11,  2.1385E-11,  2.1385E-11,  2.1385E-11,  2.1385E-11,  2.1385E-11,  2.1385E-11
  2.0000E+01,  1.2266E+03,  1.3148E+02,  5.6173E-01,  3.2318E-01,  1.0339E+00,  3.5075E+00,  9.4212E-01,  3.3833E+00,  7.6363E-02,  5.4570E-01,  1.1235E-01,  7.1348E-01,  1.2592E-01,  5.1693E-01,  2.2374E-02,  1.0036E-01,  2.2546E-02,  4.7223E-02,  3.6383E-02,  9.3137E-02,  1.7285E-02,  5.7408E-02,  2.9237E-02,  5.9504E-02,  3.8622E-02,  3.9851E-01,  2.5049E-03,  1.9496E-02,  7.9325E-06,  7.9318E-06,  7.9364E-06,  7.9377E-06,  7.9377E-06,  7.9411E-06,  7.9386E-06,  7.9413E-06,  7.9403E-06,  7.9400E-06,  7.9384E-06,  7.9384E-06,  7.9375E-06,  7.9386E-06,  7.9368E-06,  7.9394E-06,  7.9388E-06,  7.9404E-06,  7.9394E-06,  7.9422E-06,  7.9422E-06,  7.9441E-06,  7.9449E-06,  7.9485E-06,  7.9452E-06,  7.9473E-06,  7.9465E-06,  7.9484E-06,  7.9476E-06,  7.9464E-06,  7.9449E-06,  7.9458E-06,  7.9443E-06,  7.9470E-06,  7.9463E-06,  7.9487E-06,  7.9480E-06,  7.9490E-06,  7.9489E-06,  7.9489E-06,  7.9482E-06,  7.9495E-06,  7.9491E-06,  7.9499E-06,  7.9498E-06,  7.9502E-06,  7.9501E-06,  7.9511E-06,  7.9508E-06,  7.9510E-06,  7.9506E-06,  7.9514E-06,  7.9522E-06,  7.9523E-06,  7.9519E-06,  7.9503E-06,  7.9494E-06,  7.9551E-06,  7.9542E-06,  7.9544E-06,  7.9535E-06,  7.9549E-06,  7.9529E-06,  7.9553E-06,  7.4106E-02,  7.1666E-02,  6.9795E-05,  1.3269E-05,  1.1685E-04,  6.3041E-04,  5.1657E-04,  2.7243E-03,  9.5499E-06,  3.1923E-04,  1.9123E-05,  1.2559E-04,  2.2182E-05,  7.8940E-05,  1.8217E-06,  9.8600E-06,  1.0397E-06,  4.0135E-06,  2.4874E-06,  1.3681E-05,  2.3230E-06,  8.8759E-06,  6.2525E-06,  1.0984E-05,  7.7805E-06,  5.2781E-05,  1.3786E-07,  2.1537E-06,  2.1385E-11,  2.1385E-11,  2.1385E-11,  2.1385E-11,  2.1385E-11,  2.1385E-11,  2.1385E-11,  2.1385E-11,  2.1385E-11,  2.1385E-11,  2.1385E-11,  2.1385E-11,  2.1385E-11,  2.1385E-11,  2.1385E-11,  2.1385E-11,  2.1385E-11,  2.1385E-11,  2.1385E-11,  2.1385E-11,  2.1385E-11,  2.1385E-11,  2.1385E-11,  2.1385E-11,  2.1385E-11,  2.1385E-11,  2.1385E-11,  2.1385E-11,  2.1385E-11,  2.1385E-11,  2.1385E-11,  2.1385E-11,  2.1385E-11,  2.1385E-11,  2.1385E-11,  2.1385E-11,  2.1385E-11,  2.1385E-11,  2.1385E-11,  2.1385E-11,  2.1385E-11,  2.1385E-11,  2.1385E-11,  2.1385E-11,  2.1385E-11,  2.1385E-11,  2.1385E-11,  2.1385E-11,  2.1385E-11,  2.1385E-11,  2.1385E-11,  2.1385E-11,  2.1385E-11,  2.1385E-11,  2.1385E-11,  2.1385E-11,  2.1385E-11,  2.1385E-11,  2.1385E-11,  2.1385E-11,  2.1385E-11,  2.1385E-11,  2.1385E-11,  2.1385E-11
  2.2000E+01,  1.2264E+03,  1.3134E+02,  5.6158E-01,  3.2316E-01,  1.0336E+00,  3.5063E+00,  9.4118E-01,  3.3784E+00,  7.6343E-02,  5.4511E-01,  1.1231E-01,  7.1322E-01,  1.2587E-01,  5.1676E-01,  2.2370E-02,  1.0034E-01,  2.2544E-02,  4.7215E-02,  3.6378E-02,  9.3109E-02,  1.7280E-02,  5.7389E-02,  2.9224E-02,  5.9482E-02,  3.8606E-02,  3.9840E-01,  2.5046E-03,  1.9492E-02,  7.9324E-06,  7.9318E-06,  7.9363E-06,  7.9376E-06,  7.9377E-06,  7.9410E-06,  7.9385E-06,  7.9413E-06,  7.9403E-06,  7.9399E-06,  7.9383E-06,  7.9383E-06,  7.9374E-06,  7.9386E-06,  7.9368E-06,  7.9393E-06,  7.9388E-06,  7.9404E-06,  7.9393E-06,  7.9421E-06,  7.9422E-06,  7.9440E-06,  7.9449E-06,  7.9485E-06,  7.9452E-06,  7.9473E-06,  7.9464E-06,  7.9484E-06,  7.9476E-06,  7.9464E-06,  7.9448E-06,  7.9457E-06,  7.9442E-06,  7.9470E-06,  7.9462E-06,  7.9487E-06,  7.9480E-06,  7.9489E-06,  7.9489E-06,  7.9488E-06,  7.9482E-06,  7.9494E-06,  7.9491E-06,  7.9498E-06,  7.9498E-06,  7.9502E-06,  7.9500E-06,  7.9511E-06,  7.9507E-06,  7.9510E-06,  7.9506E-06,  7.9513E-06,  7.9521E-06,  7.9523E-06,  7.9519E-06,  7.9503E-06,  7.9494E-06,  7.9550E-06,  7.9541E-06,  7.9544E-06,  7.9535E-06,  7.9548E-06,  7.9529E-06,  7.9553E-06,  7.9125E-02,  7.1551E-02,  7.4141E-05,  1.4697E-05,  1.2548E-04,  6.5270E-04,  4.2418E-04,  2.1849E-03,  1.0216E-05,  2.7360E-04,  2.0187E-05,  1.3155E-04,  2.3318E-05,  8.2927E-05,  1.9729E-06,  1.0525E-05,  1.1491E-06,  3.6936E-06,  2.7129E-06,  1.4435E-05,  2.4729E-06,  9.4204E-06,  6.5569E-06,  1.1555E-05,  8.1274E-06,  5.5702E-05,  1.5047E-07,  2.2851E-06,  2.1385E-11,  2.1385E-11,  2.1385E-11,  2.1385E-11,  2.1385E-11,  2.1385E-11,  2.1385E-11,  2.1385E-11,  2.1385E-11,  2.1385E-11,  2.1385E-11,  2.1385E-11,  2.1385E-11,  2.1385E-11,  2.1385E-11,  2.1385E-11,  2.1385E-11,  2.1385E-11,  2.1385E-11,  2.1385E-11,  2.1385E-11,  2.1385E-11,  2.1385E-11,  2.1385E-11,  2.1385E-11,  2.1385E-11,  2.1385E-11,  2.1385E-11,  2.1385E-11,  2.1385E-11,  2.1385E-11,  2.1385E-11,  2.1385E-11,  2.1385E-11,  2.1385E-11,  2.1385E-11,  2.1385E-11,  2.1385E-11,  2.1385E-11,  2.1385E-11,  2.1385E-11,  2.1385E-11,  2.1385E-11,  2.1385E-11,  2.1385E-11,  2.1385E-11,  2.1385E-11,  2.1385E-11,  2.1385E-11,  2.1385E-11,  2.1385E-11,  2.1385E-11,  2.1385E-11,  2.1385E-11,  2.1385E-11,  2.1385E-11,  2.1385E-11,  2.1385E-11,  2.1385E-11,  2.1385E-11,  2.1385E-11,  2.1385E-11,  2.1385E-11,  2.1385E-11
  2.5000E+01,  1.2262E+03,  1.3113E+02,  5.6135E-01,  3.2311E-01,  1.0332E+00,  3.5042E+00,  9.4004E-01,  3.3725E+00,  7.6311E-02,  5.4436E-01,  1.1225E-01,  7.1281E-01,  1.2580E-01,  5.1650E-01,  2.2364E-02,  1.0031E-01,  2.2540E-02,  4.7204E-02,  3.6370E-02,  9.3064E-02,  1.7273E-02,  5.7360E-02,  2.9204E-02,  5.9446E-02,  3.8581E-02,  3.9823E-01,  2.5041E-03,  1.9484E-02,  7.9324E-06,  7.9317E-06,  7.9363E-06,  7.9376E-06,  7.9376E-06,  7.9410E-06,  7.9385E-06,  7.9412E-06,  7.9402E-06,  7.9399E-06,  7.9382E-06,  7.9383E-06,  7.9374E-06,  7.9385E-06,  7.9367E-06,  7.9392E-06,  7.9387E-06,  7.9403E-06,  7.9393E-06,  7.9421E-06,  7.9421E-06,  7.9440E-06,  7.9448E-06,  7.9484E-06,  7.9451E-06,  7.9472E-06,  7.9464E-06,  7.9483E-06,  7.9475E-06,  7.9463E-06,  7.9448E-06,  7.9456E-06,  7.9441E-06,  7.9469E-06,  7.9462E-06,  7.9486E-06,  7.9479E-06,  7.9489E-06,  7.9488E-06,  7.9488E-06,  7.9481E-06,  7.9494E-06,  7.9490E-06,  7.9498E-06,  7.9497E-06,  7.9501E-06,  7.9500E-06,  7.9510E-06,  7.9507E-06,  7.9509E-06,  7.9505E-06,  7.9512E-06,  7.9521E-06,  7.9522E-06,  7.9518E-06,  7.9502E-06,  7.9493E-06,  7.9550E-06,  7.9541E-06,  7.9543E-06,  7.9534E-06,  7.9548E-06,  7.9528E-06,  7.9552E-06,  8.8014E-02,  7.0505E-02,  8.1370E-05,  1.7062E-05,  1.3983E-04,  6.9535E-04,  3.3453E-04,  1.7067E-03,  1.1330E-05,  2.2951E-04,  2.1998E-05,  1.4196E-04,  2.5273E-05,  8.9846E-05,  2.2253E-06,  1.1650E-05,  1.3315E-06,  3.5273E-06,  3.0892E-06,  1.5732E-05,  2.7242E-06,  1.0334E-05,  7.0769E-06,  1.2529E-05,  8.7277E-06,  6.0661E-05,  1.7136E-07,  2.5076E-06,  2.1385E-11,  2.1385E-11,  2.1385E-11,  2.1385E-11,  2.1385E-11,  2.1385E-11,  2.1385E-11,  2.1385E-11,  2.1385E-11,  2.1385E-11,  2.1385E-11,  2.1385E-11,  2.1385E-11,  2.1385E-11,  2.1385E-11,  2.1385E-11,  2.1385E-11,  2.1385E-11,  2.1385E-11,  2.1385E-11,  2.1385E-11,  2.1385E-11,  2.1385E-11,  2.1385E-11,  2.1385E-11,  2.1385E-11,  2.1385E-11,  2.1385E-11,  2.1385E-11,  2.1385E-11,  2.1385E-11,  2.1385E-11,  2.1385E-11,  2.1385E-11,  2.1385E-11,  2.1385E-11,  2.1385E-11,  2.1385E-11,  2.1385E-11,  2.1385E-11,  2.1385E-11,  2.1385E-11,  2.1385E-11,  2.1385E-11,  2.1385E-11,  2.1385E-11,  2.1385E-11,  2.1388E-11,  2.1387E-11,  2.1388E-11,  2.1386E-11,  2.1390E-11,  2.1396E-11,  2.1398E-11,  2.1394E-11,  2.1385E-11,  2.1385E-11,  2.1439E-11,  2.1422E-11,  2.1427E-11,  2.1412E-11,  2.1436E-11,  2.1404E-11,  2.1445E-11
  2.8000E+01,  1.2259E+03,  1.3092E+02,  5.6109E-01,  3.2305E-01,  1.0328E+00,  3.5021E+00,  9.3911E-01,  3.3678E+00,  7.6275E-02,  5.4371E-01,  1.1218E-01,  7.1237E-01,  1.2572E-01,  5.1622E-01,  2.2357E-02,  1.0027E-01,  2.2536E-02,  4.7193E-02,  3.6360E-02,  9.3014E-02,  1.7264E-02,  5.7327E-02,  2.9182E-02,  5.9407E-02,  3.8554E-02,  3.9804E-01,  2.5036E-03,  1.9476E-02,  7.9323E-06,  7.9316E-06,  7.9362E-06,  7.9375E-06,  7.9376E-06,  7.9409E-06,  7.9384E-06,  7.9412E-06,  7.9401E-06,  7.9398E-06,  7.9382E-06,  7.9382E-06,  7.9373E-06,  7.9384E-06,  7.9367E-06,  7.9392E-06,  7.9386E-06,  7.9403E-06,  7.9392E-06,  7.9420E-06,  7.9421E-06,  7.9439E-06,  7.9447E-06,  7.9484E-06,  7.9451E-06,  7.9471E-06,  7.9463E-06,  7.9482E-06,  7.9474E-06,  7.9463E-06,  7.9447E-06,  7.9456E-06,  7.9441E-06,  7.9468E-06,  7.9461E-06,  7.9486E-06,  7.9479E-06,  7.9488E-06,  7.9488E-06,  7.9487E-06,  7.9480E-06,  7.9493E-06,  7.9489E-06,  7.9497E-06,  7.9497E-06,  7.9500E-06,  7.9499E-06,  7.9509E-06,  7.9506E-06,  7.9509E-06,  7.9505E-06,  7.9512E-06,  7.9520E-06,  7.9522E-06,  7.9517E-06,  7.9502E-06,  7.9493E-06,  7.9549E-06,  7.9540E-06,  7.9542E-06,  7.9534E-06,  7.9547E-06,  7.9528E-06,  7.9552E-06,  9.7995E-02,  6.8687E-02,  8.9124E-05,  1.9640E-05,  1.5518E-04,  7.4506E-04,  2.8680E-04,  1.4624E-03,  1.2524E-05,  2.0329E-04,  2.3946E-05,  1.5328E-04,  2.7382E-05,  9.7361E-05,  2.4972E-06,  1.2865E-05,  1.5299E-06,  3.5831E-06,  3.4960E-06,  1.7135E-05,  2.9930E-06,  1.1310E-05,  7.6356E-06,  1.3572E-05,  9.3741E-06,  6.5985E-05,  1.9385E-07,  2.7465E-06,  2.1385E-11,  2.1385E-11,  2.1385E-11,  2.1385E-11,  2.1385E-11,  2.1385E-11,  2.1385E-11,  2.1385E-11,  2.1385E-11,  2.1385E-11,  2.1385E-11,  2.1385E-11,  2.1385E-11,  2.1385E-11,  2.1385E-11,  2.1385E-11,  2.1385E-11,  2.1385E-11,  2.1385E-11,  2.1385E-11,  2.1385E-11,  2.1392E-11,  2.1399E-11,  2.1459E-11,  2.1403E-11,  2.1433E-11,  2.1419E-11,  2.1456E-11,  2.1439E-11,  2.1418E-11,  2.1399E-11,  2.1409E-11,  2.1393E-11,  2.1428E-11,  2.1416E-11,  2.1464E-11,  2.1447E-11,  2.1470E-11,  2.1468E-11,  2.1467E-11,  2.1451E-11,  2.1483E-11,  2.1473E-11,  2.1494E-11,  2.1493E-11,  2.1504E-11,  2.1500E-11,  2.1534E-11,  2.1523E-11,  2.1532E-11,  2.1518E-11,  2.1543E-11,  2.1572E-11,  2.1579E-11,  2.1562E-11,  2.1509E-11,  2.1481E-11,  2.1702E-11,  2.1658E-11,  2.1670E-11,  2.1630E-11,  2.1693E-11,  2.1603E-11,  2.1715E-11
  3.2000E+01,  1.2255E+03,  1.3065E+02,  5.6072E-01,  3.2297E-01,  1.0321E+00,  3.4990E+00,  9.3801E-01,  3.3622E+00,  7.6221E-02,  5.4293E-01,  1.1208E-01,  7.1173E-01,  1.2560E-01,  5.1581E-01,  2.2346E-02,  1.0022E-01,  2.2529E-02,  4.7179E-02,  3.6345E-02,  9.2942E-02,  1.7251E-02,  5.7279E-02,  2.9150E-02,  5.9349E-02,  3.8514E-02,  3.9776E-01,  2.5027E-03,  1.9465E-02,  7.9322E-06,  7.9315E-06,  7.9361E-06,  7.9374E-06,  7.9375E-06,  7.9408E-06,  7.9383E-06,  7.9411E-06,  7.9400E-06,  7.9397E-06,  7.9381E-06,  7.9381E-06,  7.9372E-06,  7.9383E-06,  7.9366E-06,  7.9391E-06,  7.9385E-06,  7.9402E-06,  7.9391E-06,  7.9419E-06,  7.9420E-06,  7.9438E-06,  7.9446E-06,  7.9483E-06,  7.9450E-06,  7.9471E-06,  7.9462E-06,  7.9482E-06,  7.9474E-06,  7.9462E-06,  7.9446E-06,  7.9455E-06,  7.9440E-06,  7.9467E-06,  7.9460E-06,  7.9485E-06,  7.9478E-06,  7.9487E-06,  7.9487E-06,  7.9486E-06,  7.9479E-06,  7.9492E-06,  7.9489E-06,  7.9496E-06,  7.9496E-06,  7.9499E-06,  7.9498E-06,  7.9508E-06,  7.9505E-06,  7.9508E-06,  7.9504E-06,  7.9511E-06,  7.9519E-06,  7.9521E-06,  7.9516E-06,  7.9501E-06,  7.9492E-06,  7.9548E-06,  7.9539E-06,  7.9542E-06,  7.9533E-06,  7.9546E-06,  7.9527E-06,  7.9551E-06,  1.1230E-01,  6.5650E-02,  9.9942E-05,  2.3286E-05,  1.7643E-04,  8.1651E-04,  2.5977E-04,  1.3056E-03,  1.4177E-05,  1.8541E-04,  2.6627E-05,  1.6873E-04,  3.0283E-05,  1.0766E-04,  2.8756E-06,  1.4543E-05,  1.8124E-06,  3.8494E-06,  4.0659E-06,  1.9060E-05,  3.3637E-06,  1.2650E-05,  8.3954E-06,  1.5000E-05,  1.0257E-05,  7.3298E-05,  2.2541E-07,  3.0767E-06,  2.1385E-11,  2.1385E-11,  2.1411E-11,  2.1430E-11,  2.1431E-11,  2.1506E-11,  2.1446E-11,  2.1514E-11,  2.1485E-11,  2.1476E-11,  2.1442E-11,  2.1442E-11,  2.1427E-11,  2.1446E-11,  2.1417E-11,  2.1462E-11,  2.1450E-11,  2.1489E-11,  2.1463E-11,  2.1540E-11,  2.1542E-11,  2.1608E-11,  2.1642E-11,  2.1816E-11,  2.1657E-11,  2.1754E-11,  2.1713E-11,  2.1810E-11,  2.1768E-11,  2.1710E-11,  2.1641E-11,  2.1679E-11,  2.1615E-11,  2.1738E-11,  2.1703E-11,  2.1827E-11,  2.1790E-11,  2.1839E-11,  2.1837E-11,  2.1834E-11,  2.1799E-11,  2.1866E-11,  2.1847E-11,  2.1889E-11,  2.1885E-11,  2.1906E-11,  2.1899E-11,  2.1956E-11,  2.1937E-11,  2.1952E-11,  2.1930E-11,  2.1970E-11,  2.2016E-11,  2.2026E-11,  2.2001E-11,  2.1914E-11,  2.1864E-11,  2.2181E-11,  2.2130E-11,  2.2144E-11,  2.2094E-11,  2.2170E-11,  2.2059E-11,  2.2196E-11
  3.5000E+01,  1.2251E+03,  1.3046E+02,  5.6040E-01,  3.2289E-01,  1.0316E+00,  3.4964E+00,  9.3724E-01,  3.3584E+00,  7.6177E-02,  5.4238E-01,  1.1200E-01,  7.1120E-01,  1.2551E-01,  5.1548E-01,  2.2337E-02,  1.0017E-01,  2.2523E-02,  4.7167E-02,  3.6332E-02,  9.2882E-02,  1.7241E-02,  5.7240E-02,  2.9123E-02,  5.9303E-02,  3.8483E-02,  3.9753E-01,  2.5020E-03,  1.9455E-02,  7.9321E-06,  7.9315E-06,  7.9360E-06,  7.9374E-06,  7.9374E-06,  7.9408E-06,  7.9382E-06,  7.9410E-06,  7.9400E-06,  7.9396E-06,  7.9380E-06,  7.9381E-06,  7.9372E-06,  7.9383E-06,  7.9365E-06,  7.9390E-06,  7.9385E-06,  7.9401E-06,  7.9390E-06,  7.9419E-06,  7.9419E-06,  7.9438E-06,  7.9446E-06,  7.9482E-06,  7.9449E-06,  7.9470E-06,  7.9462E-06,  7.9481E-06,  7.9473E-06,  7.9461E-06,  7.9446E-06,  7.9454E-06,  7.9439E-06,  7.9467E-06,  7.9460E-06,  7.9484E-06,  7.9477E-06,  7.9487E-06,  7.9486E-06,  7.9486E-06,  7.9479E-06,  7.9491E-06,  7.9488E-06,  7.9496E-06,  7.9495E-06,  7.9499E-06,  7.9497E-06,  7.9508E-06,  7.9504E-06,  7.9507E-06,  7.9503E-06,  7.9510E-06,  7.9518E-06,  7.9520E-06,  7.9516E-06,  7.9500E-06,  7.9491E-06,  7.9547E-06,  7.9538E-06,  7.9541E-06,  7.9532E-06,  7.9546E-06,  7.9526E-06,  7.9550E-06,  1.2342E-01,  6.3315E-02,  1.0879E-04,  2.6274E-05,  1.9262E-04,  8.7174E-04,  2.5354E-04,  1.2474E-03,  1.5410E-05,  1.7996E-04,  2.8597E-05,  1.8030E-04,  3.2410E-05,  1.1539E-04,  3.1658E-06,  1.5819E-05,  2.0305E-06,  4.1493E-06,  4.5060E-06,  2.0510E-05,  3.6415E-06,  1.3672E-05,  8.9903E-06,  1.6076E-05,  1.0938E-05,  7.8757E-05,  2.5012E-07,  3.3209E-06,  2.1457E-11,  2.1444E-11,  2.1563E-11,  2.1609E-11,  2.1611E-11,  2.1755E-11,  2.1644E-11,  2.1767E-11,  2.1719E-11,  2.1703E-11,  2.1636E-11,  2.1637E-11,  2.1602E-11,  2.1646E-11,  2.1579E-11,  2.1677E-11,  2.1654E-11,  2.1725E-11,  2.1678E-11,  2.1807E-11,  2.1811E-11,  2.1905E-11,  2.1947E-11,  2.2144E-11,  2.1966E-11,  2.2078E-11,  2.2033E-11,  2.2138E-11,  2.2094E-11,  2.2030E-11,  2.1947E-11,  2.1993E-11,  2.1914E-11,  2.2061E-11,  2.2022E-11,  2.2156E-11,  2.2117E-11,  2.2168E-11,  2.2166E-11,  2.2163E-11,  2.2126E-11,  2.2195E-11,  2.2176E-11,  2.2217E-11,  2.2214E-11,  2.2235E-11,  2.2228E-11,  2.2284E-11,  2.2266E-11,  2.2280E-11,  2.2259E-11,  2.2298E-11,  2.2343E-11,  2.2353E-11,  2.2328E-11,  2.2243E-11,  2.2193E-11,  2.2510E-11,  2.2459E-11,  2.2473E-11,  2.2422E-11,  2.2500E-11,  2.2386E-11,  2.2526E-11
  4.0000E+01,  1.2244E+03,  1.3015E+02,  5.5982E-01,  3.2275E-01,  1.0305E+00,  3.4918E+00,  9.3597E-01,  3.3523E+00,  7.6095E-02,  5.4148E-01,  1.1184E-01,  7.1026E-01,  1.2534E-01,  5.1487E-01,  2.2320E-02,  1.0009E-01,  2.2512E-02,  4.7144E-02,  3.6307E-02,  9.2774E-02,  1.7221E-02,  5.7167E-02,  2.9076E-02,  5.9218E-02,  3.8425E-02,  3.9712E-01,  2.5007E-03,  1.9438E-02,  7.9320E-06,  7.9314E-06,  7.9359E-06,  7.9372E-06,  7.9373E-06,  7.9406E-06,  7.9381E-06,  7.9409E-06,  7.9399E-06,  7.9395E-06,  7.9379E-06,  7.9380E-06,  7.9371E-06,  7.9382E-06,  7.9364E-06,  7.9389E-06,  7.9384E-06,  7.9400E-06,  7.9389E-06,  7.9417E-06,  7.9418E-06,  7.9436E-06,  7.9445E-06,  7.9481E-06,  7.9448E-06,  7.9469E-06,  7.9460E-06,  7.9480E-06,  7.9472E-06,  7.9460E-06,  7.9445E-06,  7.9453E-06,  7.9438E-06,  7.9466E-06,  7.9458E-06,  7.9483E-06,  7.9476E-06,  7.9485E-06,  7.9485E-06,  7.9484E-06,  7.9478E-06,  7.9490E-06,  7.9487E-06,  7.9494E-06,  7.9494E-06,  7.9498E-06,  7.9496E-06,  7.9507E-06,  7.9503E-06,  7.9506E-06,  7.9502E-06,  7.9509E-06,  7.9517E-06,  7.9519E-06,  7.9515E-06,  7.9499E-06,  7.9490E-06,  7.9546E-06,  7.9537E-06,  7.9540E-06,  7.9531E-06,  7.9544E-06,  7.9525E-06,  7.9549E-06,  1.4217E-01,  5.9870E-02,  1.2398E-04,  3.1673E-05,  2.2153E-04,  9.6111E-04,  2.5444E-04,  1.2032E-03,  1.7568E-05,  1.7896E-04,  3.1975E-05,  1.9887E-04,  3.6004E-05,  1.2771E-04,  3.6593E-06,  1.7893E-05,  2.4164E-06,  4.7859E-06,  5.2540E-06,  2.2832E-05,  4.1344E-06,  1.5494E-05,  1.0044E-05,  1.7992E-05,  1.2150E-05,  8.8450E-05,  2.9470E-07,  3.7437E-06,  2.1814E-11,  2.1784E-11,  2.2004E-11,  2.2069E-11,  2.2072E-11,  2.2241E-11,  2.2114E-11,  2.2253E-11,  2.2202E-11,  2.2184E-11,  2.2103E-11,  2.2105E-11,  2.2060E-11,  2.2115E-11,  2.2028E-11,  2.2154E-11,  2.2126E-11,  2.2208E-11,  2.2155E-11,  2.2296E-11,  2.2299E-11,  2.2395E-11,  2.2439E-11,  2.2639E-11,  2.2458E-11,  2.2571E-11,  2.2525E-11,  2.2633E-11,  2.2587E-11,  2.2523E-11,  2.2439E-11,  2.2485E-11,  2.2404E-11,  2.2554E-11,  2.2514E-11,  2.2651E-11,  2.2611E-11,  2.2664E-11,  2.2661E-11,  2.2658E-11,  2.2621E-11,  2.2692E-11,  2.2672E-11,  2.2715E-11,  2.2712E-11,  2.2733E-11,  2.2725E-11,  2.2784E-11,  2.2765E-11,  2.2780E-11,  2.2758E-11,  2.2798E-11,  2.2843E-11,  2.2853E-11,  2.2828E-11,  2.2741E-11,  2.2689E-11,  2.3010E-11,  2.2957E-11,  2.2972E-11,  2.2921E-11,  2.2999E-11,  2.2886E-11,  2.3026E-11
  4.5000E+01,  1.2237E+03,  1.2986E+02,  5.5916E-01,  3.2258E-01,  1.0294E+00,  3.4868E+00,  9.3468E-01,  3.3463E+00,  7.6001E-02,  5.4057E-01,  1.1168E-01,  7.0921E-01,  1.2515E-01,  5.1420E-01,  2.2300E-02,  9.9992E-02,  2.2499E-02,  4.7119E-02,  3.6279E-02,  9.2654E-02,  1.7199E-02,  5.7085E-02,  2.9023E-02,  5.9123E-02,  3.8361E-02,  3.9665E-01,  2.4991E-03,  1.9418E-02,  7.9319E-06,  7.9313E-06,  7.9358E-06,  7.9371E-06,  7.9372E-06,  7.9405E-06,  7.9380E-06,  7.9408E-06,  7.9398E-06,  7.9394E-06,  7.9378E-06,  7.9378E-06,  7.9369E-06,  7.9381E-06,  7.9363E-06,  7.9388E-06,  7.9383E-06,  7.9399E-06,  7.9388E-06,  7.9416E-06,  7.9417E-06,  7.9435E-06,  7.9444E-06,  7.9480E-06,  7.9447E-06,  7.9468E-06,  7.9459E-06,  7.9479E-06,  7.9471E-06,  7.9459E-06,  7.9443E-06,  7.9452E-06,  7.9437E-06,  7.9465E-06,  7.9457E-06,  7.9482E-06,  7.9475E-06,  7.9484E-06,  7.9484E-06,  7.9483E-06,  7.9477E-06,  7.9489E-06,  7.9486E-06,  7.9493E-06,  7.9493E-06,  7.9496E-06,  7.9495E-06,  7.9506E-06,  7.9502E-06,  7.9505E-06,  7.9501E-06,  7.9508E-06,  7.9516E-06,  7.9518E-06,  7.9513E-06,  7.9498E-06,  7.9489E-06,  7.9545E-06,  7.9536E-06,  7.9539E-06,  7.9530E-06,  7.9543E-06,  7.9524E-06,  7.9548E-06,  1.6070E-01,  5.7919E-02,  1.3855E-04,  3.7228E-05,  2.5128E-04,  1.0543E-03,  2.6427E-04,  1.2082E-03,  1.9831E-05,  1.8487E-04,  3.5514E-05,  2.1823E-04,  3.9781E-05,  1.4041E-04,  4.1860E-06,  2.0050E-05,  2.8341E-06,  5.5027E-06,  6.0560E-06,  2.5227E-05,  4.6422E-06,  1.7329E-05,  1.1067E-05,  1.9920E-05,  1.3337E-05,  9.8373E-05,  3.4098E-07,  4.1877E-06,  2.2247E-11,  2.2215E-11,  2.2438E-11,  2.2504E-11,  2.2507E-11,  2.2681E-11,  2.2550E-11,  2.2694E-11,  2.2640E-11,  2.2622E-11,  2.2539E-11,  2.2541E-11,  2.2495E-11,  2.2552E-11,  2.2463E-11,  2.2590E-11,  2.2562E-11,  2.2647E-11,  2.2591E-11,  2.2738E-11,  2.2742E-11,  2.2837E-11,  2.2881E-11,  2.3082E-11,  2.2899E-11,  2.3013E-11,  2.2966E-11,  2.3075E-11,  2.3029E-11,  2.2964E-11,  2.2880E-11,  2.2927E-11,  2.2846E-11,  2.2995E-11,  2.2955E-11,  2.3094E-11,  2.3053E-11,  2.3107E-11,  2.3104E-11,  2.3101E-11,  2.3063E-11,  2.3135E-11,  2.3115E-11,  2.3158E-11,  2.3155E-11,  2.3176E-11,  2.3169E-11,  2.3228E-11,  2.3209E-11,  2.3224E-11,  2.3201E-11,  2.3242E-11,  2.3289E-11,  2.3298E-11,  2.3273E-11,  2.3185E-11,  2.3133E-11,  2.3457E-11,  2.3404E-11,  2.3418E-11,  2.3367E-11,  2.3446E-11,  2.3332E-11,  2.3473E-11
  5.0000E+01,  1.2228E+03,  1.2957E+02,  5.5844E-01,  3.2238E-01,  1.0280E+00,  3.4813E+00,  9.3332E-01,  3.3401E+00,  7.5896E-02,  5.3963E-01,  1.1149E-01,  7.0807E-01,  1.2494E-01,  5.1347E-01,  2.2278E-02,  9.9886E-02,  2.2484E-02,  4.7089E-02,  3.6247E-02,  9.2522E-02,  1.7175E-02,  5.6994E-02,  2.8965E-02,  5.9019E-02,  3.8292E-02,  3.9613E-01,  2.4973E-03,  1.9396E-02,  7.9318E-06,  7.9311E-06,  7.9357E-06,  7.9370E-06,  7.9371E-06,  7.9404E-06,  7.9379E-06,  7.9407E-06,  7.9396E-06,  7.9393E-06,  7.9377E-06,  7.9377E-06,  7.9368E-06,  7.9379E-06,  7.9362E-06,  7.9387E-06,  7.9381E-06,  7.9398E-06,  7.9387E-06,  7.9415E-06,  7.9416E-06,  7.9434E-06,  7.9442E-06,  7.9479E-06,  7.9446E-06,  7.9467E-06,  7.9458E-06,  7.9478E-06,  7.9469E-06,  7.9458E-06,  7.9442E-06,  7.9451E-06,  7.9436E-06,  7.9463E-06,  7.9456E-06,  7.9481E-06,  7.9474E-06,  7.9483E-06,  7.9483E-06,  7.9482E-06,  7.9475E-06,  7.9488E-06,  7.9485E-06,  7.9492E-06,  7.9492E-06,  7.9495E-06,  7.9494E-06,  7.9504E-06,  7.9501E-06,  7.9504E-06,  7.9500E-06,  7.9507E-06,  7.9515E-06,  7.9517E-06,  7.9512E-06,  7.9497E-06,  7.9488E-06,  7.9544E-06,  7.9535E-06,  7.9537E-06,  7.9529E-06,  7.9542E-06,  7.9523E-06,  7.9547E-06,  1.7932E-01,  5.7402E-02,  1.5230E-04,  4.2797E-05,  2.7990E-04,  1.1494E-03,  2.7927E-04,  1.2432E-03,  2.2022E-05,  1.9415E-04,  3.8915E-05,  2.3760E-04,  4.3428E-05,  1.5332E-04,  4.7157E-06,  2.2265E-05,  3.2599E-06,  6.2519E-06,  6.8741E-06,  2.7668E-05,  5.1266E-06,  1.9063E-05,  1.2016E-05,  2.1718E-05,  1.4432E-05,  1.0773E-04,  3.8659E-07,  4.6173E-06,  2.2641E-11,  2.2608E-11,  2.2835E-11,  2.2900E-11,  2.2903E-11,  2.3077E-11,  2.2945E-11,  2.3091E-11,  2.3036E-11,  2.3018E-11,  2.2935E-11,  2.2936E-11,  2.2891E-11,  2.2947E-11,  2.2858E-11,  2.2986E-11,  2.2958E-11,  2.3043E-11,  2.2987E-11,  2.3136E-11,  2.3139E-11,  2.3237E-11,  2.3281E-11,  2.3482E-11,  2.3299E-11,  2.3413E-11,  2.3367E-11,  2.3475E-11,  2.3429E-11,  2.3364E-11,  2.3280E-11,  2.3326E-11,  2.3247E-11,  2.3395E-11,  2.3355E-11,  2.3494E-11,  2.3453E-11,  2.3507E-11,  2.3504E-11,  2.3502E-11,  2.3463E-11,  2.3536E-11,  2.3515E-11,  2.3559E-11,  2.3556E-11,  2.3578E-11,  2.3570E-11,  2.3631E-11,  2.3611E-11,  2.3627E-11,  2.3604E-11,  2.3645E-11,  2.3693E-11,  2.3703E-11,  2.3677E-11,  2.3587E-11,  2.3533E-11,  2.3866E-11,  2.3811E-11,  2.3826E-11,  2.3773E-11,  2.3855E-11,  2.3737E-11,  2.3882E-11
  5.5000E+01,  1.2219E+03,  1.2928E+02,  5.5764E-01,  3.2215E-01,  1.0266E+00,  3.4753E+00,  9.3188E-01,  3.3338E+00,  7.5781E-02,  5.3863E-01,  1.1129E-01,  7.0684E-01,  1.2472E-01,  5.1267E-01,  2.2253E-02,  9.9769E-02,  2.2466E-02,  4.7056E-02,  3.6210E-02,  9.2378E-02,  1.7148E-02,  5.6895E-02,  2.8903E-02,  5.8906E-02,  3.8217E-02,  3.9557E-01,  2.4952E-03,  1.9372E-02,  7.9317E-06,  7.9310E-06,  7.9356E-06,  7.9369E-06,  7.9370E-06,  7.9403E-06,  7.9378E-06,  7.9406E-06,  7.9395E-06,  7.9392E-06,  7.9376E-06,  7.9376E-06,  7.9367E-06,  7.9378E-06,  7.9361E-06,  7.9386E-06,  7.9380E-06,  7.9397E-06,  7.9386E-06,  7.9414E-06,  7.9415E-06,  7.9433E-06,  7.9441E-06,  7.9477E-06,  7.9445E-06,  7.9465E-06,  7.9457E-06,  7.9476E-06,  7.9468E-06,  7.9457E-06,  7.9441E-06,  7.9450E-06,  7.9435E-06,  7.9462E-06,  7.9455E-06,  7.9480E-06,  7.9472E-06,  7.9482E-06,  7.9481E-06,  7.9481E-06,  7.9474E-06,  7.9487E-06,  7.9483E-06,  7.9491E-06,  7.9490E-06,  7.9494E-06,  7.9493E-06,  7.9503E-06,  7.9500E-06,  7.9502E-06,  7.9499E-06,  7.9506E-06,  7.9514E-06,  7.9516E-06,  7.9511E-06,  7.9496E-06,  7.9486E-06,  7.9543E-06,  7.9534E-06,  7.9536E-06,  7.9527E-06,  7.9541E-06,  7.9521E-06,  7.9545E-06,  1.9663E-01,  5.7787E-02,  1.6516E-04,  4.8311E-05,  3.0713E-04,  1.2389E-03,  2.9613E-04,  1.2898E-03,  2.4106E-05,  2.0427E-04,  4.2089E-05,  2.5555E-04,  4.6807E-05,  1.6546E-04,  5.2273E-06,  2.4394E-05,  3.6823E-06,  7.0101E-06,  7.6718E-06,  2.9974E-05,  5.5830E-06,  2.0682E-05,  1.2882E-05,  2.3377E-05,  1.5429E-05,  1.1646E-04,  4.3099E-07,  5.0227E-06,  2.2999E-11,  2.2966E-11,  2.3197E-11,  2.3264E-11,  2.3267E-11,  2.3439E-11,  2.3309E-11,  2.3453E-11,  2.3398E-11,  2.3381E-11,  2.3298E-11,  2.3300E-11,  2.3254E-11,  2.3310E-11,  2.3221E-11,  2.3349E-11,  2.3321E-11,  2.3406E-11,  2.3350E-11,  2.3498E-11,  2.3502E-11,  2.3602E-11,  2.3647E-11,  2.3852E-11,  2.3666E-11,  2.3782E-11,  2.3735E-11,  2.3846E-11,  2.3799E-11,  2.3732E-11,  2.3647E-11,  2.3694E-11,  2.3612E-11,  2.3764E-11,  2.3723E-11,  2.3865E-11,  2.3823E-11,  2.3878E-11,  2.3875E-11,  2.3873E-11,  2.3833E-11,  2.3907E-11,  2.3887E-11,  2.3931E-11,  2.3928E-11,  2.3949E-11,  2.3942E-11,  2.4003E-11,  2.3983E-11,  2.3999E-11,  2.3976E-11,  2.4018E-11,  2.4066E-11,  2.4076E-11,  2.4050E-11,  2.3959E-11,  2.3905E-11,  2.4241E-11,  2.4185E-11,  2.4200E-11,  2.4147E-11,  2.4230E-11,  2.4111E-11,  2.4258E-11
  6.3000E+01,  1.2202E+03,  1.2881E+02,  5.5625E-01,  3.2173E-01,  1.0239E+00,  3.4649E+00,  9.2940E-01,  3.3231E+00,  7.5576E-02,  5.3693E-01,  1.1093E-01,  7.0469E-01,  1.2432E-01,  5.1128E-01,  2.2208E-02,  9.9562E-02,  2.2434E-02,  4.6995E-02,  3.6144E-02,  9.2124E-02,  1.7101E-02,  5.6720E-02,  2.8795E-02,  5.8710E-02,  3.8088E-02,  3.9459E-01,  2.4915E-03,  1.9329E-02,  7.9315E-06,  7.9308E-06,  7.9354E-06,  7.9367E-06,  7.9368E-06,  7.9401E-06,  7.9376E-06,  7.9404E-06,  7.9393E-06,  7.9390E-06,  7.9374E-06,  7.9374E-06,  7.9365E-06,  7.9376E-06,  7.9359E-06,  7.9384E-06,  7.9378E-06,  7.9395E-06,  7.9384E-06,  7.9412E-06,  7.9413E-06,  7.9431E-06,  7.9439E-06,  7.9476E-06,  7.9443E-06,  7.9463E-06,  7.9455E-06,  7.9474E-06,  7.9466E-06,  7.9455E-06,  7.9439E-06,  7.9448E-06,  7.9433E-06,  7.9460E-06,  7.9453E-06,  7.9478E-06,  7.9471E-06,  7.9480E-06,  7.9479E-06,  7.9479E-06,  7.9472E-06,  7.9485E-06,  7.9481E-06,  7.9489E-06,  7.9488E-06,  7.9492E-06,  7.9491E-06,  7.9501E-06,  7.9498E-06,  7.9501E-06,  7.9497E-06,  7.9504E-06,  7.9512E-06,  7.9514E-06,  7.9509E-06,  7.9494E-06,  7.9484E-06,  7.9541E-06,  7.9532E-06,  7.9534E-06,  7.9526E-06,  7.9539E-06,  7.9519E-06,  7.9543E-06,  2.2257E-01,  5.9645E-02,  1.8392E-04,  5.6907E-05,  3.4763E-04,  1.3683E-03,  3.2424E-04,  1.3724E-03,  2.7181E-05,  2.2053E-04,  4.6672E-05,  2.8127E-04,  5.1663E-05,  1.8302E-04,  6.0022E-06,  2.7563E-05,  4.3410E-06,  8.2155E-06,  8.8937E-06,  3.3334E-05,  6.2513E-06,  2.3041E-05,  1.4113E-05,  2.5758E-05,  1.6839E-05,  1.2909E-04,  4.9903E-07,  5.6160E-06,  2.3520E-11,  2.3486E-11,  2.3719E-11,  2.3788E-11,  2.3791E-11,  2.3970E-11,  2.3835E-11,  2.3984E-11,  2.3929E-11,  2.3910E-11,  2.3824E-11,  2.3825E-11,  2.3778E-11,  2.3837E-11,  2.3744E-11,  2.3878E-11,  2.3848E-11,  2.3936E-11,  2.3878E-11,  2.4029E-11,  2.4033E-11,  2.4134E-11,  2.4180E-11,  2.4394E-11,  2.4199E-11,  2.4321E-11,  2.4272E-11,  2.4387E-11,  2.4339E-11,  2.4269E-11,  2.4179E-11,  2.4229E-11,  2.4143E-11,  2.4303E-11,  2.4260E-11,  2.4407E-11,  2.4364E-11,  2.4421E-11,  2.4418E-11,  2.4415E-11,  2.4374E-11,  2.4451E-11,  2.4429E-11,  2.4475E-11,  2.4472E-11,  2.4494E-11,  2.4486E-11,  2.4548E-11,  2.4527E-11,  2.4543E-11,  2.4520E-11,  2.4563E-11,  2.4611E-11,  2.4622E-11,  2.4595E-11,  2.4503E-11,  2.4448E-11,  2.4790E-11,  2.4734E-11,  2.4749E-11,  2.4695E-11,  2.4779E-11,  2.4657E-11,  2.4807E-11
  7.1000E+01,  1.2183E+03,  1.2832E+02,  5.5471E-01,  3.2124E-01,  1.0210E+00,  3.4535E+00,  9.2669E-01,  3.3118E+00,  7.5347E-02,  5.3511E-01,  1.1054E-01,  7.0235E-01,  1.2389E-01,  5.0975E-01,  2.2157E-02,  9.9330E-02,  2.2397E-02,  4.6925E-02,  3.6068E-02,  9.1846E-02,  1.7049E-02,  5.6527E-02,  2.8678E-02,  5.8495E-02,  3.7949E-02,  3.9351E-01,  2.4873E-03,  1.9282E-02,  7.9313E-06,  7.9307E-06,  7.9352E-06,  7.9365E-06,  7.9366E-06,  7.9399E-06,  7.9374E-06,  7.9402E-06,  7.9391E-06,  7.9388E-06,  7.9372E-06,  7.9372E-06,  7.9363E-06,  7.9374E-06,  7.9357E-06,  7.9382E-06,  7.9377E-06,  7.9393E-06,  7.9382E-06,  7.9410E-06,  7.9411E-06,  7.9429E-06,  7.9437E-06,  7.9474E-06,  7.9441E-06,  7.9461E-06,  7.9453E-06,  7.9472E-06,  7.9464E-06,  7.9453E-06,  7.9437E-06,  7.9446E-06,  7.9431E-06,  7.9458E-06,  7.9451E-06,  7.9476E-06,  7.9469E-06,  7.9478E-06,  7.9478E-06,  7.9477E-06,  7.9470E-06,  7.9483E-06,  7.9479E-06,  7.9487E-06,  7.9486E-06,  7.9490E-06,  7.9489E-06,  7.9499E-06,  7.9496E-06,  7.9499E-06,  7.9495E-06,  7.9502E-06,  7.9510E-06,  7.9512E-06,  7.9507E-06,  7.9492E-06,  7.9482E-06,  7.9539E-06,  7.9530E-06,  7.9532E-06,  7.9524E-06,  7.9537E-06,  7.9517E-06,  7.9541E-06,  2.4625E-01,  6.2237E-02,  2.0055E-04,  6.5145E-05,  3.8434E-04,  1.4813E-03,  3.5169E-04,  1.4541E-03,  2.9947E-05,  2.3577E-04,  5.0683E-05,  3.0357E-04,  5.5879E-05,  1.9836E-04,  6.7183E-06,  3.0430E-05,  4.9714E-06,  9.3868E-06,  1.0038E-05,  3.6294E-05,  6.8476E-06,  2.5127E-05,  1.5167E-05,  2.7821E-05,  1.8042E-05,  1.4021E-04,  5.6285E-07,  6.1448E-06,  2.3989E-11,  2.3956E-11,  2.4191E-11,  2.4262E-11,  2.4266E-11,  2.4452E-11,  2.4312E-11,  2.4466E-11,  2.4408E-11,  2.4389E-11,  2.4300E-11,  2.4302E-11,  2.4252E-11,  2.4313E-11,  2.4217E-11,  2.4355E-11,  2.4325E-11,  2.4416E-11,  2.4356E-11,  2.4512E-11,  2.4516E-11,  2.4617E-11,  2.4664E-11,  2.4879E-11,  2.4684E-11,  2.4806E-11,  2.4756E-11,  2.4872E-11,  2.4824E-11,  2.4753E-11,  2.4664E-11,  2.4714E-11,  2.4627E-11,  2.4788E-11,  2.4744E-11,  2.4892E-11,  2.4849E-11,  2.4906E-11,  2.4903E-11,  2.4900E-11,  2.4859E-11,  2.4936E-11,  2.4914E-11,  2.4961E-11,  2.4958E-11,  2.4980E-11,  2.4972E-11,  2.5036E-11,  2.5015E-11,  2.5032E-11,  2.5008E-11,  2.5052E-11,  2.5102E-11,  2.5113E-11,  2.5085E-11,  2.4990E-11,  2.4933E-11,  2.5286E-11,  2.5228E-11,  2.5244E-11,  2.5188E-11,  2.5274E-11,  2.5149E-11,  2.5304E-11
  8.0000E+01,  1.2160E+03,  1.2775E+02,  5.5283E-01,  3.2061E-01,  1.0174E+00,  3.4397E+00,  9.2340E-01,  3.2984E+00,  7.5065E-02,  5.3291E-01,  1.1007E-01,  6.9953E-01,  1.2337E-01,  5.0790E-01,  2.2094E-02,  9.9043E-02,  2.2349E-02,  4.6835E-02,  3.5973E-02,  9.1506E-02,  1.6984E-02,  5.6292E-02,  2.8537E-02,  5.8236E-02,  3.7781E-02,  3.9220E-01,  2.4819E-03,  1.9224E-02,  7.9311E-06,  7.9304E-06,  7.9350E-06,  7.9363E-06,  7.9364E-06,  7.9397E-06,  7.9372E-06,  7.9400E-06,  7.9389E-06,  7.9386E-06,  7.9370E-06,  7.9370E-06,  7.9361E-06,  7.9372E-06,  7.9355E-06,  7.9380E-06,  7.9374E-06,  7.9391E-06,  7.9380E-06,  7.9408E-06,  7.9409E-06,  7.9427E-06,  7.9435E-06,  7.9471E-06,  7.9439E-06,  7.9459E-06,  7.9451E-06,  7.9470E-06,  7.9462E-06,  7.9450E-06,  7.9435E-06,  7.9444E-06,  7.9429E-06,  7.9456E-06,  7.9449E-06,  7.9473E-06,  7.9466E-06,  7.9476E-06,  7.9475E-06,  7.9475E-06,  7.9468E-06,  7.9481E-06,  7.9477E-06,  7.9485E-06,  7.9484E-06,  7.9488E-06,  7.9487E-06,  7.9497E-06,  7.9494E-06,  7.9496E-06,  7.9492E-06,  7.9499E-06,  7.9508E-06,  7.9509E-06,  7.9505E-06,  7.9489E-06,  7.9480E-06,  7.9536E-06,  7.9528E-06,  7.9530E-06,  7.9521E-06,  7.9535E-06,  7.9515E-06,  7.9539E-06,  2.7026E-01,  6.5288E-02,  2.1691E-04,  7.3918E-05,  4.2130E-04,  1.5907E-03,  3.8049E-04,  1.5391E-03,  3.2714E-05,  2.5122E-04,  5.4587E-05,  3.2503E-04,  5.9956E-05,  2.1327E-04,  7.4549E-06,  3.3313E-05,  5.6417E-06,  1.0646E-05,  1.1230E-05,  3.9193E-05,  7.4385E-06,  2.7174E-05,  1.6172E-05,  2.9810E-05,  1.9183E-05,  1.5109E-04,  6.2944E-07,  6.6696E-06,  2.4472E-11,  2.4438E-11,  2.4677E-11,  2.4748E-11,  2.4751E-11,  2.4938E-11,  2.4798E-11,  2.4953E-11,  2.4894E-11,  2.4875E-11,  2.4786E-11,  2.4788E-11,  2.4738E-11,  2.4799E-11,  2.4703E-11,  2.4841E-11,  2.4811E-11,  2.4902E-11,  2.4842E-11,  2.5000E-11,  2.5005E-11,  2.5109E-11,  2.5157E-11,  2.5379E-11,  2.5178E-11,  2.5304E-11,  2.5252E-11,  2.5372E-11,  2.5322E-11,  2.5250E-11,  2.5157E-11,  2.5208E-11,  2.5120E-11,  2.5285E-11,  2.5240E-11,  2.5392E-11,  2.5348E-11,  2.5406E-11,  2.5403E-11,  2.5400E-11,  2.5359E-11,  2.5437E-11,  2.5415E-11,  2.5463E-11,  2.5459E-11,  2.5483E-11,  2.5474E-11,  2.5540E-11,  2.5519E-11,  2.5535E-11,  2.5511E-11,  2.5555E-11,  2.5606E-11,  2.5617E-11,  2.5589E-11,  2.5492E-11,  2.5434E-11,  2.5793E-11,  2.5735E-11,  2.5751E-11,  2.5694E-11,  2.5781E-11,  2.5654E-11,  2.5811E-11
  9.0000E+01,  1.2132E+03,  1.2708E+02,  5.5058E-01,  3.1983E-01,  1.0130E+00,  3.4233E+00,  9.1945E-01,  3.2826E+00,  7.4725E-02,  5.3033E-01,  1.0950E-01,  6.9618E-01,  1.2275E-01,  5.0570E-01,  2.2015E-02,  9.8695E-02,  2.2289E-02,  4.6722E-02,  3.5854E-02,  9.1100E-02,  1.6907E-02,  5.6010E-02,  2.8371E-02,  5.7929E-02,  3.7584E-02,  3.9064E-01,  2.4753E-03,  1.9155E-02,  7.9309E-06,  7.9302E-06,  7.9348E-06,  7.9361E-06,  7.9361E-06,  7.9394E-06,  7.9369E-06,  7.9397E-06,  7.9387E-06,  7.9383E-06,  7.9367E-06,  7.9368E-06,  7.9359E-06,  7.9370E-06,  7.9352E-06,  7.9377E-06,  7.9372E-06,  7.9388E-06,  7.9377E-06,  7.9405E-06,  7.9406E-06,  7.9424E-06,  7.9433E-06,  7.9469E-06,  7.9436E-06,  7.9457E-06,  7.9448E-06,  7.9468E-06,  7.9460E-06,  7.9448E-06,  7.9432E-06,  7.9441E-06,  7.9426E-06,  7.9454E-06,  7.9446E-06,  7.9471E-06,  7.9464E-06,  7.9473E-06,  7.9473E-06,  7.9472E-06,  7.9466E-06,  7.9478E-06,  7.9475E-06,  7.9482E-06,  7.9482E-06,  7.9485E-06,  7.9484E-06,  7.9494E-06,  7.9491E-06,  7.9494E-06,  7.9490E-06,  7.9497E-06,  7.9505E-06,  7.9507E-06,  7.9502E-06,  7.9487E-06,  7.9478E-06,  7.9534E-06,  7.9525E-06,  7.9527E-06,  7.9519E-06,  7.9532E-06,  7.9513E-06,  7.9536E-06,  2.9387E-01,  6.8411E-02,  2.3254E-04,  8.2993E-05,  4.5732E-04,  1.6934E-03,  4.0938E-04,  1.6226E-03,  3.5400E-05,  2.6616E-04,  5.8268E-05,  3.4499E-04,  6.3767E-05,  2.2729E-04,  8.1911E-06,  3.6133E-05,  6.3356E-06,  1.1956E-05,  1.2436E-05,  4.1945E-05,  8.0051E-06,  2.9111E-05,  1.7089E-05,  3.1653E-05,  2.0219E-05,  1.6138E-04,  6.9680E-07,  7.1758E-06,  2.4955E-11,  2.4920E-11,  2.5166E-11,  2.5240E-11,  2.5243E-11,  2.5435E-11,  2.5291E-11,  2.5450E-11,  2.5390E-11,  2.5370E-11,  2.5278E-11,  2.5280E-11,  2.5229E-11,  2.5292E-11,  2.5193E-11,  2.5336E-11,  2.5304E-11,  2.5398E-11,  2.5337E-11,  2.5499E-11,  2.5503E-11,  2.5609E-11,  2.5658E-11,  2.5883E-11,  2.5679E-11,  2.5806E-11,  2.5755E-11,  2.5876E-11,  2.5825E-11,  2.5752E-11,  2.5658E-11,  2.5710E-11,  2.5620E-11,  2.5787E-11,  2.5742E-11,  2.5896E-11,  2.5851E-11,  2.5910E-11,  2.5907E-11,  2.5904E-11,  2.5862E-11,  2.5941E-11,  2.5919E-11,  2.5967E-11,  2.5963E-11,  2.5987E-11,  2.5979E-11,  2.6045E-11,  2.6023E-11,  2.6040E-11,  2.6015E-11,  2.6061E-11,  2.6114E-11,  2.6125E-11,  2.6096E-11,  2.5996E-11,  2.5939E-11,  2.6304E-11,  2.6244E-11,  2.6260E-11,  2.6203E-11,  2.6292E-11,  2.6163E-11,  2.6322E-11
  1.0000E+02,  1.2102E+03,  1.2638E+02,  5.4819E-01,  3.1896E-01,  1.0083E+00,  3.4059E+00,  9.1523E-01,  3.2660E+00,  7.4359E-02,  5.2760E-01,  1.0891E-01,  6.9264E-01,  1.2210E-01,  5.0336E-01,  2.1930E-02,  9.8322E-02,  2.2223E-02,  4.6596E-02,  3.5725E-02,  9.0669E-02,  1.6825E-02,  5.5711E-02,  2.8196E-02,  5.7604E-02,  3.7378E-02,  3.8898E-01,  2.4680E-03,  1.9081E-02,  7.9306E-06,  7.9299E-06,  7.9345E-06,  7.9358E-06,  7.9359E-06,  7.9392E-06,  7.9367E-06,  7.9394E-06,  7.9384E-06,  7.9381E-06,  7.9365E-06,  7.9365E-06,  7.9356E-06,  7.9367E-06,  7.9350E-06,  7.9375E-06,  7.9369E-06,  7.9386E-06,  7.9375E-06,  7.9403E-06,  7.9404E-06,  7.9422E-06,  7.9430E-06,  7.9466E-06,  7.9433E-06,  7.9454E-06,  7.9446E-06,  7.9465E-06,  7.9457E-06,  7.9445E-06,  7.9430E-06,  7.9438E-06,  7.9424E-06,  7.9451E-06,  7.9444E-06,  7.9468E-06,  7.9461E-06,  7.9471E-06,  7.9470E-06,  7.9470E-06,  7.9463E-06,  7.9475E-06,  7.9472E-06,  7.9480E-06,  7.9479E-06,  7.9483E-06,  7.9481E-06,  7.9492E-06,  7.9488E-06,  7.9491E-06,  7.9487E-06,  7.9494E-06,  7.9502E-06,  7.9504E-06,  7.9500E-06,  7.9484E-06,  7.9475E-06,  7.9531E-06,  7.9522E-06,  7.9525E-06,  7.9516E-06,  7.9529E-06,  7.9510E-06,  7.9534E-06,  3.1461E-01,  7.1104E-02,  2.4582E-04,  9.1370E-05,  4.8860E-04,  1.7787E-03,  4.3483E-04,  1.6939E-03,  3.7710E-05,  2.7877E-04,  6.1332E-05,  3.6139E-04,  6.6914E-05,  2.3900E-04,  8.8429E-06,  3.8586E-05,  6.9728E-06,  1.3172E-05,  1.3517E-05,  4.4266E-05,  8.4878E-06,  3.0749E-05,  1.7835E-05,  3.3174E-05,  2.1057E-05,  1.7004E-04,  7.5773E-07,  7.6083E-06,  2.5401E-11,  2.5365E-11,  2.5616E-11,  2.5690E-11,  2.5694E-11,  2.5888E-11,  2.5742E-11,  2.5903E-11,  2.5843E-11,  2.5822E-11,  2.5729E-11,  2.5731E-11,  2.5680E-11,  2.5743E-11,  2.5643E-11,  2.5787E-11,  2.5755E-11,  2.5851E-11,  2.5788E-11,  2.5952E-11,  2.5956E-11,  2.6065E-11,  2.6115E-11,  2.6342E-11,  2.6136E-11,  2.6265E-11,  2.6213E-11,  2.6335E-11,  2.6284E-11,  2.6210E-11,  2.6115E-11,  2.6167E-11,  2.6076E-11,  2.6245E-11,  2.6200E-11,  2.6356E-11,  2.6310E-11,  2.6370E-11,  2.6367E-11,  2.6364E-11,  2.6321E-11,  2.6402E-11,  2.6379E-11,  2.6428E-11,  2.6424E-11,  2.6448E-11,  2.6440E-11,  2.6507E-11,  2.6485E-11,  2.6502E-11,  2.6477E-11,  2.6523E-11,  2.6577E-11,  2.6588E-11,  2.6559E-11,  2.6458E-11,  2.6399E-11,  2.6768E-11,  2.6708E-11,  2.6725E-11,  2.6667E-11,  2.6756E-11,  2.6626E-11,  2.6787E-11
  1.1000E+02,  1.2069E+03,  1.2566E+02,  5.4568E-01,  3.1801E-01,  1.0032E+00,  3.3877E+00,  9.1077E-01,  3.2487E+00,  7.3972E-02,  5.2476E-01,  1.0828E-01,  6.8896E-01,  1.2142E-01,  5.0093E-01,  2.1839E-02,  9.7925E-02,  2.2150E-02,  4.6459E-02,  3.5585E-02,  9.0217E-02,  1.6738E-02,  5.5397E-02,  2.8015E-02,  5.7266E-02,  3.7164E-02,  3.8725E-01,  2.4601E-03,  1.9003E-02,  7.9303E-06,  7.9297E-06,  7.9342E-06,  7.9355E-06,  7.9356E-06,  7.9389E-06,  7.9364E-06,  7.9392E-06,  7.9382E-06,  7.9378E-06,  7.9362E-06,  7.9362E-06,  7.9354E-06,  7.9365E-06,  7.9347E-06,  7.9372E-06,  7.9367E-06,  7.9383E-06,  7.9372E-06,  7.9400E-06,  7.9401E-06,  7.9419E-06,  7.9427E-06,  7.9463E-06,  7.9431E-06,  7.9451E-06,  7.9443E-06,  7.9462E-06,  7.9454E-06,  7.9443E-06,  7.9427E-06,  7.9436E-06,  7.9421E-06,  7.9448E-06,  7.9441E-06,  7.9466E-06,  7.9459E-06,  7.9468E-06,  7.9467E-06,  7.9467E-06,  7.9460E-06,  7.9473E-06,  7.9469E-06,  7.9477E-06,  7.9476E-06,  7.9480E-06,  7.9479E-06,  7.9489E-06,  7.9486E-06,  7.9488E-06,  7.9484E-06,  7.9492E-06,  7.9500E-06,  7.9501E-06,  7.9497E-06,  7.9482E-06,  7.9472E-06,  7.9528E-06,  7.9520E-06,  7.9522E-06,  7.9513E-06,  7.9527E-06,  7.9507E-06,  7.9531E-06,  3.3285E-01,  7.3368E-02,  2.5704E-04,  9.9033E-05,  5.1564E-04,  1.8493E-03,  4.5701E-04,  1.7539E-03,  3.9700E-05,  2.8935E-04,  6.3880E-05,  3.7485E-04,  6.9506E-05,  2.4873E-04,  9.4202E-06,  4.0711E-05,  7.5562E-06,  1.4287E-05,  1.4487E-05,  4.6209E-05,  8.8988E-06,  3.2123E-05,  1.8433E-05,  3.4420E-05,  2.1728E-05,  1.7732E-04,  8.1251E-07,  7.9787E-06,  2.5812E-11,  2.5775E-11,  2.6031E-11,  2.6106E-11,  2.6109E-11,  2.6305E-11,  2.6157E-11,  2.6321E-11,  2.6259E-11,  2.6239E-11,  2.6145E-11,  2.6147E-11,  2.6095E-11,  2.6159E-11,  2.6058E-11,  2.6203E-11,  2.6171E-11,  2.6267E-11,  2.6204E-11,  2.6370E-11,  2.6375E-11,  2.6485E-11,  2.6536E-11,  2.6764E-11,  2.6557E-11,  2.6687E-11,  2.6634E-11,  2.6757E-11,  2.6705E-11,  2.6631E-11,  2.6535E-11,  2.6589E-11,  2.6496E-11,  2.6667E-11,  2.6621E-11,  2.6778E-11,  2.6732E-11,  2.6793E-11,  2.6790E-11,  2.6787E-11,  2.6743E-11,  2.6825E-11,  2.6802E-11,  2.6852E-11,  2.6848E-11,  2.6872E-11,  2.6864E-11,  2.6932E-11,  2.6910E-11,  2.6928E-11,  2.6901E-11,  2.6949E-11,  2.7004E-11,  2.7015E-11,  2.6985E-11,  2.6882E-11,  2.6822E-11,  2.7200E-11,  2.7138E-11,  2.7155E-11,  2.7095E-11,  2.7187E-11,  2.7054E-11,  2.7218E-11
  1.2000E+02,  1.2035E+03,  1.2492E+02,  5.4306E-01,  3.1698E-01,  9.9797E-01,  3.3690E+00,  9.0610E-01,  3.2309E+00,  7.3567E-02,  5.2182E-01,  1.0763E-01,  6.8516E-01,  1.2071E-01,  4.9840E-01,  2.1742E-02,  9.7509E-02,  2.2072E-02,  4.6311E-02,  3.5435E-02,  8.9747E-02,  1.6647E-02,  5.5070E-02,  2.7828E-02,  5.6917E-02,  3.6944E-02,  3.8544E-01,  2.4518E-03,  1.8922E-02,  7.9301E-06,  7.9294E-06,  7.9340E-06,  7.9353E-06,  7.9353E-06,  7.9387E-06,  7.9362E-06,  7.9389E-06,  7.9379E-06,  7.9376E-06,  7.9360E-06,  7.9360E-06,  7.9351E-06,  7.9362E-06,  7.9345E-06,  7.9369E-06,  7.9364E-06,  7.9380E-06,  7.9370E-06,  7.9398E-06,  7.9398E-06,  7.9416E-06,  7.9425E-06,  7.9461E-06,  7.9428E-06,  7.9449E-06,  7.9440E-06,  7.9460E-06,  7.9452E-06,  7.9440E-06,  7.9425E-06,  7.9433E-06,  7.9418E-06,  7.9446E-06,  7.9438E-06,  7.9463E-06,  7.9456E-06,  7.9465E-06,  7.9465E-06,  7.9464E-06,  7.9458E-06,  7.9470E-06,  7.9467E-06,  7.9474E-06,  7.9474E-06,  7.9477E-06,  7.9476E-06,  7.9486E-06,  7.9483E-06,  7.9486E-06,  7.9482E-06,  7.9489E-06,  7.9497E-06,  7.9499E-06,  7.9494E-06,  7.9479E-06,  7.9470E-06,  7.9526E-06,  7.9517E-06,  7.9519E-06,  7.9511E-06,  7.9524E-06,  7.9505E-06,  7.9528E-06,  3.4894E-01,  7.5252E-02,  2.6651E-04,  1.0604E-04,  5.3889E-04,  1.9075E-03,  4.7624E-04,  1.8040E-03,  4.1391E-05,  2.9815E-04,  6.5981E-05,  3.8586E-04,  7.1629E-05,  2.5681E-04,  9.9295E-06,  4.2555E-05,  8.0878E-06,  1.5308E-05,  1.5353E-05,  4.7840E-05,  9.2455E-06,  3.3266E-05,  1.8908E-05,  3.5431E-05,  2.2259E-05,  1.8340E-04,  8.6162E-07,  8.2936E-06,  2.6193E-11,  2.6157E-11,  2.6416E-11,  2.6491E-11,  2.6494E-11,  2.6692E-11,  2.6543E-11,  2.6707E-11,  2.6646E-11,  2.6625E-11,  2.6531E-11,  2.6533E-11,  2.6480E-11,  2.6545E-11,  2.6443E-11,  2.6590E-11,  2.6557E-11,  2.6654E-11,  2.6591E-11,  2.6758E-11,  2.6762E-11,  2.6875E-11,  2.6926E-11,  2.7159E-11,  2.6948E-11,  2.7080E-11,  2.7027E-11,  2.7152E-11,  2.7099E-11,  2.7024E-11,  2.6926E-11,  2.6980E-11,  2.6886E-11,  2.7060E-11,  2.7014E-11,  2.7173E-11,  2.7126E-11,  2.7188E-11,  2.7185E-11,  2.7182E-11,  2.7137E-11,  2.7221E-11,  2.7198E-11,  2.7249E-11,  2.7245E-11,  2.7270E-11,  2.7261E-11,  2.7331E-11,  2.7308E-11,  2.7326E-11,  2.7300E-11,  2.7348E-11,  2.7404E-11,  2.7415E-11,  2.7385E-11,  2.7280E-11,  2.7219E-11,  2.7602E-11,  2.7540E-11,  2.7557E-11,  2.7497E-11,  2.7590E-11,  2.7455E-11,  2.7622E-11
  1.4000E+02,  1.1963E+03,  1.2338E+02,  5.3758E-01,  3.1474E-01,  9.8682E-01,  3.3300E+00,  8.9627E-01,  3.1941E+00,  7.2712E-02,  5.1573E-01,  1.0628E-01,  6.7728E-01,  1.1925E-01,  4.9314E-01,  2.1535E-02,  9.6629E-02,  2.1901E-02,  4.5987E-02,  3.5114E-02,  8.8765E-02,  1.6457E-02,  5.4387E-02,  2.7443E-02,  5.6194E-02,  3.6491E-02,  3.8168E-01,  2.4337E-03,  1.8751E-02,  7.9296E-06,  7.9289E-06,  7.9334E-06,  7.9347E-06,  7.9348E-06,  7.9381E-06,  7.9356E-06,  7.9384E-06,  7.9374E-06,  7.9370E-06,  7.9354E-06,  7.9354E-06,  7.9346E-06,  7.9357E-06,  7.9339E-06,  7.9364E-06,  7.9359E-06,  7.9375E-06,  7.9364E-06,  7.9392E-06,  7.9393E-06,  7.9411E-06,  7.9419E-06,  7.9455E-06,  7.9423E-06,  7.9443E-06,  7.9435E-06,  7.9454E-06,  7.9446E-06,  7.9434E-06,  7.9419E-06,  7.9428E-06,  7.9413E-06,  7.9440E-06,  7.9433E-06,  7.9457E-06,  7.9450E-06,  7.9460E-06,  7.9459E-06,  7.9459E-06,  7.9452E-06,  7.9465E-06,  7.9461E-06,  7.9469E-06,  7.9468E-06,  7.9472E-06,  7.9470E-06,  7.9481E-06,  7.9477E-06,  7.9480E-06,  7.9476E-06,  7.9483E-06,  7.9491E-06,  7.9493E-06,  7.9489E-06,  7.9473E-06,  7.9464E-06,  7.9520E-06,  7.9511E-06,  7.9514E-06,  7.9505E-06,  7.9518E-06,  7.9499E-06,  7.9523E-06,  3.7605E-01,  7.7986E-02,  2.8115E-04,  1.1820E-04,  5.7576E-04,  1.9925E-03,  5.0665E-04,  1.8775E-03,  4.4041E-05,  3.1100E-04,  6.9081E-05,  4.0168E-04,  7.4714E-05,  2.6879E-04,  1.0767E-05,  4.5492E-05,  9.0049E-06,  1.7087E-05,  1.6802E-05,  5.0293E-05,  9.7800E-06,  3.4992E-05,  1.9565E-05,  3.6886E-05,  2.2990E-05,  1.9262E-04,  9.4478E-07,  8.7857E-06,  2.6885E-11,  2.6848E-11,  2.7113E-11,  2.7191E-11,  2.7195E-11,  2.7400E-11,  2.7245E-11,  2.7416E-11,  2.7351E-11,  2.7330E-11,  2.7232E-11,  2.7234E-11,  2.7180E-11,  2.7247E-11,  2.7141E-11,  2.7293E-11,  2.7260E-11,  2.7360E-11,  2.7294E-11,  2.7468E-11,  2.7472E-11,  2.7588E-11,  2.7641E-11,  2.7884E-11,  2.7664E-11,  2.7802E-11,  2.7746E-11,  2.7876E-11,  2.7821E-11,  2.7743E-11,  2.7641E-11,  2.7697E-11,  2.7599E-11,  2.7781E-11,  2.7732E-11,  2.7898E-11,  2.7850E-11,  2.7914E-11,  2.7911E-11,  2.7907E-11,  2.7862E-11,  2.7947E-11,  2.7924E-11,  2.7975E-11,  2.7971E-11,  2.7997E-11,  2.7988E-11,  2.8060E-11,  2.8036E-11,  2.8055E-11,  2.8027E-11,  2.8077E-11,  2.8135E-11,  2.8147E-11,  2.8116E-11,  2.8007E-11,  2.7944E-11,  2.8341E-11,  2.8277E-11,  2.8295E-11,  2.8232E-11,  2.8329E-11,  2.8189E-11,  2.8361E-11
  1.6000E+02,  1.1885E+03,  1.2181E+02,  5.3186E-01,  3.1227E-01,  9.7504E-01,  3.2896E+00,  8.8592E-01,  3.1561E+00,  7.1813E-02,  5.0943E-01,  1.0488E-01,  6.6915E-01,  1.1773E-01,  4.8769E-01,  2.1313E-02,  9.5697E-02,  2.1714E-02,  4.5630E-02,  3.4766E-02,  8.7743E-02,  1.6257E-02,  5.3676E-02,  2.7048E-02,  5.5447E-02,  3.6027E-02,  3.7777E-01,  2.4141E-03,  1.8572E-02,  7.9290E-06,  7.9284E-06,  7.9329E-06,  7.9342E-06,  7.9342E-06,  7.9376E-06,  7.9351E-06,  7.9378E-06,  7.9368E-06,  7.9365E-06,  7.9349E-06,  7.9349E-06,  7.9340E-06,  7.9351E-06,  7.9334E-06,  7.9359E-06,  7.9353E-06,  7.9369E-06,  7.9359E-06,  7.9387E-06,  7.9387E-06,  7.9405E-06,  7.9414E-06,  7.9450E-06,  7.9417E-06,  7.9438E-06,  7.9429E-06,  7.9449E-06,  7.9440E-06,  7.9429E-06,  7.9414E-06,  7.9422E-06,  7.9407E-06,  7.9434E-06,  7.9427E-06,  7.9452E-06,  7.9445E-06,  7.9454E-06,  7.9454E-06,  7.9453E-06,  7.9446E-06,  7.9459E-06,  7.9455E-06,  7.9463E-06,  7.9462E-06,  7.9466E-06,  7.9465E-06,  7.9475E-06,  7.9472E-06,  7.9474E-06,  7.9471E-06,  7.9478E-06,  7.9486E-06,  7.9487E-06,  7.9483E-06,  7.9468E-06,  7.9459E-06,  7.9514E-06,  7.9506E-06,  7.9508E-06,  7.9499E-06,  7.9513E-06,  7.9493E-06,  7.9517E-06,  3.9903E-01,  7.9621E-02,  2.9139E-04,  1.2823E-04,  6.0244E-04,  2.0460E-03,  5.2836E-04,  1.9236E-03,  4.5913E-05,  3.1907E-04,  7.1056E-05,  4.1134E-04,  7.6622E-05,  2.7651E-04,  1.1403E-05,  4.7635E-05,  9.7515E-06,  1.8555E-05,  1.7930E-05,  5.1917E-05,  1.0149E-05,  3.6142E-05,  1.9935E-05,  3.7778E-05,  2.3400E-05,  1.9885E-04,  1.0110E-06,  9.1336E-06,  2.7508E-11,  2.7469E-11,  2.7743E-11,  2.7824E-11,  2.7827E-11,  2.8037E-11,  2.7879E-11,  2.8054E-11,  2.7988E-11,  2.7966E-11,  2.7866E-11,  2.7868E-11,  2.7812E-11,  2.7881E-11,  2.7773E-11,  2.7929E-11,  2.7894E-11,  2.7996E-11,  2.7930E-11,  2.8108E-11,  2.8112E-11,  2.8233E-11,  2.8287E-11,  2.8532E-11,  2.8310E-11,  2.8449E-11,  2.8393E-11,  2.8524E-11,  2.8468E-11,  2.8389E-11,  2.8286E-11,  2.8344E-11,  2.8244E-11,  2.8428E-11,  2.8379E-11,  2.8546E-11,  2.8497E-11,  2.8562E-11,  2.8559E-11,  2.8555E-11,  2.8509E-11,  2.8597E-11,  2.8572E-11,  2.8626E-11,  2.8622E-11,  2.8648E-11,  2.8639E-11,  2.8713E-11,  2.8689E-11,  2.8708E-11,  2.8680E-11,  2.8731E-11,  2.8790E-11,  2.8802E-11,  2.8770E-11,  2.8659E-11,  2.8594E-11,  2.8999E-11,  2.8934E-11,  2.8952E-11,  2.8889E-11,  2.8986E-11,  2.8845E-11,  2.9020E-11
  1.8000E+02,  1.1803E+03,  1.2021E+02,  5.2596E-01,  3.0963E-01,  9.6280E-01,  3.2484E+00,  8.7521E-01,  3.1174E+00,  7.0882E-02,  5.0301E-01,  1.0345E-01,  6.6087E-01,  1.1619E-01,  4.8211E-01,  2.1081E-02,  9.4729E-02,  2.1512E-02,  4.5247E-02,  3.4399E-02,  8.6695E-02,  1.6052E-02,  5.2946E-02,  2.6648E-02,  5.4687E-02,  3.5557E-02,  3.7375E-01,  2.3934E-03,  1.8387E-02,  7.9285E-06,  7.9278E-06,  7.9323E-06,  7.9336E-06,  7.9337E-06,  7.9370E-06,  7.9345E-06,  7.9373E-06,  7.9362E-06,  7.9359E-06,  7.9343E-06,  7.9343E-06,  7.9334E-06,  7.9345E-06,  7.9328E-06,  7.9353E-06,  7.9347E-06,  7.9364E-06,  7.9353E-06,  7.9381E-06,  7.9382E-06,  7.9400E-06,  7.9408E-06,  7.9444E-06,  7.9411E-06,  7.9432E-06,  7.9424E-06,  7.9443E-06,  7.9435E-06,  7.9423E-06,  7.9408E-06,  7.9416E-06,  7.9401E-06,  7.9429E-06,  7.9422E-06,  7.9446E-06,  7.9439E-06,  7.9448E-06,  7.9448E-06,  7.9447E-06,  7.9441E-06,  7.9453E-06,  7.9450E-06,  7.9457E-06,  7.9457E-06,  7.9460E-06,  7.9459E-06,  7.9469E-06,  7.9466E-06,  7.9469E-06,  7.9465E-06,  7.9472E-06,  7.9480E-06,  7.9482E-06,  7.9477E-06,  7.9462E-06,  7.9453E-06,  7.9509E-06,  7.9500E-06,  7.9502E-06,  7.9493E-06,  7.9507E-06,  7.9487E-06,  7.9511E-06,  4.2259E-01,  8.0443E-02,  2.9829E-04,  1.3646E-04,  6.2128E-04,  2.0767E-03,  5.4337E-04,  1.9495E-03,  4.7196E-05,  3.2364E-04,  7.2222E-05,  4.1663E-04,  7.7695E-05,  2.8117E-04,  1.1882E-05,  4.9173E-05,  1.0357E-05,  1.9764E-05,  1.8803E-05,  5.2938E-05,  1.0395E-05,  3.6864E-05,  2.0103E-05,  3.8264E-05,  2.3586E-05,  2.0291E-04,  1.0636E-06,  9.3755E-06,  2.8078E-11,  2.8038E-11,  2.8318E-11,  2.8400E-11,  2.8403E-11,  2.8616E-11,  2.8455E-11,  2.8633E-11,  2.8566E-11,  2.8544E-11,  2.8442E-11,  2.8444E-11,  2.8388E-11,  2.8457E-11,  2.8348E-11,  2.8505E-11,  2.8470E-11,  2.8575E-11,  2.8506E-11,  2.8688E-11,  2.8693E-11,  2.8816E-11,  2.8871E-11,  2.9121E-11,  2.8894E-11,  2.9036E-11,  2.8979E-11,  2.9114E-11,  2.9057E-11,  2.8975E-11,  2.8870E-11,  2.8929E-11,  2.8827E-11,  2.9015E-11,  2.8965E-11,  2.9137E-11,  2.9086E-11,  2.9153E-11,  2.9149E-11,  2.9146E-11,  2.9098E-11,  2.9189E-11,  2.9163E-11,  2.9218E-11,  2.9214E-11,  2.9241E-11,  2.9232E-11,  2.9308E-11,  2.9283E-11,  2.9303E-11,  2.9274E-11,  2.9326E-11,  2.9386E-11,  2.9399E-11,  2.9366E-11,  2.9252E-11,  2.9185E-11,  2.9600E-11,  2.9533E-11,  2.9552E-11,  2.9487E-11,  2.9587E-11,  2.9442E-11,  2.9621E-11
  2.0000E+02,  1.1716E+03,  1.1860E+02,  5.1995E-01,  3.0683E-01,  9.5025E-01,  3.2067E+00,  8.6424E-01,  3.0783E+00,  6.9930E-02,  4.9651E-01,  1.0200E-01,  6.5252E-01,  1.1463E-01,  4.7646E-01,  2.0839E-02,  9.3735E-02,  2.1300E-02,  4.4842E-02,  3.4016E-02,  8.5630E-02,  1.5842E-02,  5.2204E-02,  2.6246E-02,  5.3920E-02,  3.5086E-02,  3.6967E-01,  2.3717E-03,  1.8198E-02,  7.9279E-06,  7.9272E-06,  7.9318E-06,  7.9331E-06,  7.9331E-06,  7.9364E-06,  7.9339E-06,  7.9367E-06,  7.9357E-06,  7.9353E-06,  7.9337E-06,  7.9338E-06,  7.9329E-06,  7.9340E-06,  7.9322E-06,  7.9347E-06,  7.9342E-06,  7.9358E-06,  7.9347E-06,  7.9375E-06,  7.9376E-06,  7.9394E-06,  7.9402E-06,  7.9438E-06,  7.9405E-06,  7.9426E-06,  7.9418E-06,  7.9437E-06,  7.9429E-06,  7.9417E-06,  7.9402E-06,  7.9411E-06,  7.9396E-06,  7.9423E-06,  7.9416E-06,  7.9440E-06,  7.9433E-06,  7.9442E-06,  7.9442E-06,  7.9441E-06,  7.9435E-06,  7.9447E-06,  7.9444E-06,  7.9451E-06,  7.9451E-06,  7.9454E-06,  7.9453E-06,  7.9463E-06,  7.9460E-06,  7.9463E-06,  7.9459E-06,  7.9466E-06,  7.9474E-06,  7.9476E-06,  7.9471E-06,  7.9456E-06,  7.9447E-06,  7.9503E-06,  7.9494E-06,  7.9496E-06,  7.9488E-06,  7.9501E-06,  7.9482E-06,  7.9505E-06,  4.4388E-01,  8.0672E-02,  3.0268E-04,  1.4314E-04,  6.3395E-04,  2.0909E-03,  5.5324E-04,  1.9605E-03,  4.8028E-05,  3.2571E-04,  7.2790E-05,  4.1876E-04,  7.8162E-05,  2.8359E-04,  1.2236E-05,  5.0249E-05,  1.0842E-05,  2.0746E-05,  1.9468E-05,  5.3512E-05,  1.0547E-05,  3.7264E-05,  2.0122E-05,  3.8449E-05,  2.3607E-05,  2.0532E-04,  1.1049E-06,  9.5364E-06,  2.8600E-11,  2.8559E-11,  2.8845E-11,  2.8928E-11,  2.8932E-11,  2.9149E-11,  2.8985E-11,  2.9167E-11,  2.9098E-11,  2.9076E-11,  2.8972E-11,  2.8974E-11,  2.8916E-11,  2.8987E-11,  2.8875E-11,  2.9036E-11,  2.9001E-11,  2.9107E-11,  2.9038E-11,  2.9223E-11,  2.9228E-11,  2.9353E-11,  2.9410E-11,  2.9666E-11,  2.9434E-11,  2.9579E-11,  2.9520E-11,  2.9658E-11,  2.9600E-11,  2.9516E-11,  2.9409E-11,  2.9469E-11,  2.9365E-11,  2.9556E-11,  2.9505E-11,  2.9682E-11,  2.9630E-11,  2.9698E-11,  2.9695E-11,  2.9691E-11,  2.9643E-11,  2.9735E-11,  2.9709E-11,  2.9765E-11,  2.9760E-11,  2.9788E-11,  2.9778E-11,  2.9855E-11,  2.9830E-11,  2.9850E-11,  2.9820E-11,  2.9873E-11,  2.9934E-11,  2.9947E-11,  2.9914E-11,  2.9799E-11,  2.9731E-11,  3.0154E-11,  3.0085E-11,  3.0103E-11,  3.0037E-11,  3.0140E-11,  2.9991E-11,  3.0175E-11
  2.2000E+02,  1.1626E+03,  1.1698E+02,  5.1387E-01,  3.0391E-01,  9.3749E-01,  3.1648E+00,  8.5312E-01,  3.0391E+00,  6.8964E-02,  4.9000E-01,  1.0054E-01,  6.4415E-01,  1.1307E-01,  4.7078E-01,  2.0592E-02,  9.2723E-02,  2.1080E-02,  4.4419E-02,  3.3622E-02,  8.4558E-02,  1.5631E-02,  5.1457E-02,  2.5844E-02,  5.3151E-02,  3.4614E-02,  3.6555E-01,  2.3493E-03,  1.8006E-02,  7.9273E-06,  7.9267E-06,  7.9312E-06,  7.9325E-06,  7.9325E-06,  7.9358E-06,  7.9334E-06,  7.9361E-06,  7.9351E-06,  7.9347E-06,  7.9331E-06,  7.9332E-06,  7.9323E-06,  7.9334E-06,  7.9317E-06,  7.9341E-06,  7.9336E-06,  7.9352E-06,  7.9341E-06,  7.9369E-06,  7.9370E-06,  7.9388E-06,  7.9396E-06,  7.9432E-06,  7.9400E-06,  7.9420E-06,  7.9412E-06,  7.9431E-06,  7.9423E-06,  7.9411E-06,  7.9396E-06,  7.9405E-06,  7.9390E-06,  7.9417E-06,  7.9410E-06,  7.9434E-06,  7.9427E-06,  7.9436E-06,  7.9436E-06,  7.9435E-06,  7.9429E-06,  7.9441E-06,  7.9438E-06,  7.9445E-06,  7.9445E-06,  7.9448E-06,  7.9447E-06,  7.9457E-06,  7.9454E-06,  7.9457E-06,  7.9453E-06,  7.9460E-06,  7.9468E-06,  7.9470E-06,  7.9465E-06,  7.9450E-06,  7.9441E-06,  7.9496E-06,  7.9488E-06,  7.9490E-06,  7.9481E-06,  7.9495E-06,  7.9475E-06,  7.9499E-06,  4.6151E-01,  8.0465E-02,  3.0518E-04,  1.4854E-04,  6.4186E-04,  2.0929E-03,  5.5909E-04,  1.9606E-03,  4.8503E-05,  3.2585E-04,  7.2899E-05,  4.1852E-04,  7.8167E-05,  2.8435E-04,  1.2488E-05,  5.0958E-05,  1.1226E-05,  2.1540E-05,  1.9962E-05,  5.3750E-05,  1.0626E-05,  3.7422E-05,  2.0035E-05,  3.8418E-05,  2.3513E-05,  2.0649E-04,  1.1370E-06,  9.6335E-06,  2.9085E-11,  2.9044E-11,  2.9335E-11,  2.9421E-11,  2.9425E-11,  2.9646E-11,  2.9479E-11,  2.9664E-11,  2.9594E-11,  2.9571E-11,  2.9465E-11,  2.9467E-11,  2.9409E-11,  2.9481E-11,  2.9367E-11,  2.9530E-11,  2.9494E-11,  2.9603E-11,  2.9532E-11,  2.9721E-11,  2.9726E-11,  2.9852E-11,  2.9909E-11,  3.0172E-11,  2.9934E-11,  3.0082E-11,  3.0022E-11,  3.0163E-11,  3.0103E-11,  3.0018E-11,  2.9909E-11,  2.9970E-11,  2.9864E-11,  3.0059E-11,  3.0007E-11,  3.0187E-11,  3.0135E-11,  3.0205E-11,  3.0201E-11,  3.0197E-11,  3.0147E-11,  3.0241E-11,  3.0215E-11,  3.0272E-11,  3.0268E-11,  3.0295E-11,  3.0286E-11,  3.0364E-11,  3.0339E-11,  3.0359E-11,  3.0329E-11,  3.0383E-11,  3.0446E-11,  3.0459E-11,  3.0425E-11,  3.0307E-11,  3.0238E-11,  3.0672E-11,  3.0601E-11,  3.0620E-11,  3.0552E-11,  3.0658E-11,  3.0504E-11,  3.0693E-11
  2.5000E+02,  1.1484E+03,  1.1458E+02,  5.0470E-01,  2.9937E-01,  9.1816E-01,  3.1023E+00,  8.3630E-01,  2.9805E+00,  6.7506E-02,  4.8026E-01,  9.8359E-02,  6.3164E-01,  1.1073E-01,  4.6227E-01,  2.0214E-02,  9.1186E-02,  2.0737E-02,  4.3759E-02,  3.3016E-02,  8.2947E-02,  1.5312E-02,  5.0336E-02,  2.5247E-02,  5.2004E-02,  3.3913E-02,  3.5935E-01,  2.3147E-03,  1.7716E-02,  7.9264E-06,  7.9258E-06,  7.9303E-06,  7.9316E-06,  7.9316E-06,  7.9349E-06,  7.9325E-06,  7.9352E-06,  7.9342E-06,  7.9338E-06,  7.9322E-06,  7.9323E-06,  7.9314E-06,  7.9325E-06,  7.9308E-06,  7.9332E-06,  7.9327E-06,  7.9343E-06,  7.9333E-06,  7.9360E-06,  7.9361E-06,  7.9379E-06,  7.9387E-06,  7.9423E-06,  7.9390E-06,  7.9411E-06,  7.9403E-06,  7.9422E-06,  7.9414E-06,  7.9402E-06,  7.9387E-06,  7.9395E-06,  7.9381E-06,  7.9408E-06,  7.9401E-06,  7.9425E-06,  7.9418E-06,  7.9427E-06,  7.9427E-06,  7.9426E-06,  7.9420E-06,  7.9432E-06,  7.9429E-06,  7.9436E-06,  7.9436E-06,  7.9439E-06,  7.9438E-06,  7.9448E-06,  7.9445E-06,  7.9448E-06,  7.9444E-06,  7.9451E-06,  7.9459E-06,  7.9460E-06,  7.9456E-06,  7.9441E-06,  7.9432E-06,  7.9487E-06,  7.9478E-06,  7.9481E-06,  7.9472E-06,  7.9485E-06,  7.9466E-06,  7.9490E-06,  4.8177E-01,  7.9576E-02,  3.0626E-04,  1.5463E-04,  6.4696E-04,  2.0792E-03,  5.6214E-04,  1.9459E-03,  4.8725E-05,  3.2353E-04,  7.2466E-05,  4.1510E-04,  7.7575E-05,  2.8323E-04,  1.2719E-05,  5.1501E-05,  1.1648E-05,  2.2441E-05,  2.0450E-05,  5.3640E-05,  1.0645E-05,  3.7328E-05,  1.9769E-05,  3.8082E-05,  2.3224E-05,  2.0656E-04,  1.1713E-06,  9.6933E-06,  2.9759E-11,  2.9716E-11,  3.0012E-11,  3.0099E-11,  3.0104E-11,  3.0333E-11,  3.0160E-11,  3.0351E-11,  3.0279E-11,  3.0256E-11,  3.0146E-11,  3.0148E-11,  3.0087E-11,  3.0162E-11,  3.0044E-11,  3.0214E-11,  3.0177E-11,  3.0289E-11,  3.0215E-11,  3.0409E-11,  3.0414E-11,  3.0545E-11,  3.0605E-11,  3.0875E-11,  3.0630E-11,  3.0784E-11,  3.0722E-11,  3.0866E-11,  3.0805E-11,  3.0718E-11,  3.0604E-11,  3.0668E-11,  3.0558E-11,  3.0760E-11,  3.0706E-11,  3.0891E-11,  3.0837E-11,  3.0908E-11,  3.0904E-11,  3.0901E-11,  3.0850E-11,  3.0946E-11,  3.0919E-11,  3.0977E-11,  3.0973E-11,  3.1001E-11,  3.0991E-11,  3.1072E-11,  3.1046E-11,  3.1067E-11,  3.1036E-11,  3.1092E-11,  3.1157E-11,  3.1170E-11,  3.1135E-11,  3.1013E-11,  3.0943E-11,  3.1388E-11,  3.1316E-11,  3.1336E-11,  3.1265E-11,  3.1374E-11,  3.1217E-11,  3.1410E-11
  2.8000E+02,  1.1338E+03,  1.1222E+02,  4.9553E-01,  2.9466E-01,  8.9876E-01,  3.0403E+00,  8.1946E-01,  2.9225E+00,  6.6047E-02,  4.7061E-01,  9.6199E-02,  6.1928E-01,  1.0842E-01,  4.5382E-01,  1.9831E-02,  8.9640E-02,  2.0383E-02,  4.3077E-02,  3.2399E-02,  8.1345E-02,  1.4993E-02,  4.9222E-02,  2.4660E-02,  5.0870E-02,  3.3223E-02,  3.5318E-01,  2.2792E-03,  1.7426E-02,  7.9255E-06,  7.9249E-06,  7.9294E-06,  7.9307E-06,  7.9307E-06,  7.9340E-06,  7.9315E-06,  7.9343E-06,  7.9333E-06,  7.9329E-06,  7.9313E-06,  7.9314E-06,  7.9305E-06,  7.9316E-06,  7.9298E-06,  7.9323E-06,  7.9318E-06,  7.9334E-06,  7.9323E-06,  7.9351E-06,  7.9352E-06,  7.9370E-06,  7.9378E-06,  7.9413E-06,  7.9381E-06,  7.9402E-06,  7.9393E-06,  7.9412E-06,  7.9404E-06,  7.9393E-06,  7.9378E-06,  7.9386E-06,  7.9371E-06,  7.9398E-06,  7.9391E-06,  7.9416E-06,  7.9409E-06,  7.9418E-06,  7.9417E-06,  7.9417E-06,  7.9410E-06,  7.9423E-06,  7.9419E-06,  7.9427E-06,  7.9426E-06,  7.9430E-06,  7.9429E-06,  7.9439E-06,  7.9435E-06,  7.9438E-06,  7.9434E-06,  7.9441E-06,  7.9449E-06,  7.9451E-06,  7.9447E-06,  7.9431E-06,  7.9422E-06,  7.9478E-06,  7.9469E-06,  7.9471E-06,  7.9463E-06,  7.9476E-06,  7.9457E-06,  7.9480E-06,  4.9564E-01,  7.8239E-02,  3.0507E-04,  1.5881E-04,  6.4610E-04,  2.0522E-03,  5.6029E-04,  1.9193E-03,  4.8512E-05,  3.1920E-04,  7.1531E-05,  4.0919E-04,  7.6496E-05,  2.8025E-04,  1.2815E-05,  5.1588E-05,  1.1921E-05,  2.3059E-05,  2.0705E-05,  5.3147E-05,  1.0579E-05,  3.6954E-05,  1.9395E-05,  3.7511E-05,  2.2818E-05,  2.0522E-04,  1.1927E-06,  9.6765E-06,  3.0376E-11,  3.0333E-11,  3.0639E-11,  3.0728E-11,  3.0733E-11,  3.0966E-11,  3.0790E-11,  3.0985E-11,  3.0911E-11,  3.0887E-11,  3.0775E-11,  3.0778E-11,  3.0716E-11,  3.0792E-11,  3.0671E-11,  3.0845E-11,  3.0807E-11,  3.0921E-11,  3.0846E-11,  3.1044E-11,  3.1049E-11,  3.1184E-11,  3.1245E-11,  3.1521E-11,  3.1271E-11,  3.1427E-11,  3.1364E-11,  3.1512E-11,  3.1450E-11,  3.1360E-11,  3.1244E-11,  3.1309E-11,  3.1197E-11,  3.1404E-11,  3.1349E-11,  3.1538E-11,  3.1482E-11,  3.1556E-11,  3.1552E-11,  3.1548E-11,  3.1496E-11,  3.1595E-11,  3.1567E-11,  3.1627E-11,  3.1623E-11,  3.1652E-11,  3.1642E-11,  3.1725E-11,  3.1698E-11,  3.1719E-11,  3.1688E-11,  3.1745E-11,  3.1810E-11,  3.1824E-11,  3.1788E-11,  3.1664E-11,  3.1591E-11,  3.2047E-11,  3.1973E-11,  3.1994E-11,  3.1922E-11,  3.2033E-11,  3.1872E-11,  3.2070E-11
  3.2000E+02,  1.1137E+03,  1.0913E+02,  4.8341E-01,  2.8825E-01,  8.7307E-01,  2.9592E+00,  7.9720E-01,  2.8467E+00,  6.4121E-02,  4.5800E-01,  9.3372E-02,  6.0311E-01,  1.0540E-01,  4.4272E-01,  1.9319E-02,  8.7584E-02,  1.9903E-02,  4.2145E-02,  3.1569E-02,  7.9240E-02,  1.4574E-02,  4.7759E-02,  2.3896E-02,  4.9389E-02,  3.2323E-02,  3.4503E-01,  2.2312E-03,  1.7040E-02,  7.9243E-06,  7.9236E-06,  7.9281E-06,  7.9294E-06,  7.9295E-06,  7.9328E-06,  7.9303E-06,  7.9330E-06,  7.9320E-06,  7.9317E-06,  7.9301E-06,  7.9301E-06,  7.9292E-06,  7.9303E-06,  7.9286E-06,  7.9311E-06,  7.9305E-06,  7.9321E-06,  7.9311E-06,  7.9338E-06,  7.9339E-06,  7.9357E-06,  7.9365E-06,  7.9401E-06,  7.9369E-06,  7.9389E-06,  7.9381E-06,  7.9400E-06,  7.9392E-06,  7.9380E-06,  7.9365E-06,  7.9373E-06,  7.9359E-06,  7.9386E-06,  7.9379E-06,  7.9403E-06,  7.9396E-06,  7.9405E-06,  7.9405E-06,  7.9404E-06,  7.9398E-06,  7.9410E-06,  7.9406E-06,  7.9414E-06,  7.9413E-06,  7.9417E-06,  7.9416E-06,  7.9426E-06,  7.9423E-06,  7.9425E-06,  7.9421E-06,  7.9428E-06,  7.9436E-06,  7.9438E-06,  7.9434E-06,  7.9419E-06,  7.9409E-06,  7.9465E-06,  7.9456E-06,  7.9458E-06,  7.9450E-06,  7.9463E-06,  7.9444E-06,  7.9467E-06,  5.0633E-01,  7.6045E-02,  3.0104E-04,  1.6206E-04,  6.3856E-04,  2.0033E-03,  5.5263E-04,  1.8725E-03,  4.7790E-05,  3.1146E-04,  6.9804E-05,  3.9900E-04,  7.4588E-05,  2.7446E-04,  1.2794E-05,  5.1217E-05,  1.2112E-05,  2.3547E-05,  2.0779E-05,  5.2109E-05,  1.0402E-05,  3.6174E-05,  1.8799E-05,  3.6527E-05,  2.2171E-05,  2.0200E-04,  1.2061E-06,  9.5761E-06,  3.1135E-11,  3.1090E-11,  3.1404E-11,  3.1496E-11,  3.1501E-11,  3.1743E-11,  3.1560E-11,  3.1762E-11,  3.1686E-11,  3.1661E-11,  3.1545E-11,  3.1547E-11,  3.1483E-11,  3.1562E-11,  3.1438E-11,  3.1617E-11,  3.1577E-11,  3.1696E-11,  3.1618E-11,  3.1823E-11,  3.1829E-11,  3.1966E-11,  3.2029E-11,  3.2314E-11,  3.2056E-11,  3.2218E-11,  3.2152E-11,  3.2305E-11,  3.2241E-11,  3.2148E-11,  3.2029E-11,  3.2095E-11,  3.1980E-11,  3.2193E-11,  3.2136E-11,  3.2331E-11,  3.2274E-11,  3.2349E-11,  3.2345E-11,  3.2342E-11,  3.2288E-11,  3.2389E-11,  3.2361E-11,  3.2423E-11,  3.2418E-11,  3.2448E-11,  3.2438E-11,  3.2523E-11,  3.2495E-11,  3.2518E-11,  3.2485E-11,  3.2544E-11,  3.2613E-11,  3.2628E-11,  3.2590E-11,  3.2461E-11,  3.2386E-11,  3.2858E-11,  3.2782E-11,  3.2803E-11,  3.2729E-11,  3.2843E-11,  3.2677E-11,  3.2882E-11
  3.5000E+02,  1.0985E+03,  1.0688E+02,  4.7444E-01,  2.8337E-01,  8.5405E-01,  2.8997E+00,  7.8075E-01,  2.7911E+00,  6.2699E-02,  4.4876E-01,  9.1301E-02,  5.9127E-01,  1.0319E-01,  4.3457E-01,  1.8937E-02,  8.6055E-02,  1.9539E-02,  4.1436E-02,  3.0947E-02,  7.7691E-02,  1.4264E-02,  4.6685E-02,  2.3339E-02,  4.8306E-02,  3.1666E-02,  3.3902E-01,  2.1950E-03,  1.6755E-02,  7.9234E-06,  7.9227E-06,  7.9272E-06,  7.9285E-06,  7.9285E-06,  7.9318E-06,  7.9293E-06,  7.9321E-06,  7.9310E-06,  7.9307E-06,  7.9291E-06,  7.9292E-06,  7.9283E-06,  7.9294E-06,  7.9277E-06,  7.9301E-06,  7.9296E-06,  7.9312E-06,  7.9301E-06,  7.9329E-06,  7.9329E-06,  7.9347E-06,  7.9355E-06,  7.9391E-06,  7.9359E-06,  7.9379E-06,  7.9371E-06,  7.9390E-06,  7.9382E-06,  7.9370E-06,  7.9355E-06,  7.9364E-06,  7.9349E-06,  7.9376E-06,  7.9369E-06,  7.9393E-06,  7.9386E-06,  7.9395E-06,  7.9395E-06,  7.9394E-06,  7.9388E-06,  7.9400E-06,  7.9397E-06,  7.9404E-06,  7.9404E-06,  7.9407E-06,  7.9406E-06,  7.9416E-06,  7.9413E-06,  7.9415E-06,  7.9412E-06,  7.9419E-06,  7.9427E-06,  7.9428E-06,  7.9424E-06,  7.9409E-06,  7.9400E-06,  7.9455E-06,  7.9446E-06,  7.9448E-06,  7.9440E-06,  7.9453E-06,  7.9434E-06,  7.9457E-06,  5.0988E-01,  7.4228E-02,  2.9677E-04,  1.6315E-04,  6.2960E-04,  1.9609E-03,  5.4432E-04,  1.8325E-03,  4.7017E-05,  3.0477E-04,  6.8281E-05,  3.9034E-04,  7.2943E-05,  2.6929E-04,  1.2698E-05,  5.0684E-05,  1.2155E-05,  2.3714E-05,  2.0689E-05,  5.1149E-05,  1.0225E-05,  3.5452E-05,  1.8309E-05,  3.5688E-05,  2.1639E-05,  1.9886E-04,  1.2077E-06,  9.4595E-06,  3.1663E-11,  3.1617E-11,  3.1938E-11,  3.2032E-11,  3.2037E-11,  3.2283E-11,  3.2097E-11,  3.2302E-11,  3.2225E-11,  3.2200E-11,  3.2082E-11,  3.2084E-11,  3.2019E-11,  3.2100E-11,  3.1972E-11,  3.2155E-11,  3.2115E-11,  3.2235E-11,  3.2157E-11,  3.2365E-11,  3.2370E-11,  3.2511E-11,  3.2576E-11,  3.2869E-11,  3.2603E-11,  3.2770E-11,  3.2703E-11,  3.2860E-11,  3.2794E-11,  3.2699E-11,  3.2575E-11,  3.2644E-11,  3.2525E-11,  3.2745E-11,  3.2686E-11,  3.2886E-11,  3.2828E-11,  3.2905E-11,  3.2901E-11,  3.2897E-11,  3.2842E-11,  3.2946E-11,  3.2917E-11,  3.2979E-11,  3.2975E-11,  3.3006E-11,  3.2995E-11,  3.3082E-11,  3.3053E-11,  3.3076E-11,  3.3043E-11,  3.3103E-11,  3.3173E-11,  3.3188E-11,  3.3149E-11,  3.3019E-11,  3.2942E-11,  3.3422E-11,  3.3345E-11,  3.3366E-11,  3.3291E-11,  3.3407E-11,  3.3238E-11,  3.3446E-11
  4.0000E+02,  1.0730E+03,  1.0325E+02,  4.5982E-01,  2.7521E-01,  8.2305E-01,  2.8036E+00,  7.5396E-01,  2.7013E+00,  6.0387E-02,  4.3382E-01,  8.7956E-02,  5.7214E-01,  9.9614E-02,  4.2134E-01,  1.8308E-02,  8.3551E-02,  1.8932E-02,  4.0250E-02,  2.9921E-02,  7.5179E-02,  1.3762E-02,  4.4946E-02,  2.2445E-02,  4.6559E-02,  3.0607E-02,  3.2923E-01,  2.1349E-03,  1.6288E-02,  7.9218E-06,  7.9211E-06,  7.9256E-06,  7.9268E-06,  7.9269E-06,  7.9302E-06,  7.9277E-06,  7.9304E-06,  7.9294E-06,  7.9291E-06,  7.9275E-06,  7.9275E-06,  7.9267E-06,  7.9277E-06,  7.9260E-06,  7.9285E-06,  7.9279E-06,  7.9295E-06,  7.9285E-06,  7.9312E-06,  7.9313E-06,  7.9331E-06,  7.9339E-06,  7.9374E-06,  7.9342E-06,  7.9362E-06,  7.9354E-06,  7.9373E-06,  7.9365E-06,  7.9354E-06,  7.9339E-06,  7.9347E-06,  7.9333E-06,  7.9359E-06,  7.9352E-06,  7.9376E-06,  7.9369E-06,  7.9379E-06,  7.9378E-06,  7.9378E-06,  7.9371E-06,  7.9383E-06,  7.9380E-06,  7.9387E-06,  7.9387E-06,  7.9390E-06,  7.9389E-06,  7.9399E-06,  7.9396E-06,  7.9399E-06,  7.9395E-06,  7.9402E-06,  7.9410E-06,  7.9411E-06,  7.9407E-06,  7.9392E-06,  7.9383E-06,  7.9438E-06,  7.9429E-06,  7.9431E-06,  7.9423E-06,  7.9436E-06,  7.9417E-06,  7.9440E-06,  5.0951E-01,  7.1042E-02,  2.8816E-04,  1.6304E-04,  6.1052E-04,  1.8842E-03,  5.2729E-04,  1.7607E-03,  4.5454E-05,  2.9273E-04,  6.5506E-05,  3.7486E-04,  6.9987E-05,  2.5975E-04,  1.2432E-05,  4.9477E-05,  1.2086E-05,  2.3711E-05,  2.0344E-05,  4.9342E-05,  9.8782E-06,  3.4094E-05,  1.7456E-05,  3.4189E-05,  2.0714E-05,  1.9278E-04,  1.1984E-06,  9.2153E-06,  3.2480E-11,  3.2433E-11,  3.2766E-11,  3.2864E-11,  3.2868E-11,  3.3122E-11,  3.2930E-11,  3.3142E-11,  3.3062E-11,  3.3036E-11,  3.2914E-11,  3.2917E-11,  3.2850E-11,  3.2933E-11,  3.2802E-11,  3.2990E-11,  3.2948E-11,  3.3073E-11,  3.2991E-11,  3.3208E-11,  3.3214E-11,  3.3359E-11,  3.3424E-11,  3.3726E-11,  3.3452E-11,  3.3623E-11,  3.3554E-11,  3.3716E-11,  3.3648E-11,  3.3550E-11,  3.3424E-11,  3.3494E-11,  3.3373E-11,  3.3597E-11,  3.3537E-11,  3.3744E-11,  3.3684E-11,  3.3763E-11,  3.3759E-11,  3.3755E-11,  3.3698E-11,  3.3806E-11,  3.3776E-11,  3.3841E-11,  3.3836E-11,  3.3868E-11,  3.3857E-11,  3.3948E-11,  3.3918E-11,  3.3941E-11,  3.3907E-11,  3.3970E-11,  3.4042E-11,  3.4057E-11,  3.4017E-11,  3.3881E-11,  3.3802E-11,  3.4300E-11,  3.4219E-11,  3.4241E-11,  3.4163E-11,  3.4284E-11,  3.4109E-11,  3.4324E-11
  4.5000E+02,  1.0477E+03,  9.9774E+01,  4.4565E-01,  2.6711E-01,  7.9307E-01,  2.7114E+00,  7.2808E-01,  2.6151E+00,  5.8159E-02,  4.1950E-01,  8.4753E-02,  5.5380E-01,  9.6191E-02,  4.0861E-01,  1.7696E-02,  8.1114E-02,  1.8333E-02,  3.9071E-02,  2.8917E-02,  7.2760E-02,  1.3277E-02,  4.3278E-02,  2.1594E-02,  4.4888E-02,  2.9595E-02,  3.1976E-01,  2.0754E-03,  1.5834E-02,  7.9201E-06,  7.9195E-06,  7.9239E-06,  7.9252E-06,  7.9252E-06,  7.9285E-06,  7.9260E-06,  7.9287E-06,  7.9277E-06,  7.9274E-06,  7.9258E-06,  7.9259E-06,  7.9250E-06,  7.9261E-06,  7.9244E-06,  7.9268E-06,  7.9263E-06,  7.9279E-06,  7.9268E-06,  7.9296E-06,  7.9296E-06,  7.9314E-06,  7.9322E-06,  7.9357E-06,  7.9325E-06,  7.9345E-06,  7.9337E-06,  7.9356E-06,  7.9348E-06,  7.9337E-06,  7.9322E-06,  7.9330E-06,  7.9316E-06,  7.9342E-06,  7.9335E-06,  7.9359E-06,  7.9352E-06,  7.9362E-06,  7.9361E-06,  7.9361E-06,  7.9354E-06,  7.9366E-06,  7.9363E-06,  7.9370E-06,  7.9370E-06,  7.9373E-06,  7.9372E-06,  7.9382E-06,  7.9379E-06,  7.9381E-06,  7.9378E-06,  7.9385E-06,  7.9393E-06,  7.9394E-06,  7.9390E-06,  7.9375E-06,  7.9366E-06,  7.9420E-06,  7.9412E-06,  7.9414E-06,  7.9406E-06,  7.9419E-06,  7.9400E-06,  7.9423E-06,  5.0372E-01,  6.7804E-02,  2.7835E-04,  1.6116E-04,  5.8841E-04,  1.8043E-03,  5.0798E-04,  1.6864E-03,  4.3691E-05,  2.8022E-04,  6.2598E-05,  3.5887E-04,  6.6920E-05,  2.4966E-04,  1.2080E-05,  4.8018E-05,  1.1893E-05,  2.3450E-05,  1.9833E-05,  4.7407E-05,  9.4947E-06,  3.2641E-05,  1.6597E-05,  3.2642E-05,  1.9780E-05,  1.8611E-04,  1.1789E-06,  8.9328E-06,  3.3238E-11,  3.3189E-11,  3.3529E-11,  3.3630E-11,  3.3634E-11,  3.3897E-11,  3.3699E-11,  3.3918E-11,  3.3835E-11,  3.3808E-11,  3.3682E-11,  3.3685E-11,  3.3615E-11,  3.3701E-11,  3.3566E-11,  3.3760E-11,  3.3717E-11,  3.3846E-11,  3.3762E-11,  3.3986E-11,  3.3991E-11,  3.4141E-11,  3.4209E-11,  3.4520E-11,  3.4238E-11,  3.4414E-11,  3.4342E-11,  3.4510E-11,  3.4440E-11,  3.4338E-11,  3.4209E-11,  3.4281E-11,  3.4156E-11,  3.4387E-11,  3.4325E-11,  3.4539E-11,  3.4476E-11,  3.4560E-11,  3.4555E-11,  3.4551E-11,  3.4492E-11,  3.4604E-11,  3.4572E-11,  3.4640E-11,  3.4635E-11,  3.4668E-11,  3.4656E-11,  3.4749E-11,  3.4719E-11,  3.4743E-11,  3.4707E-11,  3.4771E-11,  3.4845E-11,  3.4861E-11,  3.4820E-11,  3.4681E-11,  3.4600E-11,  3.5113E-11,  3.5029E-11,  3.5052E-11,  3.4971E-11,  3.5097E-11,  3.4915E-11,  3.5139E-11
  5.0000E+02,  1.0227E+03,  9.6464E+01,  4.3200E-01,  2.5913E-01,  7.6425E-01,  2.6232E+00,  7.0319E-01,  2.5326E+00,  5.6021E-02,  4.0580E-01,  8.1697E-02,  5.3625E-01,  9.2922E-02,  3.9638E-01,  1.7102E-02,  7.8753E-02,  1.7745E-02,  3.7910E-02,  2.7940E-02,  7.0439E-02,  1.2813E-02,  4.1683E-02,  2.0785E-02,  4.3295E-02,  2.8629E-02,  3.1062E-01,  2.0172E-03,  1.5395E-02,  7.9184E-06,  7.9178E-06,  7.9222E-06,  7.9235E-06,  7.9235E-06,  7.9268E-06,  7.9243E-06,  7.9270E-06,  7.9260E-06,  7.9257E-06,  7.9241E-06,  7.9242E-06,  7.9233E-06,  7.9244E-06,  7.9227E-06,  7.9251E-06,  7.9246E-06,  7.9262E-06,  7.9251E-06,  7.9278E-06,  7.9279E-06,  7.9297E-06,  7.9305E-06,  7.9340E-06,  7.9308E-06,  7.9328E-06,  7.9320E-06,  7.9339E-06,  7.9331E-06,  7.9320E-06,  7.9305E-06,  7.9313E-06,  7.9298E-06,  7.9325E-06,  7.9318E-06,  7.9342E-06,  7.9335E-06,  7.9344E-06,  7.9344E-06,  7.9343E-06,  7.9337E-06,  7.9349E-06,  7.9345E-06,  7.9353E-06,  7.9352E-06,  7.9356E-06,  7.9355E-06,  7.9365E-06,  7.9361E-06,  7.9364E-06,  7.9360E-06,  7.9367E-06,  7.9375E-06,  7.9377E-06,  7.9372E-06,  7.9357E-06,  7.9348E-06,  7.9403E-06,  7.9394E-06,  7.9396E-06,  7.9388E-06,  7.9401E-06,  7.9382E-06,  7.9405E-06,  4.9434E-01,  6.4615E-02,  2.6794E-04,  1.5804E-04,  5.6457E-04,  1.7242E-03,  4.8758E-04,  1.6122E-03,  4.1835E-05,  2.6773E-04,  5.9671E-05,  3.4297E-04,  6.3856E-05,  2.3943E-04,  1.1677E-05,  4.6417E-05,  1.1616E-05,  2.3007E-05,  1.9222E-05,  4.5430E-05,  9.0940E-06,  3.1149E-05,  1.5749E-05,  3.1091E-05,  1.8855E-05,  1.7917E-04,  1.1520E-06,  8.6297E-06,  3.3943E-11,  3.3893E-11,  3.4244E-11,  3.4347E-11,  3.4351E-11,  3.4623E-11,  3.4418E-11,  3.4644E-11,  3.4559E-11,  3.4531E-11,  3.4401E-11,  3.4403E-11,  3.4332E-11,  3.4420E-11,  3.4281E-11,  3.4481E-11,  3.4437E-11,  3.4570E-11,  3.4483E-11,  3.4713E-11,  3.4719E-11,  3.4872E-11,  3.4943E-11,  3.5265E-11,  3.4973E-11,  3.5156E-11,  3.5082E-11,  3.5255E-11,  3.5182E-11,  3.5077E-11,  3.4942E-11,  3.5017E-11,  3.4887E-11,  3.5128E-11,  3.5063E-11,  3.5284E-11,  3.5220E-11,  3.5305E-11,  3.5301E-11,  3.5296E-11,  3.5236E-11,  3.5350E-11,  3.5318E-11,  3.5388E-11,  3.5383E-11,  3.5417E-11,  3.5405E-11,  3.5501E-11,  3.5469E-11,  3.5494E-11,  3.5458E-11,  3.5524E-11,  3.5600E-11,  3.5616E-11,  3.5574E-11,  3.5431E-11,  3.5346E-11,  3.5876E-11,  3.5790E-11,  3.5813E-11,  3.5729E-11,  3.5859E-11,  3.5672E-11,  3.5903E-11
  5.5000E+02,  9.9829E+02,  9.3310E+01,  4.1887E-01,  2.5133E-01,  7.3663E-01,  2.5389E+00,  6.7933E-01,  2.4538E+00,  5.3976E-02,  3.9272E-01,  7.8785E-02,  5.1950E-01,  8.9804E-02,  3.8466E-01,  1.6529E-02,  7.6474E-02,  1.7173E-02,  3.6774E-02,  2.6996E-02,  6.8217E-02,  1.2368E-02,  4.0163E-02,  2.0018E-02,  4.1778E-02,  2.7708E-02,  3.0184E-01,  1.9604E-03,  1.4972E-02,  7.9167E-06,  7.9161E-06,  7.9205E-06,  7.9217E-06,  7.9218E-06,  7.9250E-06,  7.9226E-06,  7.9253E-06,  7.9243E-06,  7.9240E-06,  7.9224E-06,  7.9224E-06,  7.9216E-06,  7.9226E-06,  7.9210E-06,  7.9234E-06,  7.9228E-06,  7.9244E-06,  7.9234E-06,  7.9261E-06,  7.9262E-06,  7.9279E-06,  7.9287E-06,  7.9322E-06,  7.9290E-06,  7.9310E-06,  7.9302E-06,  7.9321E-06,  7.9313E-06,  7.9302E-06,  7.9287E-06,  7.9295E-06,  7.9281E-06,  7.9307E-06,  7.9300E-06,  7.9324E-06,  7.9317E-06,  7.9326E-06,  7.9326E-06,  7.9325E-06,  7.9319E-06,  7.9331E-06,  7.9328E-06,  7.9335E-06,  7.9334E-06,  7.9338E-06,  7.9337E-06,  7.9347E-06,  7.9343E-06,  7.9346E-06,  7.9342E-06,  7.9349E-06,  7.9357E-06,  7.9359E-06,  7.9354E-06,  7.9339E-06,  7.9331E-06,  7.9385E-06,  7.9376E-06,  7.9378E-06,  7.9370E-06,  7.9383E-06,  7.9364E-06,  7.9387E-06,  4.8266E-01,  6.1525E-02,  2.5732E-04,  1.5409E-04,  5.4006E-04,  1.6456E-03,  4.6683E-04,  1.5395E-03,  3.9949E-05,  2.5543E-04,  5.6787E-05,  3.2737E-04,  6.0845E-05,  2.2930E-04,  1.1243E-05,  4.4747E-05,  1.1283E-05,  2.2439E-05,  1.8544E-05,  4.3460E-05,  8.6899E-06,  2.9665E-05,  1.4929E-05,  2.9575E-05,  1.7957E-05,  1.7215E-04,  1.1205E-06,  8.3170E-06,  3.4609E-11,  3.4558E-11,  3.4917E-11,  3.5023E-11,  3.5028E-11,  3.5308E-11,  3.5097E-11,  3.5330E-11,  3.5242E-11,  3.5213E-11,  3.5079E-11,  3.5082E-11,  3.5008E-11,  3.5100E-11,  3.4956E-11,  3.5163E-11,  3.5117E-11,  3.5254E-11,  3.5164E-11,  3.5401E-11,  3.5407E-11,  3.5565E-11,  3.5637E-11,  3.5968E-11,  3.5668E-11,  3.5856E-11,  3.5779E-11,  3.5958E-11,  3.5883E-11,  3.5775E-11,  3.5636E-11,  3.5713E-11,  3.5580E-11,  3.5827E-11,  3.5761E-11,  3.5988E-11,  3.5922E-11,  3.6009E-11,  3.6004E-11,  3.6000E-11,  3.5938E-11,  3.6055E-11,  3.6022E-11,  3.6093E-11,  3.6088E-11,  3.6123E-11,  3.6111E-11,  3.6209E-11,  3.6177E-11,  3.6202E-11,  3.6165E-11,  3.6233E-11,  3.6312E-11,  3.6328E-11,  3.6285E-11,  3.6137E-11,  3.6051E-11,  3.6595E-11,  3.6507E-11,  3.6531E-11,  3.6445E-11,  3.6578E-11,  3.6386E-11,  3.6622E-11
  6.3000E+02,  9.6053E+02,  8.8576E+01,  3.9896E-01,  2.3929E-01,  6.9499E-01,  2.4121E+00,  6.4330E-01,  2.3351E+00,  5.0899E-02,  3.7304E-01,  7.4419E-02,  4.9426E-01,  8.5121E-02,  3.6695E-01,  1.5658E-02,  7.3002E-02,  1.6294E-02,  3.5021E-02,  2.5558E-02,  6.4862E-02,  1.1698E-02,  3.7882E-02,  1.8873E-02,  3.9505E-02,  2.6326E-02,  2.8851E-01,  1.8729E-03,  1.4326E-02,  7.9139E-06,  7.9133E-06,  7.9177E-06,  7.9189E-06,  7.9190E-06,  7.9222E-06,  7.9198E-06,  7.9224E-06,  7.9214E-06,  7.9211E-06,  7.9196E-06,  7.9196E-06,  7.9187E-06,  7.9198E-06,  7.9181E-06,  7.9205E-06,  7.9200E-06,  7.9216E-06,  7.9205E-06,  7.9232E-06,  7.9233E-06,  7.9250E-06,  7.9258E-06,  7.9293E-06,  7.9261E-06,  7.9281E-06,  7.9273E-06,  7.9292E-06,  7.9284E-06,  7.9273E-06,  7.9258E-06,  7.9266E-06,  7.9252E-06,  7.9278E-06,  7.9271E-06,  7.9295E-06,  7.9288E-06,  7.9297E-06,  7.9297E-06,  7.9296E-06,  7.9290E-06,  7.9302E-06,  7.9298E-06,  7.9306E-06,  7.9305E-06,  7.9309E-06,  7.9307E-06,  7.9317E-06,  7.9314E-06,  7.9317E-06,  7.9313E-06,  7.9320E-06,  7.9327E-06,  7.9329E-06,  7.9325E-06,  7.9310E-06,  7.9301E-06,  7.9355E-06,  7.9346E-06,  7.9349E-06,  7.9340E-06,  7.9353E-06,  7.9335E-06,  7.9357E-06,  4.6151E-01,  5.6832E-02,  2.4043E-04,  1.4670E-04,  5.0108E-04,  1.5249E-03,  4.3396E-04,  1.4281E-03,  3.6982E-05,  2.3660E-04,  5.2363E-05,  3.0353E-04,  5.6238E-05,  2.1360E-04,  1.0525E-05,  4.2037E-05,  1.0682E-05,  2.1376E-05,  1.7403E-05,  4.0400E-05,  8.0567E-06,  2.7370E-05,  1.3693E-05,  2.7263E-05,  1.6597E-05,  1.6111E-04,  1.0647E-06,  7.8148E-06,  3.5606E-11,  3.5553E-11,  3.5929E-11,  3.6039E-11,  3.6044E-11,  3.6333E-11,  3.6115E-11,  3.6356E-11,  3.6265E-11,  3.6235E-11,  3.6096E-11,  3.6099E-11,  3.6023E-11,  3.6117E-11,  3.5969E-11,  3.6182E-11,  3.6135E-11,  3.6277E-11,  3.6184E-11,  3.6430E-11,  3.6436E-11,  3.6601E-11,  3.6677E-11,  3.7019E-11,  3.6709E-11,  3.6903E-11,  3.6824E-11,  3.7009E-11,  3.6931E-11,  3.6820E-11,  3.6676E-11,  3.6756E-11,  3.6618E-11,  3.6874E-11,  3.6805E-11,  3.7040E-11,  3.6971E-11,  3.7063E-11,  3.7058E-11,  3.7053E-11,  3.6988E-11,  3.7111E-11,  3.7076E-11,  3.7151E-11,  3.7145E-11,  3.7182E-11,  3.7169E-11,  3.7273E-11,  3.7239E-11,  3.7266E-11,  3.7227E-11,  3.7298E-11,  3.7381E-11,  3.7398E-11,  3.7353E-11,  3.7198E-11,  3.7107E-11,  3.7676E-11,  3.7584E-11,  3.7609E-11,  3.7519E-11,  3.7658E-11,  3.7457E-11,  3.7705E-11
  7.1000E+02,  9.2450E+02,  8.4203E+01,  3.8037E-01,  2.2788E-01,  6.5640E-01,  2.2946E+00,  6.0984E-01,  2.2250E+00,  4.8053E-02,  3.5481E-01,  7.0395E-02,  4.7087E-01,  8.0793E-02,  3.5045E-01,  1.4844E-02,  6.9746E-02,  1.5465E-02,  3.3357E-02,  2.4212E-02,  6.1746E-02,  1.1078E-02,  3.5778E-02,  1.7823E-02,  3.7409E-02,  2.5049E-02,  2.7604E-01,  1.7901E-03,  1.3721E-02,  7.9110E-06,  7.9104E-06,  7.9147E-06,  7.9160E-06,  7.9160E-06,  7.9192E-06,  7.9168E-06,  7.9195E-06,  7.9185E-06,  7.9182E-06,  7.9166E-06,  7.9167E-06,  7.9158E-06,  7.9169E-06,  7.9152E-06,  7.9176E-06,  7.9171E-06,  7.9186E-06,  7.9176E-06,  7.9203E-06,  7.9203E-06,  7.9221E-06,  7.9228E-06,  7.9263E-06,  7.9232E-06,  7.9251E-06,  7.9243E-06,  7.9262E-06,  7.9254E-06,  7.9243E-06,  7.9228E-06,  7.9237E-06,  7.9222E-06,  7.9248E-06,  7.9241E-06,  7.9265E-06,  7.9258E-06,  7.9267E-06,  7.9266E-06,  7.9266E-06,  7.9260E-06,  7.9272E-06,  7.9268E-06,  7.9276E-06,  7.9275E-06,  7.9278E-06,  7.9277E-06,  7.9287E-06,  7.9284E-06,  7.9286E-06,  7.9283E-06,  7.9289E-06,  7.9297E-06,  7.9299E-06,  7.9295E-06,  7.9280E-06,  7.9271E-06,  7.9324E-06,  7.9316E-06,  7.9318E-06,  7.9310E-06,  7.9323E-06,  7.9304E-06,  7.9327E-06,  4.3914E-01,  5.2499E-02,  2.2415E-04,  1.3867E-04,  4.6354E-04,  1.4123E-03,  4.0250E-04,  1.3242E-03,  3.4152E-05,  2.1905E-04,  4.8246E-05,  2.8133E-04,  5.1954E-05,  1.9882E-04,  9.8146E-06,  3.9381E-05,  1.0047E-05,  2.0216E-05,  1.6253E-05,  3.7512E-05,  7.4542E-06,  2.5215E-05,  1.2559E-05,  2.5118E-05,  1.5340E-05,  1.5054E-04,  1.0060E-06,  7.3270E-06,  3.6536E-11,  3.6480E-11,  3.6869E-11,  3.6983E-11,  3.6989E-11,  3.7290E-11,  3.7062E-11,  3.7314E-11,  3.7219E-11,  3.7188E-11,  3.7044E-11,  3.7046E-11,  3.6967E-11,  3.7065E-11,  3.6911E-11,  3.7133E-11,  3.7084E-11,  3.7232E-11,  3.7135E-11,  3.7391E-11,  3.7398E-11,  3.7569E-11,  3.7648E-11,  3.8006E-11,  3.7681E-11,  3.7885E-11,  3.7802E-11,  3.7995E-11,  3.7914E-11,  3.7797E-11,  3.7647E-11,  3.7731E-11,  3.7586E-11,  3.7854E-11,  3.7782E-11,  3.8028E-11,  3.7956E-11,  3.8051E-11,  3.8046E-11,  3.8041E-11,  3.7974E-11,  3.8102E-11,  3.8066E-11,  3.8143E-11,  3.8138E-11,  3.8176E-11,  3.8162E-11,  3.8270E-11,  3.8235E-11,  3.8262E-11,  3.8222E-11,  3.8296E-11,  3.8381E-11,  3.8399E-11,  3.8352E-11,  3.8191E-11,  3.8097E-11,  3.8690E-11,  3.8594E-11,  3.8620E-11,  3.8526E-11,  3.8671E-11,  3.8461E-11,  3.8720E-11
  8.0000E+02,  8.8612E+02,  7.9677E+01,  3.6097E-01,  2.1581E-01,  6.1646E-01,  2.1727E+00,  5.7510E-01,  2.1107E+00,  4.5113E-02,  3.3591E-01,  6.6244E-02,  4.4658E-01,  7.6316E-02,  3.3325E-01,  1.3995E-02,  6.6330E-02,  1.4593E-02,  3.1598E-02,  2.2806E-02,  5.8505E-02,  1.0435E-02,  3.3609E-02,  1.6745E-02,  3.5248E-02,  2.3726E-02,  2.6300E-01,  1.7026E-03,  1.3085E-02,  7.9077E-06,  7.9071E-06,  7.9114E-06,  7.9126E-06,  7.9127E-06,  7.9158E-06,  7.9135E-06,  7.9161E-06,  7.9151E-06,  7.9148E-06,  7.9133E-06,  7.9133E-06,  7.9124E-06,  7.9135E-06,  7.9118E-06,  7.9142E-06,  7.9137E-06,  7.9152E-06,  7.9142E-06,  7.9168E-06,  7.9169E-06,  7.9186E-06,  7.9194E-06,  7.9228E-06,  7.9197E-06,  7.9217E-06,  7.9209E-06,  7.9227E-06,  7.9219E-06,  7.9208E-06,  7.9194E-06,  7.9202E-06,  7.9188E-06,  7.9214E-06,  7.9207E-06,  7.9230E-06,  7.9223E-06,  7.9232E-06,  7.9232E-06,  7.9231E-06,  7.9225E-06,  7.9237E-06,  7.9234E-06,  7.9241E-06,  7.9240E-06,  7.9244E-06,  7.9242E-06,  7.9252E-06,  7.9249E-06,  7.9251E-06,  7.9248E-06,  7.9254E-06,  7.9262E-06,  7.9264E-06,  7.9260E-06,  7.9245E-06,  7.9236E-06,  7.9289E-06,  7.9281E-06,  7.9283E-06,  7.9275E-06,  7.9287E-06,  7.9269E-06,  7.9292E-06,  4.1376E-01,  4.8060E-02,  2.0697E-04,  1.2947E-04,  4.2404E-04,  1.2959E-03,  3.6940E-04,  1.2169E-03,  3.1191E-05,  2.0093E-04,  4.4002E-05,  2.5842E-04,  4.7538E-05,  1.8341E-04,  9.0475E-06,  3.6534E-05,  9.3314E-06,  1.8884E-05,  1.4999E-05,  3.4503E-05,  6.8253E-06,  2.2987E-05,  1.1406E-05,  2.2916E-05,  1.4052E-05,  1.3940E-04,  9.3996E-07,  6.8056E-06,  3.7518E-11,  3.7461E-11,  3.7866E-11,  3.7986E-11,  3.7991E-11,  3.8305E-11,  3.8068E-11,  3.8329E-11,  3.8231E-11,  3.8199E-11,  3.8049E-11,  3.8052E-11,  3.7969E-11,  3.8071E-11,  3.7910E-11,  3.8142E-11,  3.8091E-11,  3.8244E-11,  3.8144E-11,  3.8410E-11,  3.8417E-11,  3.8596E-11,  3.8678E-11,  3.9052E-11,  3.8713E-11,  3.8925E-11,  3.8839E-11,  3.9040E-11,  3.8955E-11,  3.8834E-11,  3.8677E-11,  3.8764E-11,  3.8614E-11,  3.8892E-11,  3.8818E-11,  3.9074E-11,  3.8999E-11,  3.9098E-11,  3.9093E-11,  3.9088E-11,  3.9017E-11,  3.9151E-11,  3.9113E-11,  3.9194E-11,  3.9188E-11,  3.9228E-11,  3.9214E-11,  3.9327E-11,  3.9290E-11,  3.9319E-11,  3.9276E-11,  3.9354E-11,  3.9444E-11,  3.9463E-11,  3.9414E-11,  3.9245E-11,  3.9146E-11,  3.9767E-11,  3.9666E-11,  3.9694E-11,  3.9596E-11,  3.9747E-11,  3.9528E-11,  3.9798E-11
  9.0000E+02,  8.4611E+02,  7.5092E+01,  3.4115E-01,  2.0336E-01,  5.7606E-01,  2.0490E+00,  5.3984E-01,  1.9944E+00,  4.2143E-02,  3.1673E-01,  6.2055E-02,  4.2188E-01,  7.1782E-02,  3.1569E-01,  1.3130E-02,  6.2823E-02,  1.3698E-02,  2.9782E-02,  2.1371E-02,  5.5207E-02,  9.7844E-03,  3.1422E-02,  1.5661E-02,  3.3066E-02,  2.2385E-02,  2.4963E-01,  1.6121E-03,  1.2431E-02,  7.9039E-06,  7.9033E-06,  7.9075E-06,  7.9088E-06,  7.9088E-06,  7.9119E-06,  7.9096E-06,  7.9122E-06,  7.9112E-06,  7.9109E-06,  7.9094E-06,  7.9094E-06,  7.9086E-06,  7.9096E-06,  7.9080E-06,  7.9103E-06,  7.9098E-06,  7.9113E-06,  7.9103E-06,  7.9130E-06,  7.9130E-06,  7.9147E-06,  7.9155E-06,  7.9188E-06,  7.9158E-06,  7.9177E-06,  7.9170E-06,  7.9187E-06,  7.9180E-06,  7.9169E-06,  7.9155E-06,  7.9163E-06,  7.9149E-06,  7.9174E-06,  7.9168E-06,  7.9190E-06,  7.9184E-06,  7.9193E-06,  7.9192E-06,  7.9192E-06,  7.9185E-06,  7.9197E-06,  7.9194E-06,  7.9201E-06,  7.9200E-06,  7.9204E-06,  7.9203E-06,  7.9212E-06,  7.9209E-06,  7.9212E-06,  7.9208E-06,  7.9215E-06,  7.9222E-06,  7.9224E-06,  7.9220E-06,  7.9205E-06,  7.9197E-06,  7.9249E-06,  7.9240E-06,  7.9243E-06,  7.9235E-06,  7.9247E-06,  7.9229E-06,  7.9251E-06,  3.8650E-01,  4.3647E-02,  1.8944E-04,  1.1952E-04,  3.8402E-04,  1.1794E-03,  3.3586E-04,  1.1094E-03,  2.8209E-05,  1.8280E-04,  3.9778E-05,  2.3550E-04,  4.3134E-05,  1.6786E-04,  8.2545E-06,  3.3589E-05,  8.5684E-06,  1.7440E-05,  1.3693E-05,  3.1468E-05,  6.1913E-06,  2.0760E-05,  1.0270E-05,  2.0728E-05,  1.2772E-05,  1.2805E-04,  8.6942E-07,  6.2696E-06,  3.8549E-11,  3.8488E-11,  3.8912E-11,  3.9037E-11,  3.9042E-11,  3.9370E-11,  3.9123E-11,  3.9396E-11,  3.9293E-11,  3.9259E-11,  3.9102E-11,  3.9105E-11,  3.9019E-11,  3.9125E-11,  3.8957E-11,  3.9199E-11,  3.9146E-11,  3.9306E-11,  3.9201E-11,  3.9481E-11,  3.9488E-11,  3.9676E-11,  3.9761E-11,  4.0152E-11,  3.9798E-11,  4.0019E-11,  3.9929E-11,  4.0140E-11,  4.0051E-11,  3.9924E-11,  3.9760E-11,  3.9851E-11,  3.9694E-11,  3.9986E-11,  3.9907E-11,  4.0176E-11,  4.0098E-11,  4.0202E-11,  4.0196E-11,  4.0191E-11,  4.0117E-11,  4.0257E-11,  4.0217E-11,  4.0302E-11,  4.0296E-11,  4.0338E-11,  4.0323E-11,  4.0440E-11,  4.0402E-11,  4.0433E-11,  4.0388E-11,  4.0469E-11,  4.0563E-11,  4.0583E-11,  4.0531E-11,  4.0355E-11,  4.0252E-11,  4.0902E-11,  4.0796E-11,  4.0825E-11,  4.0722E-11,  4.0880E-11,  4.0651E-11,  4.0934E-11
  1.0000E+03,  8.0874E+02,  7.0923E+01,  3.2300E-01,  1.9188E-01,  5.3945E-01,  1.9362E+00,  5.0776E-01,  1.8882E+00,  3.9455E-02,  2.9926E-01,  5.8264E-02,  3.9935E-01,  6.7665E-02,  2.9960E-01,  1.2341E-02,  5.9599E-02,  1.2877E-02,  2.8106E-02,  2.0062E-02,  5.2196E-02,  9.1936E-03,  2.9445E-02,  1.4684E-02,  3.1090E-02,  2.1164E-02,  2.3734E-01,  1.5284E-03,  1.1828E-02,  7.9000E-06,  7.8994E-06,  7.9036E-06,  7.9048E-06,  7.9049E-06,  7.9079E-06,  7.9056E-06,  7.9082E-06,  7.9072E-06,  7.9069E-06,  7.9054E-06,  7.9055E-06,  7.9046E-06,  7.9057E-06,  7.9040E-06,  7.9064E-06,  7.9059E-06,  7.9074E-06,  7.9064E-06,  7.9090E-06,  7.9090E-06,  7.9107E-06,  7.9115E-06,  7.9148E-06,  7.9118E-06,  7.9137E-06,  7.9129E-06,  7.9147E-06,  7.9139E-06,  7.9129E-06,  7.9115E-06,  7.9122E-06,  7.9109E-06,  7.9134E-06,  7.9127E-06,  7.9150E-06,  7.9143E-06,  7.9152E-06,  7.9151E-06,  7.9151E-06,  7.9145E-06,  7.9156E-06,  7.9153E-06,  7.9160E-06,  7.9160E-06,  7.9163E-06,  7.9162E-06,  7.9171E-06,  7.9168E-06,  7.9171E-06,  7.9167E-06,  7.9174E-06,  7.9181E-06,  7.9183E-06,  7.9179E-06,  7.9164E-06,  7.9156E-06,  7.9207E-06,  7.9199E-06,  7.9201E-06,  7.9193E-06,  7.9206E-06,  7.9188E-06,  7.9210E-06,  3.6073E-01,  3.9733E-02,  1.7359E-04,  1.1012E-04,  3.4810E-04,  1.0755E-03,  3.0568E-04,  1.0135E-03,  2.5543E-05,  1.6664E-04,  3.6032E-05,  2.1506E-04,  3.9218E-05,  1.5389E-04,  7.5311E-06,  3.0898E-05,  7.8552E-06,  1.6076E-05,  1.2494E-05,  2.8745E-05,  5.6236E-06,  1.8783E-05,  9.2727E-06,  1.8791E-05,  1.1637E-05,  1.1776E-04,  8.0330E-07,  5.7801E-06,  3.9528E-11,  3.9466E-11,  3.9907E-11,  4.0037E-11,  4.0043E-11,  4.0385E-11,  4.0127E-11,  4.0412E-11,  4.0305E-11,  4.0269E-11,  4.0105E-11,  4.0109E-11,  4.0018E-11,  4.0130E-11,  3.9954E-11,  4.0207E-11,  4.0151E-11,  4.0319E-11,  4.0209E-11,  4.0499E-11,  4.0507E-11,  4.0703E-11,  4.0792E-11,  4.1202E-11,  4.0830E-11,  4.1062E-11,  4.0968E-11,  4.1189E-11,  4.1096E-11,  4.0963E-11,  4.0792E-11,  4.0887E-11,  4.0722E-11,  4.1027E-11,  4.0945E-11,  4.1226E-11,  4.1144E-11,  4.1253E-11,  4.1247E-11,  4.1242E-11,  4.1164E-11,  4.1311E-11,  4.1269E-11,  4.1358E-11,  4.1352E-11,  4.1395E-11,  4.1380E-11,  4.1503E-11,  4.1463E-11,  4.1495E-11,  4.1448E-11,  4.1533E-11,  4.1632E-11,  4.1653E-11,  4.1599E-11,  4.1413E-11,  4.1305E-11,  4.1988E-11,  4.1876E-11,  4.1907E-11,  4.1799E-11,  4.1966E-11,  4.1724E-11,  4.2022E-11
  1.1000E+03,  7.7387E+02,  6.7123E+01,  3.0635E-01,  1.8130E-01,  5.0624E-01,  1.8333E+00,  4.7855E-01,  1.7911E+00,  3.7020E-02,  2.8331E-01,  5.4827E-02,  3.7876E-01,  6.3916E-02,  2.8484E-01,  1.1621E-02,  5.6631E-02,  1.2124E-02,  2.6562E-02,  1.8867E-02,  4.9443E-02,  8.6565E-03,  2.7654E-02,  1.3800E-02,  2.9296E-02,  2.0051E-02,  2.2602E-01,  1.4512E-03,  1.1273E-02,  7.8960E-06,  7.8954E-06,  7.8996E-06,  7.9008E-06,  7.9008E-06,  7.9039E-06,  7.9016E-06,  7.9041E-06,  7.9032E-06,  7.9028E-06,  7.9014E-06,  7.9014E-06,  7.9006E-06,  7.9016E-06,  7.9000E-06,  7.9023E-06,  7.9018E-06,  7.9033E-06,  7.9023E-06,  7.9049E-06,  7.9049E-06,  7.9066E-06,  7.9073E-06,  7.9106E-06,  7.9076E-06,  7.9095E-06,  7.9088E-06,  7.9105E-06,  7.9098E-06,  7.9087E-06,  7.9073E-06,  7.9081E-06,  7.9067E-06,  7.9092E-06,  7.9086E-06,  7.9108E-06,  7.9102E-06,  7.9110E-06,  7.9110E-06,  7.9109E-06,  7.9103E-06,  7.9115E-06,  7.9111E-06,  7.9118E-06,  7.9118E-06,  7.9121E-06,  7.9120E-06,  7.9129E-06,  7.9126E-06,  7.9129E-06,  7.9125E-06,  7.9132E-06,  7.9139E-06,  7.9140E-06,  7.9136E-06,  7.9122E-06,  7.9114E-06,  7.9165E-06,  7.9157E-06,  7.9159E-06,  7.9151E-06,  7.9163E-06,  7.9146E-06,  7.9167E-06,  3.3671E-01,  3.6265E-02,  1.5935E-04,  1.0142E-04,  3.1609E-04,  9.8304E-04,  2.7869E-04,  9.2806E-04,  2.3173E-05,  1.5228E-04,  3.2721E-05,  1.9687E-04,  3.5751E-05,  1.4137E-04,  6.8779E-06,  2.8455E-05,  7.2003E-06,  1.4810E-05,  1.1408E-05,  2.6312E-05,  5.1187E-06,  1.7034E-05,  8.3971E-06,  1.7081E-05,  1.0632E-05,  1.0851E-04,  7.4223E-07,  5.3365E-06,  4.0466E-11,  4.0401E-11,  4.0860E-11,  4.0995E-11,  4.1002E-11,  4.1358E-11,  4.1089E-11,  4.1386E-11,  4.1275E-11,  4.1238E-11,  4.1067E-11,  4.1070E-11,  4.0976E-11,  4.1092E-11,  4.0909E-11,  4.1173E-11,  4.1115E-11,  4.1289E-11,  4.1175E-11,  4.1478E-11,  4.1486E-11,  4.1691E-11,  4.1784E-11,  4.2212E-11,  4.1824E-11,  4.2067E-11,  4.1968E-11,  4.2199E-11,  4.2102E-11,  4.1963E-11,  4.1784E-11,  4.1883E-11,  4.1711E-11,  4.2030E-11,  4.1944E-11,  4.2238E-11,  4.2152E-11,  4.2266E-11,  4.2260E-11,  4.2254E-11,  4.2173E-11,  4.2326E-11,  4.2283E-11,  4.2376E-11,  4.2369E-11,  4.2415E-11,  4.2399E-11,  4.2528E-11,  4.2486E-11,  4.2519E-11,  4.2470E-11,  4.2560E-11,  4.2663E-11,  4.2684E-11,  4.2628E-11,  4.2434E-11,  4.2321E-11,  4.3035E-11,  4.2918E-11,  4.2950E-11,  4.2837E-11,  4.3011E-11,  4.2759E-11,  4.3070E-11
  1.2000E+03,  7.4131E+02,  6.3650E+01,  2.9106E-01,  1.7156E-01,  4.7606E-01,  1.7391E+00,  4.5188E-01,  1.7021E+00,  3.4808E-02,  2.6872E-01,  5.1701E-02,  3.5988E-01,  6.0495E-02,  2.7126E-01,  1.0962E-02,  5.3896E-02,  1.1434E-02,  2.5139E-02,  1.7775E-02,  4.6921E-02,  8.1671E-03,  2.6028E-02,  1.2999E-02,  2.7664E-02,  1.9032E-02,  2.1559E-01,  1.3797E-03,  1.0759E-02,  7.8919E-06,  7.8913E-06,  7.8954E-06,  7.8966E-06,  7.8967E-06,  7.8997E-06,  7.8974E-06,  7.8999E-06,  7.8990E-06,  7.8987E-06,  7.8972E-06,  7.8973E-06,  7.8964E-06,  7.8974E-06,  7.8959E-06,  7.8981E-06,  7.8976E-06,  7.8991E-06,  7.8981E-06,  7.9007E-06,  7.9007E-06,  7.9024E-06,  7.9031E-06,  7.9063E-06,  7.9034E-06,  7.9053E-06,  7.9045E-06,  7.9062E-06,  7.9055E-06,  7.9045E-06,  7.9031E-06,  7.9039E-06,  7.9025E-06,  7.9050E-06,  7.9043E-06,  7.9065E-06,  7.9059E-06,  7.9067E-06,  7.9067E-06,  7.9066E-06,  7.9061E-06,  7.9072E-06,  7.9069E-06,  7.9075E-06,  7.9075E-06,  7.9078E-06,  7.9077E-06,  7.9086E-06,  7.9083E-06,  7.9086E-06,  7.9082E-06,  7.9088E-06,  7.9096E-06,  7.9097E-06,  7.9093E-06,  7.9080E-06,  7.9071E-06,  7.9121E-06,  7.9113E-06,  7.9115E-06,  7.9108E-06,  7.9120E-06,  7.9102E-06,  7.9124E-06,  3.1445E-01,  3.3191E-02,  1.4657E-04,  9.3438E-05,  2.8761E-04,  9.0077E-04,  2.5461E-04,  8.5193E-04,  2.1069E-05,  1.3951E-04,  2.9792E-05,  1.8067E-04,  3.2672E-05,  1.3017E-04,  6.2903E-06,  2.6248E-05,  6.6035E-06,  1.3648E-05,  1.0429E-05,  2.4139E-05,  4.6695E-06,  1.5487E-05,  7.6277E-06,  1.5569E-05,  9.7404E-06,  1.0018E-04,  6.8625E-07,  4.9350E-06,  4.1370E-11,  4.1303E-11,  4.1781E-11,  4.1922E-11,  4.1929E-11,  4.2301E-11,  4.2020E-11,  4.2330E-11,  4.2213E-11,  4.2175E-11,  4.1997E-11,  4.2000E-11,  4.1902E-11,  4.2023E-11,  4.1832E-11,  4.2107E-11,  4.2046E-11,  4.2229E-11,  4.2109E-11,  4.2426E-11,  4.2434E-11,  4.2647E-11,  4.2745E-11,  4.3192E-11,  4.2786E-11,  4.3039E-11,  4.2937E-11,  4.3178E-11,  4.3076E-11,  4.2931E-11,  4.2744E-11,  4.2848E-11,  4.2668E-11,  4.3001E-11,  4.2912E-11,  4.3219E-11,  4.3129E-11,  4.3248E-11,  4.3242E-11,  4.3236E-11,  4.3151E-11,  4.3311E-11,  4.3266E-11,  4.3364E-11,  4.3356E-11,  4.3404E-11,  4.3387E-11,  4.3522E-11,  4.3478E-11,  4.3513E-11,  4.3462E-11,  4.3555E-11,  4.3663E-11,  4.3686E-11,  4.3627E-11,  4.3424E-11,  4.3305E-11,  4.4053E-11,  4.3931E-11,  4.3964E-11,  4.3846E-11,  4.4029E-11,  4.3764E-11,  4.4091E-11
  1.4000E+03,  6.8237E+02,  5.7528E+01,  2.6391E-01,  1.5426E-01,  4.2331E-01,  1.5728E+00,  4.0502E-01,  1.5446E+00,  3.0946E-02,  2.4297E-01,  4.6231E-02,  3.2648E-01,  5.4477E-02,  2.4713E-01,  9.8040E-03,  4.9026E-02,  1.0216E-02,  2.2611E-02,  1.5856E-02,  4.2460E-02,  7.3086E-03,  2.3188E-02,  1.1601E-02,  2.4802E-02,  1.7234E-02,  1.9697E-01,  1.2522E-03,  9.8410E-03,  7.8834E-06,  7.8829E-06,  7.8869E-06,  7.8880E-06,  7.8881E-06,  7.8910E-06,  7.8888E-06,  7.8913E-06,  7.8904E-06,  7.8901E-06,  7.8886E-06,  7.8887E-06,  7.8879E-06,  7.8889E-06,  7.8873E-06,  7.8895E-06,  7.8890E-06,  7.8905E-06,  7.8895E-06,  7.8920E-06,  7.8921E-06,  7.8937E-06,  7.8944E-06,  7.8975E-06,  7.8947E-06,  7.8965E-06,  7.8957E-06,  7.8974E-06,  7.8967E-06,  7.8957E-06,  7.8944E-06,  7.8951E-06,  7.8938E-06,  7.8962E-06,  7.8956E-06,  7.8977E-06,  7.8971E-06,  7.8979E-06,  7.8979E-06,  7.8978E-06,  7.8972E-06,  7.8983E-06,  7.8980E-06,  7.8987E-06,  7.8986E-06,  7.8989E-06,  7.8988E-06,  7.8997E-06,  7.8994E-06,  7.8997E-06,  7.8993E-06,  7.8999E-06,  7.9006E-06,  7.9008E-06,  7.9004E-06,  7.8991E-06,  7.8983E-06,  7.9031E-06,  7.9023E-06,  7.9026E-06,  7.9018E-06,  7.9030E-06,  7.9013E-06,  7.9033E-06,  2.7501E-01,  2.8031E-02,  1.2487E-04,  7.9587E-05,  2.3986E-04,  7.6221E-04,  2.1398E-04,  7.2343E-04,  1.7551E-05,  1.1801E-04,  2.4906E-05,  1.5335E-04,  2.7513E-05,  1.1113E-04,  5.2920E-06,  2.2458E-05,  5.5763E-06,  1.1630E-05,  8.7617E-06,  2.0465E-05,  3.9153E-06,  1.2910E-05,  6.3535E-06,  1.3047E-05,  8.2461E-06,  8.5960E-05,  5.8903E-07,  4.2458E-06,  4.3105E-11,  4.3032E-11,  4.3549E-11,  4.3703E-11,  4.3710E-11,  4.4114E-11,  4.3809E-11,  4.4146E-11,  4.4019E-11,  4.3977E-11,  4.3783E-11,  4.3787E-11,  4.3681E-11,  4.3812E-11,  4.3606E-11,  4.3903E-11,  4.3837E-11,  4.4036E-11,  4.3906E-11,  4.4250E-11,  4.4259E-11,  4.4491E-11,  4.4598E-11,  4.5085E-11,  4.4643E-11,  4.4919E-11,  4.4807E-11,  4.5070E-11,  4.4959E-11,  4.4801E-11,  4.4597E-11,  4.4710E-11,  4.4514E-11,  4.4877E-11,  4.4780E-11,  4.5115E-11,  4.5017E-11,  4.5147E-11,  4.5140E-11,  4.5133E-11,  4.5041E-11,  4.5216E-11,  4.5167E-11,  4.5274E-11,  4.5266E-11,  4.5318E-11,  4.5300E-11,  4.5448E-11,  4.5400E-11,  4.5438E-11,  4.5382E-11,  4.5484E-11,  4.5602E-11,  4.5627E-11,  4.5562E-11,  4.5340E-11,  4.5210E-11,  4.6032E-11,  4.5897E-11,  4.5934E-11,  4.5803E-11,  4.6005E-11,  4.5713E-11,  4.6073E-11
  1.6000E+03,  6.3071E+02,  5.2332E+01,  2.4069E-01,  1.3948E-01,  3.7912E-01,  1.4314E+00,  3.6547E-01,  1.4102E+00,  2.7713E-02,  2.2108E-01,  4.1636E-02,  2.9800E-01,  4.9383E-02,  2.2644E-01,  8.8257E-03,  4.4842E-02,  9.1841E-03,  2.0451E-02,  1.4237E-02,  3.8662E-02,  6.5854E-03,  2.0809E-02,  1.0430E-02,  2.2392E-02,  1.5703E-02,  1.8093E-01,  1.1424E-03,  9.0481E-03,  7.8747E-06,  7.8741E-06,  7.8780E-06,  7.8791E-06,  7.8792E-06,  7.8820E-06,  7.8799E-06,  7.8823E-06,  7.8814E-06,  7.8811E-06,  7.8797E-06,  7.8797E-06,  7.8790E-06,  7.8799E-06,  7.8784E-06,  7.8806E-06,  7.8801E-06,  7.8815E-06,  7.8806E-06,  7.8830E-06,  7.8830E-06,  7.8846E-06,  7.8853E-06,  7.8883E-06,  7.8856E-06,  7.8873E-06,  7.8866E-06,  7.8882E-06,  7.8875E-06,  7.8866E-06,  7.8853E-06,  7.8860E-06,  7.8847E-06,  7.8870E-06,  7.8864E-06,  7.8885E-06,  7.8879E-06,  7.8887E-06,  7.8886E-06,  7.8886E-06,  7.8880E-06,  7.8891E-06,  7.8888E-06,  7.8894E-06,  7.8894E-06,  7.8897E-06,  7.8896E-06,  7.8904E-06,  7.8902E-06,  7.8904E-06,  7.8901E-06,  7.8907E-06,  7.8913E-06,  7.8915E-06,  7.8911E-06,  7.8898E-06,  7.8891E-06,  7.8937E-06,  7.8930E-06,  7.8932E-06,  7.8925E-06,  7.8936E-06,  7.8920E-06,  7.8939E-06,  2.4159E-01,  2.3928E-02,  1.0740E-04,  6.8224E-05,  2.0208E-04,  6.5154E-04,  1.8157E-04,  6.2051E-04,  1.4772E-05,  1.0085E-04,  2.1051E-05,  1.3149E-04,  2.3417E-05,  9.5785E-05,  4.4909E-06,  1.9374E-05,  4.7417E-06,  9.9723E-06,  7.4216E-06,  1.7519E-05,  3.3169E-06,  1.0880E-05,  5.3560E-06,  1.1057E-05,  7.0581E-06,  7.4429E-05,  5.0898E-07,  3.6834E-06,  4.4771E-11,  4.4692E-11,  4.5252E-11,  4.5419E-11,  4.5426E-11,  4.5866E-11,  4.5534E-11,  4.5901E-11,  4.5762E-11,  4.5717E-11,  4.5506E-11,  4.5511E-11,  4.5395E-11,  4.5538E-11,  4.5313E-11,  4.5637E-11,  4.5565E-11,  4.5780E-11,  4.5639E-11,  4.6014E-11,  4.6024E-11,  4.6278E-11,  4.6394E-11,  4.6930E-11,  4.6444E-11,  4.6748E-11,  4.6624E-11,  4.6913E-11,  4.6791E-11,  4.6617E-11,  4.6394E-11,  4.6518E-11,  4.6303E-11,  4.6701E-11,  4.6594E-11,  4.6963E-11,  4.6855E-11,  4.6998E-11,  4.6990E-11,  4.6983E-11,  4.6881E-11,  4.7074E-11,  4.7020E-11,  4.7137E-11,  4.7128E-11,  4.7186E-11,  4.7166E-11,  4.7329E-11,  4.7276E-11,  4.7318E-11,  4.7256E-11,  4.7369E-11,  4.7500E-11,  4.7527E-11,  4.7456E-11,  4.7210E-11,  4.7067E-11,  4.7976E-11,  4.7827E-11,  4.7867E-11,  4.7723E-11,  4.7947E-11,  4.7623E-11,  4.8022E-11
  1.8000E+03,  5.8522E+02,  4.7876E+01,  2.2062E-01,  1.2676E-01,  3.4171E-01,  1.3101E+00,  3.3176E-01,  1.2944E+00,  2.4980E-02,  2.0229E-01,  3.7733E-02,  2.7346E-01,  4.5028E-02,  2.0853E-01,  7.9922E-03,  4.1220E-02,  8.3036E-03,  1.8592E-02,  1.2861E-02,  3.5396E-02,  5.9699E-03,  1.8794E-02,  9.4378E-03,  2.0339E-02,  1.4387E-02,  1.6699E-01,  1.0472E-03,  8.3576E-03,  7.8655E-06,  7.8650E-06,  7.8688E-06,  7.8699E-06,  7.8699E-06,  7.8727E-06,  7.8706E-06,  7.8729E-06,  7.8721E-06,  7.8718E-06,  7.8704E-06,  7.8705E-06,  7.8697E-06,  7.8706E-06,  7.8692E-06,  7.8713E-06,  7.8708E-06,  7.8722E-06,  7.8713E-06,  7.8736E-06,  7.8736E-06,  7.8751E-06,  7.8758E-06,  7.8787E-06,  7.8761E-06,  7.8778E-06,  7.8771E-06,  7.8787E-06,  7.8780E-06,  7.8771E-06,  7.8758E-06,  7.8765E-06,  7.8753E-06,  7.8775E-06,  7.8769E-06,  7.8789E-06,  7.8783E-06,  7.8791E-06,  7.8791E-06,  7.8790E-06,  7.8785E-06,  7.8795E-06,  7.8792E-06,  7.8798E-06,  7.8798E-06,  7.8801E-06,  7.8800E-06,  7.8808E-06,  7.8805E-06,  7.8807E-06,  7.8804E-06,  7.8810E-06,  7.8816E-06,  7.8818E-06,  7.8814E-06,  7.8802E-06,  7.8795E-06,  7.8839E-06,  7.8832E-06,  7.8834E-06,  7.8827E-06,  7.8838E-06,  7.8822E-06,  7.8841E-06,  2.1326E-01,  2.0630E-02,  9.3245E-05,  5.8926E-05,  1.7196E-04,  5.6234E-04,  1.5553E-04,  5.3733E-04,  1.2561E-05,  8.7027E-05,  1.7980E-05,  1.1384E-04,  2.0133E-05,  8.3302E-05,  3.8447E-06,  1.6849E-05,  4.0634E-06,  8.6142E-06,  6.3408E-06,  1.5137E-05,  2.8382E-06,  9.2680E-06,  4.5664E-06,  9.4698E-06,  6.1038E-06,  6.5011E-05,  4.4309E-07,  3.2219E-06,  4.6398E-11,  4.6312E-11,  4.6921E-11,  4.7103E-11,  4.7111E-11,  4.7592E-11,  4.7229E-11,  4.7630E-11,  4.7478E-11,  4.7429E-11,  4.7199E-11,  4.7203E-11,  4.7077E-11,  4.7233E-11,  4.6988E-11,  4.7341E-11,  4.7263E-11,  4.7498E-11,  4.7344E-11,  4.7755E-11,  4.7766E-11,  4.8045E-11,  4.8174E-11,  4.8767E-11,  4.8229E-11,  4.8564E-11,  4.8427E-11,  4.8748E-11,  4.8613E-11,  4.8420E-11,  4.8173E-11,  4.8310E-11,  4.8073E-11,  4.8513E-11,  4.8394E-11,  4.8803E-11,  4.8683E-11,  4.8842E-11,  4.8833E-11,  4.8825E-11,  4.8712E-11,  4.8926E-11,  4.8866E-11,  4.8997E-11,  4.8987E-11,  4.9051E-11,  4.9029E-11,  4.9211E-11,  4.9152E-11,  4.9199E-11,  4.9129E-11,  4.9256E-11,  4.9402E-11,  4.9433E-11,  4.9353E-11,  4.9078E-11,  4.8919E-11,  4.9938E-11,  4.9769E-11,  4.9815E-11,  4.9652E-11,  4.9904E-11,  4.9540E-11,  4.9990E-11
  2.0000E+03,  5.4498E+02,  4.4018E+01,  2.0313E-01,  1.1574E-01,  3.0974E-01,  1.2048E+00,  3.0276E-01,  1.1937E+00,  2.2645E-02,  1.8601E-01,  3.4384E-02,  2.5213E-01,  4.1267E-02,  1.9289E-01,  7.2756E-03,  3.8058E-02,  7.5462E-03,  1.6981E-02,  1.1681E-02,  3.2563E-02,  5.4409E-03,  1.7070E-02,  8.5877E-03,  1.8573E-02,  1.3244E-02,  1.5476E-01,  9.6403E-04,  7.7513E-03,  7.8561E-06,  7.8556E-06,  7.8592E-06,  7.8603E-06,  7.8603E-06,  7.8630E-06,  7.8610E-06,  7.8632E-06,  7.8624E-06,  7.8621E-06,  7.8608E-06,  7.8609E-06,  7.8601E-06,  7.8610E-06,  7.8596E-06,  7.8616E-06,  7.8612E-06,  7.8625E-06,  7.8616E-06,  7.8639E-06,  7.8639E-06,  7.8654E-06,  7.8660E-06,  7.8688E-06,  7.8663E-06,  7.8679E-06,  7.8672E-06,  7.8687E-06,  7.8681E-06,  7.8672E-06,  7.8660E-06,  7.8667E-06,  7.8655E-06,  7.8676E-06,  7.8671E-06,  7.8690E-06,  7.8684E-06,  7.8691E-06,  7.8691E-06,  7.8691E-06,  7.8686E-06,  7.8695E-06,  7.8692E-06,  7.8698E-06,  7.8698E-06,  7.8701E-06,  7.8700E-06,  7.8708E-06,  7.8705E-06,  7.8707E-06,  7.8704E-06,  7.8709E-06,  7.8716E-06,  7.8717E-06,  7.8714E-06,  7.8702E-06,  7.8695E-06,  7.8737E-06,  7.8731E-06,  7.8732E-06,  7.8726E-06,  7.8736E-06,  7.8721E-06,  7.8739E-06,  1.8920E-01,  1.7953E-02,  8.1666E-05,  5.1302E-05,  1.4777E-04,  4.8981E-04,  1.3444E-04,  4.6945E-04,  1.0786E-05,  7.5793E-05,  1.5509E-05,  9.9448E-05,  1.7476E-05,  7.3071E-05,  3.3206E-06,  1.4772E-05,  3.5104E-06,  7.4998E-06,  5.4643E-06,  1.3195E-05,  2.4521E-06,  7.9750E-06,  3.9347E-06,  8.1925E-06,  5.3297E-06,  5.7271E-05,  3.8870E-07,  2.8412E-06,  4.8012E-11,  4.7918E-11,  4.8586E-11,  4.8786E-11,  4.8795E-11,  4.9327E-11,  4.8925E-11,  4.9369E-11,  4.9201E-11,  4.9146E-11,  4.8891E-11,  4.8896E-11,  4.8757E-11,  4.8929E-11,  4.8659E-11,  4.9049E-11,  4.8962E-11,  4.9223E-11,  4.9052E-11,  4.9507E-11,  4.9519E-11,  4.9831E-11,  4.9974E-11,  5.0642E-11,  5.0036E-11,  5.0413E-11,  5.0259E-11,  5.0621E-11,  5.0467E-11,  5.0250E-11,  4.9973E-11,  5.0127E-11,  4.9862E-11,  5.0355E-11,  5.0222E-11,  5.0683E-11,  5.0547E-11,  5.0727E-11,  5.0718E-11,  5.0708E-11,  5.0580E-11,  5.0823E-11,  5.0755E-11,  5.0904E-11,  5.0892E-11,  5.0966E-11,  5.0940E-11,  5.1149E-11,  5.1080E-11,  5.1135E-11,  5.1055E-11,  5.1200E-11,  5.1368E-11,  5.1404E-11,  5.1311E-11,  5.0997E-11,  5.0815E-11,  5.1991E-11,  5.1793E-11,  5.1847E-11,  5.1657E-11,  5.1952E-11,  5.1528E-11,  5.2052E-11
  2.2000E+03,  5.0919E+02,  4.0647E+01,  1.8774E-01,  1.0611E-01,  2.8215E-01,  1.1128E+00,  2.7759E-01,  1.1054E+00,  2.0632E-02,  1.7178E-01,  3.1483E-02,  2.3343E-01,  3.7989E-02,  1.7912E-01,  6.6543E-03,  3.5276E-02,  6.8894E-03,  1.5573E-02,  1.0659E-02,  3.0084E-02,  4.9819E-03,  1.5580E-02,  7.8519E-03,  1.7038E-02,  1.2241E-02,  1.4395E-01,  8.9082E-04,  7.2146E-03,  7.8463E-06,  7.8458E-06,  7.8494E-06,  7.8504E-06,  7.8504E-06,  7.8530E-06,  7.8510E-06,  7.8532E-06,  7.8524E-06,  7.8521E-06,  7.8509E-06,  7.8509E-06,  7.8502E-06,  7.8511E-06,  7.8497E-06,  7.8516E-06,  7.8512E-06,  7.8525E-06,  7.8517E-06,  7.8538E-06,  7.8538E-06,  7.8552E-06,  7.8558E-06,  7.8585E-06,  7.8561E-06,  7.8576E-06,  7.8570E-06,  7.8584E-06,  7.8578E-06,  7.8569E-06,  7.8558E-06,  7.8564E-06,  7.8553E-06,  7.8574E-06,  7.8568E-06,  7.8586E-06,  7.8581E-06,  7.8588E-06,  7.8588E-06,  7.8587E-06,  7.8582E-06,  7.8592E-06,  7.8589E-06,  7.8594E-06,  7.8594E-06,  7.8597E-06,  7.8596E-06,  7.8603E-06,  7.8601E-06,  7.8603E-06,  7.8600E-06,  7.8605E-06,  7.8611E-06,  7.8612E-06,  7.8609E-06,  7.8598E-06,  7.8591E-06,  7.8631E-06,  7.8625E-06,  7.8626E-06,  7.8620E-06,  7.8630E-06,  7.8616E-06,  7.8633E-06,  1.6868E-01,  1.5760E-02,  7.2215E-05,  4.5008E-05,  1.2811E-04,  4.3026E-04,  1.1722E-04,  4.1360E-04,  9.3460E-06,  6.6577E-05,  1.3503E-05,  8.7613E-05,  1.5305E-05,  6.4612E-05,  2.8925E-06,  1.3051E-05,  3.0572E-06,  6.5783E-06,  4.7491E-06,  1.1599E-05,  2.1370E-06,  6.9256E-06,  3.4229E-06,  7.1513E-06,  4.6943E-06,  5.0840E-05,  3.4346E-07,  2.5249E-06,  4.9643E-11,  4.9540E-11,  5.0280E-11,  5.0503E-11,  5.0514E-11,  5.1114E-11,  5.0659E-11,  5.1162E-11,  5.0971E-11,  5.0908E-11,  5.0622E-11,  5.0628E-11,  5.0472E-11,  5.0665E-11,  5.0361E-11,  5.0799E-11,  5.0702E-11,  5.0996E-11,  5.0802E-11,  5.1319E-11,  5.1332E-11,  5.1689E-11,  5.1855E-11,  5.2639E-11,  5.1926E-11,  5.2367E-11,  5.2186E-11,  5.2614E-11,  5.2432E-11,  5.2176E-11,  5.1854E-11,  5.2032E-11,  5.1725E-11,  5.2299E-11,  5.2143E-11,  5.2688E-11,  5.2526E-11,  5.2741E-11,  5.2730E-11,  5.2719E-11,  5.2565E-11,  5.2857E-11,  5.2774E-11,  5.2954E-11,  5.2941E-11,  5.3030E-11,  5.2998E-11,  5.3255E-11,  5.3170E-11,  5.3238E-11,  5.3139E-11,  5.3319E-11,  5.3532E-11,  5.3579E-11,  5.3459E-11,  5.3068E-11,  5.2846E-11,  5.4374E-11,  5.4102E-11,  5.4176E-11,  5.3916E-11,  5.4320E-11,  5.3742E-11,  5.4459E-11
  2.5000E+03,  4.6240E+02,  3.6310E+01,  1.6773E-01,  9.3714E-02,  2.4714E-01,  9.9439E-01,  2.4549E-01,  9.9137E-01,  1.8080E-02,  1.5345E-01,  2.7785E-02,  2.0926E-01,  3.3783E-02,  1.6126E-01,  5.8625E-03,  3.1671E-02,  6.0527E-03,  1.3762E-02,  9.3611E-03,  2.6890E-02,  4.3961E-03,  1.3685E-02,  6.9139E-03,  1.5075E-02,  1.0945E-02,  1.2985E-01,  7.9584E-04,  6.5143E-03,  7.8311E-06,  7.8306E-06,  7.8339E-06,  7.8348E-06,  7.8348E-06,  7.8372E-06,  7.8354E-06,  7.8373E-06,  7.8366E-06,  7.8364E-06,  7.8353E-06,  7.8353E-06,  7.8347E-06,  7.8354E-06,  7.8342E-06,  7.8360E-06,  7.8356E-06,  7.8367E-06,  7.8360E-06,  7.8379E-06,  7.8380E-06,  7.8392E-06,  7.8398E-06,  7.8421E-06,  7.8400E-06,  7.8413E-06,  7.8408E-06,  7.8421E-06,  7.8415E-06,  7.8408E-06,  7.8397E-06,  7.8403E-06,  7.8393E-06,  7.8411E-06,  7.8407E-06,  7.8423E-06,  7.8418E-06,  7.8424E-06,  7.8424E-06,  7.8424E-06,  7.8419E-06,  7.8427E-06,  7.8425E-06,  7.8430E-06,  7.8430E-06,  7.8432E-06,  7.8431E-06,  7.8438E-06,  7.8436E-06,  7.8437E-06,  7.8435E-06,  7.8439E-06,  7.8445E-06,  7.8446E-06,  7.8443E-06,  7.8433E-06,  7.8427E-06,  7.8462E-06,  7.8457E-06,  7.8458E-06,  7.8453E-06,  7.8461E-06,  7.8449E-06,  7.8464E-06,  1.4324E-01,  1.3151E-02,  6.1191E-05,  3.7628E-05,  1.0529E-04,  3.5934E-04,  9.6830E-05,  3.4687E-04,  7.6663E-06,  5.5609E-05,  1.1146E-05,  7.3490E-05,  1.2737E-05,  5.4458E-05,  2.3866E-06,  1.0980E-05,  2.5207E-06,  5.4939E-06,  3.9047E-06,  9.6950E-06,  1.7690E-06,  5.7082E-06,  2.8309E-06,  5.9379E-06,  3.9493E-06,  4.3190E-05,  2.8974E-07,  2.1439E-06,  5.2216E-11,  5.2090E-11,  5.3012E-11,  5.3303E-11,  5.3316E-11,  5.4155E-11,  5.3510E-11,  5.4225E-11,  5.3947E-11,  5.3858E-11,  5.3460E-11,  5.3468E-11,  5.3261E-11,  5.3518E-11,  5.3117E-11,  5.3703E-11,  5.3568E-11,  5.3984E-11,  5.3708E-11,  5.4456E-11,  5.4477E-11,  5.4999E-11,  5.5232E-11,  5.6255E-11,  5.5330E-11,  5.5915E-11,  5.5680E-11,  5.6224E-11,  5.5997E-11,  5.5667E-11,  5.5230E-11,  5.5474E-11,  5.5049E-11,  5.5827E-11,  5.5623E-11,  5.6314E-11,  5.6116E-11,  5.6378E-11,  5.6364E-11,  5.6351E-11,  5.6164E-11,  5.6516E-11,  5.6418E-11,  5.6630E-11,  5.6614E-11,  5.6717E-11,  5.6681E-11,  5.6968E-11,  5.6875E-11,  5.6949E-11,  5.6840E-11,  5.7037E-11,  5.7261E-11,  5.7307E-11,  5.7186E-11,  5.6760E-11,  5.6504E-11,  5.8036E-11,  5.7798E-11,  5.7864E-11,  5.7630E-11,  5.7989E-11,  5.7467E-11,  5.8108E-11
  2.8000E+03,  4.2249E+02,  3.2662E+01,  1.5061E-01,  8.3236E-02,  2.1804E-01,  8.9467E-01,  2.1874E-01,  8.9494E-01,  1.5966E-02,  1.3801E-01,  2.4704E-02,  1.8883E-01,  3.0250E-02,  1.4609E-01,  5.2033E-03,  2.8615E-02,  5.3567E-03,  1.2233E-02,  8.2846E-03,  2.4198E-02,  3.9059E-03,  1.2105E-02,  6.1286E-03,  1.3426E-02,  9.8416E-03,  1.1774E-01,  7.1486E-04,  5.9145E-03,  7.8149E-06,  7.8145E-06,  7.8175E-06,  7.8183E-06,  7.8183E-06,  7.8204E-06,  7.8189E-06,  7.8206E-06,  7.8199E-06,  7.8197E-06,  7.8187E-06,  7.8187E-06,  7.8182E-06,  7.8189E-06,  7.8178E-06,  7.8194E-06,  7.8190E-06,  7.8200E-06,  7.8194E-06,  7.8211E-06,  7.8211E-06,  7.8222E-06,  7.8227E-06,  7.8248E-06,  7.8229E-06,  7.8241E-06,  7.8236E-06,  7.8247E-06,  7.8243E-06,  7.8236E-06,  7.8227E-06,  7.8232E-06,  7.8223E-06,  7.8239E-06,  7.8235E-06,  7.8249E-06,  7.8245E-06,  7.8251E-06,  7.8250E-06,  7.8250E-06,  7.8246E-06,  7.8253E-06,  7.8251E-06,  7.8256E-06,  7.8255E-06,  7.8257E-06,  7.8257E-06,  7.8263E-06,  7.8261E-06,  7.8262E-06,  7.8260E-06,  7.8264E-06,  7.8268E-06,  7.8269E-06,  7.8267E-06,  7.8258E-06,  7.8253E-06,  7.8284E-06,  7.8279E-06,  7.8281E-06,  7.8276E-06,  7.8283E-06,  7.8273E-06,  7.8285E-06,  1.2282E-01,  1.1173E-02,  5.2975E-05,  3.2224E-05,  8.8678E-05,  3.0547E-04,  8.1459E-05,  2.9601E-04,  6.4286E-06,  4.7297E-05,  9.3951E-06,  6.2753E-05,  1.0813E-05,  4.6683E-05,  2.0077E-06,  9.3932E-06,  2.1196E-06,  4.7010E-06,  3.2724E-06,  8.2465E-06,  1.4986E-06,  4.8263E-06,  2.4043E-06,  5.0528E-06,  3.4061E-06,  3.7485E-05,  2.5010E-07,  1.8550E-06,  5.5352E-11,  5.5182E-11,  5.6346E-11,  5.6675E-11,  5.6690E-11,  5.7517E-11,  5.6898E-11,  5.7580E-11,  5.7327E-11,  5.7243E-11,  5.6845E-11,  5.6853E-11,  5.6629E-11,  5.6905E-11,  5.6467E-11,  5.7093E-11,  5.6957E-11,  5.7361E-11,  5.7098E-11,  5.7783E-11,  5.7800E-11,  5.8242E-11,  5.8439E-11,  5.9307E-11,  5.8523E-11,  5.9019E-11,  5.8820E-11,  5.9281E-11,  5.9089E-11,  5.8809E-11,  5.8438E-11,  5.8645E-11,  5.8285E-11,  5.8945E-11,  5.8771E-11,  5.9357E-11,  5.9189E-11,  5.9411E-11,  5.9399E-11,  5.9388E-11,  5.9230E-11,  5.9526E-11,  5.9444E-11,  5.9620E-11,  5.9607E-11,  5.9692E-11,  5.9662E-11,  5.9899E-11,  5.9822E-11,  5.9883E-11,  5.9793E-11,  5.9955E-11,  6.0138E-11,  6.0176E-11,  6.0077E-11,  5.9727E-11,  5.9515E-11,  6.0778E-11,  6.0580E-11,  6.0635E-11,  6.0441E-11,  6.0739E-11,  6.0307E-11,  6.0839E-11
  3.2000E+03,  3.7763E+02,  2.8571E+01,  1.3128E-01,  7.1538E-02,  1.8595E-01,  7.8279E-01,  1.8909E-01,  7.8629E-01,  1.3636E-02,  1.2068E-01,  2.1284E-02,  1.6578E-01,  2.6297E-02,  1.2891E-01,  4.4729E-03,  2.5163E-02,  4.5866E-03,  1.0524E-02,  7.0963E-03,  2.1177E-02,  3.3610E-03,  1.0356E-02,  5.2575E-03,  1.1588E-02,  8.5956E-03,  1.0393E-01,  6.2330E-04,  5.2297E-03,  7.7920E-06,  7.7916E-06,  7.7942E-06,  7.7949E-06,  7.7950E-06,  7.7967E-06,  7.7954E-06,  7.7969E-06,  7.7963E-06,  7.7962E-06,  7.7953E-06,  7.7953E-06,  7.7948E-06,  7.7954E-06,  7.7945E-06,  7.7958E-06,  7.7955E-06,  7.7964E-06,  7.7958E-06,  7.7973E-06,  7.7973E-06,  7.7983E-06,  7.7987E-06,  7.8005E-06,  7.7989E-06,  7.7999E-06,  7.7995E-06,  7.8004E-06,  7.8000E-06,  7.7995E-06,  7.7987E-06,  7.7991E-06,  7.7984E-06,  7.7997E-06,  7.7994E-06,  7.8006E-06,  7.8002E-06,  7.8007E-06,  7.8007E-06,  7.8006E-06,  7.8003E-06,  7.8009E-06,  7.8008E-06,  7.8011E-06,  7.8011E-06,  7.8013E-06,  7.8012E-06,  7.8017E-06,  7.8015E-06,  7.8017E-06,  7.8015E-06,  7.8018E-06,  7.8022E-06,  7.8023E-06,  7.8021E-06,  7.8013E-06,  7.8009E-06,  7.8035E-06,  7.8031E-06,  7.8032E-06,  7.8028E-06,  7.8034E-06,  7.8026E-06,  7.8036E-06,  1.0147E-01,  9.2823E-03,  4.3646E-05,  2.6265E-05,  7.1794E-05,  2.5394E-04,  6.6836E-05,  2.4726E-04,  5.2221E-06,  3.9347E-05,  7.7038E-06,  5.2465E-05,  8.9555E-06,  3.9206E-05,  1.6444E-06,  7.8652E-06,  1.7311E-06,  3.8423E-06,  2.6691E-06,  6.8597E-06,  1.2260E-06,  3.9153E-06,  1.9514E-06,  4.1397E-06,  2.8238E-06,  3.1571E-05,  2.0774E-07,  1.5688E-06,  5.9120E-11,  5.8980E-11,  5.9923E-11,  6.0183E-11,  6.0194E-11,  6.0855E-11,  6.0359E-11,  6.0905E-11,  6.0701E-11,  6.0634E-11,  6.0317E-11,  6.0323E-11,  6.0146E-11,  6.0364E-11,  6.0018E-11,  6.0514E-11,  6.0406E-11,  6.0728E-11,  6.0517E-11,  6.1071E-11,  6.1085E-11,  6.1448E-11,  6.1610E-11,  6.2335E-11,  6.1680E-11,  6.2093E-11,  6.1926E-11,  6.2313E-11,  6.2152E-11,  6.1917E-11,  6.1609E-11,  6.1781E-11,  6.1483E-11,  6.2031E-11,  6.1886E-11,  6.2378E-11,  6.2236E-11,  6.2424E-11,  6.2414E-11,  6.2404E-11,  6.2271E-11,  6.2523E-11,  6.2452E-11,  6.2604E-11,  6.2593E-11,  6.2666E-11,  6.2641E-11,  6.2847E-11,  6.2780E-11,  6.2833E-11,  6.2755E-11,  6.2897E-11,  6.3059E-11,  6.3092E-11,  6.3004E-11,  6.2697E-11,  6.2514E-11,  6.3623E-11,  6.3450E-11,  6.3497E-11,  6.3327E-11,  6.3589E-11,  6.3208E-11,  6.3676E-11
  3.5000E+03,  3.4910E+02,  2.5959E+01,  1.1906E-01,  6.4213E-02,  1.6598E-01,  7.1133E-01,  1.7036E-01,  7.1660E-01,  1.2182E-02,  1.0962E-01,  1.9132E-02,  1.5101E-01,  2.3786E-02,  1.1784E-01,  4.0135E-03,  2.2945E-02,  4.1037E-03,  9.4520E-03,  6.3513E-03,  1.9246E-02,  3.0188E-03,  9.2664E-03,  4.7140E-03,  1.0432E-02,  7.8039E-03,  9.5040E-02,  5.6504E-04,  4.7871E-03,  7.7740E-06,  7.7736E-06,  7.7759E-06,  7.7766E-06,  7.7766E-06,  7.7782E-06,  7.7770E-06,  7.7783E-06,  7.7778E-06,  7.7777E-06,  7.7769E-06,  7.7769E-06,  7.7765E-06,  7.7770E-06,  7.7762E-06,  7.7774E-06,  7.7771E-06,  7.7779E-06,  7.7774E-06,  7.7787E-06,  7.7787E-06,  7.7796E-06,  7.7799E-06,  7.7815E-06,  7.7801E-06,  7.7810E-06,  7.7806E-06,  7.7815E-06,  7.7811E-06,  7.7806E-06,  7.7799E-06,  7.7803E-06,  7.7796E-06,  7.7808E-06,  7.7805E-06,  7.7816E-06,  7.7813E-06,  7.7817E-06,  7.7817E-06,  7.7816E-06,  7.7814E-06,  7.7819E-06,  7.7818E-06,  7.7821E-06,  7.7820E-06,  7.7822E-06,  7.7822E-06,  7.7826E-06,  7.7824E-06,  7.7826E-06,  7.7824E-06,  7.7827E-06,  7.7830E-06,  7.7831E-06,  7.7829E-06,  7.7823E-06,  7.7819E-06,  7.7842E-06,  7.7838E-06,  7.7839E-06,  7.7836E-06,  7.7841E-06,  7.7833E-06,  7.7843E-06,  8.8756E-02,  8.1288E-03,  3.7860E-05,  2.2567E-05,  6.1333E-05,  2.2245E-04,  5.8006E-05,  2.1733E-04,  4.4718E-06,  3.4426E-05,  6.6448E-06,  4.6042E-05,  7.7826E-06,  3.4586E-05,  1.4181E-06,  6.9225E-06,  1.4881E-06,  3.3052E-06,  2.2970E-06,  6.0114E-06,  1.0550E-06,  3.3508E-06,  1.6719E-06,  3.5672E-06,  2.4544E-06,  2.7720E-05,  1.8065E-07,  1.3819E-06,  6.1250E-11,  6.1128E-11,  6.1969E-11,  6.2209E-11,  6.2220E-11,  6.2831E-11,  6.2372E-11,  6.2878E-11,  6.2689E-11,  6.2627E-11,  6.2333E-11,  6.2339E-11,  6.2175E-11,  6.2378E-11,  6.2057E-11,  6.2516E-11,  6.2416E-11,  6.2714E-11,  6.2519E-11,  6.3029E-11,  6.3042E-11,  6.3374E-11,  6.3521E-11,  6.4171E-11,  6.3584E-11,  6.3955E-11,  6.3806E-11,  6.4151E-11,  6.4008E-11,  6.3798E-11,  6.3520E-11,  6.3676E-11,  6.3406E-11,  6.3900E-11,  6.3770E-11,  6.4208E-11,  6.4083E-11,  6.4249E-11,  6.4240E-11,  6.4232E-11,  6.4113E-11,  6.4335E-11,  6.4274E-11,  6.4406E-11,  6.4396E-11,  6.4461E-11,  6.4438E-11,  6.4617E-11,  6.4559E-11,  6.4605E-11,  6.4537E-11,  6.4660E-11,  6.4797E-11,  6.4825E-11,  6.4751E-11,  6.4487E-11,  6.4327E-11,  6.5252E-11,  6.5116E-11,  6.5154E-11,  6.5018E-11,  6.5225E-11,  6.4921E-11,  6.5292E-11
  4.0000E+03,  3.0887E+02,  2.2294E+01,  1.0205E-01,  5.4142E-02,  1.3872E-01,  6.1101E-01,  1.4437E-01,  6.1836E-01,  1.0193E-02,  9.4101E-02,  1.6163E-02,  1.3021E-01,  2.0292E-02,  1.0217E-01,  3.3803E-03,  1.9814E-02,  3.4406E-03,  7.9759E-03,  5.3275E-03,  1.6535E-02,  2.5477E-03,  7.7750E-03,  3.9690E-03,  8.8369E-03,  6.6996E-03,  8.2491E-02,  4.8378E-04,  4.1607E-03,  7.7426E-06,  7.7423E-06,  7.7443E-06,  7.7448E-06,  7.7448E-06,  7.7461E-06,  7.7451E-06,  7.7462E-06,  7.7458E-06,  7.7457E-06,  7.7451E-06,  7.7451E-06,  7.7447E-06,  7.7452E-06,  7.7445E-06,  7.7455E-06,  7.7452E-06,  7.7459E-06,  7.7455E-06,  7.7466E-06,  7.7466E-06,  7.7473E-06,  7.7476E-06,  7.7489E-06,  7.7477E-06,  7.7484E-06,  7.7481E-06,  7.7488E-06,  7.7486E-06,  7.7481E-06,  7.7476E-06,  7.7479E-06,  7.7473E-06,  7.7483E-06,  7.7481E-06,  7.7489E-06,  7.7487E-06,  7.7490E-06,  7.7490E-06,  7.7490E-06,  7.7488E-06,  7.7492E-06,  7.7491E-06,  7.7493E-06,  7.7493E-06,  7.7495E-06,  7.7494E-06,  7.7498E-06,  7.7496E-06,  7.7497E-06,  7.7496E-06,  7.7499E-06,  7.7501E-06,  7.7502E-06,  7.7500E-06,  7.7495E-06,  7.7492E-06,  7.7511E-06,  7.7508E-06,  7.7509E-06,  7.7506E-06,  7.7510E-06,  7.7504E-06,  7.7512E-06,  7.2152E-02,  6.5322E-03,  3.0158E-05,  1.7717E-05,  4.7704E-05,  1.7885E-04,  4.5965E-05,  1.7563E-04,  3.4845E-06,  2.7639E-05,  5.2314E-06,  3.7142E-05,  6.1946E-06,  2.8105E-05,  1.1147E-06,  5.6042E-06,  1.1644E-06,  2.5993E-06,  1.7985E-06,  4.8350E-06,  8.2933E-07,  2.6151E-06,  1.3081E-06,  2.8129E-06,  1.9625E-06,  2.2477E-05,  1.4438E-07,  1.1237E-06,  6.4111E-11,  6.4008E-11,  6.4710E-11,  6.4901E-11,  6.4910E-11,  6.5366E-11,  6.5028E-11,  6.5400E-11,  6.5264E-11,  6.5218E-11,  6.4998E-11,  6.5003E-11,  6.4875E-11,  6.5032E-11,  6.4781E-11,  6.5136E-11,  6.5061E-11,  6.5282E-11,  6.5139E-11,  6.5507E-11,  6.5516E-11,  6.5752E-11,  6.5859E-11,  6.6333E-11,  6.5904E-11,  6.6174E-11,  6.6065E-11,  6.6319E-11,  6.6212E-11,  6.6059E-11,  6.5858E-11,  6.5970E-11,  6.5775E-11,  6.6133E-11,  6.6038E-11,  6.6361E-11,  6.6268E-11,  6.6392E-11,  6.6385E-11,  6.6379E-11,  6.6291E-11,  6.6457E-11,  6.6410E-11,  6.6511E-11,  6.6503E-11,  6.6552E-11,  6.6535E-11,  6.6672E-11,  6.6627E-11,  6.6662E-11,  6.6610E-11,  6.6705E-11,  6.6812E-11,  6.6835E-11,  6.6776E-11,  6.6572E-11,  6.6451E-11,  6.7192E-11,  6.7075E-11,  6.7107E-11,  6.6992E-11,  6.7169E-11,  6.6912E-11,  6.7227E-11
  4.5000E+03,  2.7591E+02,  1.9335E+01,  8.8448E-02,  4.6202E-02,  1.1741E-01,  5.2997E-01,  1.2366E-01,  5.3862E-01,  8.6343E-03,  8.1583E-02,  1.3813E-02,  1.1335E-01,  1.7496E-02,  8.9382E-02,  2.8799E-03,  1.7267E-02,  2.9189E-03,  6.8101E-03,  4.5213E-03,  1.4344E-02,  2.1756E-03,  6.6051E-03,  3.3833E-03,  7.5732E-03,  5.8131E-03,  7.2277E-02,  4.1859E-04,  3.6493E-03,  7.7101E-06,  7.7098E-06,  7.7114E-06,  7.7119E-06,  7.7119E-06,  7.7130E-06,  7.7122E-06,  7.7131E-06,  7.7128E-06,  7.7127E-06,  7.7121E-06,  7.7121E-06,  7.7118E-06,  7.7122E-06,  7.7116E-06,  7.7125E-06,  7.7123E-06,  7.7128E-06,  7.7125E-06,  7.7134E-06,  7.7134E-06,  7.7140E-06,  7.7142E-06,  7.7153E-06,  7.7143E-06,  7.7149E-06,  7.7147E-06,  7.7153E-06,  7.7150E-06,  7.7147E-06,  7.7142E-06,  7.7145E-06,  7.7140E-06,  7.7149E-06,  7.7146E-06,  7.7154E-06,  7.7152E-06,  7.7154E-06,  7.7154E-06,  7.7154E-06,  7.7152E-06,  7.7156E-06,  7.7155E-06,  7.7157E-06,  7.7157E-06,  7.7158E-06,  7.7157E-06,  7.7160E-06,  7.7159E-06,  7.7160E-06,  7.7159E-06,  7.7161E-06,  7.7163E-06,  7.7164E-06,  7.7162E-06,  7.7158E-06,  7.7156E-06,  7.7171E-06,  7.7169E-06,  7.7169E-06,  7.7167E-06,  7.7170E-06,  7.7165E-06,  7.7172E-06,  5.9703E-02,  5.3053E-03,  2.4262E-05,  1.4046E-05,  3.7542E-05,  1.4530E-04,  3.6847E-05,  1.4335E-04,  2.7497E-06,  2.2431E-05,  4.1697E-06,  3.0277E-05,  4.9882E-06,  2.3055E-05,  8.8710E-07,  4.5801E-06,  9.2231E-07,  2.0638E-06,  1.4262E-06,  3.9293E-06,  6.5927E-07,  2.0643E-06,  1.0348E-06,  2.2418E-06,  1.5836E-06,  1.8377E-05,  1.1639E-07,  9.2189E-07,  6.6088E-11,  6.6011E-11,  6.6547E-11,  6.6701E-11,  6.6708E-11,  6.7103E-11,  6.6806E-11,  6.7133E-11,  6.7011E-11,  6.6971E-11,  6.6781E-11,  6.6785E-11,  6.6680E-11,  6.6810E-11,  6.6604E-11,  6.6899E-11,  6.6835E-11,  6.7027E-11,  6.6901E-11,  6.7231E-11,  6.7240E-11,  6.7456E-11,  6.7553E-11,  6.7983E-11,  6.7594E-11,  6.7839E-11,  6.7740E-11,  6.7970E-11,  6.7874E-11,  6.7735E-11,  6.7552E-11,  6.7654E-11,  6.7477E-11,  6.7802E-11,  6.7716E-11,  6.8008E-11,  6.7924E-11,  6.8036E-11,  6.8030E-11,  6.8024E-11,  6.7945E-11,  6.8094E-11,  6.8052E-11,  6.8142E-11,  6.8136E-11,  6.8179E-11,  6.8164E-11,  6.8286E-11,  6.8247E-11,  6.8278E-11,  6.8232E-11,  6.8316E-11,  6.8412E-11,  6.8432E-11,  6.8379E-11,  6.8198E-11,  6.8089E-11,  6.8746E-11,  6.8643E-11,  6.8672E-11,  6.8571E-11,  6.8726E-11,  6.8500E-11,  6.8777E-11
  5.0000E+03,  2.4844E+02,  1.6923E+01,  7.7429E-02,  3.9864E-02,  1.0054E-01,  4.6391E-01,  1.0700E-01,  4.7332E-01,  7.3980E-03,  7.1389E-02,  1.1931E-02,  9.9571E-02,  1.5236E-02,  7.8858E-02,  2.4800E-03,  1.5180E-02,  2.5038E-03,  5.8786E-03,  3.8793E-03,  1.2557E-02,  1.8782E-03,  5.6759E-03,  2.9168E-03,  6.5603E-03,  5.0936E-03,  6.3889E-02,  3.6575E-04,  3.2283E-03,  7.6767E-06,  7.6765E-06,  7.6778E-06,  7.6782E-06,  7.6782E-06,  7.6791E-06,  7.6784E-06,  7.6792E-06,  7.6789E-06,  7.6788E-06,  7.6784E-06,  7.6784E-06,  7.6781E-06,  7.6784E-06,  7.6779E-06,  7.6786E-06,  7.6785E-06,  7.6789E-06,  7.6786E-06,  7.6794E-06,  7.6794E-06,  7.6799E-06,  7.6801E-06,  7.6810E-06,  7.6802E-06,  7.6807E-06,  7.6805E-06,  7.6809E-06,  7.6808E-06,  7.6805E-06,  7.6801E-06,  7.6803E-06,  7.6799E-06,  7.6806E-06,  7.6804E-06,  7.6810E-06,  7.6809E-06,  7.6811E-06,  7.6811E-06,  7.6811E-06,  7.6809E-06,  7.6812E-06,  7.6811E-06,  7.6813E-06,  7.6813E-06,  7.6814E-06,  7.6813E-06,  7.6816E-06,  7.6815E-06,  7.6815E-06,  7.6815E-06,  7.6816E-06,  7.6818E-06,  7.6818E-06,  7.6817E-06,  7.6814E-06,  7.6812E-06,  7.6824E-06,  7.6822E-06,  7.6823E-06,  7.6821E-06,  7.6824E-06,  7.6820E-06,  7.6825E-06,  5.0168E-02,  4.3417E-03,  1.9811E-05,  1.1304E-05,  2.9951E-05,  1.1894E-04,  2.9792E-05,  1.1784E-04,  2.1952E-06,  1.8343E-05,  3.3574E-06,  2.4859E-05,  4.0525E-06,  1.9039E-05,  7.1256E-07,  3.7690E-06,  7.3797E-07,  1.6621E-06,  1.1416E-06,  3.2172E-06,  5.3050E-07,  1.6526E-06,  8.3095E-07,  1.8101E-06,  1.2944E-06,  1.5176E-05,  9.4963E-08,  7.6230E-07,  6.7613E-11,  6.7542E-11,  6.8031E-11,  6.8171E-11,  6.8177E-11,  6.8531E-11,  6.8265E-11,  6.8558E-11,  6.8449E-11,  6.8413E-11,  6.8243E-11,  6.8246E-11,  6.8151E-11,  6.8269E-11,  6.8083E-11,  6.8349E-11,  6.8291E-11,  6.8464E-11,  6.8351E-11,  6.8645E-11,  6.8653E-11,  6.8843E-11,  6.8928E-11,  6.9300E-11,  6.8964E-11,  6.9177E-11,  6.9092E-11,  6.9289E-11,  6.9207E-11,  6.9087E-11,  6.8928E-11,  6.9017E-11,  6.8862E-11,  6.9145E-11,  6.9071E-11,  6.9321E-11,  6.9250E-11,  6.9345E-11,  6.9340E-11,  6.9335E-11,  6.9267E-11,  6.9394E-11,  6.9359E-11,  6.9435E-11,  6.9429E-11,  6.9466E-11,  6.9453E-11,  6.9555E-11,  6.9522E-11,  6.9548E-11,  6.9510E-11,  6.9579E-11,  6.9658E-11,  6.9674E-11,  6.9631E-11,  6.9481E-11,  6.9390E-11,  6.9921E-11,  6.9843E-11,  6.9865E-11,  6.9786E-11,  6.9906E-11,  6.9729E-11,  6.9945E-11
  5.5000E+03,  2.2521E+02,  1.4939E+01,  6.8381E-02,  3.4732E-02,  8.6987E-02,  4.0956E-01,  9.3459E-02,  4.1937E-01,  6.4045E-03,  6.3008E-02,  1.0406E-02,  8.8192E-02,  1.3388E-02,  7.0126E-02,  2.1567E-03,  1.3454E-02,  2.1695E-03,  5.1238E-03,  3.3622E-03,  1.1087E-02,  1.6373E-03,  4.9271E-03,  2.5399E-03,  5.7372E-03,  4.5020E-03,  5.6923E-02,  3.2239E-04,  2.8782E-03,  7.6425E-06,  7.6424E-06,  7.6435E-06,  7.6438E-06,  7.6438E-06,  7.6446E-06,  7.6440E-06,  7.6446E-06,  7.6444E-06,  7.6443E-06,  7.6439E-06,  7.6440E-06,  7.6437E-06,  7.6440E-06,  7.6436E-06,  7.6442E-06,  7.6441E-06,  7.6444E-06,  7.6442E-06,  7.6448E-06,  7.6448E-06,  7.6452E-06,  7.6454E-06,  7.6461E-06,  7.6454E-06,  7.6459E-06,  7.6457E-06,  7.6461E-06,  7.6459E-06,  7.6457E-06,  7.6454E-06,  7.6455E-06,  7.6452E-06,  7.6458E-06,  7.6457E-06,  7.6461E-06,  7.6460E-06,  7.6462E-06,  7.6462E-06,  7.6462E-06,  7.6460E-06,  7.6463E-06,  7.6462E-06,  7.6463E-06,  7.6463E-06,  7.6464E-06,  7.6464E-06,  7.6466E-06,  7.6465E-06,  7.6466E-06,  7.6465E-06,  7.6466E-06,  7.6468E-06,  7.6468E-06,  7.6467E-06,  7.6464E-06,  7.6463E-06,  7.6473E-06,  7.6471E-06,  7.6472E-06,  7.6470E-06,  7.6472E-06,  7.6469E-06,  7.6473E-06,  4.2738E-02,  3.5941E-03,  1.6383E-05,  9.2230E-06,  2.4251E-05,  9.8479E-05,  2.4385E-05,  9.7961E-05,  1.7789E-06,  1.5182E-05,  2.7423E-06,  2.0655E-05,  3.3372E-06,  1.5892E-05,  5.8055E-07,  3.1353E-06,  5.9908E-07,  1.3570E-06,  9.2685E-07,  2.6643E-06,  4.3304E-07,  1.3425E-06,  6.7694E-07,  1.4821E-06,  1.0719E-06,  1.2687E-05,  7.8488E-08,  6.3797E-07,  6.8872E-11,  6.8809E-11,  6.9238E-11,  6.9358E-11,  6.9364E-11,  6.9661E-11,  6.9439E-11,  6.9683E-11,  6.9594E-11,  6.9564E-11,  6.9420E-11,  6.9423E-11,  6.9342E-11,  6.9442E-11,  6.9283E-11,  6.9510E-11,  6.9461E-11,  6.9606E-11,  6.9511E-11,  6.9755E-11,  6.9761E-11,  6.9911E-11,  6.9975E-11,  7.0237E-11,  7.0002E-11,  7.0153E-11,  7.0093E-11,  7.0230E-11,  7.0173E-11,  7.0090E-11,  6.9975E-11,  7.0040E-11,  6.9925E-11,  7.0131E-11,  7.0078E-11,  7.0252E-11,  7.0203E-11,  7.0268E-11,  7.0265E-11,  7.0261E-11,  7.0215E-11,  7.0302E-11,  7.0278E-11,  7.0331E-11,  7.0327E-11,  7.0352E-11,  7.0343E-11,  7.0415E-11,  7.0392E-11,  7.0410E-11,  7.0383E-11,  7.0433E-11,  7.0489E-11,  7.0501E-11,  7.0470E-11,  7.0363E-11,  7.0299E-11,  7.0686E-11,  7.0625E-11,  7.0642E-11,  7.0582E-11,  7.0674E-11,  7.0541E-11,  7.0704E-11
  6.3000E+03,  1.9453E+02,  1.2414E+01,  5.6897E-02,  2.8321E-02,  7.0196E-02,  3.4038E-01,  7.6452E-02,  3.5038E-01,  5.1719E-03,  5.2346E-02,  8.4963E-03,  7.3652E-02,  1.1052E-02,  5.8905E-02,  1.7531E-03,  1.1245E-02,  1.7540E-03,  4.1800E-03,  2.7192E-03,  9.2150E-03,  1.3359E-03,  3.9959E-03,  2.0695E-03,  4.7040E-03,  3.7496E-03,  4.7963E-02,  2.6737E-04,  2.4272E-03,  7.5869E-06,  7.5867E-06,  7.5876E-06,  7.5878E-06,  7.5878E-06,  7.5884E-06,  7.5880E-06,  7.5884E-06,  7.5883E-06,  7.5882E-06,  7.5879E-06,  7.5879E-06,  7.5878E-06,  7.5880E-06,  7.5877E-06,  7.5881E-06,  7.5880E-06,  7.5883E-06,  7.5881E-06,  7.5886E-06,  7.5886E-06,  7.5889E-06,  7.5890E-06,  7.5895E-06,  7.5890E-06,  7.5893E-06,  7.5892E-06,  7.5895E-06,  7.5894E-06,  7.5892E-06,  7.5890E-06,  7.5891E-06,  7.5889E-06,  7.5893E-06,  7.5892E-06,  7.5895E-06,  7.5894E-06,  7.5896E-06,  7.5896E-06,  7.5895E-06,  7.5895E-06,  7.5896E-06,  7.5896E-06,  7.5897E-06,  7.5897E-06,  7.5897E-06,  7.5897E-06,  7.5899E-06,  7.5898E-06,  7.5898E-06,  7.5898E-06,  7.5899E-06,  7.5900E-06,  7.5900E-06,  7.5900E-06,  7.5898E-06,  7.5896E-06,  7.5904E-06,  7.5903E-06,  7.5903E-06,  7.5902E-06,  7.5903E-06,  7.5901E-06,  7.5904E-06,  3.3980E-02,  2.7173E-03,  1.2329E-05,  6.8059E-06,  1.7726E-05,  7.4473E-05,  1.8133E-05,  7.4506E-05,  1.3026E-06,  1.1473E-05,  2.0319E-06,  1.5697E-05,  2.5026E-06,  1.2159E-05,  4.2855E-07,  2.3868E-06,  4.3975E-07,  1.0027E-06,  6.8077E-07,  2.0152E-06,  3.2034E-07,  9.8564E-07,  4.9892E-07,  1.1010E-06,  8.0914E-07,  9.7147E-06,  5.9061E-08,  4.8964E-07,  7.0288E-11,  7.0248E-11,  7.0525E-11,  7.0603E-11,  7.0607E-11,  7.0806E-11,  7.0657E-11,  7.0821E-11,  7.0760E-11,  7.0740E-11,  7.0644E-11,  7.0646E-11,  7.0592E-11,  7.0658E-11,  7.0553E-11,  7.0704E-11,  7.0671E-11,  7.0768E-11,  7.0705E-11,  7.0870E-11,  7.0874E-11,  7.0981E-11,  7.1029E-11,  7.1237E-11,  7.1049E-11,  7.1168E-11,  7.1120E-11,  7.1231E-11,  7.1185E-11,  7.1118E-11,  7.1029E-11,  7.1079E-11,  7.0992E-11,  7.1150E-11,  7.1109E-11,  7.1249E-11,  7.1209E-11,  7.1262E-11,  7.1259E-11,  7.1257E-11,  7.1219E-11,  7.1290E-11,  7.1270E-11,  7.1313E-11,  7.1309E-11,  7.1330E-11,  7.1323E-11,  7.1380E-11,  7.1361E-11,  7.1376E-11,  7.1354E-11,  7.1393E-11,  7.1437E-11,  7.1446E-11,  7.1423E-11,  7.1338E-11,  7.1287E-11,  7.1586E-11,  7.1541E-11,  7.1553E-11,  7.1509E-11,  7.1577E-11,  7.1477E-11,  7.1599E-11
  7.1000E+03,  1.6972E+02,  1.0488E+01,  4.8161E-02,  2.3537E-02,  5.7792E-02,  2.8758E-01,  6.3681E-02,  2.9744E-01,  4.2601E-03,  4.4215E-02,  7.0675E-03,  6.2504E-02,  9.2843E-03,  5.0245E-02,  1.4522E-03,  9.5489E-03,  1.4459E-03,  3.4751E-03,  2.2421E-03,  7.7862E-03,  1.1107E-03,  3.3048E-03,  1.7191E-03,  3.9285E-03,  3.1760E-03,  4.1041E-02,  2.2556E-04,  2.0781E-03,  7.5303E-06,  7.5302E-06,  7.5308E-06,  7.5310E-06,  7.5310E-06,  7.5314E-06,  7.5311E-06,  7.5314E-06,  7.5313E-06,  7.5313E-06,  7.5311E-06,  7.5311E-06,  7.5310E-06,  7.5311E-06,  7.5309E-06,  7.5312E-06,  7.5311E-06,  7.5313E-06,  7.5312E-06,  7.5316E-06,  7.5316E-06,  7.5318E-06,  7.5319E-06,  7.5323E-06,  7.5319E-06,  7.5321E-06,  7.5320E-06,  7.5322E-06,  7.5322E-06,  7.5320E-06,  7.5319E-06,  7.5320E-06,  7.5318E-06,  7.5321E-06,  7.5320E-06,  7.5323E-06,  7.5322E-06,  7.5323E-06,  7.5323E-06,  7.5323E-06,  7.5322E-06,  7.5323E-06,  7.5323E-06,  7.5324E-06,  7.5324E-06,  7.5324E-06,  7.5324E-06,  7.5325E-06,  7.5325E-06,  7.5325E-06,  7.5325E-06,  7.5325E-06,  7.5326E-06,  7.5326E-06,  7.5326E-06,  7.5324E-06,  7.5323E-06,  7.5329E-06,  7.5328E-06,  7.5328E-06,  7.5327E-06,  7.5329E-06,  7.5327E-06,  7.5329E-06,  2.8027E-02,  2.0984E-03,  9.5095E-06,  5.1524E-06,  1.3284E-05,  5.7515E-05,  1.3794E-05,  5.7840E-05,  9.7702E-07,  8.8541E-06,  1.5403E-06,  1.2174E-05,  1.9176E-06,  9.4902E-06,  3.2368E-07,  1.8541E-06,  3.3041E-07,  7.5951E-07,  5.1184E-07,  1.5567E-06,  2.4260E-07,  7.4206E-07,  3.7722E-07,  8.3757E-07,  6.2481E-07,  7.5898E-06,  4.5448E-08,  3.8303E-07,  7.1182E-11,  7.1148E-11,  7.1376E-11,  7.1438E-11,  7.1441E-11,  7.1593E-11,  7.1480E-11,  7.1604E-11,  7.1559E-11,  7.1544E-11,  7.1470E-11,  7.1472E-11,  7.1430E-11,  7.1482E-11,  7.1399E-11,  7.1517E-11,  7.1491E-11,  7.1565E-11,  7.1517E-11,  7.1639E-11,  7.1642E-11,  7.1715E-11,  7.1746E-11,  7.1883E-11,  7.1759E-11,  7.1837E-11,  7.1806E-11,  7.1879E-11,  7.1848E-11,  7.1804E-11,  7.1746E-11,  7.1779E-11,  7.1722E-11,  7.1826E-11,  7.1798E-11,  7.1891E-11,  7.1864E-11,  7.1899E-11,  7.1898E-11,  7.1896E-11,  7.1871E-11,  7.1918E-11,  7.1905E-11,  7.1933E-11,  7.1931E-11,  7.1945E-11,  7.1940E-11,  7.1978E-11,  7.1966E-11,  7.1976E-11,  7.1961E-11,  7.1988E-11,  7.2018E-11,  7.2024E-11,  7.2008E-11,  7.1950E-11,  7.1916E-11,  7.2122E-11,  7.2090E-11,  7.2099E-11,  7.2067E-11,  7.2116E-11,  7.2045E-11,  7.2132E-11
  8.0000E+03,  1.4682E+02,  8.8212E+00,  4.0609E-02,  1.9479E-02,  4.7371E-02,  2.4189E-01,  5.2796E-02,  2.5139E-01,  3.4933E-03,  3.7182E-02,  5.8531E-03,  5.2813E-02,  7.7655E-03,  4.2672E-02,  1.1974E-03,  8.0723E-03,  1.1865E-03,  2.8767E-03,  1.8401E-03,  6.5496E-03,  9.1956E-04,  2.7215E-03,  1.4220E-03,  3.2672E-03,  2.6795E-03,  3.4978E-02,  1.8950E-04,  1.7719E-03,  7.4659E-06,  7.4658E-06,  7.4663E-06,  7.4664E-06,  7.4664E-06,  7.4667E-06,  7.4665E-06,  7.4668E-06,  7.4667E-06,  7.4666E-06,  7.4665E-06,  7.4665E-06,  7.4664E-06,  7.4665E-06,  7.4664E-06,  7.4666E-06,  7.4665E-06,  7.4667E-06,  7.4666E-06,  7.4668E-06,  7.4668E-06,  7.4670E-06,  7.4671E-06,  7.4673E-06,  7.4671E-06,  7.4673E-06,  7.4672E-06,  7.4673E-06,  7.4673E-06,  7.4672E-06,  7.4671E-06,  7.4671E-06,  7.4670E-06,  7.4672E-06,  7.4672E-06,  7.4674E-06,  7.4673E-06,  7.4674E-06,  7.4674E-06,  7.4674E-06,  7.4673E-06,  7.4674E-06,  7.4674E-06,  7.4674E-06,  7.4674E-06,  7.4675E-06,  7.4675E-06,  7.4675E-06,  7.4675E-06,  7.4675E-06,  7.4675E-06,  7.4675E-06,  7.4676E-06,  7.4676E-06,  7.4676E-06,  7.4675E-06,  7.4674E-06,  7.4678E-06,  7.4677E-06,  7.4677E-06,  7.4677E-06,  7.4678E-06,  7.4676E-06,  7.4678E-06,  2.2880E-02,  1.6057E-03,  7.2737E-06,  3.8664E-06,  9.8733E-06,  4.4019E-05,  1.0395E-05,  4.4500E-05,  7.2689E-07,  6.7737E-06,  1.1583E-06,  9.3617E-06,  1.4577E-06,  7.3406E-06,  2.4241E-07,  1.4273E-06,  2.4618E-07,  5.7031E-07,  3.8148E-07,  1.1915E-06,  1.8226E-07,  5.5406E-07,  2.8284E-07,  6.3204E-07,  4.7866E-07,  5.8849E-06,  3.4687E-08,  2.9737E-07,  7.1851E-11,  7.1829E-11,  7.1980E-11,  7.2023E-11,  7.2025E-11,  7.2132E-11,  7.2052E-11,  7.2141E-11,  7.2108E-11,  7.2097E-11,  7.2045E-11,  7.2046E-11,  7.2017E-11,  7.2053E-11,  7.1996E-11,  7.2077E-11,  7.2060E-11,  7.2112E-11,  7.2078E-11,  7.2167E-11,  7.2169E-11,  7.2227E-11,  7.2252E-11,  7.2362E-11,  7.2263E-11,  7.2326E-11,  7.2301E-11,  7.2359E-11,  7.2335E-11,  7.2299E-11,  7.2252E-11,  7.2278E-11,  7.2232E-11,  7.2317E-11,  7.2294E-11,  7.2369E-11,  7.2348E-11,  7.2376E-11,  7.2374E-11,  7.2373E-11,  7.2353E-11,  7.2390E-11,  7.2380E-11,  7.2402E-11,  7.2401E-11,  7.2411E-11,  7.2408E-11,  7.2438E-11,  7.2428E-11,  7.2436E-11,  7.2424E-11,  7.2445E-11,  7.2468E-11,  7.2472E-11,  7.2460E-11,  7.2416E-11,  7.2389E-11,  7.2545E-11,  7.2522E-11,  7.2528E-11,  7.2505E-11,  7.2541E-11,  7.2489E-11,  7.2552E-11
  9.0000E+03,  1.2619E+02,  7.4065E+00,  3.4196E-02,  1.6099E-02,  3.8778E-02,  2.0311E-01,  4.3699E-02,  2.1209E-01,  2.8606E-03,  3.1216E-02,  4.8403E-03,  4.4548E-02,  6.4850E-03,  3.6174E-02,  9.8587E-04,  6.8118E-03,  9.7209E-04,  2.3781E-03,  1.5079E-03,  5.4997E-03,  7.6022E-04,  2.2383E-03,  1.1749E-03,  2.7135E-03,  2.2574E-03,  2.9762E-02,  1.5897E-04,  1.5083E-03,  7.3938E-06,  7.3938E-06,  7.3941E-06,  7.3942E-06,  7.3942E-06,  7.3944E-06,  7.3942E-06,  7.3944E-06,  7.3944E-06,  7.3943E-06,  7.3942E-06,  7.3942E-06,  7.3942E-06,  7.3942E-06,  7.3941E-06,  7.3943E-06,  7.3943E-06,  7.3944E-06,  7.3943E-06,  7.3945E-06,  7.3945E-06,  7.3946E-06,  7.3946E-06,  7.3948E-06,  7.3946E-06,  7.3948E-06,  7.3947E-06,  7.3948E-06,  7.3948E-06,  7.3947E-06,  7.3946E-06,  7.3947E-06,  7.3946E-06,  7.3947E-06,  7.3947E-06,  7.3948E-06,  7.3948E-06,  7.3948E-06,  7.3948E-06,  7.3948E-06,  7.3948E-06,  7.3949E-06,  7.3948E-06,  7.3949E-06,  7.3949E-06,  7.3949E-06,  7.3949E-06,  7.3949E-06,  7.3949E-06,  7.3949E-06,  7.3949E-06,  7.3950E-06,  7.3950E-06,  7.3950E-06,  7.3950E-06,  7.3949E-06,  7.3949E-06,  7.3951E-06,  7.3951E-06,  7.3951E-06,  7.3951E-06,  7.3951E-06,  7.3950E-06,  7.3951E-06,  1.8366E-02,  1.2236E-03,  5.5510E-06,  2.8931E-06,  7.3119E-06,  3.3546E-05,  7.7995E-06,  3.4092E-05,  5.3861E-07,  5.1599E-06,  8.6737E-07,  7.1681E-06,  1.1033E-06,  5.6540E-06,  1.8075E-07,  1.0939E-06,  1.8260E-07,  4.2691E-07,  2.8306E-07,  9.0815E-07,  1.3642E-07,  4.1233E-07,  2.1146E-07,  4.7533E-07,  3.6557E-07,  4.5459E-06,  2.6382E-08,  2.2989E-07,  7.2336E-11,  7.2318E-11,  7.2438E-11,  7.2471E-11,  7.2472E-11,  7.2552E-11,  7.2492E-11,  7.2557E-11,  7.2534E-11,  7.2526E-11,  7.2487E-11,  7.2488E-11,  7.2466E-11,  7.2493E-11,  7.2450E-11,  7.2511E-11,  7.2498E-11,  7.2537E-11,  7.2512E-11,  7.2576E-11,  7.2577E-11,  7.2616E-11,  7.2632E-11,  7.2690E-11,  7.2638E-11,  7.2672E-11,  7.2659E-11,  7.2688E-11,  7.2677E-11,  7.2658E-11,  7.2631E-11,  7.2647E-11,  7.2619E-11,  7.2667E-11,  7.2656E-11,  7.2693E-11,  7.2683E-11,  7.2696E-11,  7.2695E-11,  7.2695E-11,  7.2685E-11,  7.2703E-11,  7.2698E-11,  7.2708E-11,  7.2708E-11,  7.2713E-11,  7.2711E-11,  7.2725E-11,  7.2721E-11,  7.2724E-11,  7.2719E-11,  7.2729E-11,  7.2740E-11,  7.2742E-11,  7.2736E-11,  7.2715E-11,  7.2702E-11,  7.2778E-11,  7.2767E-11,  7.2770E-11,  7.2758E-11,  7.2776E-11,  7.2750E-11,  7.2782E-11
  1.0000E+04,  1.0955E+02,  6.3177E+00,  2.9254E-02,  1.3543E-02,  3.2343E-02,  1.7326E-01,  3.6801E-02,  1.8169E-01,  2.3864E-03,  2.6624E-02,  4.0736E-03,  3.8156E-02,  5.5056E-03,  3.1122E-02,  8.2637E-04,  5.8362E-03,  8.1129E-04,  2.0008E-03,  1.2586E-03,  4.6915E-03,  6.3966E-04,  1.8748E-03,  9.8810E-04,  2.2926E-03,  1.9317E-03,  2.5694E-02,  1.3551E-04,  1.3025E-03,  7.3213E-06,  7.3213E-06,  7.3215E-06,  7.3216E-06,  7.3216E-06,  7.3217E-06,  7.3216E-06,  7.3218E-06,  7.3217E-06,  7.3217E-06,  7.3216E-06,  7.3216E-06,  7.3216E-06,  7.3216E-06,  7.3215E-06,  7.3217E-06,  7.3216E-06,  7.3217E-06,  7.3217E-06,  7.3218E-06,  7.3218E-06,  7.3219E-06,  7.3219E-06,  7.3220E-06,  7.3219E-06,  7.3220E-06,  7.3220E-06,  7.3220E-06,  7.3220E-06,  7.3220E-06,  7.3219E-06,  7.3219E-06,  7.3219E-06,  7.3220E-06,  7.3220E-06,  7.3221E-06,  7.3220E-06,  7.3221E-06,  7.3221E-06,  7.3221E-06,  7.3220E-06,  7.3221E-06,  7.3221E-06,  7.3221E-06,  7.3221E-06,  7.3221E-06,  7.3221E-06,  7.3221E-06,  7.3221E-06,  7.3221E-06,  7.3221E-06,  7.3221E-06,  7.3222E-06,  7.3222E-06,  7.3222E-06,  7.3221E-06,  7.3221E-06,  7.3223E-06,  7.3222E-06,  7.3223E-06,  7.3222E-06,  7.3223E-06,  7.3222E-06,  7.3223E-06,  1.4911E-02,  9.5403E-04,  4.3331E-06,  2.2185E-06,  5.5583E-06,  2.6159E-05,  5.9966E-06,  2.6711E-05,  4.0965E-07,  4.0227E-06,  6.6606E-07,  5.6145E-06,  8.5550E-07,  4.4514E-06,  1.3824E-07,  8.5733E-07,  1.3900E-07,  3.2755E-07,  2.1550E-07,  7.0821E-07,  1.0471E-07,  3.1481E-07,  1.6210E-07,  3.6640E-07,  2.8572E-07,  3.5903E-06,  2.0541E-08,  1.8169E-07,  7.2655E-11,  7.2645E-11,  7.2707E-11,  7.2723E-11,  7.2724E-11,  7.2764E-11,  7.2734E-11,  7.2767E-11,  7.2755E-11,  7.2751E-11,  7.2731E-11,  7.2731E-11,  7.2721E-11,  7.2734E-11,  7.2713E-11,  7.2743E-11,  7.2737E-11,  7.2756E-11,  7.2744E-11,  7.2777E-11,  7.2778E-11,  7.2800E-11,  7.2809E-11,  7.2852E-11,  7.2814E-11,  7.2838E-11,  7.2828E-11,  7.2850E-11,  7.2841E-11,  7.2827E-11,  7.2809E-11,  7.2819E-11,  7.2802E-11,  7.2834E-11,  7.2826E-11,  7.2854E-11,  7.2846E-11,  7.2857E-11,  7.2856E-11,  7.2856E-11,  7.2848E-11,  7.2862E-11,  7.2858E-11,  7.2867E-11,  7.2866E-11,  7.2871E-11,  7.2869E-11,  7.2881E-11,  7.2877E-11,  7.2880E-11,  7.2876E-11,  7.2884E-11,  7.2893E-11,  7.2895E-11,  7.2890E-11,  7.2872E-11,  7.2862E-11,  7.2924E-11,  7.2915E-11,  7.2917E-11,  7.2908E-11,  7.2922E-11,  7.2901E-11,  7.2927E-11
  1.1000E+04,  9.5996E+01,  5.4613E+00,  2.5362E-02,  1.1565E-02,  2.7406E-02,  1.4978E-01,  3.1449E-02,  1.5767E-01,  2.0225E-03,  2.3014E-02,  3.4795E-03,  3.3108E-02,  4.7395E-03,  2.7110E-02,  7.0328E-04,  5.0650E-03,  6.8776E-04,  1.7088E-03,  1.0670E-03,  4.0558E-03,  5.4629E-04,  1.5946E-03,  8.4360E-04,  1.9654E-03,  1.6750E-03,  2.2455E-02,  1.1708E-04,  1.1385E-03,  7.2486E-06,  7.2486E-06,  7.2487E-06,  7.2488E-06,  7.2488E-06,  7.2489E-06,  7.2488E-06,  7.2489E-06,  7.2489E-06,  7.2489E-06,  7.2488E-06,  7.2488E-06,  7.2488E-06,  7.2488E-06,  7.2488E-06,  7.2489E-06,  7.2488E-06,  7.2489E-06,  7.2489E-06,  7.2489E-06,  7.2489E-06,  7.2490E-06,  7.2490E-06,  7.2491E-06,  7.2490E-06,  7.2491E-06,  7.2491E-06,  7.2491E-06,  7.2491E-06,  7.2491E-06,  7.2490E-06,  7.2491E-06,  7.2490E-06,  7.2491E-06,  7.2491E-06,  7.2491E-06,  7.2491E-06,  7.2491E-06,  7.2491E-06,  7.2491E-06,  7.2491E-06,  7.2492E-06,  7.2491E-06,  7.2492E-06,  7.2492E-06,  7.2492E-06,  7.2492E-06,  7.2492E-06,  7.2492E-06,  7.2492E-06,  7.2492E-06,  7.2492E-06,  7.2492E-06,  7.2492E-06,  7.2492E-06,  7.2492E-06,  7.2492E-06,  7.2493E-06,  7.2493E-06,  7.2493E-06,  7.2493E-06,  7.2493E-06,  7.2492E-06,  7.2493E-06,  1.2205E-02,  7.5867E-04,  3.4510E-06,  1.7376E-06,  4.3161E-06,  2.0803E-05,  4.7077E-06,  2.1335E-05,  3.1827E-07,  3.1981E-06,  5.2209E-07,  4.4828E-06,  6.7659E-07,  3.5712E-06,  1.0796E-07,  6.8493E-07,  1.0807E-07,  2.5658E-07,  1.6761E-07,  5.6325E-07,  8.2029E-08,  2.4545E-07,  1.2689E-07,  2.8819E-07,  2.2763E-07,  2.8872E-06,  1.6303E-08,  1.4621E-07,  7.2812E-11,  7.2804E-11,  7.2853E-11,  7.2866E-11,  7.2867E-11,  7.2901E-11,  7.2875E-11,  7.2903E-11,  7.2893E-11,  7.2889E-11,  7.2873E-11,  7.2874E-11,  7.2864E-11,  7.2876E-11,  7.2858E-11,  7.2883E-11,  7.2878E-11,  7.2894E-11,  7.2884E-11,  7.2912E-11,  7.2912E-11,  7.2930E-11,  7.2938E-11,  7.2973E-11,  7.2941E-11,  7.2961E-11,  7.2953E-11,  7.2972E-11,  7.2964E-11,  7.2953E-11,  7.2938E-11,  7.2946E-11,  7.2932E-11,  7.2958E-11,  7.2951E-11,  7.2975E-11,  7.2968E-11,  7.2977E-11,  7.2976E-11,  7.2976E-11,  7.2970E-11,  7.2981E-11,  7.2978E-11,  7.2985E-11,  7.2985E-11,  7.2988E-11,  7.2987E-11,  7.2996E-11,  7.2993E-11,  7.2996E-11,  7.2992E-11,  7.2999E-11,  7.3006E-11,  7.3008E-11,  7.3004E-11,  7.2990E-11,  7.2981E-11,  7.3031E-11,  7.3024E-11,  7.3026E-11,  7.3018E-11,  7.3030E-11,  7.3013E-11,  7.3034E-11
  1.2000E+04,  8.4837E+01,  4.7753E+00,  2.2238E-02,  1.0003E-02,  2.3539E-02,  1.3096E-01,  2.7214E-02,  1.3834E-01,  1.7373E-03,  2.0122E-02,  3.0100E-03,  2.9047E-02,  4.1289E-03,  2.3870E-02,  6.0636E-04,  4.4445E-03,  5.9091E-04,  1.4781E-03,  9.1681E-04,  3.5465E-03,  4.7254E-04,  1.3743E-03,  7.2952E-04,  1.7058E-03,  1.4689E-03,  1.9831E-02,  1.0234E-04,  1.0056E-03,  7.1757E-06,  7.1757E-06,  7.1758E-06,  7.1759E-06,  7.1759E-06,  7.1760E-06,  7.1759E-06,  7.1760E-06,  7.1759E-06,  7.1759E-06,  7.1759E-06,  7.1759E-06,  7.1759E-06,  7.1759E-06,  7.1758E-06,  7.1759E-06,  7.1759E-06,  7.1759E-06,  7.1759E-06,  7.1760E-06,  7.1760E-06,  7.1760E-06,  7.1760E-06,  7.1761E-06,  7.1760E-06,  7.1761E-06,  7.1761E-06,  7.1761E-06,  7.1761E-06,  7.1761E-06,  7.1760E-06,  7.1761E-06,  7.1760E-06,  7.1761E-06,  7.1761E-06,  7.1761E-06,  7.1761E-06,  7.1761E-06,  7.1761E-06,  7.1761E-06,  7.1761E-06,  7.1761E-06,  7.1761E-06,  7.1761E-06,  7.1761E-06,  7.1761E-06,  7.1761E-06,  7.1762E-06,  7.1762E-06,  7.1762E-06,  7.1762E-06,  7.1762E-06,  7.1762E-06,  7.1762E-06,  7.1762E-06,  7.1761E-06,  7.1761E-06,  7.1762E-06,  7.1762E-06,  7.1762E-06,  7.1762E-06,  7.1762E-06,  7.1762E-06,  7.1762E-06,  1.0114E-02,  6.1336E-04,  2.7978E-06,  1.3871E-06,  3.4182E-06,  1.6820E-05,  3.7612E-06,  1.7318E-05,  2.5210E-07,  2.5853E-06,  4.1687E-07,  3.6381E-06,  5.4459E-07,  2.9106E-06,  8.5880E-08,  5.5608E-07,  8.5635E-08,  2.0485E-07,  1.3283E-07,  4.5540E-07,  6.5486E-08,  1.9513E-07,  1.0126E-07,  2.3095E-07,  1.8459E-07,  2.3609E-06,  1.3175E-08,  1.1959E-07,  7.2930E-11,  7.2924E-11,  7.2965E-11,  7.2976E-11,  7.2976E-11,  7.3004E-11,  7.2983E-11,  7.3006E-11,  7.2998E-11,  7.2995E-11,  7.2982E-11,  7.2982E-11,  7.2974E-11,  7.2984E-11,  7.2969E-11,  7.2990E-11,  7.2985E-11,  7.2999E-11,  7.2990E-11,  7.3013E-11,  7.3014E-11,  7.3028E-11,  7.3035E-11,  7.3062E-11,  7.3037E-11,  7.3053E-11,  7.3047E-11,  7.3062E-11,  7.3056E-11,  7.3047E-11,  7.3035E-11,  7.3041E-11,  7.3030E-11,  7.3051E-11,  7.3045E-11,  7.3064E-11,  7.3059E-11,  7.3066E-11,  7.3065E-11,  7.3065E-11,  7.3060E-11,  7.3069E-11,  7.3067E-11,  7.3072E-11,  7.3072E-11,  7.3075E-11,  7.3074E-11,  7.3081E-11,  7.3079E-11,  7.3081E-11,  7.3078E-11,  7.3083E-11,  7.3089E-11,  7.3090E-11,  7.3087E-11,  7.3076E-11,  7.3069E-11,  7.3109E-11,  7.3103E-11,  7.3104E-11,  7.3098E-11,  7.3107E-11,  7.3094E-11,  7.3110E-11
  1.4000E+04,  6.7556E+01,  3.7435E+00,  1.7522E-02,  7.6909E-03,  1.7874E-02,  1.0267E-01,  2.0941E-02,  1.0912E-01,  1.3194E-03,  1.5773E-02,  2.3151E-03,  2.2910E-02,  3.2158E-03,  1.8944E-02,  4.6357E-04,  3.5062E-03,  4.4892E-04,  1.1366E-03,  6.9656E-04,  2.7803E-03,  3.6338E-04,  1.0500E-03,  5.6078E-04,  1.3198E-03,  1.1577E-03,  1.5827E-02,  8.0192E-05,  8.0276E-04,  7.0297E-06,  7.0297E-06,  7.0298E-06,  7.0298E-06,  7.0298E-06,  7.0298E-06,  7.0298E-06,  7.0298E-06,  7.0298E-06,  7.0298E-06,  7.0298E-06,  7.0298E-06,  7.0298E-06,  7.0298E-06,  7.0298E-06,  7.0298E-06,  7.0298E-06,  7.0298E-06,  7.0298E-06,  7.0298E-06,  7.0298E-06,  7.0298E-06,  7.0299E-06,  7.0299E-06,  7.0299E-06,  7.0299E-06,  7.0299E-06,  7.0299E-06,  7.0299E-06,  7.0299E-06,  7.0299E-06,  7.0299E-06,  7.0298E-06,  7.0299E-06,  7.0299E-06,  7.0299E-06,  7.0299E-06,  7.0299E-06,  7.0299E-06,  7.0299E-06,  7.0299E-06,  7.0299E-06,  7.0299E-06,  7.0299E-06,  7.0299E-06,  7.0299E-06,  7.0299E-06,  7.0299E-06,  7.0299E-06,  7.0299E-06,  7.0299E-06,  7.0299E-06,  7.0299E-06,  7.0299E-06,  7.0299E-06,  7.0299E-06,  7.0299E-06,  7.0299E-06,  7.0299E-06,  7.0299E-06,  7.0299E-06,  7.0299E-06,  7.0299E-06,  7.0299E-06,  7.1665E-03,  4.1849E-04,  1.9182E-06,  9.2490E-07,  2.2471E-06,  1.1477E-05,  2.5122E-06,  1.1902E-05,  1.6578E-07,  1.7638E-06,  2.7808E-07,  2.4998E-06,  3.6857E-07,  2.0148E-06,  5.6911E-08,  3.8226E-07,  5.6349E-08,  1.3663E-07,  8.7423E-08,  3.1076E-07,  4.3673E-08,  1.2917E-07,  6.7482E-08,  1.5508E-07,  1.2661E-07,  1.6437E-06,  8.9786E-09,  8.3295E-08,  7.3091E-11,  7.3087E-11,  7.3114E-11,  7.3121E-11,  7.3121E-11,  7.3139E-11,  7.3126E-11,  7.3140E-11,  7.3135E-11,  7.3133E-11,  7.3125E-11,  7.3125E-11,  7.3120E-11,  7.3126E-11,  7.3117E-11,  7.3130E-11,  7.3127E-11,  7.3136E-11,  7.3130E-11,  7.3145E-11,  7.3145E-11,  7.3154E-11,  7.3158E-11,  7.3174E-11,  7.3159E-11,  7.3169E-11,  7.3165E-11,  7.3173E-11,  7.3170E-11,  7.3165E-11,  7.3158E-11,  7.3162E-11,  7.3155E-11,  7.3167E-11,  7.3164E-11,  7.3175E-11,  7.3172E-11,  7.3176E-11,  7.3176E-11,  7.3175E-11,  7.3173E-11,  7.3178E-11,  7.3176E-11,  7.3180E-11,  7.3179E-11,  7.3181E-11,  7.3180E-11,  7.3184E-11,  7.3183E-11,  7.3184E-11,  7.3183E-11,  7.3185E-11,  7.3188E-11,  7.3189E-11,  7.3187E-11,  7.3181E-11,  7.3178E-11,  7.3199E-11,  7.3196E-11,  7.3196E-11,  7.3193E-11,  7.3198E-11,  7.3191E-11,  7.3200E-11
  1.6000E+04,  5.5149E+01,  3.0260E+00,  1.4226E-02,  6.1180E-03,  1.4072E-02,  8.2993E-02,  1.6667E-02,  8.8665E-02,  1.0389E-03,  1.2750E-02,  1.8421E-03,  1.8613E-02,  2.5856E-03,  1.5472E-02,  3.6700E-04,  2.8491E-03,  3.5355E-04,  9.0422E-04,  5.4860E-04,  2.2476E-03,  2.8910E-04,  8.3095E-04,  4.4604E-04,  1.0554E-03,  9.4017E-04,  1.2987E-02,  6.4801E-05,  6.5883E-04,  6.8834E-06,  6.8834E-06,  6.8834E-06,  6.8835E-06,  6.8835E-06,  6.8835E-06,  6.8835E-06,  6.8835E-06,  6.8835E-06,  6.8835E-06,  6.8835E-06,  6.8835E-06,  6.8835E-06,  6.8835E-06,  6.8835E-06,  6.8835E-06,  6.8835E-06,  6.8835E-06,  6.8835E-06,  6.8835E-06,  6.8835E-06,  6.8835E-06,  6.8835E-06,  6.8835E-06,  6.8835E-06,  6.8835E-06,  6.8835E-06,  6.8835E-06,  6.8835E-06,  6.8835E-06,  6.8835E-06,  6.8835E-06,  6.8835E-06,  6.8835E-06,  6.8835E-06,  6.8835E-06,  6.8835E-06,  6.8835E-06,  6.8835E-06,  6.8835E-06,  6.8835E-06,  6.8835E-06,  6.8835E-06,  6.8835E-06,  6.8835E-06,  6.8835E-06,  6.8835E-06,  6.8835E-06,  6.8835E-06,  6.8835E-06,  6.8835E-06,  6.8835E-06,  6.8835E-06,  6.8835E-06,  6.8835E-06,  6.8835E-06,  6.8835E-06,  6.8835E-06,  6.8835E-06,  6.8835E-06,  6.8835E-06,  6.8835E-06,  6.8835E-06,  6.8835E-06,  5.2406E-03,  2.9894E-04,  1.3772E-06,  6.4797E-07,  1.5549E-06,  8.1983E-06,  1.7613E-06,  8.5551E-06,  1.1474E-07,  1.2598E-06,  1.9491E-07,  1.7966E-06,  2.6161E-07,  1.4574E-06,  3.9656E-08,  2.7483E-07,  3.9020E-08,  9.5736E-08,  6.0533E-08,  2.2200E-07,  3.0604E-08,  8.9926E-08,  4.7263E-08,  1.0933E-07,  9.0945E-08,  1.1960E-06,  6.4116E-09,  6.0629E-08,  7.3181E-11,  7.3178E-11,  7.3193E-11,  7.3197E-11,  7.3198E-11,  7.3207E-11,  7.3200E-11,  7.3207E-11,  7.3205E-11,  7.3204E-11,  7.3199E-11,  7.3199E-11,  7.3197E-11,  7.3200E-11,  7.3195E-11,  7.3202E-11,  7.3201E-11,  7.3205E-11,  7.3202E-11,  7.3209E-11,  7.3210E-11,  7.3214E-11,  7.3215E-11,  7.3222E-11,  7.3216E-11,  7.3220E-11,  7.3218E-11,  7.3222E-11,  7.3220E-11,  7.3218E-11,  7.3215E-11,  7.3217E-11,  7.3214E-11,  7.3219E-11,  7.3218E-11,  7.3222E-11,  7.3221E-11,  7.3223E-11,  7.3222E-11,  7.3222E-11,  7.3221E-11,  7.3223E-11,  7.3223E-11,  7.3224E-11,  7.3224E-11,  7.3224E-11,  7.3224E-11,  7.3225E-11,  7.3225E-11,  7.3225E-11,  7.3225E-11,  7.3226E-11,  7.3226E-11,  7.3227E-11,  7.3226E-11,  7.3224E-11,  7.3223E-11,  7.3228E-11,  7.3228E-11,  7.3228E-11,  7.3227E-11,  7.3228E-11,  7.3227E-11,  7.3228E-11
  1.8000E+04,  4.5960E+01,  2.5055E+00,  1.1824E-02,  4.9982E-03,  1.1397E-02,  6.8719E-02,  1.3622E-02,  7.3734E-02,  8.4150E-04,  1.0556E-02,  1.5052E-03,  1.5478E-02,  2.1312E-03,  1.2922E-02,  2.9861E-04,  2.3694E-03,  2.8642E-04,  7.3876E-04,  4.4444E-04,  1.8610E-03,  2.3621E-04,  6.7590E-04,  3.6436E-04,  8.6597E-04,  7.8151E-04,  1.0890E-02,  5.3641E-05,  5.5253E-04,  6.7370E-06,  6.7370E-06,  6.7370E-06,  6.7370E-06,  6.7370E-06,  6.7370E-06,  6.7370E-06,  6.7370E-06,  6.7370E-06,  6.7370E-06,  6.7370E-06,  6.7370E-06,  6.7370E-06,  6.7370E-06,  6.7370E-06,  6.7370E-06,  6.7370E-06,  6.7370E-06,  6.7370E-06,  6.7370E-06,  6.7370E-06,  6.7370E-06,  6.7370E-06,  6.7370E-06,  6.7370E-06,  6.7370E-06,  6.7370E-06,  6.7370E-06,  6.7370E-06,  6.7370E-06,  6.7370E-06,  6.7370E-06,  6.7370E-06,  6.7370E-06,  6.7370E-06,  6.7370E-06,  6.7370E-06,  6.7370E-06,  6.7370E-06,  6.7370E-06,  6.7370E-06,  6.7370E-06,  6.7370E-06,  6.7370E-06,  6.7370E-06,  6.7370E-06,  6.7370E-06,  6.7370E-06,  6.7370E-06,  6.7370E-06,  6.7370E-06,  6.7370E-06,  6.7370E-06,  6.7370E-06,  6.7370E-06,  6.7370E-06,  6.7370E-06,  6.7370E-06,  6.7370E-06,  6.7370E-06,  6.7370E-06,  6.7370E-06,  6.7370E-06,  6.7370E-06,  3.9481E-03,  2.2155E-04,  1.0250E-06,  4.7185E-07,  1.1199E-06,  6.0759E-06,  1.2838E-06,  6.3761E-06,  8.2663E-08,  9.3356E-07,  1.4199E-07,  1.3388E-06,  1.9274E-07,  1.0923E-06,  2.8737E-08,  2.0485E-07,  2.8120E-08,  6.9724E-08,  4.3626E-08,  1.6453E-07,  2.2291E-08,  6.5122E-08,  3.4410E-08,  8.0060E-08,  6.7709E-08,  9.0068E-07,  4.7487E-09,  4.5673E-08,  7.3221E-11,  7.3221E-11,  7.3226E-11,  7.3227E-11,  7.3227E-11,  7.3228E-11,  7.3228E-11,  7.3228E-11,  7.3228E-11,  7.3228E-11,  7.3227E-11,  7.3227E-11,  7.3227E-11,  7.3228E-11,  7.3226E-11,  7.3228E-11,  7.3228E-11,  7.3228E-11,  7.3228E-11,  7.3229E-11,  7.3229E-11,  7.3229E-11,  7.3229E-11,  7.3229E-11,  7.3229E-11,  7.3229E-11,  7.3229E-11,  7.3229E-11,  7.3229E-11,  7.3229E-11,  7.3229E-11,  7.3229E-11,  7.3229E-11,  7.3229E-11,  7.3229E-11,  7.3229E-11,  7.3229E-11,  7.3229E-11,  7.3229E-11,  7.3229E-11,  7.3229E-11,  7.3229E-11,  7.3229E-11,  7.3229E-11,  7.3229E-11,  7.3229E-11,  7.3229E-11,  7.3229E-11,  7.3229E-11,  7.3229E-11,  7.3229E-11,  7.3229E-11,  7.3229E-11,  7.3229E-11,  7.3229E-11,  7.3229E-11,  7.3229E-11,  7.3229E-11,  7.3229E-11,  7.3229E-11,  7.3229E-11,  7.3229E-11,  7.3229E-11,  7.3229E-11
  2.0000E+04,  3.8965E+01,  2.1150E+00,  1.0014E-02,  4.1719E-03,  9.4440E-03,  5.8007E-02,  1.1374E-02,  6.2469E-02,  6.9735E-04,  8.9104E-03,  1.2565E-03,  1.3112E-02,  1.7922E-03,  1.0988E-02,  2.4839E-04,  2.0075E-03,  2.3737E-04,  6.1666E-04,  3.6836E-04,  1.5709E-03,  1.9717E-04,  5.6211E-04,  3.0411E-04,  7.2547E-04,  6.6192E-04,  9.2923E-03,  4.5271E-05,  4.7149E-04,  6.5906E-06,  6.5906E-06,  6.5906E-06,  6.5906E-06,  6.5906E-06,  6.5906E-06,  6.5906E-06,  6.5906E-06,  6.5906E-06,  6.5906E-06,  6.5906E-06,  6.5906E-06,  6.5906E-06,  6.5906E-06,  6.5906E-06,  6.5906E-06,  6.5906E-06,  6.5906E-06,  6.5906E-06,  6.5906E-06,  6.5906E-06,  6.5906E-06,  6.5906E-06,  6.5906E-06,  6.5906E-06,  6.5906E-06,  6.5906E-06,  6.5906E-06,  6.5906E-06,  6.5906E-06,  6.5906E-06,  6.5906E-06,  6.5906E-06,  6.5906E-06,  6.5906E-06,  6.5906E-06,  6.5906E-06,  6.5906E-06,  6.5906E-06,  6.5906E-06,  6.5906E-06,  6.5906E-06,  6.5906E-06,  6.5906E-06,  6.5906E-06,  6.5906E-06,  6.5906E-06,  6.5906E-06,  6.5906E-06,  6.5906E-06,  6.5906E-06,  6.5906E-06,  6.5906E-06,  6.5906E-06,  6.5906E-06,  6.5906E-06,  6.5906E-06,  6.5906E-06,  6.5906E-06,  6.5906E-06,  6.5906E-06,  6.5906E-06,  6.5906E-06,  6.5906E-06,  3.0472E-03,  1.6904E-04,  7.8520E-07,  3.5439E-07,  8.3288E-07,  4.6361E-06,  9.6502E-07,  4.8896E-06,  6.1486E-08,  7.1226E-07,  1.0669E-07,  1.0266E-06,  1.4627E-07,  8.4186E-07,  2.1488E-08,  1.5710E-07,  2.0921E-08,  5.2374E-08,  3.2461E-08,  1.2555E-07,  1.6745E-08,  4.8668E-08,  2.5841E-08,  6.0436E-08,  5.1880E-08,  6.9726E-07,  3.6213E-09,  3.5365E-08,  7.3229E-11,  7.3229E-11,  7.3229E-11,  7.3229E-11,  7.3229E-11,  7.3229E-11,  7.3229E-11,  7.3229E-11,  7.3229E-11,  7.3229E-11,  7.3229E-11,  7.3229E-11,  7.3229E-11,  7.3229E-11,  7.3229E-11,  7.3229E-11,  7.3229E-11,  7.3229E-11,  7.3229E-11,  7.3229E-11,  7.3229E-11,  7.3229E-11,  7.3229E-11,  7.3229E-11,  7.3229E-11,  7.3229E-11,  7.3229E-11,  7.3229E-11,  7.3229E-11,  7.3229E-11,  7.3229E-11,  7.3229E-11,  7.3229E-11,  7.3229E-11,  7.3229E-11,  7.3229E-11,  7.3229E-11,  7.3229E-11,  7.3229E-11,  7.3229E-11,  7.3229E-11,  7.3229E-11,  7.3229E-11,  7.3229E-11,  7.3229E-11,  7.3229E-11,  7.3229E-11,  7.3229E-11,  7.3229E-11,  7.3229E-11,  7.3229E-11,  7.3229E-11,  7.3229E-11,  7.3229E-11,  7.3229E-11,  7.3229E-11,  7.3229E-11,  7.3229E-11,  7.3229E-11,  7.3229E-11,  7.3229E-11,  7.3229E-11,  7.3229E-11,  7.3229E-11
  3.0000E+04,  1.8293E+01,  9.7631E-01,  4.7008E-03,  1.8204E-03,  3.9695E-03,  2.6778E-02,  4.9682E-03,  2.9365E-02,  2.9318E-04,  4.1128E-03,  5.4853E-04,  6.1629E-03,  8.1199E-04,  5.2590E-03,  1.0645E-04,  9.4378E-04,  9.9832E-05,  2.6912E-04,  1.5494E-04,  7.2521E-04,  8.6055E-05,  2.4073E-04,  1.3267E-04,  3.2252E-04,  3.1083E-04,  4.5239E-03,  2.0884E-05,  2.2961E-04,  5.8583E-06,  5.8583E-06,  5.8583E-06,  5.8583E-06,  5.8583E-06,  5.8583E-06,  5.8583E-06,  5.8583E-06,  5.8583E-06,  5.8583E-06,  5.8583E-06,  5.8583E-06,  5.8583E-06,  5.8583E-06,  5.8583E-06,  5.8583E-06,  5.8583E-06,  5.8583E-06,  5.8583E-06,  5.8583E-06,  5.8583E-06,  5.8583E-06,  5.8583E-06,  5.8583E-06,  5.8583E-06,  5.8583E-06,  5.8583E-06,  5.8583E-06,  5.8583E-06,  5.8583E-06,  5.8583E-06,  5.8583E-06,  5.8583E-06,  5.8583E-06,  5.8583E-06,  5.8583E-06,  5.8583E-06,  5.8583E-06,  5.8583E-06,  5.8583E-06,  5.8583E-06,  5.8583E-06,  5.8583E-06,  5.8583E-06,  5.8583E-06,  5.8583E-06,  5.8583E-06,  5.8583E-06,  5.8583E-06,  5.8583E-06,  5.8583E-06,  5.8583E-06,  5.8583E-06,  5.8583E-06,  5.8583E-06,  5.8583E-06,  5.8583E-06,  5.8583E-06,  5.8583E-06,  5.8583E-06,  5.8583E-06,  5.8583E-06,  5.8583E-06,  5.8583E-06,  1.0872E-03,  5.8689E-05,  2.7745E-07,  1.1591E-07,  2.6202E-07,  1.6097E-06,  3.1605E-07,  1.7311E-06,  1.9349E-08,  2.4726E-07,  3.4910E-08,  3.6335E-07,  4.9774E-08,  3.0394E-07,  6.8986E-09,  5.5633E-08,  6.5873E-09,  1.7133E-08,  1.0222E-08,  4.3593E-08,  5.4778E-09,  1.5609E-08,  8.4478E-09,  2.0154E-08,  1.8339E-08,  2.5641E-07,  1.2562E-09,  1.3011E-08,  7.3229E-11,  7.3229E-11,  7.3229E-11,  7.3229E-11,  7.3229E-11,  7.3229E-11,  7.3229E-11,  7.3229E-11,  7.3229E-11,  7.3229E-11,  7.3229E-11,  7.3229E-11,  7.3229E-11,  7.3229E-11,  7.3229E-11,  7.3229E-11,  7.3229E-11,  7.3229E-11,  7.3229E-11,  7.3229E-11,  7.3229E-11,  7.3229E-11,  7.3229E-11,  7.3229E-11,  7.3229E-11,  7.3229E-11,  7.3229E-11,  7.3229E-11,  7.3229E-11,  7.3229E-11,  7.3229E-11,  7.3229E-11,  7.3229E-11,  7.3229E-11,  7.3229E-11,  7.3229E-11,  7.3229E-11,  7.3229E-11,  7.3229E-11,  7.3229E-11,  7.3229E-11,  7.3229E-11,  7.3229E-11,  7.3229E-11,  7.3229E-11,  7.3229E-11,  7.3229E-11,  7.3229E-11,  7.3229E-11,  7.3229E-11,  7.3229E-11,  7.3229E-11,  7.3229E-11,  7.3229E-11,  7.3229E-11,  7.3229E-11,  7.3229E-11,  7.3229E-11,  7.3229E-11,  7.3229E-11,  7.3229E-11,  7.3229E-11,  7.3229E-11,  7.3229E-11
  4.0000E+04,  1.0293E+01,  5.4590E-01,  2.6576E-03,  9.8170E-04,  2.0895E-03,  1.4973E-02,  2.6807E-03,  1.6613E-02,  1.5434E-04,  2.2996E-03,  2.9588E-04,  3.4863E-03,  4.4861E-04,  3.0099E-03,  5.6739E-05,  5.3395E-04,  5.2565E-05,  1.4514E-04,  8.1584E-05,  4.0551E-04,  4.6415E-05,  1.2827E-04,  7.1542E-05,  1.7604E-04,  1.7576E-04,  2.6182E-03,  1.1673E-05,  1.3290E-04,  5.1260E-06,  5.1260E-06,  5.1260E-06,  5.1260E-06,  5.1260E-06,  5.1260E-06,  5.1260E-06,  5.1260E-06,  5.1260E-06,  5.1260E-06,  5.1260E-06,  5.1260E-06,  5.1260E-06,  5.1260E-06,  5.1260E-06,  5.1260E-06,  5.1260E-06,  5.1260E-06,  5.1260E-06,  5.1260E-06,  5.1260E-06,  5.1260E-06,  5.1260E-06,  5.1260E-06,  5.1260E-06,  5.1260E-06,  5.1260E-06,  5.1260E-06,  5.1260E-06,  5.1260E-06,  5.1260E-06,  5.1260E-06,  5.1260E-06,  5.1260E-06,  5.1260E-06,  5.1260E-06,  5.1260E-06,  5.1260E-06,  5.1260E-06,  5.1260E-06,  5.1260E-06,  5.1260E-06,  5.1260E-06,  5.1260E-06,  5.1260E-06,  5.1260E-06,  5.1260E-06,  5.1260E-06,  5.1260E-06,  5.1260E-06,  5.1260E-06,  5.1260E-06,  5.1260E-06,  5.1260E-06,  5.1260E-06,  5.1260E-06,  5.1260E-06,  5.1260E-06,  5.1260E-06,  5.1260E-06,  5.1260E-06,  5.1260E-06,  5.1260E-06,  5.1260E-06,  5.1291E-04,  2.7392E-05,  1.3119E-07,  5.1836E-08,  1.1397E-07,  7.5129E-07,  1.4145E-07,  8.1937E-07,  8.4173E-09,  1.1539E-07,  1.5618E-08,  1.7196E-07,  2.2902E-08,  1.4589E-07,  3.0441E-09,  2.6334E-08,  2.8663E-09,  7.6633E-09,  4.4483E-09,  2.0347E-08,  2.4503E-09,  6.8840E-09,  3.7777E-09,  9.1414E-09,  8.6741E-09,  1.2474E-07,  5.8599E-10,  6.3312E-09,  7.3229E-11,  7.3229E-11,  7.3229E-11,  7.3229E-11,  7.3229E-11,  7.3229E-11,  7.3229E-11,  7.3229E-11,  7.3229E-11,  7.3229E-11,  7.3229E-11,  7.3229E-11,  7.3229E-11,  7.3229E-11,  7.3229E-11,  7.3229E-11,  7.3229E-11,  7.3229E-11,  7.3229E-11,  7.3229E-11,  7.3229E-11,  7.3229E-11,  7.3229E-11,  7.3229E-11,  7.3229E-11,  7.3229E-11,  7.3229E-11,  7.3229E-11,  7.3229E-11,  7.3229E-11,  7.3229E-11,  7.3229E-11,  7.3229E-11,  7.3229E-11,  7.3229E-11,  7.3229E-11,  7.3229E-11,  7.3229E-11,  7.3229E-11,  7.3229E-11,  7.3229E-11,  7.3229E-11,  7.3229E-11,  7.3229E-11,  7.3229E-11,  7.3229E-11,  7.3229E-11,  7.3229E-11,  7.3229E-11,  7.3229E-11,  7.3229E-11,  7.3229E-11,  7.3229E-11,  7.3229E-11,  7.3229E-11,  7.3229E-11,  7.3229E-11,  7.3229E-11,  7.3229E-11,  7.3229E-11,  7.3229E-11,  7.3229E-11,  7.3229E-11,  7.3229E-11
  5.0000E+04,  6.3078E+00,  3.3349E-01,  1.6365E-03,  5.8440E-04,  1.2225E-03,  9.1469E-03,  1.5963E-03,  1.0234E-02,  9.0308E-05,  1.4048E-03,  1.7617E-04,  2.1476E-03,  2.7171E-04,  1.8697E-03,  3.3492E-05,  3.2893E-04,  3.0759E-05,  8.6405E-05,  4.7741E-05,  2.4773E-04,  2.7633E-05,  7.5700E-05,  4.2588E-05,  1.0570E-04,  1.0824E-04,  1.6395E-03,  7.1293E-06,  8.3226E-05,  4.3937E-06,  4.3937E-06,  4.3937E-06,  4.3937E-06,  4.3937E-06,  4.3937E-06,  4.3937E-06,  4.3937E-06,  4.3937E-06,  4.3937E-06,  4.3937E-06,  4.3937E-06,  4.3937E-06,  4.3937E-06,  4.3937E-06,  4.3937E-06,  4.3937E-06,  4.3937E-06,  4.3937E-06,  4.3937E-06,  4.3937E-06,  4.3937E-06,  4.3937E-06,  4.3937E-06,  4.3937E-06,  4.3937E-06,  4.3937E-06,  4.3937E-06,  4.3937E-06,  4.3937E-06,  4.3937E-06,  4.3937E-06,  4.3937E-06,  4.3937E-06,  4.3937E-06,  4.3937E-06,  4.3937E-06,  4.3937E-06,  4.3937E-06,  4.3937E-06,  4.3937E-06,  4.3937E-06,  4.3937E-06,  4.3937E-06,  4.3937E-06,  4.3937E-06,  4.3937E-06,  4.3937E-06,  4.3937E-06,  4.3937E-06,  4.3937E-06,  4.3937E-06,  4.3937E-06,  4.3937E-06,  4.3937E-06,  4.3937E-06,  4.3937E-06,  4.3937E-06,  4.3937E-06,  4.3937E-06,  4.3937E-06,  4.3937E-06,  4.3937E-06,  4.3937E-06,  2.8406E-04,  1.5091E-05,  7.3024E-08,  2.7624E-08,  5.9429E-08,  4.1392E-07,  7.5421E-08,  4.5637E-07,  4.3897E-09,  6.3571E-08,  8.3252E-09,  9.5775E-08,  1.2478E-08,  8.2153E-08,  1.6052E-09,  1.4668E-08,  1.4949E-09,  4.0841E-09,  2.3202E-09,  1.1210E-08,  1.3060E-09,  3.6290E-09,  2.0131E-09,  4.9255E-09,  4.8291E-09,  7.0995E-08,  3.2273E-10,  3.6036E-09,  7.3229E-11,  7.3229E-11,  7.3229E-11,  7.3229E-11,  7.3229E-11,  7.3229E-11,  7.3229E-11,  7.3229E-11,  7.3229E-11,  7.3229E-11,  7.3229E-11,  7.3229E-11,  7.3229E-11,  7.3229E-11,  7.3229E-11,  7.3229E-11,  7.3229E-11,  7.3229E-11,  7.3229E-11,  7.3229E-11,  7.3229E-11,  7.3229E-11,  7.3229E-11,  7.3229E-11,  7.3229E-11,  7.3229E-11,  7.3229E-11,  7.3229E-11,  7.3229E-11,  7.3229E-11,  7.3229E-11,  7.3229E-11,  7.3229E-11,  7.3229E-11,  7.3229E-11,  7.3229E-11,  7.3229E-11,  7.3229E-11,  7.3229E-11,  7.3229E-11,  7.3229E-11,  7.3229E-11,  7.3229E-11,  7.3229E-11,  7.3229E-11,  7.3229E-11,  7.3229E-11,  7.3229E-11,  7.3229E-11,  7.3229E-11,  7.3229E-11,  7.3229E-11,  7.3229E-11,  7.3229E-11,  7.3229E-11,  7.3229E-11,  7.3229E-11,  7.3229E-11,  7.3229E-11,  7.3229E-11,  7.3229E-11,  7.3229E-11,  7.3229E-11,  7.3229E-11
  6.0000E+04,  4.0142E+00,  2.1179E-01,  1.0457E-03,  3.6391E-04,  7.5131E-04,  5.8090E-03,  9.9423E-04,  6.5412E-03,  5.5502E-05,  8.9212E-04,  1.0971E-04,  1.3726E-03,  1.7144E-04,  1.2026E-03,  2.0722E-05,  2.1025E-04,  1.8905E-05,  5.3806E-05,  2.9343E-05,  1.5733E-04,  1.7208E-05,  4.6830E-05,  2.6520E-05,  6.6258E-05,  6.9173E-05,  1.0611E-03,  4.5271E-06,  5.3867E-05,  3.6614E-06,  3.6614E-06,  3.6614E-06,  3.6614E-06,  3.6614E-06,  3.6614E-06,  3.6614E-06,  3.6614E-06,  3.6614E-06,  3.6614E-06,  3.6614E-06,  3.6614E-06,  3.6614E-06,  3.6614E-06,  3.6614E-06,  3.6614E-06,  3.6614E-06,  3.6614E-06,  3.6614E-06,  3.6614E-06,  3.6614E-06,  3.6614E-06,  3.6614E-06,  3.6614E-06,  3.6614E-06,  3.6614E-06,  3.6614E-06,  3.6614E-06,  3.6614E-06,  3.6614E-06,  3.6614E-06,  3.6614E-06,  3.6614E-06,  3.6614E-06,  3.6614E-06,  3.6614E-06,  3.6614E-06,  3.6614E-06,  3.6614E-06,  3.6614E-06,  3.6614E-06,  3.6614E-06,  3.6614E-06,  3.6614E-06,  3.6614E-06,  3.6614E-06,  3.6614E-06,  3.6614E-06,  3.6614E-06,  3.6614E-06,  3.6614E-06,  3.6614E-06,  3.6614E-06,  3.6614E-06,  3.6614E-06,  3.6614E-06,  3.6614E-06,  3.6614E-06,  3.6614E-06,  3.6614E-06,  3.6614E-06,  3.6614E-06,  3.6614E-06,  3.6614E-06,  1.7466E-04,  9.2479E-06,  4.5133E-08,  1.6473E-08,  3.4814E-08,  2.5365E-07,  4.4992E-08,  2.8219E-07,  2.5716E-09,  3.8955E-08,  4.9656E-09,  5.9218E-08,  7.5769E-09,  5.1254E-08,  9.4893E-10,  9.0698E-09,  8.7589E-10,  2.4357E-09,  1.3594E-09,  6.8696E-09,  7.7894E-10,  2.1449E-09,  1.2005E-09,  2.9639E-09,  2.9850E-09,  4.4682E-08,  1.9772E-10,  2.2681E-09,  7.3229E-11,  7.3229E-11,  7.3229E-11,  7.3229E-11,  7.3229E-11,  7.3229E-11,  7.3229E-11,  7.3229E-11,  7.3229E-11,  7.3229E-11,  7.3229E-11,  7.3229E-11,  7.3229E-11,  7.3229E-11,  7.3229E-11,  7.3229E-11,  7.3229E-11,  7.3229E-11,  7.3229E-11,  7.3229E-11,  7.3229E-11,  7.3229E-11,  7.3229E-11,  7.3229E-11,  7.3229E-11,  7.3229E-11,  7.3229E-11,  7.3229E-11,  7.3229E-11,  7.3229E-11,  7.3229E-11,  7.3229E-11,  7.3229E-11,  7.3229E-11,  7.3229E-11,  7.3229E-11,  7.3229E-11,  7.3229E-11,  7.3229E-11,  7.3229E-11,  7.3229E-11,  7.3229E-11,  7.3229E-11,  7.3229E-11,  7.3229E-11,  7.3229E-11,  7.3229E-11,  7.3229E-11,  7.3229E-11,  7.3229E-11,  7.3229E-11,  7.3229E-11,  7.3229E-11,  7.3229E-11,  7.3229E-11,  7.3229E-11,  7.3229E-11,  7.3229E-11,  7.3229E-11,  7.3229E-11,  7.3229E-11,  7.3229E-11,  7.3229E-11,  7.3229E-11
  7.0000E+04,  2.5630E+00,  1.3503E-01,  6.7002E-04,  2.2840E-04,  4.6664E-04,  3.7036E-03,  6.2412E-04,  4.1918E-03,  3.4473E-05,  5.6877E-04,  6.8866E-05,  8.7960E-04,  1.0874E-04,  7.7460E-04,  1.2939E-05,  1.3473E-04,  1.1742E-05,  3.3772E-05,  1.8226E-05,  1.0031E-04,  1.0801E-05,  2.9240E-05,  1.6645E-05,  4.1805E-05,  4.4322E-05,  6.8682E-04,  2.8860E-06,  3.4869E-05,  2.9291E-06,  2.9291E-06,  2.9291E-06,  2.9291E-06,  2.9291E-06,  2.9291E-06,  2.9291E-06,  2.9291E-06,  2.9291E-06,  2.9291E-06,  2.9291E-06,  2.9291E-06,  2.9291E-06,  2.9291E-06,  2.9291E-06,  2.9291E-06,  2.9291E-06,  2.9291E-06,  2.9291E-06,  2.9291E-06,  2.9291E-06,  2.9291E-06,  2.9291E-06,  2.9291E-06,  2.9291E-06,  2.9291E-06,  2.9291E-06,  2.9291E-06,  2.9291E-06,  2.9291E-06,  2.9291E-06,  2.9291E-06,  2.9291E-06,  2.9291E-06,  2.9291E-06,  2.9291E-06,  2.9291E-06,  2.9291E-06,  2.9291E-06,  2.9291E-06,  2.9291E-06,  2.9291E-06,  2.9291E-06,  2.9291E-06,  2.9291E-06,  2.9291E-06,  2.9291E-06,  2.9291E-06,  2.9291E-06,  2.9291E-06,  2.9291E-06,  2.9291E-06,  2.9291E-06,  2.9291E-06,  2.9291E-06,  2.9291E-06,  2.9291E-06,  2.9291E-06,  2.9291E-06,  2.9291E-06,  2.9291E-06,  2.9291E-06,  2.9291E-06,  2.9291E-06,  1.1558E-04,  6.1044E-06,  3.0010E-08,  1.0627E-08,  2.2120E-08,  1.6743E-07,  2.9030E-08,  1.8769E-07,  1.6341E-09,  2.5714E-08,  3.2036E-09,  3.9387E-08,  4.9634E-09,  3.4351E-08,  6.0760E-10,  6.0327E-09,  5.5658E-10,  1.5712E-09,  8.6387E-10,  4.5346E-09,  5.0250E-10,  1.3732E-09,  7.7444E-10,  1.9266E-09,  1.9850E-09,  3.0170E-08,  1.3050E-10,  1.5316E-09,  7.3229E-11,  7.3229E-11,  7.3229E-11,  7.3229E-11,  7.3229E-11,  7.3229E-11,  7.3229E-11,  7.3229E-11,  7.3229E-11,  7.3229E-11,  7.3229E-11,  7.3229E-11,  7.3229E-11,  7.3229E-11,  7.3229E-11,  7.3229E-11,  7.3229E-11,  7.3229E-11,  7.3229E-11,  7.3229E-11,  7.3229E-11,  7.3229E-11,  7.3229E-11,  7.3229E-11,  7.3229E-11,  7.3229E-11,  7.3229E-11,  7.3229E-11,  7.3229E-11,  7.3229E-11,  7.3229E-11,  7.3229E-11,  7.3229E-11,  7.3229E-11,  7.3229E-11,  7.3229E-11,  7.3229E-11,  7.3229E-11,  7.3229E-11,  7.3229E-11,  7.3229E-11,  7.3229E-11,  7.3229E-11,  7.3229E-11,  7.3229E-11,  7.3229E-11,  7.3229E-11,  7.3229E-11,  7.3229E-11,  7.3229E-11,  7.3229E-11,  7.3229E-11,  7.3229E-11,  7.3229E-11,  7.3229E-11,  7.3229E-11,  7.3229E-11,  7.3229E-11,  7.3229E-11,  7.3229E-11,  7.3229E-11,  7.3229E-11,  7.3229E-11,  7.3229E-11
  8.0000E+04,  1.5815E+00,  8.3230E-02,  4.1470E-04,  1.3896E-04,  2.8145E-04,  2.2829E-03,  3.7976E-04,  2.5948E-03,  2.0792E-05,  3.5058E-04,  4.1901E-05,  5.4448E-04,  6.6735E-05,  4.8153E-04,  7.8387E-06,  8.3402E-05,  7.0823E-06,  2.0547E-05,  1.0993E-05,  6.1828E-05,  6.5718E-06,  1.7713E-05,  1.0127E-05,  2.5545E-05,  2.7434E-05,  4.2872E-04,  1.7787E-06,  2.1766E-05,  2.1969E-06,  2.1969E-06,  2.1969E-06,  2.1969E-06,  2.1969E-06,  2.1969E-06,  2.1969E-06,  2.1969E-06,  2.1969E-06,  2.1969E-06,  2.1969E-06,  2.1969E-06,  2.1969E-06,  2.1969E-06,  2.1969E-06,  2.1969E-06,  2.1969E-06,  2.1969E-06,  2.1969E-06,  2.1969E-06,  2.1969E-06,  2.1969E-06,  2.1969E-06,  2.1969E-06,  2.1969E-06,  2.1969E-06,  2.1969E-06,  2.1969E-06,  2.1969E-06,  2.1969E-06,  2.1969E-06,  2.1969E-06,  2.1969E-06,  2.1969E-06,  2.1969E-06,  2.1969E-06,  2.1969E-06,  2.1969E-06,  2.1969E-06,  2.1969E-06,  2.1969E-06,  2.1969E-06,  2.1969E-06,  2.1969E-06,  2.1969E-06,  2.1969E-06,  2.1969E-06,  2.1969E-06,  2.1969E-06,  2.1969E-06,  2.1969E-06,  2.1969E-06,  2.1969E-06,  2.1969E-06,  2.1969E-06,  2.1969E-06,  2.1969E-06,  2.1969E-06,  2.1969E-06,  2.1969E-06,  2.1969E-06,  2.1969E-06,  2.1969E-06,  2.1969E-06,  8.0721E-05,  4.2554E-06,  2.1054E-08,  7.2616E-09,  1.4918E-08,  1.1672E-07,  1.9841E-08,  1.3171E-07,  1.1021E-09,  1.7925E-08,  2.1894E-09,  2.7638E-08,  3.4371E-09,  2.4264E-08,  4.1252E-10,  4.2333E-09,  3.7539E-10,  1.0737E-09,  5.8268E-10,  3.1611E-09,  3.4339E-10,  9.3223E-10,  5.2919E-10,  1.3253E-09,  1.3927E-09,  2.1449E-08,  9.0953E-11,  1.0889E-09,  7.3229E-11,  7.3229E-11,  7.3229E-11,  7.3229E-11,  7.3229E-11,  7.3229E-11,  7.3229E-11,  7.3229E-11,  7.3229E-11,  7.3229E-11,  7.3229E-11,  7.3229E-11,  7.3229E-11,  7.3229E-11,  7.3229E-11,  7.3229E-11,  7.3229E-11,  7.3229E-11,  7.3229E-11,  7.3229E-11,  7.3229E-11,  7.3229E-11,  7.3229E-11,  7.3229E-11,  7.3229E-11,  7.3229E-11,  7.3229E-11,  7.3229E-11,  7.3229E-11,  7.3229E-11,  7.3229E-11,  7.3229E-11,  7.3229E-11,  7.3229E-11,  7.3229E-11,  7.3229E-11,  7.3229E-11,  7.3229E-11,  7.3229E-11,  7.3229E-11,  7.3229E-11,  7.3229E-11,  7.3229E-11,  7.3229E-11,  7.3229E-11,  7.3229E-11,  7.3229E-11,  7.3229E-11,  7.3229E-11,  7.3229E-11,  7.3229E-11,  7.3229E-11,  7.3229E-11,  7.3229E-11,  7.3229E-11,  7.3229E-11,  7.3229E-11,  7.3229E-11,  7.3229E-11,  7.3229E-11,  7.3229E-11,  7.3229E-11,  7.3229E-11,  7.3229E-11
  9.0000E+04,  8.8407E-01,  4.6486E-02,  2.3247E-04,  7.6720E-05,  1.5419E-04,  1.2750E-03,  2.0968E-04,  1.4547E-03,  1.1391E-05,  1.9580E-04,  2.3134E-05,  3.0525E-04,  3.7130E-05,  2.7098E-04,  4.3113E-06,  4.6758E-05,  3.8801E-06,  1.1344E-05,  6.0228E-06,  3.4532E-05,  3.6283E-06,  9.7415E-06,  5.5910E-06,  1.4158E-05,  1.5379E-05,  2.4215E-04,  9.9339E-07,  1.2294E-05,  1.4646E-06,  1.4646E-06,  1.4646E-06,  1.4646E-06,  1.4646E-06,  1.4646E-06,  1.4646E-06,  1.4646E-06,  1.4646E-06,  1.4646E-06,  1.4646E-06,  1.4646E-06,  1.4646E-06,  1.4646E-06,  1.4646E-06,  1.4646E-06,  1.4646E-06,  1.4646E-06,  1.4646E-06,  1.4646E-06,  1.4646E-06,  1.4646E-06,  1.4646E-06,  1.4646E-06,  1.4646E-06,  1.4646E-06,  1.4646E-06,  1.4646E-06,  1.4646E-06,  1.4646E-06,  1.4646E-06,  1.4646E-06,  1.4646E-06,  1.4646E-06,  1.4646E-06,  1.4646E-06,  1.4646E-06,  1.4646E-06,  1.4646E-06,  1.4646E-06,  1.4646E-06,  1.4646E-06,  1.4646E-06,  1.4646E-06,  1.4646E-06,  1.4646E-06,  1.4646E-06,  1.4646E-06,  1.4646E-06,  1.4646E-06,  1.4646E-06,  1.4646E-06,  1.4646E-06,  1.4646E-06,  1.4646E-06,  1.4646E-06,  1.4646E-06,  1.4646E-06,  1.4646E-06,  1.4646E-06,  1.4646E-06,  1.4646E-06,  1.4646E-06,  1.4646E-06,  5.8766E-05,  3.0935E-06,  1.5392E-08,  5.1868E-09,  1.0533E-08,  8.4849E-08,  1.4174E-08,  9.6307E-08,  7.7816E-10,  1.3031E-08,  1.5639E-09,  2.0208E-08,  2.4840E-09,  1.7846E-08,  2.9297E-10,  3.0955E-09,  2.6505E-10,  7.6693E-10,  4.1142E-10,  2.2981E-09,  2.4529E-10,  6.6203E-10,  3.7799E-10,  9.5219E-10,  1.0182E-09,  1.5866E-08,  6.6115E-11,  8.0551E-10,  7.3229E-11,  7.3229E-11,  7.3229E-11,  7.3229E-11,  7.3229E-11,  7.3229E-11,  7.3229E-11,  7.3229E-11,  7.3229E-11,  7.3229E-11,  7.3229E-11,  7.3229E-11,  7.3229E-11,  7.3229E-11,  7.3229E-11,  7.3229E-11,  7.3229E-11,  7.3229E-11,  7.3229E-11,  7.3229E-11,  7.3229E-11,  7.3229E-11,  7.3229E-11,  7.3229E-11,  7.3229E-11,  7.3229E-11,  7.3229E-11,  7.3229E-11,  7.3229E-11,  7.3229E-11,  7.3229E-11,  7.3229E-11,  7.3229E-11,  7.3229E-11,  7.3229E-11,  7.3229E-11,  7.3229E-11,  7.3229E-11,  7.3229E-11,  7.3229E-11,  7.3229E-11,  7.3229E-11,  7.3229E-11,  7.3229E-11,  7.3229E-11,  7.3229E-11,  7.3229E-11,  7.3229E-11,  7.3229E-11,  7.3229E-11,  7.3229E-11,  7.3229E-11,  7.3229E-11,  7.3229E-11,  7.3229E-11,  7.3229E-11,  7.3229E-11,  7.3229E-11,  7.3229E-11,  7.3229E-11,  7.3229E-11,  7.3229E-11,  7.3229E-11,  7.3229E-11
  1.0000E+05,  3.6923E-01,  1.9397E-02,  9.7394E-05,  3.1606E-05,  6.2976E-05,  5.3203E-04,  8.6392E-05,  6.0951E-04,  4.6523E-06,  8.1695E-05,  9.5311E-06,  1.2789E-04,  1.5427E-05,  1.1400E-04,  1.7686E-06,  1.9591E-05,  1.5848E-06,  4.6734E-06,  2.4600E-06,  1.4408E-05,  1.4948E-06,  3.9960E-06,  2.3033E-06,  5.8576E-06,  6.4435E-06,  1.0229E-04,  4.1447E-07,  5.1932E-06,  7.3229E-07,  7.3229E-07,  7.3229E-07,  7.3229E-07,  7.3229E-07,  7.3229E-07,  7.3229E-07,  7.3229E-07,  7.3229E-07,  7.3229E-07,  7.3229E-07,  7.3229E-07,  7.3229E-07,  7.3229E-07,  7.3229E-07,  7.3229E-07,  7.3229E-07,  7.3229E-07,  7.3229E-07,  7.3229E-07,  7.3229E-07,  7.3229E-07,  7.3229E-07,  7.3229E-07,  7.3229E-07,  7.3229E-07,  7.3229E-07,  7.3229E-07,  7.3229E-07,  7.3229E-07,  7.3229E-07,  7.3229E-07,  7.3229E-07,  7.3229E-07,  7.3229E-07,  7.3229E-07,  7.3229E-07,  7.3229E-07,  7.3229E-07,  7.3229E-07,  7.3229E-07,  7.3229E-07,  7.3229E-07,  7.3229E-07,  7.3229E-07,  7.3229E-07,  7.3229E-07,  7.3229E-07,  7.3229E-07,  7.3229E-07,  7.3229E-07,  7.3229E-07,  7.3229E-07,  7.3229E-07,  7.3229E-07,  7.3229E-07,  7.3229E-07,  7.3229E-07,  7.3229E-07,  7.3229E-07,  7.3229E-07,  7.3229E-07,  7.3229E-07,  7.3229E-07,  4.4204E-05,  2.3243E-06,  1.1624E-08,  3.8360E-09,  7.7095E-09,  6.3751E-08,  1.0484E-08,  7.2737E-08,  5.6954E-10,  9.7899E-09,  1.1567E-09,  1.5262E-08,  1.8565E-09,  1.3549E-08,  2.1556E-10,  2.3379E-09,  1.9400E-10,  5.6721E-10,  3.0114E-10,  1.7266E-09,  1.8142E-10,  4.8707E-10,  2.7955E-10,  7.0790E-10,  7.6897E-10,  1.2108E-08,  4.9670E-11,  6.1472E-10,  7.3229E-11,  7.3229E-11,  7.3229E-11,  7.3229E-11,  7.3229E-11,  7.3229E-11,  7.3229E-11,  7.3229E-11,  7.3229E-11,  7.3229E-11,  7.3229E-11,  7.3229E-11,  7.3229E-11,  7.3229E-11,  7.3229E-11,  7.3229E-11,  7.3229E-11,  7.3229E-11,  7.3229E-11,  7.3229E-11,  7.3229E-11,  7.3229E-11,  7.3229E-11,  7.3229E-11,  7.3229E-11,  7.3229E-11,  7.3229E-11,  7.3229E-11,  7.3229E-11,  7.3229E-11,  7.3229E-11,  7.3229E-11,  7.3229E-11,  7.3229E-11,  7.3229E-11,  7.3229E-11,  7.3229E-11,  7.3229E-11,  7.3229E-11,  7.3229E-11,  7.3229E-11,  7.3229E-11,  7.3229E-11,  7.3229E-11,  7.3229E-11,  7.3229E-11,  7.3229E-11,  7.3229E-11,  7.3229E-11,  7.3229E-11,  7.3229E-11,  7.3229E-11,  7.3229E-11,  7.3229E-11,  7.3229E-11,  7.3229E-11,  7.3229E-11,  7.3229E-11,  7.3229E-11,  7.3229E-11,  7.3229E-11,  7.3229E-11,  7.3229E-11,  7.3229E-11
'End of File'
