'*',    39,     1,    18,    14,     5,     5,    75,     1
'SPENVIS 4.6.13.3554          - 18-Sep-2025 21:12:09'
'PRJ_DEF', -1,'RADFX2'
'PRJ_HDR', -1,'IU ME RADFX Unit 2 HW2 P1'
'MOD_ABB', -1,'FLA'
'MIS_PLA',  1,    3,' '
'MIS_NTR',  1,    1,' '
'MIS_STA',  1,  27759.00000000,' '
'MIS_END',  1,  28489.00000000,' '
'MIS_DUR',  1, 7.300000E+02,'days'
'FLA_IEL',  1,  1,' '
'FLA_JEL',  1, 92,' '
'FLA_MOD', -1,'CREME96 (worst day)'
'FLA_OMN',  1, 0, ' '
'FLA_ABS', -1,'Energy'
'FLA_IGC',  1,  1,' '
'FLA_IGV',  1,  1,' '
'FLA_IST',  1,  0,' '
'PLT_HDR', -1,'CREME-96 (worst day): solar protons'
'SPECIES', -1,'proton'
'PS Annotation',  8,  1
'Mission start: 01/01/2026 00:00:00'
 0.05, 0.00, 0.00
'Mission end: 01/01/2028 00:00:00'
 0.95, 0.00, 1.00
'Nr. of segments:   1'
 0.05, 1.50, 0.00
'Duration: 730.00 days'
 0.95, 0.00, 1.00
'PS Annotation',  4,  0
'Solar particle model: CREME-96 (worst day)'
 0.05, 2.00, 0.00
'Magnetic shielding:    quiet magnetosphere'
 0.10, 1.50, 0.00
'Energy','MeV', 1,'Energy'
'IFlux','m!u-2!n sr!u-1!n s!u-1!n', 1,'Integral Flux'
'DFlux','m!u-2!n sr!u-1!n s!u-1!n MeV!u-1!n', 1,'Differential Flux'
'Attenuation',' ', 1,'Orbit Averaged Proton Attenuation Factor'
'Exposure','hrs', 1,'Proton Exposure Time'
  1.0000E-01,  9.3042E+06,  2.3329E+07, 0.0061, 6.3333E+00
  1.1000E-01,  9.0823E+06,  2.1061E+07, 0.0061, 6.3333E+00
  1.2000E-01,  8.8811E+06,  1.9184E+07, 0.0061, 6.3333E+00
  1.4000E-01,  8.5266E+06,  1.6259E+07, 0.0061, 6.3333E+00
  1.6000E-01,  8.2232E+06,  1.4088E+07, 0.0061, 6.3333E+00
  1.8000E-01,  7.9581E+06,  1.2416E+07, 0.0061, 6.3333E+00
  2.0000E-01,  7.7231E+06,  1.1088E+07, 0.0061, 6.3333E+00
  2.2000E-01,  7.5121E+06,  1.0010E+07, 0.0061, 6.3333E+00
  2.5000E-01,  7.2310E+06,  8.7273E+06, 0.0061, 6.3333E+00
  2.8000E-01,  6.9842E+06,  7.7280E+06, 0.0061, 6.3333E+00
  3.2000E-01,  6.6957E+06,  6.6964E+06, 0.0061, 6.3333E+00
  3.5000E-01,  6.5040E+06,  6.0824E+06, 0.0061, 6.3333E+00
  4.0000E-01,  6.2202E+06,  5.2705E+06, 0.0061, 6.3333E+00
  4.5000E-01,  5.9723E+06,  4.6447E+06, 0.0061, 6.3333E+00
  5.0000E-01,  5.7525E+06,  4.1482E+06, 0.0061, 6.3333E+00
  5.5000E-01,  5.5552E+06,  3.7449E+06, 0.0061, 6.3333E+00
  6.3000E-01,  5.2759E+06,  3.2371E+06, 0.0061, 6.3333E+00
  7.1000E-01,  5.0325E+06,  2.8474E+06, 0.0061, 6.3333E+00
  8.0000E-01,  4.7917E+06,  2.5051E+06, 0.0061, 6.3333E+00
  9.0000E-01,  4.5560E+06,  2.2077E+06, 0.0061, 6.3333E+00
  1.0000E+00,  4.3471E+06,  1.9717E+06, 0.0061, 6.3333E+00
  1.1000E+00,  4.1595E+06,  1.7800E+06, 0.0061, 6.3333E+00
  1.2000E+00,  3.9894E+06,  1.6213E+06, 0.0061, 6.3333E+00
  1.4000E+00,  3.6899E+06,  1.3741E+06, 0.0061, 6.3333E+00
  1.6000E+00,  3.4334E+06,  1.1907E+06, 0.0061, 6.3333E+00
  1.8000E+00,  3.2094E+06,  1.0493E+06, 0.0061, 6.3333E+00
  2.0000E+00,  3.0107E+06,  9.3715E+05, 0.0061, 6.3333E+00
  2.2000E+00,  2.8337E+06,  8.3322E+05, 0.0061, 6.3333E+00
  2.5000E+00,  2.6020E+06,  7.1169E+05, 0.0061, 6.3333E+00
  2.8000E+00,  2.4024E+06,  6.1885E+05, 0.0061, 6.3333E+00
  3.2000E+00,  2.1745E+06,  5.2069E+05, 0.0061, 6.3333E+00
  3.5000E+00,  2.0272E+06,  4.6104E+05, 0.0061, 6.3333E+00
  4.0000E+00,  1.8158E+06,  3.8460E+05, 0.0061, 6.3333E+00
  4.5000E+00,  1.6386E+06,  3.2410E+05, 0.0061, 6.3333E+00
  5.0000E+00,  1.4881E+06,  2.7810E+05, 0.0061, 6.3333E+00
  5.5000E+00,  1.3586E+06,  2.3973E+05, 0.0061, 6.3333E+00
  6.3000E+00,  1.1854E+06,  1.9343E+05, 0.0061, 6.3333E+00
  7.1000E+00,  1.0443E+06,  1.5924E+05, 0.0061, 6.3333E+00
  8.0000E+00,  9.1403E+05,  1.3023E+05, 0.0061, 6.3333E+00
  9.0000E+00,  7.9598E+05,  1.0589E+05, 0.0061, 6.3333E+00
  1.0000E+01,  6.9922E+05,  8.7630E+04, 0.0061, 6.3333E+00
  1.1000E+01,  6.1938E+05,  7.2056E+04, 0.0061, 6.3333E+00
  1.2000E+01,  5.5321E+05,  6.0268E+04, 0.0061, 6.3333E+00
  1.4000E+01,  4.4903E+05,  4.3918E+04, 0.0061, 6.3333E+00
  1.6000E+01,  3.7172E+05,  3.3387E+04, 0.0061, 6.3333E+00
  1.8000E+01,  3.1212E+05,  2.6216E+04, 0.0061, 6.3333E+00
  2.0000E+01,  2.6479E+05,  2.1116E+04, 0.0061, 6.3333E+00
  2.2000E+01,  2.2688E+05,  1.6795E+04, 0.0061, 6.3333E+00
  2.5000E+01,  1.8315E+05,  1.2354E+04, 0.0061, 6.3333E+00
  2.8000E+01,  1.5051E+05,  9.4090E+03, 0.0061, 6.3333E+00
  3.2000E+01,  1.1823E+05,  6.7305E+03, 0.0061, 6.3333E+00
  3.5000E+01,  1.0015E+05,  5.3207E+03, 0.0061, 6.3333E+00
  4.0000E+01,  7.7482E+04,  3.7486E+03, 0.0061, 6.3333E+00
  4.5000E+01,  6.1380E+04,  2.6921E+03, 0.0061, 6.3333E+00
  5.0000E+01,  4.9644E+04,  2.0021E+03, 0.0061, 6.3333E+00
  5.5000E+01,  4.0862E+04,  1.5108E+03, 0.0061, 6.3333E+00
  6.3000E+01,  3.0802E+04,  1.0042E+03, 0.0061, 6.3333E+00
  7.1000E+01,  2.4015E+04,  6.9257E+02, 0.0061, 6.3333E+00
  8.0000E+01,  1.8757E+04,  4.7588E+02, 0.0061, 6.3333E+00
  9.0000E+01,  1.4756E+04,  3.2435E+02, 0.0061, 6.3333E+00
  1.0000E+02,  1.1993E+04,  2.2820E+02, 0.0061, 6.3333E+00
  1.1000E+02,  1.0038E+04,  1.6282E+02, 0.0061, 6.3333E+00
  1.2000E+02,  8.6253E+03,  1.1964E+02, 0.0061, 6.3333E+00
  1.4000E+02,  6.7358E+03,  6.9306E+01, 0.0061, 6.3333E+00
  1.6000E+02,  5.5771E+03,  4.6572E+01, 0.0066, 8.2500E+00
  1.8000E+02,  4.7244E+03,  3.8699E+01, 0.0083, 1.0600E+01
  2.0000E+02,  4.0092E+03,  3.2811E+01, 0.0102, 1.2533E+01
  2.2000E+02,  3.4131E+03,  2.6805E+01, 0.0119, 1.4417E+01
  2.5000E+02,  2.7056E+03,  2.0358E+01, 0.0146, 1.8800E+01
  2.8000E+02,  2.1505E+03,  1.6651E+01, 0.0183, 2.3783E+01
  3.2000E+02,  1.5577E+03,  1.2991E+01, 0.0237, 2.9900E+01
  3.5000E+02,  1.2025E+03,  1.0683E+01, 0.0275, 3.4100E+01
  4.0000E+02,  7.4191E+02,  7.7424E+00, 0.0334, 4.0617E+01
  4.5000E+02,  4.0951E+02,  5.5536E+00, 0.0388, 4.7183E+01
  5.0000E+02,  1.6829E+02,  4.0951E+00, 0.0441, 5.3417E+01
'End of Block'
'*',    37,     1,    18,    14,     3,   185,    75,     0
'SPENVIS 4.6.13.3554          - 18-Sep-2025 21:12:09'
'PRJ_DEF', -1,'RADFX2'
'PRJ_HDR', -1,'IU ME RADFX Unit 2 HW2 P1'
'MOD_ABB', -1,'FLA'
'MIS_PLA',  1,    3,' '
'MIS_NTR',  1,    1,' '
'MIS_STA',  1,  27759.00000000,' '
'MIS_END',  1,  28489.00000000,' '
'MIS_DUR',  1, 7.300000E+02,'days'
'FLA_IEL',  1,  1,' '
'FLA_JEL',  1, 92,' '
'FLA_MOD', -1,'CREME96 (worst day)'
'FLA_OMN',  1, 0, ' '
'FLA_ABS', -1,'Energy'
'FLA_IGC',  1,  1,' '
'FLA_IGV',  1,  1,' '
'FLA_IST',  1,  0,' '
'PLT_HDR', -1,'CREME-96 (worst day): solar ions'
'SPECIES',-92,'H ','He','Li','Be','B ','C ','N ','O ','F ','Ne','Na','Mg','Al','Si','P ','S ','Cl','Ar','K ','Ca','Sc','Ti','V ','Cr','Mn','Fe','Co','Ni','Cu','Zn','Ga','Ge','As','Se','Br','Kr','Rb','Sr','Y ','Zr','Nb','Mo','Tc','Ru','Rh','Pd','Ag','Cd','In','Sn','Sb','Te','I ','Xe','Cs','Ba','La','Ce','Pr','Nd','Pm','Sm','Eu','Gd','Tb','Dy','Ho','Er','Tm','Yb','Lu','Hf','Ta','W ','Re','Os','Ir','Pt','Au','Hg','Tl','Pb','Bi','Po','At','Rn','Fr','Ra','Ac','Th','Pa','U '
'PS Annotation',  8,  1
'Mission start: 01/01/2026 00:00:00'
 0.05, 0.00, 0.00
'Mission end: 01/01/2028 00:00:00'
 0.95, 0.00, 1.00
'Nr. of segments:   1'
 0.05, 1.50, 0.00
'Duration: 730.00 days'
 0.95, 0.00, 1.00
'PS Annotation',  4,  0
'Solar particle model: CREME-96 (worst day)'
 0.05, 2.00, 0.00
'Magnetic shielding:    quiet magnetosphere'
 0.10, 1.50, 0.00
'Energy','MeV/nuc', 1,'Energy'
'IFlux','m!u-2!n sr!u-1!n s!u-1!n', 92,'Integral Flux of ','SPECIES'
'DFlux','m!u-2!n sr!u-1!n s!u-1!n (MeV/nuc)!u-1!n', 92,'Differential Flux of ','SPECIES'
  1.0000E-01,  9.3042E+06,  3.7011E+05,  0.0000E+00,  0.0000E+00,  0.0000E+00,  3.5506E+03,  9.1122E+02,  7.6491E+03,  1.3334E-01,  6.2299E+02,  5.1008E+01,  6.0287E+02,  5.3406E+01,  1.0504E+03,  6.6644E-01,  2.8524E+02,  4.9129E-01,  5.1806E+00,  1.0655E+00,  3.6914E+02,  8.5639E-01,  1.2799E+01,  1.1955E+00,  4.8246E+01,  1.6449E+01,  2.9239E+03,  3.8102E+01,  9.2738E+01,  8.9129E-01,  2.1805E+00,  1.4266E-01,  3.5682E-01,  2.1401E-02,  2.1405E-01,  2.8536E-02,  1.4270E-01,  2.1404E-02,  7.1343E-02,  1.4268E-02,  3.5684E-02,  2.8534E-03,  1.4268E-02,  0.0000E+00,  6.4204E-03,  1.4268E-03,  4.2795E-03,  1.4268E-03,  4.9939E-03,  6.4215E-04,  1.4272E-02,  9.9923E-04,  2.1416E-02,  4.2807E-03,  1.9271E-02,  1.4275E-03,  1.4277E-02,  1.4276E-03,  3.5701E-03,  5.7087E-04,  2.8548E-03,  0.0000E+00,  7.1376E-04,  2.8549E-04,  1.4278E-03,  2.1415E-04,  1.4278E-03,  2.8555E-04,  7.1387E-04,  1.4277E-04,  6.4250E-04,  1.4278E-04,  5.7110E-04,  6.4252E-05,  7.1396E-04,  1.4279E-04,  2.1421E-03,  2.1420E-03,  4.2828E-03,  7.1399E-04,  7.1404E-04,  6.4267E-04,  7.1411E-03,  4.2832E-04,  0.0000E+00,  0.0000E+00,  0.0000E+00,  0.0000E+00,  0.0000E+00,  0.0000E+00,  1.4287E-04,  0.0000E+00,  8.5732E-05,  2.3329E+07,  1.5243E+06,  0.0000E+00,  0.0000E+00,  0.0000E+00,  1.4605E+04,  3.7484E+03,  3.2065E+04,  5.4968E-01,  2.5686E+03,  2.1028E+02,  2.4856E+03,  2.2017E+02,  4.3309E+03,  2.7475E+00,  1.1761E+03,  2.0254E+00,  2.1351E+01,  4.3927E+00,  1.5474E+03,  3.5301E+00,  5.2753E+01,  4.9270E+00,  1.9886E+02,  6.7795E+01,  1.2052E+04,  1.5705E+02,  3.8231E+02,  3.6736E+00,  8.9875E+00,  5.8792E-01,  1.4704E+00,  8.8187E-02,  8.8187E-01,  1.1758E-01,  5.8792E-01,  8.8187E-02,  2.9395E-01,  5.8792E-02,  1.4704E-01,  1.1758E-02,  5.8792E-02,  0.0000E+00,  2.6455E-02,  5.8792E-03,  1.7632E-02,  5.8792E-03,  2.0574E-02,  2.6455E-03,  5.8792E-02,  4.1159E-03,  8.8187E-02,  1.7632E-02,  7.9365E-02,  5.8792E-03,  5.8792E-02,  5.8792E-03,  1.4704E-02,  2.3514E-03,  1.1758E-02,  0.0000E+00,  2.9395E-03,  1.1758E-03,  5.8792E-03,  8.8187E-04,  5.8792E-03,  1.1758E-03,  2.9395E-03,  5.8792E-04,  2.6455E-03,  5.8792E-04,  2.3514E-03,  2.6455E-04,  2.9395E-03,  5.8792E-04,  8.8187E-03,  8.8187E-03,  1.7632E-02,  2.9395E-03,  2.9395E-03,  2.6455E-03,  2.9395E-02,  1.7632E-03,  0.0000E+00,  0.0000E+00,  0.0000E+00,  0.0000E+00,  0.0000E+00,  0.0000E+00,  5.8792E-04,  0.0000E+00,  3.5278E-04
  1.1000E-01,  9.0823E+06,  3.5576E+05,  0.0000E+00,  0.0000E+00,  0.0000E+00,  3.4131E+03,  8.7593E+02,  7.3474E+03,  1.2817E-01,  5.9881E+02,  4.9028E+01,  5.7947E+02,  5.1333E+01,  1.0096E+03,  6.4057E-01,  2.7417E+02,  4.7222E-01,  4.9796E+00,  1.0241E+00,  3.5457E+02,  8.2316E-01,  1.2302E+01,  1.1491E+00,  4.6373E+01,  1.5810E+01,  2.8104E+03,  3.6623E+01,  8.9138E+01,  8.5670E-01,  2.0959E+00,  1.3713E-01,  3.4298E-01,  2.0571E-02,  2.0574E-01,  2.7428E-02,  1.3716E-01,  2.0573E-02,  6.8576E-02,  1.3714E-02,  3.4299E-02,  2.7427E-03,  1.3714E-02,  0.0000E+00,  6.1714E-03,  1.3715E-03,  4.1134E-03,  1.3715E-03,  4.8002E-03,  6.1724E-04,  1.3719E-02,  9.6048E-04,  2.0586E-02,  4.1147E-03,  1.8524E-02,  1.3721E-03,  1.3724E-02,  1.3723E-03,  3.4317E-03,  5.4873E-04,  2.7441E-03,  0.0000E+00,  6.8608E-04,  2.7442E-04,  1.3724E-03,  2.0585E-04,  1.3724E-03,  2.7448E-04,  6.8620E-04,  1.3723E-04,  6.1759E-04,  1.3725E-04,  5.4896E-04,  6.1761E-05,  6.8628E-04,  1.3726E-04,  2.0591E-03,  2.0590E-03,  4.1168E-03,  6.8631E-04,  6.8636E-04,  6.1776E-04,  6.8644E-03,  4.1172E-04,  0.0000E+00,  0.0000E+00,  0.0000E+00,  0.0000E+00,  0.0000E+00,  0.0000E+00,  1.3733E-04,  0.0000E+00,  8.2411E-05,  2.1061E+07,  1.3464E+06,  0.0000E+00,  0.0000E+00,  0.0000E+00,  1.2902E+04,  3.3112E+03,  2.8292E+04,  4.8539E-01,  2.2681E+03,  1.8568E+02,  2.1949E+03,  1.9442E+02,  3.8244E+03,  2.4261E+00,  1.0385E+03,  1.7885E+00,  1.8854E+01,  3.8789E+00,  1.3653E+03,  3.1172E+00,  4.6583E+01,  4.3507E+00,  1.7560E+02,  5.9865E+01,  1.0643E+04,  1.3868E+02,  3.3759E+02,  3.2439E+00,  7.9362E+00,  5.1915E-01,  1.2984E+00,  7.7873E-02,  7.7873E-01,  1.0383E-01,  5.1915E-01,  7.7873E-02,  2.5957E-01,  5.1915E-02,  1.2984E-01,  1.0383E-02,  5.1915E-02,  0.0000E+00,  2.3361E-02,  5.1915E-03,  1.5570E-02,  5.1915E-03,  1.8167E-02,  2.3361E-03,  5.1915E-02,  3.6345E-03,  7.7873E-02,  1.5570E-02,  7.0082E-02,  5.1915E-03,  5.1915E-02,  5.1915E-03,  1.2984E-02,  2.0764E-03,  1.0383E-02,  0.0000E+00,  2.5957E-03,  1.0383E-03,  5.1915E-03,  7.7873E-04,  5.1915E-03,  1.0383E-03,  2.5957E-03,  5.1915E-04,  2.3361E-03,  5.1915E-04,  2.0764E-03,  2.3361E-04,  2.5957E-03,  5.1915E-04,  7.7873E-03,  7.7873E-03,  1.5570E-02,  2.5957E-03,  2.5957E-03,  2.3361E-03,  2.5957E-02,  1.5570E-03,  0.0000E+00,  0.0000E+00,  0.0000E+00,  0.0000E+00,  0.0000E+00,  0.0000E+00,  5.1915E-04,  0.0000E+00,  3.1151E-04
  1.2000E-01,  8.8811E+06,  3.4301E+05,  0.0000E+00,  0.0000E+00,  0.0000E+00,  3.2910E+03,  8.4459E+02,  7.0797E+03,  1.2357E-01,  5.7734E+02,  4.7271E+01,  5.5870E+02,  4.9493E+01,  9.7344E+02,  6.1761E-01,  2.6434E+02,  4.5530E-01,  4.8011E+00,  9.8741E-01,  3.4166E+02,  7.9366E-01,  1.1861E+01,  1.1079E+00,  4.4712E+01,  1.5244E+01,  2.7097E+03,  3.5311E+01,  8.5943E+01,  8.2600E-01,  2.0208E+00,  1.3222E-01,  3.3069E-01,  1.9834E-02,  1.9837E-01,  2.6446E-02,  1.3225E-01,  1.9836E-02,  6.6119E-02,  1.3223E-02,  3.3071E-02,  2.6444E-03,  1.3223E-02,  0.0000E+00,  5.9503E-03,  1.3223E-03,  3.9661E-03,  1.3224E-03,  4.6283E-03,  5.9513E-04,  1.3228E-02,  9.2608E-04,  1.9849E-02,  3.9674E-03,  1.7861E-02,  1.3230E-03,  1.3232E-02,  1.3231E-03,  3.3088E-03,  5.2908E-04,  2.6458E-03,  0.0000E+00,  6.6152E-04,  2.6459E-04,  1.3233E-03,  1.9848E-04,  1.3233E-03,  2.6466E-04,  6.6163E-04,  1.3232E-04,  5.9548E-04,  1.3233E-04,  5.2931E-04,  5.9550E-05,  6.6172E-04,  1.3234E-04,  1.9854E-03,  1.9853E-03,  3.9695E-03,  6.6175E-04,  6.6180E-04,  5.9565E-04,  6.6187E-03,  3.9699E-04,  0.0000E+00,  0.0000E+00,  0.0000E+00,  0.0000E+00,  0.0000E+00,  0.0000E+00,  1.3242E-04,  0.0000E+00,  7.9463E-05,  1.9184E+07,  1.2022E+06,  0.0000E+00,  0.0000E+00,  0.0000E+00,  1.1521E+04,  2.9568E+03,  2.5236E+04,  4.3328E-01,  2.0246E+03,  1.6575E+02,  1.9593E+03,  1.7355E+02,  3.4138E+03,  2.1657E+00,  9.2703E+02,  1.5965E+00,  1.6830E+01,  3.4625E+00,  1.2179E+03,  2.7826E+00,  4.1582E+01,  3.8837E+00,  1.5675E+02,  5.3439E+01,  9.5001E+03,  1.2379E+02,  3.0135E+02,  2.8957E+00,  7.0843E+00,  4.6342E-01,  1.1590E+00,  6.9513E-02,  6.9513E-01,  9.2684E-02,  4.6342E-01,  6.9513E-02,  2.3171E-01,  4.6342E-02,  1.1590E-01,  9.2684E-03,  4.6342E-02,  0.0000E+00,  2.0853E-02,  4.6342E-03,  1.3898E-02,  4.6342E-03,  1.6217E-02,  2.0853E-03,  4.6342E-02,  3.2443E-03,  6.9513E-02,  1.3898E-02,  6.2558E-02,  4.6342E-03,  4.6342E-02,  4.6342E-03,  1.1590E-02,  1.8535E-03,  9.2684E-03,  0.0000E+00,  2.3171E-03,  9.2684E-04,  4.6342E-03,  6.9513E-04,  4.6342E-03,  9.2684E-04,  2.3171E-03,  4.6342E-04,  2.0853E-03,  4.6342E-04,  1.8535E-03,  2.0853E-04,  2.3171E-03,  4.6342E-04,  6.9513E-03,  6.9513E-03,  1.3898E-02,  2.3171E-03,  2.3171E-03,  2.0853E-03,  2.3171E-02,  1.3898E-03,  0.0000E+00,  0.0000E+00,  0.0000E+00,  0.0000E+00,  0.0000E+00,  0.0000E+00,  4.6342E-04,  0.0000E+00,  2.7807E-04
  1.4000E-01,  8.5266E+06,  3.2115E+05,  0.0000E+00,  0.0000E+00,  0.0000E+00,  3.0815E+03,  7.9082E+02,  6.6213E+03,  1.1570E-01,  5.4054E+02,  4.4258E+01,  5.2309E+02,  4.6338E+01,  9.1139E+02,  5.7825E-01,  2.4749E+02,  4.2628E-01,  4.4952E+00,  9.2447E-01,  3.1953E+02,  7.4308E-01,  1.1105E+01,  1.0373E+00,  4.1862E+01,  1.4273E+01,  2.5370E+03,  3.3061E+01,  8.0466E+01,  7.7337E-01,  1.8920E+00,  1.2379E-01,  3.0962E-01,  1.8570E-02,  1.8574E-01,  2.4761E-02,  1.2383E-01,  1.8573E-02,  6.1907E-02,  1.2381E-02,  3.0964E-02,  2.4760E-03,  1.2381E-02,  0.0000E+00,  5.5712E-03,  1.2381E-03,  3.7135E-03,  1.2381E-03,  4.3335E-03,  5.5723E-04,  1.2385E-02,  8.6711E-04,  1.8585E-02,  3.7147E-03,  1.6724E-02,  1.2388E-03,  1.2390E-02,  1.2389E-03,  3.0981E-03,  4.9539E-04,  2.4774E-03,  0.0000E+00,  6.1940E-04,  2.4775E-04,  1.2390E-03,  1.8584E-04,  1.2391E-03,  2.4781E-04,  6.1951E-04,  1.2390E-04,  5.5758E-04,  1.2391E-04,  4.9562E-04,  5.5760E-05,  6.1960E-04,  1.2392E-04,  1.8590E-03,  1.8589E-03,  3.7169E-03,  6.1963E-04,  6.1968E-04,  5.5775E-04,  6.1975E-03,  3.7172E-04,  0.0000E+00,  0.0000E+00,  0.0000E+00,  0.0000E+00,  0.0000E+00,  0.0000E+00,  1.2400E-04,  0.0000E+00,  7.4408E-05,  1.6259E+07,  9.8362E+05,  0.0000E+00,  0.0000E+00,  0.0000E+00,  9.4274E+03,  2.4195E+03,  2.0610E+04,  3.5432E-01,  1.6557E+03,  1.3554E+02,  1.6022E+03,  1.4192E+02,  2.7917E+03,  1.7710E+00,  7.5809E+02,  1.3055E+00,  1.3763E+01,  2.8315E+00,  9.9464E+02,  2.2755E+00,  3.4004E+01,  3.1759E+00,  1.2818E+02,  4.3700E+01,  7.7689E+03,  1.0123E+02,  2.4643E+02,  2.3680E+00,  5.7933E+00,  3.7897E-01,  9.4780E-01,  5.6845E-02,  5.6845E-01,  7.5793E-02,  3.7897E-01,  5.6845E-02,  1.8948E-01,  3.7897E-02,  9.4780E-02,  7.5793E-03,  3.7897E-02,  0.0000E+00,  1.7053E-02,  3.7897E-03,  1.1366E-02,  3.7897E-03,  1.3262E-02,  1.7053E-03,  3.7897E-02,  2.6531E-03,  5.6845E-02,  1.1366E-02,  5.1158E-02,  3.7897E-03,  3.7897E-02,  3.7897E-03,  9.4780E-03,  1.5157E-03,  7.5793E-03,  0.0000E+00,  1.8948E-03,  7.5793E-04,  3.7897E-03,  5.6845E-04,  3.7897E-03,  7.5793E-04,  1.8948E-03,  3.7897E-04,  1.7053E-03,  3.7897E-04,  1.5157E-03,  1.7053E-04,  1.8948E-03,  3.7897E-04,  5.6845E-03,  5.6845E-03,  1.1366E-02,  1.8948E-03,  1.8948E-03,  1.7053E-03,  1.8948E-02,  1.1366E-03,  0.0000E+00,  0.0000E+00,  0.0000E+00,  0.0000E+00,  0.0000E+00,  0.0000E+00,  3.7897E-04,  0.0000E+00,  2.2740E-04
  1.6000E-01,  8.2232E+06,  3.0305E+05,  0.0000E+00,  0.0000E+00,  0.0000E+00,  2.9080E+03,  7.4629E+02,  6.2422E+03,  1.0918E-01,  5.1007E+02,  4.1764E+01,  4.9361E+02,  4.3727E+01,  8.6002E+02,  5.4566E-01,  2.3354E+02,  4.0226E-01,  4.2420E+00,  8.7237E-01,  3.0124E+02,  7.0121E-01,  1.0480E+01,  9.7888E-01,  3.9503E+01,  1.3468E+01,  2.3940E+03,  3.1198E+01,  7.5931E+01,  7.2980E-01,  1.7854E+00,  1.1682E-01,  2.9218E-01,  1.7524E-02,  1.7528E-01,  2.3366E-02,  1.1685E-01,  1.7527E-02,  5.8421E-02,  1.1683E-02,  2.9220E-02,  2.3365E-03,  1.1683E-02,  0.0000E+00,  5.2575E-03,  1.1684E-03,  3.5043E-03,  1.1684E-03,  4.0895E-03,  5.2585E-04,  1.1688E-02,  8.1829E-04,  1.7539E-02,  3.5056E-03,  1.5782E-02,  1.1690E-03,  1.1693E-02,  1.1692E-03,  2.9237E-03,  4.6750E-04,  2.3379E-03,  0.0000E+00,  5.8454E-04,  2.3380E-04,  1.1693E-03,  1.7538E-04,  1.1693E-03,  2.3386E-04,  5.8465E-04,  1.1692E-04,  5.2620E-04,  1.1694E-04,  4.6773E-04,  5.2622E-05,  5.8473E-04,  1.1695E-04,  1.7544E-03,  1.7543E-03,  3.5077E-03,  5.8476E-04,  5.8481E-04,  5.2637E-04,  5.8489E-03,  3.5081E-04,  0.0000E+00,  0.0000E+00,  0.0000E+00,  0.0000E+00,  0.0000E+00,  0.0000E+00,  1.1702E-04,  0.0000E+00,  7.0224E-05,  1.4088E+07,  8.2667E+05,  0.0000E+00,  0.0000E+00,  0.0000E+00,  7.9239E+03,  2.0337E+03,  1.7295E+04,  2.9765E-01,  1.3909E+03,  1.1387E+02,  1.3460E+03,  1.1922E+02,  2.3452E+03,  1.4878E+00,  6.3684E+02,  1.0967E+00,  1.1562E+01,  2.3786E+00,  8.3463E+02,  1.9116E+00,  2.8566E+01,  2.6680E+00,  1.0768E+02,  3.6711E+01,  6.5264E+03,  8.5041E+01,  2.0702E+02,  1.9892E+00,  4.8667E+00,  3.1836E-01,  7.9622E-01,  4.7754E-02,  4.7754E-01,  6.3671E-02,  3.1836E-01,  4.7754E-02,  1.5918E-01,  3.1836E-02,  7.9622E-02,  6.3671E-03,  3.1836E-02,  0.0000E+00,  1.4325E-02,  3.1836E-03,  9.5478E-03,  3.1836E-03,  1.1141E-02,  1.4325E-03,  3.1836E-02,  2.2288E-03,  4.7754E-02,  9.5478E-03,  4.2976E-02,  3.1836E-03,  3.1836E-02,  3.1836E-03,  7.9622E-03,  1.2733E-03,  6.3671E-03,  0.0000E+00,  1.5918E-03,  6.3671E-04,  3.1836E-03,  4.7754E-04,  3.1836E-03,  6.3671E-04,  1.5918E-03,  3.1836E-04,  1.4325E-03,  3.1836E-04,  1.2733E-03,  1.4325E-04,  1.5918E-03,  3.1836E-04,  4.7754E-03,  4.7754E-03,  9.5478E-03,  1.5918E-03,  1.5918E-03,  1.4325E-03,  1.5918E-02,  9.5478E-04,  0.0000E+00,  0.0000E+00,  0.0000E+00,  0.0000E+00,  0.0000E+00,  0.0000E+00,  3.1836E-04,  0.0000E+00,  1.9103E-04
  1.8000E-01,  7.9581E+06,  2.8769E+05,  0.0000E+00,  0.0000E+00,  0.0000E+00,  2.7608E+03,  7.0851E+02,  5.9211E+03,  1.0365E-01,  4.8424E+02,  3.9648E+01,  4.6860E+02,  4.1512E+01,  8.1646E+02,  5.1802E-01,  2.2171E+02,  3.8189E-01,  4.0272E+00,  8.2818E-01,  2.8575E+02,  6.6570E-01,  9.9490E+00,  9.2932E-01,  3.7503E+01,  1.2787E+01,  2.2728E+03,  2.9619E+01,  7.2086E+01,  6.9284E-01,  1.6950E+00,  1.1091E-01,  2.7739E-01,  1.6637E-02,  1.6641E-01,  2.2184E-02,  1.1094E-01,  1.6640E-02,  5.5464E-02,  1.1092E-02,  2.7741E-02,  2.2182E-03,  1.1092E-02,  0.0000E+00,  4.9914E-03,  1.1092E-03,  3.3270E-03,  1.1093E-03,  3.8825E-03,  4.9924E-04,  1.1097E-02,  7.7689E-04,  1.6652E-02,  3.3283E-03,  1.4984E-02,  1.1099E-03,  1.1101E-02,  1.1100E-03,  2.7758E-03,  4.4385E-04,  2.2196E-03,  0.0000E+00,  5.5497E-04,  2.2197E-04,  1.1102E-03,  1.6651E-04,  1.1102E-03,  2.2204E-04,  5.5508E-04,  1.1101E-04,  4.9959E-04,  1.1102E-04,  4.4408E-04,  4.9961E-05,  5.5517E-04,  1.1103E-04,  1.6657E-03,  1.6656E-03,  3.3304E-03,  5.5520E-04,  5.5525E-04,  4.9976E-04,  5.5532E-03,  3.3308E-04,  0.0000E+00,  0.0000E+00,  0.0000E+00,  0.0000E+00,  0.0000E+00,  0.0000E+00,  1.1111E-04,  0.0000E+00,  6.6675E-05,  1.2416E+07,  7.0915E+05,  0.0000E+00,  0.0000E+00,  0.0000E+00,  6.7981E+03,  1.7447E+03,  1.4816E+04,  2.5524E-01,  1.1927E+03,  9.7641E+01,  1.1542E+03,  1.0223E+02,  2.0111E+03,  1.2758E+00,  5.4610E+02,  9.4046E-01,  9.9142E+00,  2.0397E+00,  7.1500E+02,  1.6392E+00,  2.4496E+01,  2.2878E+00,  9.2340E+01,  3.1480E+01,  5.5964E+03,  7.2923E+01,  1.7752E+02,  1.7058E+00,  4.1733E+00,  2.7300E-01,  6.8276E-01,  4.0949E-02,  4.0949E-01,  5.4599E-02,  2.7300E-01,  4.0949E-02,  1.3650E-01,  2.7300E-02,  6.8276E-02,  5.4599E-03,  2.7300E-02,  0.0000E+00,  1.2284E-02,  2.7300E-03,  8.1874E-03,  2.7300E-03,  9.5533E-03,  1.2284E-03,  2.7300E-02,  1.9112E-03,  4.0949E-02,  8.1874E-03,  3.6853E-02,  2.7300E-03,  2.7300E-02,  2.7300E-03,  6.8276E-03,  1.0919E-03,  5.4599E-03,  0.0000E+00,  1.3650E-03,  5.4599E-04,  2.7300E-03,  4.0949E-04,  2.7300E-03,  5.4599E-04,  1.3650E-03,  2.7300E-04,  1.2284E-03,  2.7300E-04,  1.0919E-03,  1.2284E-04,  1.3650E-03,  2.7300E-04,  4.0949E-03,  4.0949E-03,  8.1874E-03,  1.3650E-03,  1.3650E-03,  1.2284E-03,  1.3650E-02,  8.1874E-04,  0.0000E+00,  0.0000E+00,  0.0000E+00,  0.0000E+00,  0.0000E+00,  0.0000E+00,  2.7300E-04,  0.0000E+00,  1.6381E-04
  2.0000E-01,  7.7231E+06,  2.7442E+05,  0.0000E+00,  0.0000E+00,  0.0000E+00,  2.6335E+03,  6.7585E+02,  5.6439E+03,  9.8872E-02,  4.6192E+02,  3.7821E+01,  4.4700E+02,  3.9599E+01,  7.7882E+02,  4.9415E-01,  2.1149E+02,  3.6428E-01,  3.8417E+00,  7.9001E-01,  2.7237E+02,  6.3502E-01,  9.4906E+00,  8.8651E-01,  3.5775E+01,  1.2197E+01,  2.1681E+03,  2.8254E+01,  6.8763E+01,  6.6092E-01,  1.6169E+00,  1.0580E-01,  2.6462E-01,  1.5871E-02,  1.5874E-01,  2.1162E-02,  1.0583E-01,  1.5873E-02,  5.2909E-02,  1.0581E-02,  2.6463E-02,  2.1160E-03,  1.0581E-02,  0.0000E+00,  4.7615E-03,  1.0581E-03,  3.1738E-03,  1.0582E-03,  3.7038E-03,  4.7625E-04,  1.0586E-02,  7.4112E-04,  1.5886E-02,  3.1750E-03,  1.4294E-02,  1.0588E-03,  1.0590E-02,  1.0589E-03,  2.6481E-03,  4.2341E-04,  2.1174E-03,  0.0000E+00,  5.2942E-04,  2.1175E-04,  1.0591E-03,  1.5885E-04,  1.0591E-03,  2.1182E-04,  5.2954E-04,  1.0590E-04,  4.7660E-04,  1.0591E-04,  4.2364E-04,  4.7662E-05,  5.2962E-04,  1.0592E-04,  1.5891E-03,  1.5890E-03,  3.1771E-03,  5.2965E-04,  5.2970E-04,  4.7677E-04,  5.2978E-03,  3.1775E-04,  0.0000E+00,  0.0000E+00,  0.0000E+00,  0.0000E+00,  0.0000E+00,  0.0000E+00,  1.0600E-04,  0.0000E+00,  6.3610E-05,  1.1088E+07,  6.1825E+05,  0.0000E+00,  0.0000E+00,  0.0000E+00,  5.9273E+03,  1.5212E+03,  1.2901E+04,  2.2245E-01,  1.0395E+03,  8.5097E+01,  1.0059E+03,  8.9100E+01,  1.7527E+03,  1.1119E+00,  4.7594E+02,  8.1964E-01,  8.6405E+00,  1.7777E+00,  6.2259E+02,  1.4286E+00,  2.1349E+01,  1.9939E+00,  8.0477E+01,  2.7436E+01,  4.8774E+03,  6.3555E+01,  1.5471E+02,  1.4867E+00,  3.6371E+00,  2.3792E-01,  5.9505E-01,  3.5688E-02,  3.5688E-01,  4.7584E-02,  2.3792E-01,  3.5688E-02,  1.1896E-01,  2.3792E-02,  5.9505E-02,  4.7584E-03,  2.3792E-02,  0.0000E+00,  1.0706E-02,  2.3792E-03,  7.1355E-03,  2.3792E-03,  8.3260E-03,  1.0706E-03,  2.3792E-02,  1.6656E-03,  3.5688E-02,  7.1355E-03,  3.2118E-02,  2.3792E-03,  2.3792E-02,  2.3792E-03,  5.9505E-03,  9.5160E-04,  4.7584E-03,  0.0000E+00,  1.1896E-03,  4.7584E-04,  2.3792E-03,  3.5688E-04,  2.3792E-03,  4.7584E-04,  1.1896E-03,  2.3792E-04,  1.0706E-03,  2.3792E-04,  9.5160E-04,  1.0706E-04,  1.1896E-03,  2.3792E-04,  3.5688E-03,  3.5688E-03,  7.1355E-03,  1.1896E-03,  1.1896E-03,  1.0706E-03,  1.1896E-02,  7.1355E-04,  0.0000E+00,  0.0000E+00,  0.0000E+00,  0.0000E+00,  0.0000E+00,  0.0000E+00,  2.3792E-04,  0.0000E+00,  1.4276E-04
  2.2000E-01,  7.5121E+06,  2.6278E+05,  0.0000E+00,  0.0000E+00,  0.0000E+00,  2.5219E+03,  6.4720E+02,  5.4011E+03,  9.4683E-02,  4.4234E+02,  3.6219E+01,  4.2806E+02,  3.7921E+01,  7.4582E+02,  4.7321E-01,  2.0253E+02,  3.4885E-01,  3.6790E+00,  7.5653E-01,  2.6065E+02,  6.0812E-01,  9.0886E+00,  8.4896E-01,  3.4260E+01,  1.1681E+01,  2.0762E+03,  2.7057E+01,  6.5850E+01,  6.3293E-01,  1.5484E+00,  1.0132E-01,  2.5341E-01,  1.5199E-02,  1.5202E-01,  2.0266E-02,  1.0135E-01,  1.5201E-02,  5.0669E-02,  1.0133E-02,  2.5342E-02,  2.0264E-03,  1.0133E-02,  0.0000E+00,  4.5599E-03,  1.0133E-03,  3.0394E-03,  1.0134E-03,  3.5470E-03,  4.5609E-04,  1.0138E-02,  7.0976E-04,  1.5214E-02,  3.0407E-03,  1.3690E-02,  1.0140E-03,  1.0142E-02,  1.0141E-03,  2.5360E-03,  4.0549E-04,  2.0278E-03,  0.0000E+00,  5.0702E-04,  2.0279E-04,  1.0143E-03,  1.5213E-04,  1.0143E-03,  2.0286E-04,  5.0714E-04,  1.0142E-04,  4.5644E-04,  1.0143E-04,  4.0573E-04,  4.5646E-05,  5.0722E-04,  1.0144E-04,  1.5219E-03,  1.5218E-03,  3.0428E-03,  5.0725E-04,  5.0730E-04,  4.5661E-04,  5.0738E-03,  3.0432E-04,  0.0000E+00,  0.0000E+00,  0.0000E+00,  0.0000E+00,  0.0000E+00,  0.0000E+00,  1.0152E-04,  0.0000E+00,  6.0921E-05,  1.0010E+07,  5.4611E+05,  0.0000E+00,  0.0000E+00,  0.0000E+00,  5.2361E+03,  1.3438E+03,  1.1383E+04,  1.9643E-01,  9.1789E+02,  7.5144E+01,  8.8825E+02,  7.8679E+01,  1.5477E+03,  9.8183E-01,  4.2027E+02,  7.2377E-01,  7.6299E+00,  1.5697E+00,  5.4933E+02,  1.2615E+00,  1.8852E+01,  1.7607E+00,  7.1064E+01,  2.4227E+01,  4.3070E+03,  5.6121E+01,  1.3662E+02,  1.3128E+00,  3.2117E+00,  2.1010E-01,  5.2545E-01,  3.1514E-02,  3.1514E-01,  4.2019E-02,  2.1010E-01,  3.1514E-02,  1.0505E-01,  2.1010E-02,  5.2545E-02,  4.2019E-03,  2.1010E-02,  0.0000E+00,  9.4538E-03,  2.1010E-03,  6.3009E-03,  2.1010E-03,  7.3521E-03,  9.4538E-04,  2.1010E-02,  1.4708E-03,  3.1514E-02,  6.3009E-03,  2.8361E-02,  2.1010E-03,  2.1010E-02,  2.1010E-03,  5.2545E-03,  8.4030E-04,  4.2019E-03,  0.0000E+00,  1.0505E-03,  4.2019E-04,  2.1010E-03,  3.1514E-04,  2.1010E-03,  4.2019E-04,  1.0505E-03,  2.1010E-04,  9.4538E-04,  2.1010E-04,  8.4030E-04,  9.4538E-05,  1.0505E-03,  2.1010E-04,  3.1514E-03,  3.1514E-03,  6.3009E-03,  1.0505E-03,  1.0505E-03,  9.4538E-04,  1.0505E-02,  6.3009E-04,  0.0000E+00,  0.0000E+00,  0.0000E+00,  0.0000E+00,  0.0000E+00,  0.0000E+00,  2.1010E-04,  0.0000E+00,  1.2607E-04
  2.5000E-01,  7.2310E+06,  2.4765E+05,  0.0000E+00,  0.0000E+00,  0.0000E+00,  2.3768E+03,  6.0997E+02,  5.0860E+03,  8.9243E-02,  4.1692E+02,  3.4138E+01,  4.0346E+02,  3.5742E+01,  7.0295E+02,  4.4602E-01,  1.9089E+02,  3.2880E-01,  3.4677E+00,  7.1306E-01,  2.4544E+02,  5.7318E-01,  8.5665E+00,  8.0020E-01,  3.2292E+01,  1.1010E+01,  1.9570E+03,  2.5503E+01,  6.2066E+01,  5.9657E-01,  1.4595E+00,  9.5497E-02,  2.3886E-01,  1.4326E-02,  1.4330E-01,  1.9102E-02,  9.5533E-02,  1.4329E-02,  4.7760E-02,  9.5510E-03,  2.3887E-02,  1.9101E-03,  9.5512E-03,  0.0000E+00,  4.2980E-03,  9.5514E-04,  2.8649E-03,  9.5518E-04,  3.3434E-03,  4.2991E-04,  9.5557E-03,  6.6903E-04,  1.4341E-02,  2.8662E-03,  1.2904E-02,  9.5582E-04,  9.5605E-03,  9.5595E-04,  2.3905E-03,  3.8222E-04,  1.9115E-03,  0.0000E+00,  4.7793E-04,  1.9116E-04,  9.5609E-04,  1.4340E-04,  9.5612E-04,  1.9122E-04,  4.7804E-04,  9.5602E-05,  4.3026E-04,  9.5614E-05,  3.8245E-04,  4.3028E-05,  4.7813E-04,  9.5626E-05,  1.4346E-03,  1.4345E-03,  2.8683E-03,  4.7816E-04,  4.7821E-04,  4.3043E-04,  4.7828E-03,  2.8687E-04,  0.0000E+00,  0.0000E+00,  0.0000E+00,  0.0000E+00,  0.0000E+00,  0.0000E+00,  9.5701E-05,  0.0000E+00,  5.7430E-05,  8.7273E+06,  4.6238E+05,  0.0000E+00,  0.0000E+00,  0.0000E+00,  4.4338E+03,  1.1379E+03,  9.6235E+03,  1.6625E-01,  7.7684E+02,  6.3597E+01,  7.5176E+02,  6.6589E+01,  1.3099E+03,  8.3096E-01,  3.5569E+02,  6.1255E-01,  6.4575E+00,  1.3285E+00,  4.6442E+02,  1.0677E+00,  1.5955E+01,  1.4901E+00,  6.0144E+01,  2.0504E+01,  3.6451E+03,  4.7497E+01,  1.1563E+02,  1.1110E+00,  2.7182E+00,  1.7781E-01,  4.4471E-01,  2.6672E-02,  2.6672E-01,  3.5562E-02,  1.7781E-01,  2.6672E-02,  8.8904E-02,  1.7781E-02,  4.4471E-02,  3.5562E-03,  1.7781E-02,  0.0000E+00,  8.0011E-03,  1.7781E-03,  5.3327E-03,  1.7781E-03,  6.2224E-03,  8.0011E-04,  1.7781E-02,  1.2448E-03,  2.6672E-02,  5.3327E-03,  2.4003E-02,  1.7781E-03,  1.7781E-02,  1.7781E-03,  4.4471E-03,  7.1117E-04,  3.5562E-03,  0.0000E+00,  8.8904E-04,  3.5562E-04,  1.7781E-03,  2.6672E-04,  1.7781E-03,  3.5562E-04,  8.8904E-04,  1.7781E-04,  8.0011E-04,  1.7781E-04,  7.1117E-04,  8.0011E-05,  8.8904E-04,  1.7781E-04,  2.6672E-03,  2.6672E-03,  5.3327E-03,  8.8904E-04,  8.8904E-04,  8.0011E-04,  8.8904E-03,  5.3327E-04,  0.0000E+00,  0.0000E+00,  0.0000E+00,  0.0000E+00,  0.0000E+00,  0.0000E+00,  1.7781E-04,  0.0000E+00,  1.0669E-04
  2.8000E-01,  6.9842E+06,  2.3473E+05,  0.0000E+00,  0.0000E+00,  0.0000E+00,  2.2529E+03,  5.7817E+02,  4.8172E+03,  8.4598E-02,  3.9522E+02,  3.2361E+01,  3.8246E+02,  3.3882E+01,  6.6636E+02,  4.2280E-01,  1.8095E+02,  3.1169E-01,  3.2873E+00,  6.7594E-01,  2.3247E+02,  5.4335E-01,  8.1208E+00,  7.5857E-01,  3.0611E+01,  1.0437E+01,  1.8551E+03,  2.4176E+01,  5.8836E+01,  5.6553E-01,  1.3835E+00,  9.0530E-02,  2.2644E-01,  1.3581E-02,  1.3584E-01,  1.8109E-02,  9.0566E-02,  1.3583E-02,  4.5276E-02,  9.0543E-03,  2.2645E-02,  1.8107E-03,  9.0545E-03,  0.0000E+00,  4.0745E-03,  9.0546E-04,  2.7159E-03,  9.0550E-04,  3.1695E-03,  4.0755E-04,  9.0589E-03,  6.3425E-04,  1.3596E-02,  2.7172E-03,  1.2234E-02,  9.0614E-04,  9.0637E-03,  9.0627E-04,  2.2662E-03,  3.6235E-04,  1.8121E-03,  0.0000E+00,  4.5309E-04,  1.8122E-04,  9.0641E-04,  1.3595E-04,  9.0644E-04,  1.8129E-04,  4.5321E-04,  9.0635E-05,  4.0790E-04,  9.0646E-05,  3.6259E-04,  4.0792E-05,  4.5329E-04,  9.0658E-05,  1.3601E-03,  1.3600E-03,  2.7193E-03,  4.5332E-04,  4.5337E-04,  4.0807E-04,  4.5345E-03,  2.7197E-04,  0.0000E+00,  0.0000E+00,  0.0000E+00,  0.0000E+00,  0.0000E+00,  0.0000E+00,  9.0734E-05,  0.0000E+00,  5.4449E-05,  7.7280E+06,  3.9896E+05,  0.0000E+00,  0.0000E+00,  0.0000E+00,  3.8259E+03,  9.8195E+02,  8.2925E+03,  1.4339E-01,  6.7004E+02,  5.4853E+01,  6.4840E+02,  5.7434E+01,  1.1298E+03,  7.1672E-01,  3.0679E+02,  5.2834E-01,  5.5696E+00,  1.1459E+00,  4.0019E+02,  9.2086E-01,  1.3761E+01,  1.2853E+00,  5.1875E+01,  1.7685E+01,  3.1440E+03,  4.0967E+01,  9.9728E+01,  9.5829E-01,  2.3445E+00,  1.5336E-01,  3.8356E-01,  2.3005E-02,  2.3005E-01,  3.0673E-02,  1.5336E-01,  2.3005E-02,  7.6681E-02,  1.5336E-02,  3.8356E-02,  3.0673E-03,  1.5336E-02,  0.0000E+00,  6.9010E-03,  1.5336E-03,  4.5995E-03,  1.5336E-03,  5.3669E-03,  6.9010E-04,  1.5336E-02,  1.0737E-03,  2.3005E-02,  4.5995E-03,  2.0703E-02,  1.5336E-03,  1.5336E-02,  1.5336E-03,  3.8356E-03,  6.1340E-04,  3.0673E-03,  0.0000E+00,  7.6681E-04,  3.0673E-04,  1.5336E-03,  2.3005E-04,  1.5336E-03,  3.0673E-04,  7.6681E-04,  1.5336E-04,  6.9010E-04,  1.5336E-04,  6.1340E-04,  6.9010E-05,  7.6681E-04,  1.5336E-04,  2.3005E-03,  2.3005E-03,  4.5995E-03,  7.6681E-04,  7.6681E-04,  6.9010E-04,  7.6681E-03,  4.5995E-04,  0.0000E+00,  0.0000E+00,  0.0000E+00,  0.0000E+00,  0.0000E+00,  0.0000E+00,  1.5336E-04,  0.0000E+00,  9.2025E-05
  3.2000E-01,  6.6957E+06,  2.2004E+05,  0.0000E+00,  0.0000E+00,  0.0000E+00,  2.1121E+03,  5.4202E+02,  4.5122E+03,  7.9321E-02,  3.7056E+02,  3.0342E+01,  3.5860E+02,  3.1768E+01,  6.2478E+02,  3.9643E-01,  1.6966E+02,  2.9225E-01,  3.0823E+00,  6.3377E-01,  2.1775E+02,  5.0947E-01,  7.6143E+00,  7.1127E-01,  2.8702E+01,  9.7861E+00,  1.7394E+03,  2.2668E+01,  5.5166E+01,  5.3026E-01,  1.2973E+00,  8.4886E-02,  2.1232E-01,  1.2734E-02,  1.2738E-01,  1.6980E-02,  8.4921E-02,  1.2737E-02,  4.2454E-02,  8.4899E-03,  2.1233E-02,  1.6978E-03,  8.4901E-03,  0.0000E+00,  3.8206E-03,  8.4902E-04,  2.5466E-03,  8.4906E-04,  2.9720E-03,  3.8216E-04,  8.4945E-03,  5.9474E-04,  1.2749E-02,  2.5479E-03,  1.1472E-02,  8.4970E-04,  8.4993E-03,  8.4983E-04,  2.1251E-03,  3.3978E-04,  1.6992E-03,  0.0000E+00,  4.2487E-04,  1.6993E-04,  8.4997E-04,  1.2748E-04,  8.5000E-04,  1.7000E-04,  4.2499E-04,  8.4991E-05,  3.8251E-04,  8.5002E-05,  3.4001E-04,  3.8253E-05,  4.2507E-04,  8.5014E-05,  1.2754E-03,  1.2753E-03,  2.5500E-03,  4.2510E-04,  4.2515E-04,  3.8268E-04,  4.2523E-03,  2.5504E-04,  0.0000E+00,  0.0000E+00,  0.0000E+00,  0.0000E+00,  0.0000E+00,  0.0000E+00,  8.5090E-05,  0.0000E+00,  5.1062E-05,  6.6964E+06,  3.3530E+05,  0.0000E+00,  0.0000E+00,  0.0000E+00,  3.2158E+03,  8.2535E+02,  6.9585E+03,  1.2046E-01,  5.6288E+02,  4.6080E+01,  5.4470E+02,  4.8248E+01,  9.4908E+02,  6.0209E-01,  2.5772E+02,  4.4384E-01,  4.6789E+00,  9.6261E-01,  3.3581E+02,  7.7359E-01,  1.1560E+01,  1.0797E+00,  4.3578E+01,  1.4857E+01,  2.6411E+03,  3.4415E+01,  8.3778E+01,  8.0502E-01,  1.9695E+00,  1.2884E-01,  3.2222E-01,  1.9325E-02,  1.9325E-01,  2.5767E-02,  1.2884E-01,  1.9325E-02,  6.4417E-02,  1.2884E-02,  3.2222E-02,  2.5767E-03,  1.2884E-02,  0.0000E+00,  5.7973E-03,  1.2884E-03,  3.8639E-03,  1.2884E-03,  4.5085E-03,  5.7973E-04,  1.2884E-02,  9.0195E-04,  1.9325E-02,  3.8639E-03,  1.7392E-02,  1.2884E-03,  1.2884E-02,  1.2884E-03,  3.2222E-03,  5.1529E-04,  2.5767E-03,  0.0000E+00,  6.4417E-04,  2.5767E-04,  1.2884E-03,  1.9325E-04,  1.2884E-03,  2.5767E-04,  6.4417E-04,  1.2884E-04,  5.7973E-04,  1.2884E-04,  5.1529E-04,  5.7973E-05,  6.4417E-04,  1.2884E-04,  1.9325E-03,  1.9325E-03,  3.8639E-03,  6.4417E-04,  6.4417E-04,  5.7973E-04,  6.4417E-03,  3.8639E-04,  0.0000E+00,  0.0000E+00,  0.0000E+00,  0.0000E+00,  0.0000E+00,  0.0000E+00,  1.2884E-04,  0.0000E+00,  7.7307E-05
  3.5000E-01,  6.5040E+06,  2.1054E+05,  0.0000E+00,  0.0000E+00,  0.0000E+00,  2.0209E+03,  5.1863E+02,  4.3151E+03,  7.5907E-02,  3.5460E+02,  2.9036E+01,  3.4316E+02,  3.0401E+01,  5.9788E+02,  3.7936E-01,  1.6235E+02,  2.7967E-01,  2.9497E+00,  6.0649E-01,  2.0824E+02,  4.8754E-01,  7.2867E+00,  6.8066E-01,  2.7467E+01,  9.3650E+00,  1.6646E+03,  2.1693E+01,  5.2791E+01,  5.0744E-01,  1.2414E+00,  8.1234E-02,  2.0319E-01,  1.2186E-02,  1.2190E-01,  1.6250E-02,  8.1270E-02,  1.2189E-02,  4.0629E-02,  8.1247E-03,  2.0320E-02,  1.6248E-03,  8.1249E-03,  0.0000E+00,  3.6562E-03,  8.1250E-04,  2.4371E-03,  8.1254E-04,  2.8442E-03,  3.6573E-04,  8.1294E-03,  5.6917E-04,  1.2201E-02,  2.4384E-03,  1.0979E-02,  8.1318E-04,  8.1341E-03,  8.1332E-04,  2.0338E-03,  3.2517E-04,  1.6262E-03,  0.0000E+00,  4.0661E-04,  1.6263E-04,  8.1345E-04,  1.2200E-04,  8.1348E-04,  1.6269E-04,  4.0673E-04,  8.1339E-05,  3.6607E-04,  8.1350E-05,  3.2541E-04,  3.6610E-05,  4.0681E-04,  8.1362E-05,  1.2206E-03,  1.2206E-03,  2.4405E-03,  4.0684E-04,  4.0689E-04,  3.6624E-04,  4.0697E-03,  2.4409E-04,  0.0000E+00,  0.0000E+00,  0.0000E+00,  0.0000E+00,  0.0000E+00,  0.0000E+00,  8.1438E-05,  0.0000E+00,  4.8871E-05,  6.0824E+06,  2.9837E+05,  0.0000E+00,  0.0000E+00,  0.0000E+00,  2.8619E+03,  7.3453E+02,  6.1858E+03,  1.0716E-01,  5.0075E+02,  4.0994E+01,  4.8458E+02,  4.2923E+01,  8.4433E+02,  5.3563E-01,  2.2928E+02,  3.9485E-01,  4.1624E+00,  8.5636E-01,  2.9852E+02,  6.8820E-01,  1.0284E+01,  9.6054E-01,  3.8769E+01,  1.3217E+01,  2.3496E+03,  3.0616E+01,  7.4531E+01,  7.1617E-01,  1.7521E+00,  1.1462E-01,  2.8666E-01,  1.7192E-02,  1.7192E-01,  2.2923E-02,  1.1462E-01,  1.7192E-02,  5.7307E-02,  1.1462E-02,  2.8666E-02,  2.2923E-03,  1.1462E-02,  0.0000E+00,  5.1574E-03,  1.1462E-03,  3.4374E-03,  1.1462E-03,  4.0109E-03,  5.1574E-04,  1.1462E-02,  8.0240E-04,  1.7192E-02,  3.4374E-03,  1.5472E-02,  1.1462E-03,  1.1462E-02,  1.1462E-03,  2.8666E-03,  4.5842E-04,  2.2923E-03,  0.0000E+00,  5.7307E-04,  2.2923E-04,  1.1462E-03,  1.7192E-04,  1.1462E-03,  2.2923E-04,  5.7307E-04,  1.1462E-04,  5.1574E-04,  1.1462E-04,  4.5842E-04,  5.1574E-05,  5.7307E-04,  1.1462E-04,  1.7192E-03,  1.7192E-03,  3.4374E-03,  5.7307E-04,  5.7307E-04,  5.1574E-04,  5.7307E-03,  3.4374E-04,  0.0000E+00,  0.0000E+00,  0.0000E+00,  0.0000E+00,  0.0000E+00,  0.0000E+00,  1.1462E-04,  0.0000E+00,  6.8775E-05
  4.0000E-01,  6.2202E+06,  1.9681E+05,  0.0000E+00,  0.0000E+00,  0.0000E+00,  1.8893E+03,  4.8483E+02,  4.0307E+03,  7.0978E-02,  3.3157E+02,  2.7150E+01,  3.2087E+02,  2.8426E+01,  5.5904E+02,  3.5472E-01,  1.5181E+02,  2.6150E-01,  2.7582E+00,  5.6710E-01,  1.9451E+02,  4.5588E-01,  6.8136E+00,  6.3648E-01,  2.5684E+01,  8.7570E+00,  1.5565E+03,  2.0284E+01,  4.9363E+01,  4.7450E-01,  1.1608E+00,  7.5961E-02,  1.9000E-01,  1.1395E-02,  1.1399E-01,  1.5195E-02,  7.5997E-02,  1.1398E-02,  3.7992E-02,  7.5974E-03,  1.9001E-02,  1.5194E-03,  7.5976E-03,  0.0000E+00,  3.4190E-03,  7.5978E-04,  2.2790E-03,  7.5982E-04,  2.6597E-03,  3.4200E-04,  7.6021E-03,  5.3226E-04,  1.1410E-02,  2.2803E-03,  1.0267E-02,  7.6046E-04,  7.6069E-03,  7.6059E-04,  1.9019E-03,  3.0408E-04,  1.5207E-03,  0.0000E+00,  3.8025E-04,  1.5209E-04,  7.6073E-04,  1.1410E-04,  7.6076E-04,  1.5215E-04,  3.8036E-04,  7.6066E-05,  3.4235E-04,  7.6078E-05,  3.0432E-04,  3.4237E-05,  3.8045E-04,  7.6090E-05,  1.1416E-03,  1.1415E-03,  2.2824E-03,  3.8048E-04,  3.8053E-04,  3.4252E-04,  3.8061E-03,  2.2828E-04,  0.0000E+00,  0.0000E+00,  0.0000E+00,  0.0000E+00,  0.0000E+00,  0.0000E+00,  7.6165E-05,  0.0000E+00,  4.5707E-05,  5.2705E+06,  2.5076E+05,  0.0000E+00,  0.0000E+00,  0.0000E+00,  2.4055E+03,  6.1739E+02,  5.1907E+03,  9.0023E-02,  4.2066E+02,  3.4438E+01,  4.0708E+02,  3.6058E+01,  7.0929E+02,  4.4997E-01,  1.9261E+02,  3.3170E-01,  3.4967E+00,  7.1940E-01,  2.5049E+02,  5.7814E-01,  8.6396E+00,  8.0692E-01,  3.2568E+01,  1.1103E+01,  1.9738E+03,  2.5720E+01,  6.2611E+01,  6.0163E-01,  1.4719E+00,  9.6286E-02,  2.4081E-01,  1.4443E-02,  1.4443E-01,  1.9257E-02,  9.6286E-02,  1.4443E-02,  4.8142E-02,  9.6286E-03,  2.4081E-02,  1.9257E-03,  9.6286E-03,  0.0000E+00,  4.3326E-03,  9.6286E-04,  2.8877E-03,  9.6286E-04,  3.3694E-03,  4.3326E-04,  9.6286E-03,  6.7407E-04,  1.4443E-02,  2.8877E-03,  1.2998E-02,  9.6286E-04,  9.6286E-03,  9.6286E-04,  2.4081E-03,  3.8510E-04,  1.9257E-03,  0.0000E+00,  4.8142E-04,  1.9257E-04,  9.6286E-04,  1.4443E-04,  9.6286E-04,  1.9257E-04,  4.8142E-04,  9.6286E-05,  4.3326E-04,  9.6286E-05,  3.8510E-04,  4.3326E-05,  4.8142E-04,  9.6286E-05,  1.4443E-03,  1.4443E-03,  2.8877E-03,  4.8142E-04,  4.8142E-04,  4.3326E-04,  4.8142E-03,  2.8877E-04,  0.0000E+00,  0.0000E+00,  0.0000E+00,  0.0000E+00,  0.0000E+00,  0.0000E+00,  9.6286E-05,  0.0000E+00,  5.7775E-05
  4.5000E-01,  5.9723E+06,  1.8516E+05,  0.0000E+00,  0.0000E+00,  0.0000E+00,  1.7775E+03,  4.5615E+02,  3.7897E+03,  6.6797E-02,  3.1203E+02,  2.5551E+01,  3.0196E+02,  2.6752E+01,  5.2610E+02,  3.3382E-01,  1.4286E+02,  2.4610E-01,  2.5958E+00,  5.3369E-01,  1.8289E+02,  4.2903E-01,  6.4124E+00,  5.9900E-01,  2.4171E+01,  8.2414E+00,  1.4648E+03,  1.9090E+01,  4.6455E+01,  4.4656E-01,  1.0925E+00,  7.1490E-02,  1.7882E-01,  1.0725E-02,  1.0728E-01,  1.4301E-02,  7.1526E-02,  1.0728E-02,  3.5757E-02,  7.1503E-03,  1.7883E-02,  1.4299E-03,  7.1505E-03,  0.0000E+00,  3.2178E-03,  7.1506E-04,  2.1449E-03,  7.1511E-04,  2.5032E-03,  3.2188E-04,  7.1550E-03,  5.0096E-04,  1.0740E-02,  2.1462E-03,  9.6633E-03,  7.1575E-04,  7.1598E-03,  7.1588E-04,  1.7901E-03,  2.8620E-04,  1.4313E-03,  0.0000E+00,  3.5790E-04,  1.4314E-04,  7.1602E-04,  1.0739E-04,  7.1604E-04,  1.4321E-04,  3.5801E-04,  7.1595E-05,  3.2223E-04,  7.1606E-05,  2.8643E-04,  3.2225E-05,  3.5809E-04,  7.1619E-05,  1.0745E-03,  1.0744E-03,  2.1483E-03,  3.5812E-04,  3.5817E-04,  3.2240E-04,  3.5825E-03,  2.1487E-04,  0.0000E+00,  0.0000E+00,  0.0000E+00,  0.0000E+00,  0.0000E+00,  0.0000E+00,  7.1694E-05,  0.0000E+00,  4.3024E-05,  4.6447E+06,  2.1511E+05,  0.0000E+00,  0.0000E+00,  0.0000E+00,  2.0637E+03,  5.2968E+02,  4.4467E+03,  7.7196E-02,  3.6072E+02,  2.9531E+01,  3.4907E+02,  3.0920E+01,  6.0823E+02,  3.8585E-01,  1.6516E+02,  2.8444E-01,  2.9985E+00,  6.1690E-01,  2.1459E+02,  4.9576E-01,  7.4085E+00,  6.9194E-01,  2.7928E+01,  9.5209E+00,  1.6926E+03,  2.2055E+01,  5.3690E+01,  5.1591E-01,  1.2622E+00,  8.2566E-02,  2.0650E-01,  1.2385E-02,  1.2385E-01,  1.6513E-02,  8.2566E-02,  1.2385E-02,  4.1282E-02,  8.2566E-03,  2.0650E-02,  1.6513E-03,  8.2566E-03,  0.0000E+00,  3.7153E-03,  8.2566E-04,  2.4762E-03,  8.2566E-04,  2.8893E-03,  3.7153E-04,  8.2566E-03,  5.7802E-04,  1.2385E-02,  2.4762E-03,  1.1146E-02,  8.2566E-04,  8.2566E-03,  8.2566E-04,  2.0650E-03,  3.3023E-04,  1.6513E-03,  0.0000E+00,  4.1282E-04,  1.6513E-04,  8.2566E-04,  1.2385E-04,  8.2566E-04,  1.6513E-04,  4.1282E-04,  8.2566E-05,  3.7153E-04,  8.2566E-05,  3.3023E-04,  3.7153E-05,  4.1282E-04,  8.2566E-05,  1.2385E-03,  1.2385E-03,  2.4762E-03,  4.1282E-04,  4.1282E-04,  3.7153E-04,  4.1282E-03,  2.4762E-04,  0.0000E+00,  0.0000E+00,  0.0000E+00,  0.0000E+00,  0.0000E+00,  0.0000E+00,  8.2566E-05,  0.0000E+00,  4.9543E-05
  5.0000E-01,  5.7525E+06,  1.7510E+05,  0.0000E+00,  0.0000E+00,  0.0000E+00,  1.6809E+03,  4.3136E+02,  3.5818E+03,  6.3185E-02,  2.9516E+02,  2.4169E+01,  2.8563E+02,  2.5305E+01,  4.9764E+02,  3.1577E-01,  1.3514E+02,  2.3279E-01,  2.4555E+00,  5.0482E-01,  1.7285E+02,  4.0584E-01,  6.0657E+00,  5.6663E-01,  2.2864E+01,  7.7960E+00,  1.3856E+03,  1.8058E+01,  4.3943E+01,  4.2242E-01,  1.0334E+00,  6.7627E-02,  1.6916E-01,  1.0145E-02,  1.0149E-01,  1.3528E-02,  6.7663E-02,  1.0148E-02,  3.3825E-02,  6.7640E-03,  1.6917E-02,  1.3527E-03,  6.7642E-03,  0.0000E+00,  3.0440E-03,  6.7643E-04,  2.0290E-03,  6.7647E-04,  2.3680E-03,  3.0450E-04,  6.7687E-03,  4.7391E-04,  1.0160E-02,  2.0303E-03,  9.1418E-03,  6.7712E-04,  6.7734E-03,  6.7725E-04,  1.6934E-03,  2.7075E-04,  1.3541E-03,  0.0000E+00,  3.3858E-04,  1.3542E-04,  6.7738E-04,  1.0159E-04,  6.7741E-04,  1.3548E-04,  3.3869E-04,  6.7732E-05,  3.0485E-04,  6.7743E-05,  2.7098E-04,  3.0487E-05,  3.3878E-04,  6.7755E-05,  1.0165E-03,  1.0165E-03,  2.0324E-03,  3.3881E-04,  3.3886E-04,  3.0502E-04,  3.3893E-03,  2.0328E-04,  0.0000E+00,  0.0000E+00,  0.0000E+00,  0.0000E+00,  0.0000E+00,  0.0000E+00,  6.7831E-05,  0.0000E+00,  4.0706E-05,  4.1482E+06,  1.8754E+05,  0.0000E+00,  0.0000E+00,  0.0000E+00,  1.7994E+03,  4.6183E+02,  3.8720E+03,  6.7278E-02,  3.1438E+02,  2.5737E+01,  3.0423E+02,  2.6948E+01,  5.3009E+02,  3.3628E-01,  1.4395E+02,  2.4789E-01,  2.6133E+00,  5.3764E-01,  1.8686E+02,  4.3207E-01,  6.4567E+00,  6.0305E-01,  2.4340E+01,  8.2977E+00,  1.4751E+03,  1.9222E+01,  4.6792E+01,  4.4963E-01,  1.1000E+00,  7.1959E-02,  1.7997E-01,  1.0794E-02,  1.0794E-01,  1.4392E-02,  7.1959E-02,  1.0794E-02,  3.5979E-02,  7.1959E-03,  1.7997E-02,  1.4392E-03,  7.1959E-03,  0.0000E+00,  3.2379E-03,  7.1959E-04,  2.1581E-03,  7.1959E-04,  2.5181E-03,  3.2379E-04,  7.1959E-03,  5.0376E-04,  1.0794E-02,  2.1581E-03,  9.7138E-03,  7.1959E-04,  7.1959E-03,  7.1959E-04,  1.7997E-03,  2.8780E-04,  1.4392E-03,  0.0000E+00,  3.5979E-04,  1.4392E-04,  7.1959E-04,  1.0794E-04,  7.1959E-04,  1.4392E-04,  3.5979E-04,  7.1959E-05,  3.2379E-04,  7.1959E-05,  2.8780E-04,  3.2379E-05,  3.5979E-04,  7.1959E-05,  1.0794E-03,  1.0794E-03,  2.1581E-03,  3.5979E-04,  3.5979E-04,  3.2379E-04,  3.5979E-03,  2.1581E-04,  0.0000E+00,  0.0000E+00,  0.0000E+00,  0.0000E+00,  0.0000E+00,  0.0000E+00,  7.1959E-05,  0.0000E+00,  4.3178E-05
  5.5000E-01,  5.5552E+06,  1.6627E+05,  0.0000E+00,  0.0000E+00,  0.0000E+00,  1.5962E+03,  4.0962E+02,  3.3996E+03,  6.0018E-02,  2.8036E+02,  2.2958E+01,  2.7131E+02,  2.4036E+01,  4.7269E+02,  2.9994E-01,  1.2836E+02,  2.2112E-01,  2.3325E+00,  4.7951E-01,  1.6406E+02,  3.8550E-01,  5.7618E+00,  5.3824E-01,  2.1719E+01,  7.4053E+00,  1.3162E+03,  1.7153E+01,  4.1740E+01,  4.0126E-01,  9.8163E-01,  6.4239E-02,  1.6068E-01,  9.6372E-03,  9.6409E-02,  1.2851E-02,  6.4275E-02,  9.6400E-03,  3.2132E-02,  6.4253E-03,  1.6070E-02,  1.2849E-03,  6.4254E-03,  0.0000E+00,  2.8915E-03,  6.4256E-04,  1.9274E-03,  6.4260E-04,  2.2495E-03,  2.8926E-04,  6.4299E-03,  4.5020E-04,  9.6522E-03,  1.9287E-03,  8.6845E-03,  6.4324E-04,  6.4347E-03,  6.4337E-04,  1.6087E-03,  2.5720E-04,  1.2863E-03,  0.0000E+00,  3.2164E-04,  1.2864E-04,  6.4351E-04,  9.6513E-05,  6.4354E-04,  1.2871E-04,  3.2176E-04,  6.4344E-05,  2.8960E-04,  6.4356E-05,  2.5744E-04,  2.8962E-05,  3.2184E-04,  6.4368E-05,  9.6573E-04,  9.6565E-04,  1.9308E-03,  3.2187E-04,  3.2192E-04,  2.8977E-04,  3.2200E-03,  1.9312E-04,  0.0000E+00,  0.0000E+00,  0.0000E+00,  0.0000E+00,  0.0000E+00,  0.0000E+00,  6.4444E-05,  0.0000E+00,  3.8674E-05,  3.7449E+06,  1.6566E+05,  0.0000E+00,  0.0000E+00,  0.0000E+00,  1.5895E+03,  4.0797E+02,  3.4163E+03,  5.9409E-02,  2.7761E+02,  2.2727E+01,  2.6864E+02,  2.3796E+01,  4.6809E+02,  2.9695E-01,  1.2711E+02,  2.1890E-01,  2.3076E+00,  4.7476E-01,  1.6487E+02,  3.8153E-01,  5.7015E+00,  5.3251E-01,  2.1493E+01,  7.3272E+00,  1.3026E+03,  1.6973E+01,  4.1319E+01,  3.9704E-01,  9.7136E-01,  6.3542E-02,  1.5892E-01,  9.5312E-03,  9.5312E-02,  1.2708E-02,  6.3542E-02,  9.5312E-03,  3.1770E-02,  6.3542E-03,  1.5892E-02,  1.2708E-03,  6.3542E-03,  0.0000E+00,  2.8592E-03,  6.3542E-04,  1.9057E-03,  6.3542E-04,  2.2236E-03,  2.8592E-04,  6.3542E-03,  4.4484E-04,  9.5312E-03,  1.9057E-03,  8.5777E-03,  6.3542E-04,  6.3542E-03,  6.3542E-04,  1.5892E-03,  2.5414E-04,  1.2708E-03,  0.0000E+00,  3.1770E-04,  1.2708E-04,  6.3542E-04,  9.5312E-05,  6.3542E-04,  1.2708E-04,  3.1770E-04,  6.3542E-05,  2.8592E-04,  6.3542E-05,  2.5414E-04,  2.8592E-05,  3.1770E-04,  6.3542E-05,  9.5312E-04,  9.5312E-04,  1.9057E-03,  3.1770E-04,  3.1770E-04,  2.8592E-04,  3.1770E-03,  1.9057E-04,  0.0000E+00,  0.0000E+00,  0.0000E+00,  0.0000E+00,  0.0000E+00,  0.0000E+00,  6.3542E-05,  0.0000E+00,  3.8128E-05
  6.3000E-01,  5.2759E+06,  1.5409E+05,  0.0000E+00,  0.0000E+00,  0.0000E+00,  1.4794E+03,  3.7963E+02,  3.1486E+03,  5.5651E-02,  2.5995E+02,  2.1287E+01,  2.5156E+02,  2.2287E+01,  4.3828E+02,  2.7811E-01,  1.1902E+02,  2.0503E-01,  2.1629E+00,  4.4462E-01,  1.5195E+02,  3.5745E-01,  5.3427E+00,  4.9910E-01,  2.0139E+01,  6.8668E+00,  1.2204E+03,  1.5905E+01,  3.8703E+01,  3.7207E-01,  9.1024E-01,  5.9569E-02,  1.4900E-01,  8.9366E-03,  8.9403E-02,  1.1917E-02,  5.9605E-02,  8.9394E-03,  2.9796E-02,  5.9582E-03,  1.4901E-02,  1.1915E-03,  5.9584E-03,  0.0000E+00,  2.6814E-03,  5.9585E-04,  1.7874E-03,  5.9589E-04,  2.0861E-03,  2.6824E-04,  5.9629E-03,  4.1750E-04,  8.9516E-03,  1.7886E-03,  8.0540E-03,  5.9653E-04,  5.9676E-03,  5.9667E-04,  1.4919E-03,  2.3852E-04,  1.1929E-03,  0.0000E+00,  2.9829E-04,  1.1930E-04,  5.9680E-04,  8.9507E-05,  5.9683E-04,  1.1936E-04,  2.9840E-04,  5.9674E-05,  2.6859E-04,  5.9685E-05,  2.3875E-04,  2.6861E-05,  2.9849E-04,  5.9697E-05,  8.9567E-04,  8.9560E-04,  1.7908E-03,  2.9852E-04,  2.9857E-04,  2.6876E-04,  2.9864E-03,  1.7911E-04,  0.0000E+00,  0.0000E+00,  0.0000E+00,  0.0000E+00,  0.0000E+00,  0.0000E+00,  5.9773E-05,  0.0000E+00,  3.5871E-05,  3.2371E+06,  1.3881E+05,  0.0000E+00,  0.0000E+00,  0.0000E+00,  1.3321E+03,  3.4190E+02,  2.8582E+03,  4.9760E-02,  2.3252E+02,  1.9035E+01,  2.2501E+02,  1.9931E+01,  3.9206E+02,  2.4872E-01,  1.0646E+02,  1.8335E-01,  1.9328E+00,  3.9765E-01,  1.3793E+02,  3.1956E-01,  4.7755E+00,  4.4602E-01,  1.8002E+01,  6.1371E+00,  1.0910E+03,  1.4217E+01,  3.4608E+01,  3.3255E-01,  8.1359E-01,  5.3222E-02,  1.3311E-01,  7.9832E-03,  7.9832E-02,  1.0644E-02,  5.3222E-02,  7.9832E-03,  2.6610E-02,  5.3222E-03,  1.3311E-02,  1.0644E-03,  5.3222E-03,  0.0000E+00,  2.3948E-03,  5.3222E-04,  1.5961E-03,  5.3222E-04,  1.8624E-03,  2.3948E-04,  5.3222E-03,  3.7259E-04,  7.9832E-03,  1.5961E-03,  7.1845E-03,  5.3222E-04,  5.3222E-03,  5.3222E-04,  1.3311E-03,  2.1286E-04,  1.0644E-03,  0.0000E+00,  2.6610E-04,  1.0644E-04,  5.3222E-04,  7.9832E-05,  5.3222E-04,  1.0644E-04,  2.6610E-04,  5.3222E-05,  2.3948E-04,  5.3222E-05,  2.1286E-04,  2.3948E-05,  2.6610E-04,  5.3222E-05,  7.9832E-04,  7.9832E-04,  1.5961E-03,  2.6610E-04,  2.6610E-04,  2.3948E-04,  2.6610E-03,  1.5961E-04,  0.0000E+00,  0.0000E+00,  0.0000E+00,  0.0000E+00,  0.0000E+00,  0.0000E+00,  5.3222E-05,  0.0000E+00,  3.1935E-05
  7.1000E-01,  5.0325E+06,  1.4378E+05,  0.0000E+00,  0.0000E+00,  0.0000E+00,  1.3805E+03,  3.5424E+02,  2.9365E+03,  5.1958E-02,  2.4269E+02,  1.9874E+01,  2.3486E+02,  2.0808E+01,  4.0918E+02,  2.5965E-01,  1.1111E+02,  1.9142E-01,  2.0194E+00,  4.1510E-01,  1.4171E+02,  3.3373E-01,  4.9882E+00,  4.6600E-01,  1.8803E+01,  6.4113E+00,  1.1394E+03,  1.4850E+01,  3.6135E+01,  3.4739E-01,  8.4985E-01,  5.5619E-02,  1.3912E-01,  8.3441E-03,  8.3478E-02,  1.1127E-02,  5.5654E-02,  8.3469E-03,  2.7821E-02,  5.5632E-03,  1.3914E-02,  1.1125E-03,  5.5634E-03,  0.0000E+00,  2.5036E-03,  5.5635E-04,  1.6689E-03,  5.5639E-04,  1.9478E-03,  2.5046E-04,  5.5678E-03,  3.8985E-04,  8.3591E-03,  1.6702E-03,  7.5208E-03,  5.5703E-04,  5.5726E-03,  5.5716E-04,  1.3931E-03,  2.2272E-04,  1.1139E-03,  0.0000E+00,  2.7854E-04,  1.1140E-04,  5.5730E-04,  8.3582E-05,  5.5733E-04,  1.1146E-04,  2.7865E-04,  5.5724E-05,  2.5081E-04,  5.5735E-05,  2.2296E-04,  2.5083E-05,  2.7874E-04,  5.5747E-05,  8.3642E-04,  8.3634E-04,  1.6723E-03,  2.7877E-04,  2.7882E-04,  2.5098E-04,  2.7889E-03,  1.6727E-04,  0.0000E+00,  0.0000E+00,  0.0000E+00,  0.0000E+00,  0.0000E+00,  0.0000E+00,  5.5823E-05,  0.0000E+00,  3.3501E-05,  2.8474E+06,  1.1881E+05,  0.0000E+00,  0.0000E+00,  0.0000E+00,  1.1402E+03,  2.9265E+02,  2.4429E+03,  4.2572E-02,  1.9893E+02,  1.6286E+01,  1.9251E+02,  1.7052E+01,  3.3542E+02,  2.1279E-01,  9.1084E+01,  1.5686E-01,  1.6536E+00,  3.4020E-01,  1.1789E+02,  2.7340E-01,  4.0856E+00,  3.8159E-01,  1.5401E+01,  5.2506E+00,  9.3343E+02,  1.2163E+01,  2.9609E+01,  2.8451E-01,  6.9606E-01,  4.5533E-02,  1.1388E-01,  6.8299E-03,  6.8299E-02,  9.1066E-03,  4.5533E-02,  6.8299E-03,  2.2766E-02,  4.5533E-03,  1.1388E-02,  9.1066E-04,  4.5533E-03,  0.0000E+00,  2.0489E-03,  4.5533E-04,  1.3656E-03,  4.5533E-04,  1.5934E-03,  2.0489E-04,  4.5533E-03,  3.1877E-04,  6.8299E-03,  1.3656E-03,  6.1466E-03,  4.5533E-04,  4.5533E-03,  4.5533E-04,  1.1388E-03,  1.8211E-04,  9.1066E-04,  0.0000E+00,  2.2766E-04,  9.1066E-05,  4.5533E-04,  6.8299E-05,  4.5533E-04,  9.1066E-05,  2.2766E-04,  4.5533E-05,  2.0489E-04,  4.5533E-05,  1.8211E-04,  2.0489E-05,  2.2766E-04,  4.5533E-05,  6.8299E-04,  6.8299E-04,  1.3656E-03,  2.2766E-04,  2.2766E-04,  2.0489E-04,  2.2766E-03,  1.3656E-04,  0.0000E+00,  0.0000E+00,  0.0000E+00,  0.0000E+00,  0.0000E+00,  0.0000E+00,  4.5533E-05,  0.0000E+00,  2.7322E-05
  8.0000E-01,  4.7917E+06,  1.3386E+05,  0.0000E+00,  0.0000E+00,  0.0000E+00,  1.2852E+03,  3.2980E+02,  2.7326E+03,  4.8403E-02,  2.2608E+02,  1.8514E+01,  2.1879E+02,  1.9384E+01,  3.8117E+02,  2.4188E-01,  1.0351E+02,  1.7833E-01,  1.8813E+00,  3.8669E-01,  1.3187E+02,  3.1090E-01,  4.6471E+00,  4.3413E-01,  1.7517E+01,  5.9728E+00,  1.0615E+03,  1.3835E+01,  3.3662E+01,  3.2363E-01,  7.9172E-01,  5.1816E-02,  1.2961E-01,  7.7737E-03,  7.7774E-02,  1.0366E-02,  5.1852E-02,  7.7765E-03,  2.5920E-02,  5.1829E-03,  1.2963E-02,  1.0365E-03,  5.1831E-03,  0.0000E+00,  2.3325E-03,  5.1833E-04,  1.5549E-03,  5.1837E-04,  1.8148E-03,  2.3335E-04,  5.1876E-03,  3.6323E-04,  7.7887E-03,  1.5561E-03,  7.0075E-03,  5.1901E-04,  5.1924E-03,  5.1914E-04,  1.2980E-03,  2.0751E-04,  1.0378E-03,  0.0000E+00,  2.5953E-04,  1.0380E-04,  5.1928E-04,  7.7878E-05,  5.1931E-04,  1.0386E-04,  2.5964E-04,  5.1921E-05,  2.3370E-04,  5.1932E-05,  2.0775E-04,  2.3372E-05,  2.5973E-04,  5.1945E-05,  7.7938E-04,  7.7931E-04,  1.5583E-03,  2.5976E-04,  2.5981E-04,  2.3387E-04,  2.5988E-03,  1.5586E-04,  0.0000E+00,  0.0000E+00,  0.0000E+00,  0.0000E+00,  0.0000E+00,  0.0000E+00,  5.2020E-05,  0.0000E+00,  3.1219E-05,  2.5051E+06,  1.0171E+05,  0.0000E+00,  0.0000E+00,  0.0000E+00,  9.7623E+02,  2.5056E+02,  2.0884E+03,  3.6431E-02,  1.7024E+02,  1.3937E+01,  1.6474E+02,  1.4592E+01,  2.8704E+02,  1.8210E-01,  7.7947E+01,  1.3424E-01,  1.4151E+00,  2.9113E-01,  1.0078E+02,  2.3397E-01,  3.4963E+00,  3.2655E-01,  1.3180E+01,  4.4932E+00,  7.9880E+02,  1.0409E+01,  2.5338E+01,  2.4347E-01,  5.9566E-01,  3.8966E-02,  9.7453E-02,  5.8448E-03,  5.8448E-02,  7.7931E-03,  3.8966E-02,  5.8448E-03,  1.9482E-02,  3.8966E-03,  9.7453E-03,  7.7931E-04,  3.8966E-03,  0.0000E+00,  1.7534E-03,  3.8966E-04,  1.1686E-03,  3.8966E-04,  1.3636E-03,  1.7534E-04,  3.8966E-03,  2.7279E-04,  5.8448E-03,  1.1686E-03,  5.2601E-03,  3.8966E-04,  3.8966E-03,  3.8966E-04,  9.7453E-04,  1.5585E-04,  7.7931E-04,  0.0000E+00,  1.9482E-04,  7.7931E-05,  3.8966E-04,  5.8448E-05,  3.8966E-04,  7.7931E-05,  1.9482E-04,  3.8966E-05,  1.7534E-04,  3.8966E-05,  1.5585E-04,  1.7534E-05,  1.9482E-04,  3.8966E-05,  5.8448E-04,  5.8448E-04,  1.1686E-03,  1.9482E-04,  1.9482E-04,  1.7534E-04,  1.9482E-03,  1.1686E-04,  0.0000E+00,  0.0000E+00,  0.0000E+00,  0.0000E+00,  0.0000E+00,  0.0000E+00,  3.8966E-05,  0.0000E+00,  2.3381E-05
  9.0000E-01,  4.5560E+06,  1.2441E+05,  0.0000E+00,  0.0000E+00,  0.0000E+00,  1.1945E+03,  3.0652E+02,  2.5387E+03,  4.5019E-02,  2.1027E+02,  1.7220E+01,  2.0349E+02,  1.8029E+01,  3.5451E+02,  2.2497E-01,  9.6269E+01,  1.6586E-01,  1.7499E+00,  3.5965E-01,  1.2252E+02,  2.8917E-01,  4.3223E+00,  4.0380E-01,  1.6292E+01,  5.5555E+00,  9.8730E+02,  1.2868E+01,  3.1309E+01,  3.0102E-01,  7.3640E-01,  4.8197E-02,  1.2056E-01,  7.2309E-03,  7.2346E-02,  9.6423E-03,  4.8233E-02,  7.2337E-03,  2.4111E-02,  4.8210E-03,  1.2057E-02,  9.6408E-04,  4.8212E-03,  0.0000E+00,  2.1697E-03,  4.8214E-04,  1.4463E-03,  4.8218E-04,  1.6881E-03,  2.1707E-04,  4.8257E-03,  3.3789E-04,  7.2459E-03,  1.4476E-03,  6.5190E-03,  4.8282E-04,  4.8305E-03,  4.8295E-04,  1.2075E-03,  1.9304E-04,  9.6547E-04,  0.0000E+00,  2.4143E-04,  9.6558E-05,  4.8309E-04,  7.2450E-05,  4.8312E-04,  9.6621E-05,  2.4155E-04,  4.8302E-05,  2.1742E-04,  4.8313E-05,  1.9327E-04,  2.1744E-05,  2.4163E-04,  4.8326E-05,  7.2510E-04,  7.2502E-04,  1.4497E-03,  2.4166E-04,  2.4171E-04,  2.1759E-04,  2.4179E-03,  1.4501E-04,  0.0000E+00,  0.0000E+00,  0.0000E+00,  0.0000E+00,  0.0000E+00,  0.0000E+00,  4.8401E-05,  0.0000E+00,  2.9048E-05,  2.2077E+06,  8.7251E+04,  0.0000E+00,  0.0000E+00,  0.0000E+00,  8.3753E+02,  2.1497E+02,  1.7891E+03,  3.1240E-02,  1.4598E+02,  1.1951E+01,  1.4127E+02,  1.2513E+01,  2.4614E+02,  1.5615E-01,  6.6840E+01,  1.1511E-01,  1.2135E+00,  2.4965E-01,  8.6339E+01,  2.0063E-01,  2.9982E+00,  2.8002E-01,  1.1302E+01,  3.8530E+00,  6.8498E+02,  8.9255E+00,  2.1728E+01,  2.0878E-01,  5.1079E-01,  3.3414E-02,  8.3567E-02,  5.0120E-03,  5.0120E-02,  6.6826E-03,  3.3414E-02,  5.0120E-03,  1.6706E-02,  3.3414E-03,  8.3567E-03,  6.6826E-04,  3.3414E-03,  0.0000E+00,  1.5035E-03,  3.3414E-04,  1.0021E-03,  3.3414E-04,  1.1693E-03,  1.5035E-04,  3.3414E-03,  2.3392E-04,  5.0120E-03,  1.0021E-03,  4.5106E-03,  3.3414E-04,  3.3414E-03,  3.3414E-04,  8.3567E-04,  1.3364E-04,  6.6826E-04,  0.0000E+00,  1.6706E-04,  6.6826E-05,  3.3414E-04,  5.0120E-05,  3.3414E-04,  6.6826E-05,  1.6706E-04,  3.3414E-05,  1.5035E-04,  3.3414E-05,  1.3364E-04,  1.5035E-05,  1.6706E-04,  3.3414E-05,  5.0120E-04,  5.0120E-04,  1.0021E-03,  1.6706E-04,  1.6706E-04,  1.5035E-04,  1.6706E-03,  1.0021E-04,  0.0000E+00,  0.0000E+00,  0.0000E+00,  0.0000E+00,  0.0000E+00,  0.0000E+00,  3.3414E-05,  0.0000E+00,  2.0050E-05
  1.0000E+00,  4.3471E+06,  1.1625E+05,  0.0000E+00,  0.0000E+00,  0.0000E+00,  1.1161E+03,  2.8640E+02,  2.3714E+03,  4.2096E-02,  1.9661E+02,  1.6102E+01,  1.9027E+02,  1.6858E+01,  3.3148E+02,  2.1036E-01,  9.0014E+01,  1.5509E-01,  1.6363E+00,  3.3629E-01,  1.1444E+02,  2.7040E-01,  4.0418E+00,  3.7760E-01,  1.5235E+01,  5.1949E+00,  9.2321E+02,  1.2033E+01,  2.9275E+01,  2.8148E-01,  6.8860E-01,  4.5070E-02,  1.1274E-01,  6.7619E-03,  6.7656E-02,  9.0169E-03,  4.5106E-02,  6.7647E-03,  2.2547E-02,  4.5084E-03,  1.1275E-02,  9.0155E-04,  4.5085E-03,  0.0000E+00,  2.0290E-03,  4.5087E-04,  1.3526E-03,  4.5091E-04,  1.5787E-03,  2.0300E-04,  4.5130E-03,  3.1600E-04,  6.7769E-03,  1.3538E-03,  6.0969E-03,  4.5155E-04,  4.5178E-03,  4.5168E-04,  1.1293E-03,  1.8053E-04,  9.0293E-04,  0.0000E+00,  2.2580E-04,  9.0305E-05,  4.5182E-04,  6.7759E-05,  4.5185E-04,  9.0368E-05,  2.2591E-04,  4.5175E-05,  2.0335E-04,  4.5187E-05,  1.8077E-04,  2.0337E-05,  2.2600E-04,  4.5199E-05,  6.7819E-04,  6.7812E-04,  1.3559E-03,  2.2603E-04,  2.2608E-04,  2.0352E-04,  2.2615E-03,  1.3563E-04,  0.0000E+00,  0.0000E+00,  0.0000E+00,  0.0000E+00,  0.0000E+00,  0.0000E+00,  4.5275E-05,  0.0000E+00,  2.7172E-05,  1.9717E+06,  7.6067E+04,  0.0000E+00,  0.0000E+00,  0.0000E+00,  7.3025E+02,  1.8743E+02,  1.5579E+03,  2.7227E-02,  1.2723E+02,  1.0415E+01,  1.2312E+02,  1.0905E+01,  2.1452E+02,  1.3609E-01,  5.8253E+01,  1.0032E-01,  1.0576E+00,  2.1758E-01,  7.5180E+01,  1.7485E-01,  2.6130E+00,  2.4405E-01,  9.8500E+00,  3.3580E+00,  5.9698E+02,  7.7788E+00,  1.8936E+01,  1.8196E-01,  4.4517E-01,  2.9121E-02,  7.2831E-02,  4.3681E-03,  4.3681E-02,  5.8241E-03,  2.9121E-02,  4.3681E-03,  1.4560E-02,  2.9121E-03,  7.2831E-03,  5.8241E-04,  2.9121E-03,  0.0000E+00,  1.3104E-03,  2.9121E-04,  8.7335E-04,  2.9121E-04,  1.0191E-03,  1.3104E-04,  2.9121E-03,  2.0387E-04,  4.3681E-03,  8.7335E-04,  3.9311E-03,  2.9121E-04,  2.9121E-03,  2.9121E-04,  7.2831E-04,  1.1647E-04,  5.8241E-04,  0.0000E+00,  1.4560E-04,  5.8241E-05,  2.9121E-04,  4.3681E-05,  2.9121E-04,  5.8241E-05,  1.4560E-04,  2.9121E-05,  1.3104E-04,  2.9121E-05,  1.1647E-04,  1.3104E-05,  1.4560E-04,  2.9121E-05,  4.3681E-04,  4.3681E-04,  8.7335E-04,  1.4560E-04,  1.4560E-04,  1.3104E-04,  1.4560E-03,  8.7335E-05,  0.0000E+00,  0.0000E+00,  0.0000E+00,  0.0000E+00,  0.0000E+00,  0.0000E+00,  2.9121E-05,  0.0000E+00,  1.7474E-05
  1.1000E+00,  4.1595E+06,  1.0908E+05,  0.0000E+00,  0.0000E+00,  0.0000E+00,  1.0474E+03,  2.6875E+02,  2.2248E+03,  3.9533E-02,  1.8463E+02,  1.5121E+01,  1.7867E+02,  1.5831E+01,  3.1128E+02,  1.9755E-01,  8.4529E+01,  1.4564E-01,  1.5368E+00,  3.1581E-01,  1.0737E+02,  2.5394E-01,  3.7958E+00,  3.5462E-01,  1.4308E+01,  4.8788E+00,  8.6700E+02,  1.1300E+01,  2.7493E+01,  2.6435E-01,  6.4669E-01,  4.2329E-02,  1.0589E-01,  6.3506E-03,  6.3543E-02,  8.4686E-03,  4.2365E-02,  6.3534E-03,  2.1176E-02,  4.2342E-03,  1.0590E-02,  8.4671E-04,  4.2344E-03,  0.0000E+00,  1.9056E-03,  4.2345E-04,  1.2703E-03,  4.2349E-04,  1.4828E-03,  1.9066E-04,  4.2388E-03,  2.9681E-04,  6.3656E-03,  1.2716E-03,  5.7268E-03,  4.2413E-04,  4.2436E-03,  4.2426E-04,  1.0607E-03,  1.6957E-04,  8.4810E-04,  0.0000E+00,  2.1209E-04,  8.4821E-05,  4.2440E-04,  6.3647E-05,  4.2443E-04,  8.4884E-05,  2.1221E-04,  4.2434E-05,  1.9101E-04,  4.2445E-05,  1.6980E-04,  1.9103E-05,  2.1229E-04,  4.2457E-05,  6.3707E-04,  6.3700E-04,  1.2737E-03,  2.1232E-04,  2.1237E-04,  1.9118E-04,  2.1245E-03,  1.2741E-04,  0.0000E+00,  0.0000E+00,  0.0000E+00,  0.0000E+00,  0.0000E+00,  0.0000E+00,  4.2533E-05,  0.0000E+00,  2.5526E-05,  1.7800E+06,  6.7191E+04,  0.0000E+00,  0.0000E+00,  0.0000E+00,  6.4508E+02,  1.6557E+02,  1.3745E+03,  2.4042E-02,  1.1235E+02,  9.1972E+00,  1.0872E+02,  9.6299E+00,  1.8943E+02,  1.2017E-01,  5.1440E+01,  8.8586E-02,  9.3386E-01,  1.9213E-01,  6.6334E+01,  1.5440E-01,  2.3073E+00,  2.1550E-01,  8.6979E+00,  2.9652E+00,  5.2715E+02,  6.8689E+00,  1.6721E+01,  1.6068E-01,  3.9310E-01,  2.5715E-02,  6.4312E-02,  3.8572E-03,  3.8572E-02,  5.1429E-03,  2.5715E-02,  3.8572E-03,  1.2857E-02,  2.5715E-03,  6.4312E-03,  5.1429E-04,  2.5715E-03,  0.0000E+00,  1.1571E-03,  2.5715E-04,  7.7120E-04,  2.5715E-04,  8.9987E-04,  1.1571E-04,  2.5715E-03,  1.8002E-04,  3.8572E-03,  7.7120E-04,  3.4713E-03,  2.5715E-04,  2.5715E-03,  2.5715E-04,  6.4312E-04,  1.0285E-04,  5.1429E-04,  0.0000E+00,  1.2857E-04,  5.1429E-05,  2.5715E-04,  3.8572E-05,  2.5715E-04,  5.1429E-05,  1.2857E-04,  2.5715E-05,  1.1571E-04,  2.5715E-05,  1.0285E-04,  1.1571E-05,  1.2857E-04,  2.5715E-05,  3.8572E-04,  3.8572E-04,  7.7120E-04,  1.2857E-04,  1.2857E-04,  1.1571E-04,  1.2857E-03,  7.7120E-05,  0.0000E+00,  0.0000E+00,  0.0000E+00,  0.0000E+00,  0.0000E+00,  0.0000E+00,  2.5715E-05,  0.0000E+00,  1.5430E-05
  1.2000E+00,  3.9894E+06,  1.0272E+05,  0.0000E+00,  0.0000E+00,  0.0000E+00,  9.8632E+02,  2.5308E+02,  2.0947E+03,  3.7257E-02,  1.7400E+02,  1.4251E+01,  1.6839E+02,  1.4920E+01,  2.9336E+02,  1.8617E-01,  7.9661E+01,  1.3726E-01,  1.4484E+00,  2.9763E-01,  1.0109E+02,  2.3933E-01,  3.5774E+00,  3.3423E-01,  1.3484E+01,  4.5982E+00,  8.1711E+02,  1.0650E+01,  2.5910E+01,  2.4914E-01,  6.0949E-01,  3.9895E-02,  9.9799E-02,  5.9856E-03,  5.9893E-02,  7.9819E-03,  3.9931E-02,  5.9884E-03,  1.9960E-02,  3.9908E-03,  9.9811E-03,  7.9804E-04,  3.9910E-03,  0.0000E+00,  1.7961E-03,  3.9912E-04,  1.1973E-03,  3.9916E-04,  1.3976E-03,  1.7971E-04,  3.9955E-03,  2.7977E-04,  6.0006E-03,  1.1986E-03,  5.3983E-03,  3.9980E-04,  4.0003E-03,  3.9993E-04,  9.9988E-04,  1.5984E-04,  7.9943E-04,  0.0000E+00,  1.9993E-04,  7.9954E-05,  4.0007E-04,  5.9997E-05,  4.0010E-04,  8.0017E-05,  2.0004E-04,  4.0000E-05,  1.8006E-04,  4.0012E-05,  1.6007E-04,  1.8008E-05,  2.0012E-04,  4.0024E-05,  6.0057E-04,  6.0050E-04,  1.2007E-03,  2.0015E-04,  2.0020E-04,  1.8023E-04,  2.0028E-03,  1.2011E-04,  0.0000E+00,  0.0000E+00,  0.0000E+00,  0.0000E+00,  0.0000E+00,  0.0000E+00,  4.0099E-05,  0.0000E+00,  2.4066E-05,  1.6213E+06,  5.9995E+04,  0.0000E+00,  0.0000E+00,  0.0000E+00,  5.7604E+02,  1.4785E+02,  1.2261E+03,  2.1461E-02,  1.0028E+02,  8.2099E+00,  9.7046E+01,  8.5961E+00,  1.6909E+02,  1.0727E-01,  4.5918E+01,  7.9076E-02,  8.3361E-01,  1.7150E-01,  5.9170E+01,  1.3783E-01,  2.0597E+00,  1.9237E-01,  7.7642E+00,  2.6469E+00,  4.7056E+02,  6.1316E+00,  1.4926E+01,  1.4343E-01,  3.5090E-01,  2.2954E-02,  5.7408E-02,  3.4431E-03,  3.4431E-02,  4.5908E-03,  2.2954E-02,  3.4431E-03,  1.1477E-02,  2.2954E-03,  5.7408E-03,  4.5908E-04,  2.2954E-03,  0.0000E+00,  1.0329E-03,  2.2954E-04,  6.8841E-04,  2.2954E-04,  8.0327E-04,  1.0329E-04,  2.2954E-03,  1.6070E-04,  3.4431E-03,  6.8841E-04,  3.0986E-03,  2.2954E-04,  2.2954E-03,  2.2954E-04,  5.7408E-04,  9.1807E-05,  4.5908E-04,  0.0000E+00,  1.1477E-04,  4.5908E-05,  2.2954E-04,  3.4431E-05,  2.2954E-04,  4.5908E-05,  1.1477E-04,  2.2954E-05,  1.0329E-04,  2.2954E-05,  9.1807E-05,  1.0329E-05,  1.1477E-04,  2.2954E-05,  3.4431E-04,  3.4431E-04,  6.8841E-04,  1.1477E-04,  1.1477E-04,  1.0329E-04,  1.1477E-03,  6.8841E-05,  0.0000E+00,  0.0000E+00,  0.0000E+00,  0.0000E+00,  0.0000E+00,  0.0000E+00,  2.2954E-05,  0.0000E+00,  1.3774E-05
  1.4000E+00,  3.6899E+06,  9.1815E+04,  0.0000E+00,  0.0000E+00,  0.0000E+00,  8.8159E+02,  2.2620E+02,  1.8720E+03,  3.3356E-02,  1.5577E+02,  1.2758E+01,  1.5075E+02,  1.3357E+01,  2.6262E+02,  1.6667E-01,  7.1315E+01,  1.2288E-01,  1.2969E+00,  2.6645E-01,  9.0340E+01,  2.1427E-01,  3.2030E+00,  2.9926E-01,  1.2073E+01,  4.1170E+00,  7.3158E+02,  9.5357E+00,  2.3197E+01,  2.2307E-01,  5.4570E-01,  3.5723E-02,  8.9364E-02,  5.3597E-03,  5.3634E-02,  7.1474E-03,  3.5759E-02,  5.3625E-03,  1.7873E-02,  3.5736E-03,  8.9376E-03,  7.1459E-04,  3.5738E-03,  0.0000E+00,  1.6083E-03,  3.5739E-04,  1.0722E-03,  3.5743E-04,  1.2516E-03,  1.6094E-04,  3.5782E-03,  2.5056E-04,  5.3747E-03,  1.0735E-03,  4.8350E-03,  3.5807E-04,  3.5830E-03,  3.5820E-04,  8.9553E-04,  1.4315E-04,  7.1598E-04,  0.0000E+00,  1.7906E-04,  7.1609E-05,  3.5834E-04,  5.3738E-05,  3.5837E-04,  7.1672E-05,  1.7918E-04,  3.5828E-05,  1.6129E-04,  3.5839E-05,  1.4338E-04,  1.6131E-05,  1.7926E-04,  3.5851E-05,  5.3798E-04,  5.3791E-04,  1.0756E-03,  1.7929E-04,  1.7934E-04,  1.6146E-04,  1.7942E-03,  1.0760E-04,  0.0000E+00,  0.0000E+00,  0.0000E+00,  0.0000E+00,  0.0000E+00,  0.0000E+00,  3.5927E-05,  0.0000E+00,  2.1563E-05,  1.3741E+06,  4.9086E+04,  0.0000E+00,  0.0000E+00,  0.0000E+00,  4.7136E+02,  1.2098E+02,  1.0014E+03,  1.7550E-02,  8.2009E+01,  6.7138E+00,  7.9361E+01,  7.0296E+00,  1.3828E+02,  8.7723E-02,  3.7550E+01,  6.4666E-02,  6.8170E-01,  1.4025E-01,  4.8324E+01,  1.1271E-01,  1.6843E+00,  1.5731E-01,  6.3492E+00,  2.1646E+00,  3.8481E+02,  5.0142E+00,  1.2206E+01,  1.1729E-01,  2.8695E-01,  1.8771E-02,  4.6946E-02,  2.8156E-03,  2.8156E-02,  3.7542E-03,  1.8771E-02,  2.8156E-03,  9.3854E-03,  1.8771E-03,  4.6946E-03,  3.7542E-04,  1.8771E-03,  0.0000E+00,  8.4465E-04,  1.8771E-04,  5.6296E-04,  1.8771E-04,  6.5688E-04,  8.4465E-05,  1.8771E-03,  1.3141E-04,  2.8156E-03,  5.6296E-04,  2.5340E-03,  1.8771E-04,  1.8771E-03,  1.8771E-04,  4.6946E-04,  7.5077E-05,  3.7542E-04,  0.0000E+00,  9.3854E-05,  3.7542E-05,  1.8771E-04,  2.8156E-05,  1.8771E-04,  3.7542E-05,  9.3854E-05,  1.8771E-05,  8.4465E-05,  1.8771E-05,  7.5077E-05,  8.4465E-06,  9.3854E-05,  1.8771E-05,  2.8156E-04,  2.8156E-04,  5.6296E-04,  9.3854E-05,  9.3854E-05,  8.4465E-05,  9.3854E-04,  5.6296E-05,  0.0000E+00,  0.0000E+00,  0.0000E+00,  0.0000E+00,  0.0000E+00,  0.0000E+00,  1.8771E-05,  0.0000E+00,  1.1263E-05
  1.6000E+00,  3.4334E+06,  8.2781E+04,  0.0000E+00,  0.0000E+00,  0.0000E+00,  7.9483E+02,  2.0393E+02,  1.6878E+03,  3.0127E-02,  1.4068E+02,  1.1523E+01,  1.3614E+02,  1.2064E+01,  2.3718E+02,  1.5053E-01,  6.4405E+01,  1.1099E-01,  1.1714E+00,  2.4064E-01,  8.1453E+01,  1.9353E-01,  2.8931E+00,  2.7031E-01,  1.0905E+01,  3.7187E+00,  6.6077E+02,  8.6131E+00,  2.0951E+01,  2.0149E-01,  4.9290E-01,  3.2269E-02,  8.0725E-02,  4.8416E-03,  4.8453E-02,  6.4566E-03,  3.2305E-02,  4.8444E-03,  1.6147E-02,  3.2282E-03,  8.0737E-03,  6.4551E-04,  3.2284E-03,  0.0000E+00,  1.4529E-03,  3.2285E-04,  9.6862E-04,  3.2289E-04,  1.1307E-03,  1.4540E-04,  3.2328E-03,  2.2638E-04,  4.8566E-03,  9.6990E-04,  4.3687E-03,  3.2353E-04,  3.2376E-03,  3.2366E-04,  8.0914E-04,  1.2933E-04,  6.4690E-04,  0.0000E+00,  1.6179E-04,  6.4701E-05,  3.2380E-04,  4.8557E-05,  3.2383E-04,  6.4764E-05,  1.6191E-04,  3.2374E-05,  1.4574E-04,  3.2385E-05,  1.2957E-04,  1.4577E-05,  1.6199E-04,  3.2397E-05,  4.8617E-04,  4.8610E-04,  9.7201E-04,  1.6202E-04,  1.6207E-04,  1.4591E-04,  1.6215E-03,  9.7239E-05,  0.0000E+00,  0.0000E+00,  0.0000E+00,  0.0000E+00,  0.0000E+00,  0.0000E+00,  3.2473E-05,  0.0000E+00,  1.9490E-05,  1.1907E+06,  4.1253E+04,  0.0000E+00,  0.0000E+00,  0.0000E+00,  3.9619E+02,  1.0169E+02,  8.4027E+02,  1.4743E-02,  6.8893E+01,  5.6400E+00,  6.6668E+01,  5.9053E+00,  1.1616E+02,  7.3693E-02,  3.1544E+01,  5.4324E-02,  5.7267E-01,  1.1782E-01,  4.0550E+01,  9.4683E-02,  1.4149E+00,  1.3215E-01,  5.3338E+00,  1.8184E+00,  3.2326E+02,  4.2122E+00,  1.0254E+01,  9.8531E-02,  2.4106E-01,  1.5769E-02,  3.9438E-02,  2.3653E-03,  2.3653E-02,  3.1538E-03,  1.5769E-02,  2.3653E-03,  7.8843E-03,  1.5769E-03,  3.9438E-03,  3.1538E-04,  1.5769E-03,  0.0000E+00,  7.0956E-04,  1.5769E-04,  4.7292E-04,  1.5769E-04,  5.5182E-04,  7.0956E-05,  1.5769E-03,  1.1039E-04,  2.3653E-03,  4.7292E-04,  2.1287E-03,  1.5769E-04,  1.5769E-03,  1.5769E-04,  3.9438E-04,  6.3069E-05,  3.1538E-04,  0.0000E+00,  7.8843E-05,  3.1538E-05,  1.5769E-04,  2.3653E-05,  1.5769E-04,  3.1538E-05,  7.8843E-05,  1.5769E-05,  7.0956E-05,  1.5769E-05,  6.3069E-05,  7.0956E-06,  7.8843E-05,  1.5769E-05,  2.3653E-04,  2.3653E-04,  4.7292E-04,  7.8843E-05,  7.8843E-05,  7.0956E-05,  7.8843E-04,  4.7292E-05,  0.0000E+00,  0.0000E+00,  0.0000E+00,  0.0000E+00,  0.0000E+00,  0.0000E+00,  1.5769E-05,  0.0000E+00,  9.4621E-06
  1.8000E+00,  3.2094E+06,  7.5117E+04,  0.0000E+00,  0.0000E+00,  0.0000E+00,  7.2122E+02,  1.8504E+02,  1.5318E+03,  2.7388E-02,  1.2788E+02,  1.0475E+01,  1.2376E+02,  1.0967E+01,  2.1560E+02,  1.3684E-01,  5.8546E+01,  1.0089E-01,  1.0651E+00,  2.1876E-01,  7.3924E+01,  1.7594E-01,  2.6303E+00,  2.4576E-01,  9.9140E+00,  3.3810E+00,  6.0072E+02,  7.8306E+00,  1.9046E+01,  1.8319E-01,  4.4813E-01,  2.9340E-02,  7.3399E-02,  4.4022E-03,  4.4060E-02,  5.8708E-03,  2.9375E-02,  4.4051E-03,  1.4682E-02,  2.9353E-03,  7.3412E-03,  5.8693E-04,  2.9355E-03,  0.0000E+00,  1.3211E-03,  2.9356E-04,  8.8077E-04,  2.9360E-04,  1.0282E-03,  1.3222E-04,  2.9399E-03,  2.0587E-04,  4.4172E-03,  8.8205E-04,  3.9733E-03,  2.9424E-04,  2.9447E-03,  2.9437E-04,  7.3589E-04,  1.1762E-04,  5.8832E-04,  0.0000E+00,  1.4715E-04,  5.8843E-05,  2.9451E-04,  4.4163E-05,  2.9454E-04,  5.8906E-05,  1.4726E-04,  2.9445E-05,  1.3256E-04,  2.9456E-05,  1.1785E-04,  1.3258E-05,  1.4735E-04,  2.9468E-05,  4.4223E-04,  4.4216E-04,  8.8417E-04,  1.4738E-04,  1.4743E-04,  1.3273E-04,  1.4750E-03,  8.8454E-05,  0.0000E+00,  0.0000E+00,  0.0000E+00,  0.0000E+00,  0.0000E+00,  0.0000E+00,  2.9544E-05,  0.0000E+00,  1.7732E-05,  1.0493E+06,  3.5389E+04,  0.0000E+00,  0.0000E+00,  0.0000E+00,  3.3990E+02,  8.7243E+01,  7.1983E+02,  1.2643E-02,  5.9077E+01,  4.8364E+00,  5.7169E+01,  5.0639E+00,  9.9611E+01,  6.3192E-02,  2.7050E+01,  4.6583E-02,  4.9107E-01,  1.0103E-01,  3.4738E+01,  8.1192E-02,  1.2133E+00,  1.1332E-01,  4.5738E+00,  1.5593E+00,  2.7720E+02,  3.6120E+00,  8.7930E+00,  8.4492E-02,  2.0671E-01,  1.3522E-02,  3.3819E-02,  2.0283E-03,  2.0283E-02,  2.7044E-03,  1.3522E-02,  2.0283E-03,  6.7609E-03,  1.3522E-03,  3.3819E-03,  2.7044E-04,  1.3522E-03,  0.0000E+00,  6.0846E-04,  1.3522E-04,  4.0554E-04,  1.3522E-04,  4.7320E-04,  6.0846E-05,  1.3522E-03,  9.4665E-05,  2.0283E-03,  4.0554E-04,  1.8254E-03,  1.3522E-04,  1.3522E-03,  1.3522E-04,  3.3819E-04,  5.4083E-05,  2.7044E-04,  0.0000E+00,  6.7609E-05,  2.7044E-05,  1.3522E-04,  2.0283E-05,  1.3522E-04,  2.7044E-05,  6.7609E-05,  1.3522E-05,  6.0846E-05,  1.3522E-05,  5.4083E-05,  6.0846E-06,  6.7609E-05,  1.3522E-05,  2.0283E-04,  2.0283E-04,  4.0554E-04,  6.7609E-05,  6.7609E-05,  6.0846E-05,  6.7609E-04,  4.0554E-05,  0.0000E+00,  0.0000E+00,  0.0000E+00,  0.0000E+00,  0.0000E+00,  0.0000E+00,  1.3522E-05,  0.0000E+00,  8.1138E-06
  2.0000E+00,  3.0107E+06,  6.8492E+04,  0.0000E+00,  0.0000E+00,  0.0000E+00,  6.5760E+02,  1.6871E+02,  1.3972E+03,  2.5022E-02,  1.1683E+02,  9.5702E+00,  1.1306E+02,  1.0019E+01,  1.9696E+02,  1.2502E-01,  5.3484E+01,  9.2176E-02,  9.7315E-01,  1.9985E-01,  6.7426E+01,  1.6075E-01,  2.4032E+00,  2.2456E-01,  9.0580E+00,  3.0891E+00,  5.4884E+02,  7.1546E+00,  1.7401E+01,  1.6738E-01,  4.0944E-01,  2.6809E-02,  6.7070E-02,  4.0226E-03,  4.0264E-02,  5.3647E-03,  2.6845E-02,  4.0254E-03,  1.3417E-02,  2.6822E-03,  6.7082E-03,  5.3632E-04,  2.6824E-03,  0.0000E+00,  1.2072E-03,  2.6825E-04,  8.0488E-04,  2.6829E-04,  9.3965E-04,  1.2083E-04,  2.6869E-03,  1.8816E-04,  4.0376E-03,  8.0615E-04,  3.6317E-03,  2.6894E-04,  2.6916E-03,  2.6907E-04,  6.7259E-04,  1.0750E-04,  5.3770E-04,  0.0000E+00,  1.3449E-04,  5.3782E-05,  2.6920E-04,  4.0367E-05,  2.6923E-04,  5.3845E-05,  1.3461E-04,  2.6914E-05,  1.2118E-04,  2.6925E-05,  1.0773E-04,  1.2120E-05,  1.3469E-04,  2.6937E-05,  4.0427E-04,  4.0420E-04,  8.0827E-04,  1.3472E-04,  1.3477E-04,  1.2135E-04,  1.3485E-03,  8.0865E-05,  0.0000E+00,  0.0000E+00,  0.0000E+00,  0.0000E+00,  0.0000E+00,  0.0000E+00,  2.7013E-05,  0.0000E+00,  1.6214E-05,  9.3715E+05,  3.0853E+04,  0.0000E+00,  0.0000E+00,  0.0000E+00,  2.9636E+02,  7.6067E+01,  6.2679E+02,  1.1018E-02,  5.1487E+01,  4.2150E+00,  4.9824E+01,  4.4133E+00,  8.6814E+01,  5.5074E-02,  2.3574E+01,  4.0598E-02,  4.2798E-01,  8.8051E-02,  3.0248E+01,  7.0761E-02,  1.0574E+00,  9.8763E-02,  3.9862E+00,  1.3589E+00,  2.4159E+02,  3.1480E+00,  7.6633E+00,  7.3637E-02,  1.8015E-01,  1.1785E-02,  2.9474E-02,  1.7677E-03,  1.7677E-02,  2.3570E-03,  1.1785E-02,  1.7677E-03,  5.8923E-03,  1.1785E-03,  2.9474E-03,  2.3570E-04,  1.1785E-03,  0.0000E+00,  5.3029E-04,  1.1785E-04,  3.5344E-04,  1.1785E-04,  4.1240E-04,  5.3029E-05,  1.1785E-03,  8.2503E-05,  1.7677E-03,  3.5344E-04,  1.5909E-03,  1.1785E-04,  1.1785E-03,  1.1785E-04,  2.9474E-04,  4.7135E-05,  2.3570E-04,  0.0000E+00,  5.8923E-05,  2.3570E-05,  1.1785E-04,  1.7677E-05,  1.1785E-04,  2.3570E-05,  5.8923E-05,  1.1785E-05,  5.3029E-05,  1.1785E-05,  4.7135E-05,  5.3029E-06,  5.8923E-05,  1.1785E-05,  1.7677E-04,  1.7677E-04,  3.5344E-04,  5.8923E-05,  5.8923E-05,  5.3029E-05,  5.8923E-04,  3.5344E-05,  0.0000E+00,  0.0000E+00,  0.0000E+00,  0.0000E+00,  0.0000E+00,  0.0000E+00,  1.1785E-05,  0.0000E+00,  7.0714E-06
  2.2000E+00,  2.8337E+06,  6.2742E+04,  0.0000E+00,  0.0000E+00,  0.0000E+00,  6.0237E+02,  1.5453E+02,  1.2803E+03,  2.2969E-02,  1.0723E+02,  8.7846E+00,  1.0377E+02,  9.1966E+00,  1.8078E+02,  1.1475E-01,  4.9090E+01,  8.4610E-02,  8.9338E-01,  1.8344E-01,  6.1785E+01,  1.4756E-01,  2.2061E+00,  2.0615E-01,  8.3150E+00,  2.8358E+00,  5.0382E+02,  6.5679E+00,  1.5972E+01,  1.5365E-01,  3.7586E-01,  2.4612E-02,  6.1577E-02,  3.6932E-03,  3.6969E-02,  4.9254E-03,  2.4648E-02,  3.6960E-03,  1.2318E-02,  2.4626E-03,  6.1589E-03,  4.9239E-04,  2.4627E-03,  0.0000E+00,  1.1084E-03,  2.4629E-04,  7.3900E-04,  2.4633E-04,  8.6279E-04,  1.1094E-04,  2.4672E-03,  1.7278E-04,  3.7082E-03,  7.4028E-04,  3.3352E-03,  2.4697E-04,  2.4720E-03,  2.4710E-04,  6.1766E-04,  9.8710E-05,  4.9377E-04,  0.0000E+00,  1.2351E-04,  4.9389E-05,  2.4724E-04,  3.7073E-05,  2.4727E-04,  4.9452E-05,  1.2363E-04,  2.4717E-05,  1.1129E-04,  2.4729E-05,  9.8944E-05,  1.1131E-05,  1.2371E-04,  2.4741E-05,  3.7133E-04,  3.7125E-04,  7.4239E-04,  1.2374E-04,  1.2379E-04,  1.1146E-04,  1.2387E-03,  7.4277E-05,  0.0000E+00,  0.0000E+00,  0.0000E+00,  0.0000E+00,  0.0000E+00,  0.0000E+00,  2.4817E-05,  0.0000E+00,  1.4896E-05,  8.3322E+05,  2.6652E+04,  0.0000E+00,  0.0000E+00,  0.0000E+00,  2.5594E+02,  6.5695E+01,  5.4200E+02,  9.5182E-03,  4.4477E+01,  3.6411E+00,  4.3041E+01,  3.8124E+00,  7.4994E+01,  4.7575E-02,  2.0365E+01,  3.5071E-02,  3.6971E-01,  7.6063E-02,  2.6156E+01,  6.1127E-02,  9.1347E-01,  8.5316E-02,  3.4434E+00,  1.1739E+00,  2.0870E+02,  2.7194E+00,  6.6199E+00,  6.3611E-02,  1.5563E-01,  1.0180E-02,  2.5461E-02,  1.5270E-03,  1.5270E-02,  2.0360E-03,  1.0180E-02,  1.5270E-03,  5.0901E-03,  1.0180E-03,  2.5461E-03,  2.0360E-04,  1.0180E-03,  0.0000E+00,  4.5809E-04,  1.0180E-04,  3.0531E-04,  1.0180E-04,  3.5625E-04,  4.5809E-05,  1.0180E-03,  7.1270E-05,  1.5270E-03,  3.0531E-04,  1.3743E-03,  1.0180E-04,  1.0180E-03,  1.0180E-04,  2.5461E-04,  4.0717E-05,  2.0360E-04,  0.0000E+00,  5.0901E-05,  2.0360E-05,  1.0180E-04,  1.5270E-05,  1.0180E-04,  2.0360E-05,  5.0901E-05,  1.0180E-05,  4.5809E-05,  1.0180E-05,  4.0717E-05,  4.5809E-06,  5.0901E-05,  1.0180E-05,  1.5270E-04,  1.5270E-04,  3.0531E-04,  5.0901E-05,  5.0901E-05,  4.5809E-05,  5.0901E-04,  3.0531E-05,  0.0000E+00,  0.0000E+00,  0.0000E+00,  0.0000E+00,  0.0000E+00,  0.0000E+00,  1.0180E-05,  0.0000E+00,  6.1086E-06
  2.5000E+00,  2.6020E+06,  5.5459E+04,  0.0000E+00,  0.0000E+00,  0.0000E+00,  5.3244E+02,  1.3658E+02,  1.1321E+03,  2.0368E-02,  9.5077E+01,  7.7896E+00,  9.2012E+01,  8.1548E+00,  1.6028E+02,  1.0175E-01,  4.3525E+01,  7.5026E-02,  7.9235E-01,  1.6265E-01,  5.4633E+01,  1.3086E-01,  1.9565E+00,  1.8283E-01,  7.3741E+00,  2.5151E+00,  4.4679E+02,  5.8248E+00,  1.4163E+01,  1.3627E-01,  3.3333E-01,  2.1830E-02,  5.4619E-02,  3.2759E-03,  3.2796E-02,  4.3690E-03,  2.1866E-02,  3.2787E-03,  1.0927E-02,  2.1844E-03,  5.4631E-03,  4.3675E-04,  2.1845E-03,  0.0000E+00,  9.8323E-04,  2.1847E-04,  6.5557E-04,  2.1851E-04,  7.6544E-04,  9.8426E-05,  2.1890E-03,  1.5330E-04,  3.2909E-03,  6.5685E-04,  2.9597E-03,  2.1915E-04,  2.1938E-03,  2.1928E-04,  5.4808E-04,  8.7583E-05,  4.3814E-04,  0.0000E+00,  1.0960E-04,  4.3825E-05,  2.1942E-04,  3.2900E-05,  2.1945E-04,  4.3888E-05,  1.0972E-04,  2.1935E-05,  9.8775E-05,  2.1947E-05,  8.7817E-05,  9.8796E-06,  1.0980E-04,  2.1959E-05,  3.2960E-04,  3.2953E-04,  6.5896E-04,  1.0983E-04,  1.0988E-04,  9.8945E-05,  1.0996E-03,  6.5934E-05,  0.0000E+00,  0.0000E+00,  0.0000E+00,  0.0000E+00,  0.0000E+00,  0.0000E+00,  2.2035E-05,  0.0000E+00,  1.3227E-05,  7.1169E+05,  2.1901E+04,  0.0000E+00,  0.0000E+00,  0.0000E+00,  2.1025E+02,  5.3969E+01,  4.4600E+02,  7.8217E-03,  3.6549E+01,  2.9921E+00,  3.5369E+01,  3.1329E+00,  6.1627E+01,  3.9096E-02,  1.6735E+01,  2.8820E-02,  3.0381E-01,  6.2506E-02,  2.1523E+01,  5.0232E-02,  7.5065E-01,  7.0109E-02,  2.8297E+00,  9.6468E-01,  1.7150E+02,  2.2347E+00,  5.4400E+00,  5.2273E-02,  1.2789E-01,  8.3658E-03,  2.0923E-02,  1.2549E-03,  1.2549E-02,  1.6731E-03,  8.3658E-03,  1.2549E-03,  4.1828E-03,  8.3658E-04,  2.0923E-03,  1.6731E-04,  8.3658E-04,  0.0000E+00,  3.7644E-04,  8.3658E-05,  2.5090E-04,  8.3658E-05,  2.9275E-04,  3.7644E-05,  8.3658E-04,  5.8567E-05,  1.2549E-03,  2.5090E-04,  1.1293E-03,  8.3658E-05,  8.3658E-04,  8.3658E-05,  2.0923E-04,  3.3460E-05,  1.6731E-04,  0.0000E+00,  4.1828E-05,  1.6731E-05,  8.3658E-05,  1.2549E-05,  8.3658E-05,  1.6731E-05,  4.1828E-05,  8.3658E-06,  3.7644E-05,  8.3658E-06,  3.3460E-05,  3.7644E-06,  4.1828E-05,  8.3658E-06,  1.2549E-04,  1.2549E-04,  2.5090E-04,  4.1828E-05,  4.1828E-05,  3.7644E-05,  4.1828E-04,  2.5090E-05,  0.0000E+00,  0.0000E+00,  0.0000E+00,  0.0000E+00,  0.0000E+00,  0.0000E+00,  8.3658E-06,  0.0000E+00,  5.0198E-06
  2.8000E+00,  2.4024E+06,  4.9414E+04,  0.0000E+00,  0.0000E+00,  0.0000E+00,  4.7441E+02,  1.2168E+02,  1.0089E+03,  1.8208E-02,  8.4988E+01,  6.9637E+00,  8.2248E+01,  7.2900E+00,  1.4327E+02,  9.0960E-02,  3.8905E+01,  6.7071E-02,  7.0849E-01,  1.4540E-01,  4.8689E+01,  1.1699E-01,  1.7493E+00,  1.6348E-01,  6.5930E+00,  2.2488E+00,  3.9945E+02,  5.2079E+00,  1.2662E+01,  1.2184E-01,  2.9803E-01,  1.9521E-02,  4.8844E-02,  2.9295E-03,  2.9332E-02,  3.9071E-03,  1.9557E-02,  2.9323E-03,  9.7729E-03,  1.9534E-03,  4.8856E-03,  3.9056E-04,  1.9536E-03,  0.0000E+00,  8.7932E-04,  1.9538E-04,  5.8631E-04,  1.9542E-04,  6.8462E-04,  8.8035E-05,  1.9581E-03,  1.3714E-04,  2.9445E-03,  5.8759E-04,  2.6479E-03,  1.9606E-04,  1.9629E-03,  1.9619E-04,  4.9033E-04,  7.8347E-05,  3.9195E-04,  0.0000E+00,  9.8057E-05,  3.9207E-05,  1.9633E-04,  2.9436E-05,  1.9636E-04,  3.9270E-05,  9.8170E-05,  1.9626E-05,  8.8384E-05,  1.9637E-05,  7.8581E-05,  8.8404E-06,  9.8255E-05,  1.9650E-05,  2.9496E-04,  2.9489E-04,  5.8970E-04,  9.8285E-05,  9.8336E-05,  8.8554E-05,  9.8410E-04,  5.9008E-05,  0.0000E+00,  0.0000E+00,  0.0000E+00,  0.0000E+00,  0.0000E+00,  0.0000E+00,  1.9725E-05,  0.0000E+00,  1.1841E-05,  6.1885E+05,  1.8402E+04,  0.0000E+00,  0.0000E+00,  0.0000E+00,  1.7661E+02,  4.5336E+01,  3.7521E+02,  6.5723E-03,  3.0711E+01,  2.5142E+00,  2.9720E+01,  2.6325E+00,  5.1784E+01,  3.2851E-02,  1.4062E+01,  2.4216E-02,  2.5529E-01,  5.2522E-02,  1.8107E+01,  4.2208E-02,  6.3075E-01,  5.8911E-02,  2.3777E+00,  8.1060E-01,  1.4411E+02,  1.8777E+00,  4.5711E+00,  4.3923E-02,  1.0746E-01,  7.0295E-03,  1.7581E-02,  1.0544E-03,  1.0544E-02,  1.4059E-03,  7.0295E-03,  1.0544E-03,  3.5147E-03,  7.0295E-04,  1.7581E-03,  1.4059E-04,  7.0295E-04,  0.0000E+00,  3.1631E-04,  7.0295E-05,  2.1082E-04,  7.0295E-05,  2.4599E-04,  3.1631E-05,  7.0295E-04,  4.9212E-05,  1.0544E-03,  2.1082E-04,  9.4893E-04,  7.0295E-05,  7.0295E-04,  7.0295E-05,  1.7581E-04,  2.8115E-05,  1.4059E-04,  0.0000E+00,  3.5147E-05,  1.4059E-05,  7.0295E-05,  1.0544E-05,  7.0295E-05,  1.4059E-05,  3.5147E-05,  7.0295E-06,  3.1631E-05,  7.0295E-06,  2.8115E-05,  3.1631E-06,  3.5147E-05,  7.0295E-06,  1.0544E-04,  1.0544E-04,  2.1082E-04,  3.5147E-05,  3.5147E-05,  3.1631E-05,  3.5147E-04,  2.1082E-05,  0.0000E+00,  0.0000E+00,  0.0000E+00,  0.0000E+00,  0.0000E+00,  0.0000E+00,  7.0295E-06,  0.0000E+00,  4.2180E-06
  3.2000E+00,  2.1745E+06,  4.2766E+04,  0.0000E+00,  0.0000E+00,  0.0000E+00,  4.1062E+02,  1.0531E+02,  8.7331E+02,  1.5834E-02,  7.3892E+01,  6.0553E+00,  7.1510E+01,  6.3388E+00,  1.2456E+02,  7.9091E-02,  3.3825E+01,  5.8321E-02,  6.1625E-01,  1.2642E-01,  4.2145E+01,  1.0174E-01,  1.5214E+00,  1.4220E-01,  5.7339E+00,  1.9559E+00,  3.4738E+02,  4.5295E+00,  1.1010E+01,  1.0597E-01,  2.5921E-01,  1.6981E-02,  4.2491E-02,  2.5485E-03,  2.5522E-02,  3.3992E-03,  1.7017E-02,  2.5513E-03,  8.5030E-03,  1.6995E-03,  4.2504E-03,  3.3977E-04,  1.6996E-03,  0.0000E+00,  7.6503E-04,  1.6998E-04,  5.1014E-04,  1.7002E-04,  5.9574E-04,  7.6607E-05,  1.7041E-03,  1.1936E-04,  2.5635E-03,  5.1142E-04,  2.3051E-03,  1.7066E-04,  1.7089E-03,  1.7079E-04,  4.2681E-04,  6.8189E-05,  3.4116E-04,  0.0000E+00,  8.5358E-05,  3.4127E-05,  1.7093E-04,  2.5626E-05,  1.7096E-04,  3.4190E-05,  8.5471E-05,  1.7086E-05,  7.6955E-05,  1.7098E-05,  6.8423E-05,  7.6976E-06,  8.5556E-05,  1.7110E-05,  2.5686E-04,  2.5679E-04,  5.1353E-04,  8.5586E-05,  8.5637E-05,  7.7125E-05,  8.5711E-04,  5.1391E-05,  0.0000E+00,  0.0000E+00,  0.0000E+00,  0.0000E+00,  0.0000E+00,  0.0000E+00,  1.7185E-05,  0.0000E+00,  1.0317E-05,  5.2069E+05,  1.4836E+04,  0.0000E+00,  0.0000E+00,  0.0000E+00,  1.4232E+02,  3.6538E+01,  3.0278E+02,  5.3009E-03,  2.4770E+01,  2.0278E+00,  2.3970E+01,  2.1232E+00,  4.1766E+01,  2.6496E-02,  1.1341E+01,  1.9532E-02,  2.0590E-01,  4.2361E-02,  1.4612E+01,  3.4043E-02,  5.0873E-01,  4.7514E-02,  1.9177E+00,  6.5378E-01,  1.1623E+02,  1.5145E+00,  3.6868E+00,  3.5426E-02,  8.6671E-02,  5.6696E-03,  1.4180E-02,  8.5044E-04,  8.5044E-03,  1.1339E-03,  5.6696E-03,  8.5044E-04,  2.8348E-03,  5.6696E-04,  1.4180E-03,  1.1339E-04,  5.6696E-04,  0.0000E+00,  2.5512E-04,  5.6696E-05,  1.7004E-04,  5.6696E-05,  1.9840E-04,  2.5512E-05,  5.6696E-04,  3.9692E-05,  8.5044E-04,  1.7004E-04,  7.6536E-04,  5.6696E-05,  5.6696E-04,  5.6696E-05,  1.4180E-04,  2.2676E-05,  1.1339E-04,  0.0000E+00,  2.8348E-05,  1.1339E-05,  5.6696E-05,  8.5044E-06,  5.6696E-05,  1.1339E-05,  2.8348E-05,  5.6696E-06,  2.5512E-05,  5.6696E-06,  2.2676E-05,  2.5512E-06,  2.8348E-05,  5.6696E-06,  8.5044E-05,  8.5044E-05,  1.7004E-04,  2.8348E-05,  2.8348E-05,  2.5512E-05,  2.8348E-04,  1.7004E-05,  0.0000E+00,  0.0000E+00,  0.0000E+00,  0.0000E+00,  0.0000E+00,  0.0000E+00,  5.6696E-06,  0.0000E+00,  3.4020E-06
  3.5000E+00,  2.0272E+06,  3.8629E+04,  0.0000E+00,  0.0000E+00,  0.0000E+00,  3.7095E+02,  9.5121E+01,  7.8887E+02,  1.4355E-02,  6.6983E+01,  5.4897E+00,  6.4824E+01,  5.7466E+00,  1.1291E+02,  7.1700E-02,  3.0661E+01,  5.2873E-02,  5.5882E-01,  1.1461E-01,  3.8070E+01,  9.2245E-02,  1.3795E+00,  1.2894E-01,  5.1990E+00,  1.7735E+00,  3.1496E+02,  4.1071E+00,  9.9816E+00,  9.6088E-02,  2.3503E-01,  1.5400E-02,  3.8536E-02,  2.3113E-03,  2.3150E-02,  3.0829E-03,  1.5436E-02,  2.3141E-03,  7.7123E-03,  1.5413E-03,  3.8549E-03,  3.0814E-04,  1.5415E-03,  0.0000E+00,  6.9388E-04,  1.5416E-04,  4.6271E-04,  1.5420E-04,  5.4040E-04,  6.9491E-05,  1.5460E-03,  1.0829E-04,  2.3263E-03,  4.6399E-04,  2.0916E-03,  1.5485E-04,  1.5507E-03,  1.5498E-04,  3.8725E-04,  6.1864E-05,  3.0953E-04,  0.0000E+00,  7.7451E-05,  3.0964E-05,  1.5512E-04,  2.3254E-05,  1.5514E-04,  3.1027E-05,  7.7564E-05,  1.5505E-05,  6.9839E-05,  1.5516E-05,  6.2098E-05,  6.9860E-06,  7.7650E-05,  1.5529E-05,  2.3314E-04,  2.3307E-04,  4.6611E-04,  7.7680E-05,  7.7730E-05,  7.0010E-05,  7.7805E-04,  4.6649E-05,  0.0000E+00,  0.0000E+00,  0.0000E+00,  0.0000E+00,  0.0000E+00,  0.0000E+00,  1.5604E-05,  0.0000E+00,  9.3681E-06,  4.6104E+05,  1.2745E+04,  0.0000E+00,  0.0000E+00,  0.0000E+00,  1.2219E+02,  3.1379E+01,  2.6015E+02,  4.5560E-03,  2.1290E+01,  1.7429E+00,  2.0602E+01,  1.8249E+00,  3.5897E+01,  2.2773E-02,  9.7479E+00,  1.6787E-02,  1.7697E-01,  3.6409E-02,  1.2555E+01,  2.9259E-02,  4.3725E-01,  4.0838E-02,  1.6483E+00,  5.6192E-01,  9.9896E+01,  1.3017E+00,  3.1687E+00,  3.0448E-02,  7.4493E-02,  4.8730E-03,  1.2187E-02,  7.3094E-04,  7.3094E-03,  9.7459E-04,  4.8730E-03,  7.3094E-04,  2.4364E-03,  4.8730E-04,  1.2187E-03,  9.7459E-05,  4.8730E-04,  0.0000E+00,  2.1927E-04,  4.8730E-05,  1.4614E-04,  4.8730E-05,  1.7053E-04,  2.1927E-05,  4.8730E-04,  3.4114E-05,  7.3094E-04,  1.4614E-04,  6.5781E-04,  4.8730E-05,  4.8730E-04,  4.8730E-05,  1.2187E-04,  1.9490E-05,  9.7459E-05,  0.0000E+00,  2.4364E-05,  9.7459E-06,  4.8730E-05,  7.3094E-06,  4.8730E-05,  9.7459E-06,  2.4364E-05,  4.8730E-06,  2.1927E-05,  4.8730E-06,  1.9490E-05,  2.1927E-06,  2.4364E-05,  4.8730E-06,  7.3094E-05,  7.3094E-05,  1.4614E-04,  2.4364E-05,  2.4364E-05,  2.1927E-05,  2.4364E-04,  1.4614E-05,  0.0000E+00,  0.0000E+00,  0.0000E+00,  0.0000E+00,  0.0000E+00,  0.0000E+00,  4.8730E-06,  0.0000E+00,  2.9240E-06
  4.0000E+00,  1.8158E+06,  3.2902E+04,  0.0000E+00,  0.0000E+00,  0.0000E+00,  3.1606E+02,  8.1024E+01,  6.7195E+02,  1.2307E-02,  5.7413E+01,  4.7062E+00,  5.5564E+01,  4.9263E+00,  9.6775E+01,  6.1464E-02,  2.6279E+01,  4.5327E-02,  4.7927E-01,  9.8242E-02,  3.2427E+01,  7.9093E-02,  1.1829E+00,  1.1059E-01,  4.4581E+00,  1.5209E+00,  2.7006E+02,  3.5219E+00,  8.5573E+00,  8.2401E-02,  2.0155E-01,  1.3209E-02,  3.3058E-02,  1.9827E-03,  1.9865E-02,  2.6448E-03,  1.3245E-02,  1.9856E-03,  6.6171E-03,  1.3223E-03,  3.3070E-03,  2.6433E-04,  1.3224E-03,  0.0000E+00,  5.9531E-04,  1.3226E-04,  3.9702E-04,  1.3230E-04,  4.6375E-04,  5.9634E-05,  1.3269E-03,  9.2951E-05,  1.9978E-03,  3.9830E-04,  1.7959E-03,  1.3294E-04,  1.3317E-03,  1.3307E-04,  3.3247E-04,  5.3103E-05,  2.6572E-04,  0.0000E+00,  6.6499E-05,  2.6583E-05,  1.3321E-04,  1.9968E-05,  1.3324E-04,  2.6646E-05,  6.6612E-05,  1.3314E-05,  5.9983E-05,  1.3326E-05,  5.3337E-05,  6.0004E-06,  6.6698E-05,  1.3338E-05,  2.0028E-04,  2.0021E-04,  4.0041E-04,  6.6728E-05,  6.6778E-05,  6.0153E-05,  6.6853E-04,  4.0079E-05,  0.0000E+00,  0.0000E+00,  0.0000E+00,  0.0000E+00,  0.0000E+00,  0.0000E+00,  1.3414E-05,  0.0000E+00,  8.0537E-06,  3.8460E+05,  1.0163E+04,  0.0000E+00,  0.0000E+00,  0.0000E+00,  9.7366E+01,  2.5011E+01,  2.0751E+02,  3.6358E-03,  1.6989E+01,  1.3909E+00,  1.6441E+01,  1.4563E+00,  2.8646E+01,  1.8173E-02,  7.7790E+00,  1.3396E-02,  1.4122E-01,  2.9055E-02,  1.0014E+01,  2.3349E-02,  3.4893E-01,  3.2589E-02,  1.3153E+00,  4.4842E-01,  7.9719E+01,  1.0388E+00,  2.5287E+00,  2.4298E-02,  5.9446E-02,  3.8887E-03,  9.7257E-03,  5.8330E-04,  5.8330E-03,  7.7774E-04,  3.8887E-03,  5.8330E-04,  1.9443E-03,  3.8887E-04,  9.7257E-04,  7.7774E-05,  3.8887E-04,  0.0000E+00,  1.7498E-04,  3.8887E-05,  1.1662E-04,  3.8887E-05,  1.3608E-04,  1.7498E-05,  3.8887E-04,  2.7224E-05,  5.8330E-04,  1.1662E-04,  5.2495E-04,  3.8887E-05,  3.8887E-04,  3.8887E-05,  9.7257E-05,  1.5553E-05,  7.7774E-05,  0.0000E+00,  1.9443E-05,  7.7774E-06,  3.8887E-05,  5.8330E-06,  3.8887E-05,  7.7774E-06,  1.9443E-05,  3.8887E-06,  1.7498E-05,  3.8887E-06,  1.5553E-05,  1.7498E-06,  1.9443E-05,  3.8887E-06,  5.8330E-05,  5.8330E-05,  1.1662E-04,  1.9443E-05,  1.9443E-05,  1.7498E-05,  1.9443E-04,  1.1662E-05,  0.0000E+00,  0.0000E+00,  0.0000E+00,  0.0000E+00,  0.0000E+00,  0.0000E+00,  3.8887E-06,  0.0000E+00,  2.3334E-06
  4.5000E+00,  1.6386E+06,  2.8313E+04,  0.0000E+00,  0.0000E+00,  0.0000E+00,  2.7203E+02,  6.9723E+01,  5.7822E+02,  1.0666E-02,  4.9742E+01,  4.0782E+00,  4.8140E+01,  4.2687E+00,  8.3840E+01,  5.3258E-02,  2.2767E+01,  3.9278E-02,  4.1550E-01,  8.5122E-02,  2.7904E+01,  6.8550E-02,  1.0254E+00,  9.5872E-02,  3.8641E+00,  1.3185E+00,  2.3406E+02,  3.0529E+00,  7.4154E+00,  7.1430E-02,  1.7470E-01,  1.1454E-02,  2.8667E-02,  1.7194E-03,  1.7231E-02,  2.2936E-03,  1.1489E-02,  1.7222E-03,  5.7392E-03,  1.1467E-03,  2.8679E-03,  2.2921E-04,  1.1468E-03,  0.0000E+00,  5.1630E-04,  1.1470E-04,  3.4436E-04,  1.1474E-04,  4.0230E-04,  5.1733E-05,  1.1513E-03,  8.0658E-05,  1.7344E-03,  3.4564E-04,  1.5589E-03,  1.1538E-04,  1.1561E-03,  1.1551E-04,  2.8856E-04,  4.6080E-05,  2.3060E-04,  0.0000E+00,  5.7720E-05,  2.3072E-05,  1.1565E-04,  1.7334E-05,  1.1568E-04,  2.3135E-05,  5.7833E-05,  1.1558E-05,  5.2082E-05,  1.1570E-05,  4.6314E-05,  5.2102E-06,  5.7918E-05,  1.1582E-05,  1.7394E-04,  1.7387E-04,  3.4775E-04,  5.7948E-05,  5.7999E-05,  5.2252E-05,  5.8073E-04,  3.4813E-05,  0.0000E+00,  0.0000E+00,  0.0000E+00,  0.0000E+00,  0.0000E+00,  0.0000E+00,  1.1658E-05,  0.0000E+00,  7.0001E-06,  3.2410E+05,  8.1916E+03,  0.0000E+00,  0.0000E+00,  0.0000E+00,  7.8736E+01,  2.0192E+01,  1.6740E+02,  2.9311E-03,  1.3697E+01,  1.1213E+00,  1.3254E+01,  1.1740E+00,  2.3095E+01,  1.4651E-02,  6.2714E+00,  1.0800E-02,  1.1385E-01,  2.3424E-02,  8.0786E+00,  1.8824E-02,  2.8130E-01,  2.6273E-02,  1.0604E+00,  3.6151E-01,  6.4269E+01,  8.3744E-01,  2.0386E+00,  1.9589E-02,  4.7925E-02,  3.1351E-03,  7.8408E-03,  4.7026E-04,  4.7026E-03,  6.2701E-04,  3.1351E-03,  4.7026E-04,  1.5675E-03,  3.1351E-04,  7.8408E-04,  6.2701E-05,  3.1351E-04,  0.0000E+00,  1.4107E-04,  3.1351E-05,  9.4022E-05,  3.1351E-05,  1.0971E-04,  1.4107E-05,  3.1351E-04,  2.1948E-05,  4.7026E-04,  9.4022E-05,  4.2321E-04,  3.1351E-05,  3.1351E-04,  3.1351E-05,  7.8408E-05,  1.2539E-05,  6.2701E-05,  0.0000E+00,  1.5675E-05,  6.2701E-06,  3.1351E-05,  4.7026E-06,  3.1351E-05,  6.2701E-06,  1.5675E-05,  3.1351E-06,  1.4107E-05,  3.1351E-06,  1.2539E-05,  1.4107E-06,  1.5675E-05,  3.1351E-06,  4.7026E-05,  4.7026E-05,  9.4022E-05,  1.5675E-05,  1.5675E-05,  1.4107E-05,  1.5675E-04,  9.4022E-06,  0.0000E+00,  0.0000E+00,  0.0000E+00,  0.0000E+00,  0.0000E+00,  0.0000E+00,  3.1351E-06,  0.0000E+00,  1.8812E-06
  5.0000E+00,  1.4881E+06,  2.4577E+04,  0.0000E+00,  0.0000E+00,  0.0000E+00,  2.3607E+02,  6.0507E+01,  5.0184E+02,  9.3284E-03,  4.3493E+01,  3.5667E+00,  4.2094E+01,  3.7331E+00,  7.3305E+01,  4.6574E-02,  1.9906E+01,  3.4351E-02,  3.6357E-01,  7.4437E-02,  2.4218E+01,  5.9963E-02,  8.9705E-01,  8.3886E-02,  3.3804E+00,  1.1536E+00,  2.0474E+02,  2.6709E+00,  6.4855E+00,  6.2493E-02,  1.5284E-01,  1.0023E-02,  2.5090E-02,  1.5048E-03,  1.5086E-02,  2.0076E-03,  1.0059E-02,  1.5076E-03,  5.0241E-03,  1.0037E-03,  2.5102E-03,  2.0061E-04,  1.0038E-03,  0.0000E+00,  4.5195E-04,  1.0040E-04,  3.0147E-04,  1.0044E-04,  3.5226E-04,  4.5298E-05,  1.0083E-03,  7.0646E-05,  1.5198E-03,  3.0275E-04,  1.3658E-03,  1.0108E-04,  1.0131E-03,  1.0121E-04,  2.5279E-04,  4.0360E-05,  2.0200E-04,  0.0000E+00,  5.0569E-05,  2.0211E-05,  1.0135E-04,  1.5189E-05,  1.0138E-04,  2.0274E-05,  5.0682E-05,  1.0128E-05,  4.5646E-05,  1.0140E-05,  4.0594E-05,  4.5667E-06,  5.0768E-05,  1.0152E-05,  1.5249E-04,  1.5242E-04,  3.0486E-04,  5.0798E-05,  5.0848E-05,  4.5817E-05,  5.0923E-04,  3.0524E-05,  0.0000E+00,  0.0000E+00,  0.0000E+00,  0.0000E+00,  0.0000E+00,  0.0000E+00,  1.0228E-05,  0.0000E+00,  6.1419E-06,  2.7810E+05,  6.7548E+03,  0.0000E+00,  0.0000E+00,  0.0000E+00,  6.5114E+01,  1.6674E+01,  1.3814E+02,  2.4174E-03,  1.1296E+01,  9.2476E-01,  1.0931E+01,  9.6826E-01,  1.9047E+01,  1.2083E-02,  5.1721E+00,  8.9071E-03,  9.3898E-02,  1.9318E-02,  6.6664E+00,  1.5525E-02,  2.3200E-01,  2.1668E-02,  8.7455E-01,  2.9815E-01,  5.3004E+01,  6.9065E-01,  1.6813E+00,  1.6156E-02,  3.9525E-02,  2.5856E-03,  6.4664E-03,  3.8783E-04,  3.8783E-03,  5.1710E-04,  2.5856E-03,  3.8783E-04,  1.2927E-03,  2.5856E-04,  6.4664E-04,  5.1710E-05,  2.5856E-04,  0.0000E+00,  1.1634E-04,  2.5856E-05,  7.7542E-05,  2.5856E-05,  9.0479E-05,  1.1634E-05,  2.5856E-04,  1.8101E-05,  3.8783E-04,  7.7542E-05,  3.4903E-04,  2.5856E-05,  2.5856E-04,  2.5856E-05,  6.4664E-05,  1.0341E-05,  5.1710E-05,  0.0000E+00,  1.2927E-05,  5.1710E-06,  2.5856E-05,  3.8783E-06,  2.5856E-05,  5.1710E-06,  1.2927E-05,  2.5856E-06,  1.1634E-05,  2.5856E-06,  1.0341E-05,  1.1634E-06,  1.2927E-05,  2.5856E-06,  3.8783E-05,  3.8783E-05,  7.7542E-05,  1.2927E-05,  1.2927E-05,  1.1634E-05,  1.2927E-04,  7.7542E-06,  0.0000E+00,  0.0000E+00,  0.0000E+00,  0.0000E+00,  0.0000E+00,  0.0000E+00,  2.5856E-06,  0.0000E+00,  1.5514E-06
  5.5000E+00,  1.3586E+06,  2.1482E+04,  0.0000E+00,  0.0000E+00,  0.0000E+00,  2.0626E+02,  5.2867E+01,  4.3854E+02,  8.2211E-03,  3.8319E+01,  3.1431E+00,  3.7086E+01,  3.2896E+00,  6.4580E+01,  4.1040E-02,  1.7537E+01,  3.0271E-02,  3.2055E-01,  6.5588E-02,  2.1163E+01,  5.2851E-02,  7.9078E-01,  7.3961E-02,  2.9798E+00,  1.0170E+00,  1.8046E+02,  2.3545E+00,  5.7153E+00,  5.5093E-02,  1.3474E-01,  8.8390E-03,  2.2128E-02,  1.3272E-03,  1.3309E-02,  1.7707E-03,  8.8749E-03,  1.3300E-03,  4.4319E-03,  8.8523E-04,  2.2140E-03,  1.7692E-04,  8.8540E-04,  0.0000E+00,  3.9865E-04,  8.8555E-05,  2.6595E-04,  8.8596E-05,  3.1081E-04,  3.9969E-05,  8.8988E-04,  6.2354E-05,  1.3422E-03,  2.6723E-04,  1.2059E-03,  8.9237E-05,  8.9466E-04,  8.9368E-05,  2.2317E-04,  3.5623E-05,  1.7831E-04,  0.0000E+00,  4.4647E-05,  1.7843E-05,  8.9506E-05,  1.3413E-05,  8.9536E-05,  1.7906E-05,  4.4761E-05,  8.9440E-06,  4.0317E-05,  8.9554E-06,  3.5857E-05,  4.0338E-06,  4.4846E-05,  8.9677E-06,  1.3473E-04,  1.3466E-04,  2.6934E-04,  4.4876E-05,  4.4927E-05,  4.0487E-05,  4.5001E-04,  2.6972E-05,  0.0000E+00,  0.0000E+00,  0.0000E+00,  0.0000E+00,  0.0000E+00,  0.0000E+00,  9.0432E-06,  0.0000E+00,  5.4313E-06,  2.3973E+05,  5.6246E+03,  0.0000E+00,  0.0000E+00,  0.0000E+00,  5.4113E+01,  1.3883E+01,  1.1505E+02,  2.0118E-03,  9.4010E+00,  7.6962E-01,  9.0974E+00,  8.0583E-01,  1.5851E+01,  1.0056E-02,  4.3045E+00,  7.4129E-03,  7.8145E-02,  1.6077E-02,  5.5524E+00,  1.2920E-02,  1.9308E-01,  1.8033E-02,  7.2784E-01,  2.4813E-01,  4.4112E+01,  5.7479E-01,  1.3992E+00,  1.3445E-02,  3.2894E-02,  2.1518E-03,  5.3816E-03,  3.2277E-04,  3.2277E-03,  4.3036E-04,  2.1518E-03,  3.2277E-04,  1.0759E-03,  2.1518E-04,  5.3816E-04,  4.3036E-05,  2.1518E-04,  0.0000E+00,  9.6825E-05,  2.1518E-05,  6.4534E-05,  2.1518E-05,  7.5301E-05,  9.6825E-06,  2.1518E-04,  1.5064E-05,  3.2277E-04,  6.4534E-05,  2.9048E-04,  2.1518E-05,  2.1518E-04,  2.1518E-05,  5.3816E-05,  8.6063E-06,  4.3036E-05,  0.0000E+00,  1.0759E-05,  4.3036E-06,  2.1518E-05,  3.2277E-06,  2.1518E-05,  4.3036E-06,  1.0759E-05,  2.1518E-06,  9.6825E-06,  2.1518E-06,  8.6063E-06,  9.6825E-07,  1.0759E-05,  2.1518E-06,  3.2277E-05,  3.2277E-05,  6.4534E-05,  1.0759E-05,  1.0759E-05,  9.6825E-06,  1.0759E-04,  6.4534E-06,  0.0000E+00,  0.0000E+00,  0.0000E+00,  0.0000E+00,  0.0000E+00,  0.0000E+00,  2.1518E-06,  0.0000E+00,  1.2912E-06
  6.3000E+00,  1.1854E+06,  1.7507E+04,  0.0000E+00,  0.0000E+00,  0.0000E+00,  1.6805E+02,  4.3061E+01,  3.5724E+02,  6.8002E-03,  3.1679E+01,  2.5995E+00,  3.0661E+01,  2.7205E+00,  5.3384E+01,  3.3937E-02,  1.4497E+01,  2.5035E-02,  2.6536E-01,  5.4233E-02,  1.7240E+01,  4.3726E-02,  6.5441E-01,  6.1224E-02,  2.4657E+00,  8.4173E-01,  1.4931E+02,  1.9485E+00,  4.7270E+00,  4.5597E-02,  1.1150E-01,  7.3192E-03,  1.8327E-02,  1.0992E-03,  1.1029E-02,  1.4668E-03,  7.3551E-03,  1.1020E-03,  3.6720E-03,  7.3324E-04,  1.8339E-03,  1.4653E-04,  7.3342E-04,  0.0000E+00,  3.3027E-04,  7.3357E-05,  2.2037E-04,  7.3398E-05,  2.5763E-04,  3.3130E-05,  7.3790E-04,  5.1714E-05,  1.1142E-03,  2.2165E-04,  1.0008E-03,  7.4039E-05,  7.4268E-04,  7.4170E-05,  1.8516E-04,  2.9545E-05,  1.4792E-04,  0.0000E+00,  3.7048E-05,  1.4803E-05,  7.4308E-05,  1.1133E-05,  7.4337E-05,  1.4866E-05,  3.7162E-05,  7.4242E-06,  3.3478E-05,  7.4355E-06,  2.9779E-05,  3.3499E-06,  3.7247E-05,  7.4478E-06,  1.1193E-04,  1.1186E-04,  2.2376E-04,  3.7277E-05,  3.7328E-05,  3.3649E-05,  3.7402E-04,  2.2414E-05,  0.0000E+00,  0.0000E+00,  0.0000E+00,  0.0000E+00,  0.0000E+00,  0.0000E+00,  7.5234E-06,  0.0000E+00,  4.5193E-06,  1.9343E+05,  4.3127E+03,  0.0000E+00,  0.0000E+00,  0.0000E+00,  4.1411E+01,  1.0634E+01,  8.8183E+01,  1.5406E-03,  7.1989E+00,  5.8934E-01,  6.9664E+00,  6.1707E-01,  1.2138E+01,  7.7004E-03,  3.2962E+00,  5.6764E-03,  5.9840E-02,  1.2311E-02,  4.2556E+00,  9.8938E-03,  1.4785E-01,  1.3809E-02,  5.5735E-01,  1.9001E-01,  3.3779E+01,  4.4015E-01,  1.0715E+00,  1.0296E-02,  2.5189E-02,  1.6478E-03,  4.1210E-03,  2.4716E-04,  2.4716E-03,  3.2955E-04,  1.6478E-03,  2.4716E-04,  8.2386E-04,  1.6478E-04,  4.1210E-04,  3.2955E-05,  1.6478E-04,  0.0000E+00,  7.4145E-05,  1.6478E-05,  4.9417E-05,  1.6478E-05,  5.7662E-05,  7.4145E-06,  1.6478E-04,  1.1535E-05,  2.4716E-04,  4.9417E-05,  2.2243E-04,  1.6478E-05,  1.6478E-04,  1.6478E-05,  4.1210E-05,  6.5903E-06,  3.2955E-05,  0.0000E+00,  8.2386E-06,  3.2955E-06,  1.6478E-05,  2.4716E-06,  1.6478E-05,  3.2955E-06,  8.2386E-06,  1.6478E-06,  7.4145E-06,  1.6478E-06,  6.5903E-06,  7.4145E-07,  8.2386E-06,  1.6478E-06,  2.4716E-05,  2.4716E-05,  4.9417E-05,  8.2386E-06,  8.2386E-06,  7.4145E-06,  8.2386E-05,  4.9417E-06,  0.0000E+00,  0.0000E+00,  0.0000E+00,  0.0000E+00,  0.0000E+00,  0.0000E+00,  1.6478E-06,  0.0000E+00,  9.8872E-07
  7.1000E+00,  1.0443E+06,  1.4428E+04,  0.0000E+00,  0.0000E+00,  0.0000E+00,  1.3849E+02,  3.5478E+01,  2.9433E+02,  5.7013E-03,  2.6544E+01,  2.1791E+00,  2.5692E+01,  2.2803E+00,  4.4726E+01,  2.8444E-02,  1.2145E+01,  2.0986E-02,  2.2268E-01,  4.5451E-02,  1.4204E+01,  3.6668E-02,  5.4894E-01,  5.1374E-02,  2.0681E+00,  7.0619E-01,  1.2521E+02,  1.6346E+00,  3.9627E+00,  3.8253E-02,  9.3536E-02,  6.1438E-03,  1.5387E-02,  9.2291E-04,  9.2664E-03,  1.2317E-03,  6.1797E-03,  9.2572E-04,  3.0844E-03,  6.1571E-04,  1.5399E-03,  1.2302E-04,  6.1588E-04,  0.0000E+00,  2.7738E-04,  6.1603E-05,  1.8512E-04,  6.1644E-05,  2.1650E-04,  2.7841E-05,  6.2036E-04,  4.3486E-05,  9.3791E-04,  1.8640E-04,  8.4210E-04,  6.2285E-05,  6.2514E-04,  6.2416E-05,  1.5576E-04,  2.4844E-05,  1.2441E-04,  0.0000E+00,  3.1172E-05,  1.2452E-05,  6.2555E-05,  9.3700E-06,  6.2584E-05,  1.2515E-05,  3.1285E-05,  6.2488E-06,  2.8189E-05,  6.2602E-06,  2.5078E-05,  2.8210E-06,  3.1370E-05,  6.2725E-06,  9.4300E-05,  9.4228E-05,  1.8851E-04,  3.1400E-05,  3.1451E-05,  2.8360E-05,  3.1525E-04,  1.8889E-05,  0.0000E+00,  0.0000E+00,  0.0000E+00,  0.0000E+00,  0.0000E+00,  0.0000E+00,  6.3480E-06,  0.0000E+00,  3.8141E-06,  1.5924E+05,  3.3839E+03,  0.0000E+00,  0.0000E+00,  0.0000E+00,  3.2483E+01,  8.3242E+00,  6.9094E+01,  1.2067E-03,  5.6388E+00,  4.6163E-01,  5.4567E+00,  4.8334E-01,  9.5078E+00,  6.0316E-03,  2.5818E+00,  4.4463E-03,  4.6872E-02,  9.6433E-03,  3.3344E+00,  7.7497E-03,  1.1581E-01,  1.0816E-02,  4.3656E-01,  1.4883E-01,  2.6459E+01,  3.4476E-01,  8.3928E-01,  8.0646E-03,  1.9730E-02,  1.2907E-03,  3.2280E-03,  1.9360E-04,  1.9360E-03,  2.5813E-04,  1.2907E-03,  1.9360E-04,  6.4532E-04,  1.2907E-04,  3.2280E-04,  2.5813E-05,  1.2907E-04,  0.0000E+00,  5.8077E-05,  1.2907E-05,  3.8708E-05,  1.2907E-05,  4.5166E-05,  5.8077E-06,  1.2907E-04,  9.0356E-06,  1.9360E-04,  3.8708E-05,  1.7423E-04,  1.2907E-05,  1.2907E-04,  1.2907E-05,  3.2280E-05,  5.1621E-06,  2.5813E-05,  0.0000E+00,  6.4532E-06,  2.5813E-06,  1.2907E-05,  1.9360E-06,  1.2907E-05,  2.5813E-06,  6.4532E-06,  1.2907E-06,  5.8077E-06,  1.2907E-06,  5.1621E-06,  5.8077E-07,  6.4532E-06,  1.2907E-06,  1.9360E-05,  1.9360E-05,  3.8708E-05,  6.4532E-06,  6.4532E-06,  5.8077E-06,  6.4532E-05,  3.8708E-06,  0.0000E+00,  0.0000E+00,  0.0000E+00,  0.0000E+00,  0.0000E+00,  0.0000E+00,  1.2907E-06,  0.0000E+00,  7.7446E-07
  8.0000E+00,  9.1403E+05,  1.1722E+04,  0.0000E+00,  0.0000E+00,  0.0000E+00,  1.1251E+02,  2.8829E+01,  2.3909E+02,  4.7361E-03,  2.2034E+01,  1.8099E+00,  2.1327E+01,  1.8937E+00,  3.7121E+01,  2.3620E-02,  1.0080E+01,  1.7430E-02,  1.8519E-01,  3.7738E-02,  1.1538E+01,  3.0470E-02,  4.5632E-01,  4.2723E-02,  1.7190E+00,  5.8715E-01,  1.0405E+02,  1.3588E+00,  3.2914E+00,  3.1802E-02,  7.7755E-02,  5.1115E-03,  1.2805E-02,  7.6807E-04,  7.7180E-03,  1.0252E-03,  5.1474E-03,  7.7087E-04,  2.5682E-03,  5.1248E-04,  1.2818E-03,  1.0238E-04,  5.1265E-04,  0.0000E+00,  2.3093E-04,  5.1280E-05,  1.5416E-04,  5.1321E-05,  1.8037E-04,  2.3196E-05,  5.1713E-04,  3.6259E-05,  7.8307E-04,  1.5544E-04,  7.0274E-04,  5.1962E-05,  5.2191E-04,  5.2093E-05,  1.2994E-04,  2.0715E-05,  1.0376E-04,  0.0000E+00,  2.6010E-05,  1.0388E-05,  5.2231E-05,  7.8215E-06,  5.2261E-05,  1.0451E-05,  2.6124E-05,  5.2165E-06,  2.3544E-05,  5.2279E-06,  2.0949E-05,  2.3565E-06,  2.6209E-05,  5.2402E-06,  7.8815E-05,  7.8744E-05,  1.5755E-04,  2.6239E-05,  2.6289E-05,  2.3715E-05,  2.6364E-04,  1.5793E-05,  0.0000E+00,  0.0000E+00,  0.0000E+00,  0.0000E+00,  0.0000E+00,  0.0000E+00,  5.3157E-06,  0.0000E+00,  3.1946E-06,  1.3023E+05,  2.6289E+03,  0.0000E+00,  0.0000E+00,  0.0000E+00,  2.5254E+01,  6.4505E+00,  5.3673E+01,  9.3809E-04,  4.3835E+00,  3.5886E-01,  4.2420E+00,  3.7574E-01,  7.3912E+00,  4.6889E-03,  2.0071E+00,  3.4565E-03,  3.6438E-02,  7.4966E-03,  2.5902E+00,  6.0245E-03,  9.0029E-02,  8.4085E-03,  3.3938E-01,  1.1570E-01,  2.0569E+01,  2.6802E-01,  6.5244E-01,  6.2693E-03,  1.5338E-02,  1.0033E-03,  2.5094E-03,  1.5050E-04,  1.5050E-03,  2.0067E-04,  1.0033E-03,  1.5050E-04,  5.0166E-04,  1.0033E-04,  2.5094E-04,  2.0067E-05,  1.0033E-04,  0.0000E+00,  4.5148E-05,  1.0033E-05,  3.0091E-05,  1.0033E-05,  3.5111E-05,  4.5148E-06,  1.0033E-04,  7.0242E-06,  1.5050E-04,  3.0091E-05,  1.3544E-04,  1.0033E-05,  1.0033E-04,  1.0033E-05,  2.5094E-05,  4.0130E-06,  2.0067E-05,  0.0000E+00,  5.0166E-06,  2.0067E-06,  1.0033E-05,  1.5050E-06,  1.0033E-05,  2.0067E-06,  5.0166E-06,  1.0033E-06,  4.5148E-06,  1.0033E-06,  4.0130E-06,  4.5148E-07,  5.0166E-06,  1.0033E-06,  1.5050E-05,  1.5050E-05,  3.0091E-05,  5.0166E-06,  5.0166E-06,  4.5148E-06,  5.0166E-05,  3.0091E-06,  0.0000E+00,  0.0000E+00,  0.0000E+00,  0.0000E+00,  0.0000E+00,  0.0000E+00,  1.0033E-06,  0.0000E+00,  6.0205E-07
  9.0000E+00,  7.9598E+05,  9.3917E+03,  0.0000E+00,  0.0000E+00,  0.0000E+00,  9.0118E+01,  2.3100E+01,  1.9150E+02,  3.9035E-03,  1.8143E+01,  1.4914E+00,  1.7562E+01,  1.5602E+00,  3.0561E+01,  1.9458E-02,  8.2989E+00,  1.4362E-02,  1.5284E-01,  3.1084E-02,  9.2416E+00,  2.5123E-02,  3.7641E-01,  3.5260E-02,  1.4178E+00,  4.8446E-01,  8.5794E+01,  1.1209E+00,  2.7124E+00,  2.6238E-02,  6.4142E-02,  4.2210E-03,  1.0578E-02,  6.3448E-04,  6.3822E-03,  8.4714E-04,  4.2569E-03,  6.3729E-04,  2.1230E-03,  4.2342E-04,  1.0590E-03,  8.4565E-05,  4.2359E-04,  0.0000E+00,  1.9085E-04,  4.2374E-05,  1.2745E-04,  4.2416E-05,  1.4921E-04,  1.9189E-05,  4.2808E-04,  3.0025E-05,  6.4949E-04,  1.2873E-04,  5.8253E-04,  4.3057E-05,  4.3286E-04,  4.3187E-05,  1.0767E-04,  1.7153E-05,  8.5952E-05,  0.0000E+00,  2.1558E-05,  8.6067E-06,  4.3326E-05,  6.4857E-06,  4.3355E-05,  8.6697E-06,  2.1671E-05,  4.3260E-06,  1.9537E-05,  4.3373E-06,  1.7387E-05,  1.9558E-06,  2.1756E-05,  4.3496E-06,  6.5457E-05,  6.5386E-05,  1.3084E-04,  2.1786E-05,  2.1837E-05,  1.9707E-05,  2.1911E-04,  1.3122E-05,  0.0000E+00,  0.0000E+00,  0.0000E+00,  0.0000E+00,  0.0000E+00,  0.0000E+00,  4.4252E-06,  0.0000E+00,  2.6603E-06,  1.0589E+05,  2.0325E+03,  0.0000E+00,  0.0000E+00,  0.0000E+00,  1.9534E+01,  5.0083E+00,  4.1502E+01,  7.2716E-04,  3.3979E+00,  2.7817E-01,  3.2882E+00,  2.9126E-01,  5.7293E+00,  3.6346E-03,  1.5558E+00,  2.6793E-03,  2.8245E-02,  5.8110E-03,  2.0029E+00,  4.6699E-03,  6.9786E-02,  6.5178E-03,  2.6307E-01,  8.9684E-02,  1.5944E+01,  2.0775E-01,  5.0574E-01,  4.8597E-03,  1.1889E-02,  7.7774E-04,  1.9451E-03,  1.1666E-04,  1.1666E-03,  1.5555E-04,  7.7774E-04,  1.1666E-04,  3.8886E-04,  7.7774E-05,  1.9451E-04,  1.5555E-05,  7.7774E-05,  0.0000E+00,  3.4996E-05,  7.7774E-06,  2.3325E-05,  7.7774E-06,  2.7217E-05,  3.4996E-06,  7.7774E-05,  5.4448E-06,  1.1666E-04,  2.3325E-05,  1.0499E-04,  7.7774E-06,  7.7774E-05,  7.7774E-06,  1.9451E-05,  3.1106E-06,  1.5555E-05,  0.0000E+00,  3.8886E-06,  1.5555E-06,  7.7774E-06,  1.1666E-06,  7.7774E-06,  1.5555E-06,  3.8886E-06,  7.7774E-07,  3.4996E-06,  7.7774E-07,  3.1106E-06,  3.4996E-07,  3.8886E-06,  7.7774E-07,  1.1666E-05,  1.1666E-05,  2.3325E-05,  3.8886E-06,  3.8886E-06,  3.4996E-06,  3.8886E-05,  2.3325E-06,  0.0000E+00,  0.0000E+00,  0.0000E+00,  0.0000E+00,  0.0000E+00,  0.0000E+00,  7.7774E-07,  0.0000E+00,  4.6668E-07
  1.0000E+01,  6.9922E+05,  7.5722E+03,  0.0000E+00,  0.0000E+00,  0.0000E+00,  7.2653E+01,  1.8621E+01,  1.5438E+02,  3.2540E-03,  1.5109E+01,  1.2429E+00,  1.4625E+01,  1.3001E+00,  2.5444E+01,  1.6212E-02,  6.9094E+00,  1.1969E-02,  1.2762E-01,  2.5894E-02,  7.4502E+00,  2.0952E-02,  3.1408E-01,  2.9438E-02,  1.1828E+00,  4.0436E-01,  7.1554E+01,  9.3539E-01,  2.2607E+00,  2.1897E-02,  5.3523E-02,  3.5264E-03,  8.8407E-03,  5.3029E-04,  5.3402E-03,  7.0821E-04,  3.5623E-03,  5.3310E-04,  1.7757E-03,  3.5396E-04,  8.8531E-04,  7.0672E-05,  3.5413E-04,  0.0000E+00,  1.5960E-04,  3.5428E-05,  1.0662E-04,  3.5469E-05,  1.2490E-04,  1.6063E-05,  3.5862E-04,  2.5162E-05,  5.4530E-04,  1.0790E-04,  4.8876E-04,  3.6110E-05,  3.6340E-04,  3.6241E-05,  9.0299E-05,  1.4375E-05,  7.2060E-05,  0.0000E+00,  1.8085E-05,  7.2174E-06,  3.6380E-05,  5.4438E-06,  3.6409E-05,  7.2804E-06,  1.8198E-05,  3.6313E-06,  1.6412E-05,  3.6427E-06,  1.4609E-05,  1.6432E-06,  1.8283E-05,  3.6550E-06,  5.5038E-05,  5.4967E-05,  1.1001E-04,  1.8313E-05,  1.8364E-05,  1.6582E-05,  1.8438E-04,  1.1039E-05,  0.0000E+00,  0.0000E+00,  0.0000E+00,  0.0000E+00,  0.0000E+00,  0.0000E+00,  3.7306E-06,  0.0000E+00,  2.2435E-06,  8.7630E+04,  1.6065E+03,  0.0000E+00,  0.0000E+00,  0.0000E+00,  1.5396E+01,  3.9494E+00,  3.2739E+01,  5.7173E-04,  2.6716E+00,  2.1871E-01,  2.5853E+00,  2.2900E-01,  4.5047E+00,  2.8577E-03,  1.2233E+00,  2.1066E-03,  2.2208E-02,  4.5689E-03,  1.5800E+00,  3.6717E-03,  5.4870E-02,  5.1247E-03,  2.0684E-01,  7.0515E-02,  1.2536E+01,  1.6335E-01,  3.9764E-01,  3.8210E-03,  9.3480E-03,  6.1151E-04,  1.5294E-03,  9.1726E-05,  9.1726E-04,  1.2230E-04,  6.1151E-04,  9.1726E-05,  3.0575E-04,  6.1151E-05,  1.5294E-04,  1.2230E-05,  6.1151E-05,  0.0000E+00,  2.7516E-05,  6.1151E-06,  1.8340E-05,  6.1151E-06,  2.1399E-05,  2.7516E-06,  6.1151E-05,  4.2810E-06,  9.1726E-05,  1.8340E-05,  8.2549E-05,  6.1151E-06,  6.1151E-05,  6.1151E-06,  1.5294E-05,  2.4458E-06,  1.2230E-05,  0.0000E+00,  3.0575E-06,  1.2230E-06,  6.1151E-06,  9.1726E-07,  6.1151E-06,  1.2230E-06,  3.0575E-06,  6.1151E-07,  2.7516E-06,  6.1151E-07,  2.4458E-06,  2.7516E-07,  3.0575E-06,  6.1151E-07,  9.1726E-06,  9.1726E-06,  1.8340E-05,  3.0575E-06,  3.0575E-06,  2.7516E-06,  3.0575E-05,  1.8340E-06,  0.0000E+00,  0.0000E+00,  0.0000E+00,  0.0000E+00,  0.0000E+00,  0.0000E+00,  6.1151E-07,  0.0000E+00,  3.6693E-07
  1.1000E+01,  6.1938E+05,  6.1652E+03,  0.0000E+00,  0.0000E+00,  0.0000E+00,  5.9167E+01,  1.5162E+01,  1.2570E+02,  2.7432E-03,  1.2722E+01,  1.0475E+00,  1.2315E+01,  1.0955E+00,  2.1419E+01,  1.3659E-02,  5.8164E+00,  1.0087E-02,  1.0778E-01,  2.1812E-02,  6.0664E+00,  1.7671E-02,  2.6505E-01,  2.4859E-02,  9.9798E-01,  3.4136E-01,  6.0353E+01,  7.8943E-01,  1.9054E+00,  1.8483E-02,  4.5170E-02,  2.9800E-03,  7.4742E-03,  4.4833E-04,  4.5206E-03,  5.9893E-04,  3.0159E-03,  4.5114E-04,  1.5025E-03,  2.9932E-04,  7.4865E-04,  5.9745E-05,  2.9949E-04,  0.0000E+00,  1.3501E-04,  2.9964E-05,  9.0232E-05,  3.0005E-05,  1.0578E-04,  1.3604E-05,  3.0398E-04,  2.1337E-05,  4.6334E-04,  9.1510E-05,  4.1500E-04,  3.0646E-05,  3.0876E-04,  3.0777E-05,  7.6633E-05,  1.2190E-05,  6.1132E-05,  0.0000E+00,  1.5353E-05,  6.1247E-06,  3.0916E-05,  4.6242E-06,  3.0945E-05,  6.1877E-06,  1.5466E-05,  3.0849E-06,  1.3953E-05,  3.0963E-06,  1.2423E-05,  1.3974E-06,  1.5551E-05,  3.1086E-06,  4.6842E-05,  4.6771E-05,  9.3625E-05,  1.5581E-05,  1.5632E-05,  1.4123E-05,  1.5706E-04,  9.4004E-06,  0.0000E+00,  0.0000E+00,  0.0000E+00,  0.0000E+00,  0.0000E+00,  0.0000E+00,  3.1842E-06,  0.0000E+00,  1.9156E-06,  7.2056E+04,  1.2075E+03,  0.0000E+00,  0.0000E+00,  0.0000E+00,  1.1576E+01,  2.9686E+00,  2.4610E+01,  4.4998E-04,  2.1027E+00,  1.7214E-01,  2.0348E+00,  1.8024E-01,  3.5454E+00,  2.2492E-03,  9.6275E-01,  1.6580E-03,  1.7478E-02,  3.5959E-03,  1.1877E+00,  2.8898E-03,  4.3185E-02,  4.0334E-03,  1.6279E-01,  5.5498E-02,  9.8663E+00,  1.2856E-01,  3.1296E-01,  3.0072E-03,  7.3573E-03,  4.8128E-04,  1.2037E-03,  7.2192E-05,  7.2192E-04,  9.6256E-05,  4.8128E-04,  7.2192E-05,  2.4064E-04,  4.8128E-05,  1.2037E-04,  9.6256E-06,  4.8128E-05,  0.0000E+00,  2.1656E-05,  4.8128E-06,  1.4434E-05,  4.8128E-06,  1.6842E-05,  2.1656E-06,  4.8128E-05,  3.3693E-06,  7.2192E-05,  1.4434E-05,  6.4969E-05,  4.8128E-06,  4.8128E-05,  4.8128E-06,  1.2037E-05,  1.9249E-06,  9.6256E-06,  0.0000E+00,  2.4064E-06,  9.6256E-07,  4.8128E-06,  7.2192E-07,  4.8128E-06,  9.6256E-07,  2.4064E-06,  4.8128E-07,  2.1656E-06,  4.8128E-07,  1.9249E-06,  2.1656E-07,  2.4064E-06,  4.8128E-07,  7.2192E-06,  7.2192E-06,  1.4434E-05,  2.4064E-06,  2.4064E-06,  2.1656E-06,  2.4064E-05,  1.4434E-06,  0.0000E+00,  0.0000E+00,  0.0000E+00,  0.0000E+00,  0.0000E+00,  0.0000E+00,  4.8128E-07,  0.0000E+00,  2.8879E-07
  1.2000E+01,  5.5321E+05,  5.0962E+03,  0.0000E+00,  0.0000E+00,  0.0000E+00,  4.8918E+01,  1.2534E+01,  1.0392E+02,  2.3374E-03,  1.0825E+01,  8.9226E-01,  1.0480E+01,  9.3293E-01,  1.8222E+01,  1.1630E-02,  4.9481E+00,  8.5918E-03,  9.2013E-02,  1.8569E-02,  5.0149E+00,  1.5065E-02,  2.2611E-01,  2.1222E-02,  8.5117E-01,  2.9131E-01,  5.1456E+01,  6.7349E-01,  1.6231E+00,  1.5771E-02,  3.8535E-02,  2.5459E-03,  6.3887E-03,  3.8323E-04,  3.8696E-03,  5.1213E-04,  2.5818E-03,  3.8604E-04,  1.2855E-03,  2.5592E-04,  6.4010E-04,  5.1064E-05,  2.5609E-04,  0.0000E+00,  1.1548E-04,  2.5624E-05,  7.7216E-05,  2.5665E-05,  9.0590E-05,  1.1651E-05,  2.6057E-04,  1.8298E-05,  3.9823E-04,  7.8493E-05,  3.5641E-04,  2.6306E-05,  2.6535E-04,  2.6437E-05,  6.5778E-05,  1.0454E-05,  5.2451E-05,  0.0000E+00,  1.3183E-05,  5.2566E-06,  2.6576E-05,  3.9732E-06,  2.6605E-05,  5.3196E-06,  1.3296E-05,  2.6509E-06,  1.2000E-05,  2.6623E-06,  1.0687E-05,  1.2021E-06,  1.3381E-05,  2.6746E-06,  4.0331E-05,  4.0260E-05,  8.0608E-05,  1.3411E-05,  1.3462E-05,  1.2170E-05,  1.3536E-04,  8.0987E-06,  0.0000E+00,  0.0000E+00,  0.0000E+00,  0.0000E+00,  0.0000E+00,  0.0000E+00,  2.7501E-06,  0.0000E+00,  1.6552E-06,  6.0268E+04,  9.3045E+02,  0.0000E+00,  0.0000E+00,  0.0000E+00,  8.9227E+00,  2.2876E+00,  1.8965E+01,  3.6161E-04,  1.6898E+00,  1.3833E-01,  1.6352E+00,  1.4484E-01,  2.8492E+00,  1.8075E-03,  7.7369E-01,  1.3324E-03,  1.4046E-02,  2.8898E-03,  9.1522E-01,  2.3223E-03,  3.4704E-02,  3.2413E-03,  1.3082E-01,  4.4600E-02,  7.9288E+00,  1.0331E-01,  2.5150E-01,  2.4167E-03,  5.9125E-03,  3.8677E-04,  9.6731E-04,  5.8015E-05,  5.8015E-04,  7.7353E-05,  3.8677E-04,  5.8015E-05,  1.9338E-04,  3.8677E-05,  9.6731E-05,  7.7353E-06,  3.8677E-05,  0.0000E+00,  1.7404E-05,  3.8677E-06,  1.1599E-05,  3.8677E-06,  1.3535E-05,  1.7404E-06,  3.8677E-05,  2.7077E-06,  5.8015E-05,  1.1599E-05,  5.2211E-05,  3.8677E-06,  3.8677E-05,  3.8677E-06,  9.6731E-06,  1.5469E-06,  7.7353E-06,  0.0000E+00,  1.9338E-06,  7.7353E-07,  3.8677E-06,  5.8015E-07,  3.8677E-06,  7.7353E-07,  1.9338E-06,  3.8677E-07,  1.7404E-06,  3.8677E-07,  1.5469E-06,  1.7404E-07,  1.9338E-06,  3.8677E-07,  5.8015E-06,  5.8015E-06,  1.1599E-05,  1.9338E-06,  1.9338E-06,  1.7404E-06,  1.9338E-05,  1.1599E-06,  0.0000E+00,  0.0000E+00,  0.0000E+00,  0.0000E+00,  0.0000E+00,  0.0000E+00,  3.8677E-07,  0.0000E+00,  2.3208E-07
  1.4000E+01,  4.4903E+05,  3.5794E+03,  0.0000E+00,  0.0000E+00,  0.0000E+00,  3.4369E+01,  8.8043E+00,  7.3000E+01,  1.7303E-03,  7.9884E+00,  6.6002E-01,  7.7351E+00,  6.8976E-01,  1.3438E+01,  8.5957E-03,  3.6492E+00,  6.3548E-03,  6.8431E-02,  1.3717E-02,  3.5229E+00,  1.1166E-02,  1.6784E-01,  1.5780E-02,  6.3154E-01,  2.1643E-01,  3.8144E+01,  5.0004E-01,  1.2009E+00,  1.1714E-02,  2.8609E-02,  1.8966E-03,  4.7647E-03,  2.8583E-04,  2.8956E-03,  3.8226E-04,  1.9325E-03,  2.8864E-04,  9.6079E-04,  1.9098E-04,  4.7770E-04,  3.8077E-05,  1.9115E-04,  0.0000E+00,  8.6262E-05,  1.9130E-05,  5.7742E-05,  1.9172E-05,  6.7867E-05,  8.7294E-06,  1.9564E-04,  1.3752E-05,  3.0083E-04,  5.9019E-05,  2.6875E-04,  1.9813E-05,  2.0042E-04,  1.9944E-05,  4.9538E-05,  7.8565E-06,  3.9465E-05,  0.0000E+00,  9.9359E-06,  3.9579E-06,  2.0082E-05,  2.9992E-06,  2.0111E-05,  4.0209E-06,  1.0049E-05,  2.0016E-06,  9.0780E-06,  2.0129E-06,  8.0903E-06,  9.0987E-07,  1.0135E-05,  2.0252E-06,  3.0591E-05,  3.0520E-05,  6.1134E-05,  1.0165E-05,  1.0215E-05,  9.2483E-06,  1.0290E-04,  6.1513E-06,  0.0000E+00,  0.0000E+00,  0.0000E+00,  0.0000E+00,  0.0000E+00,  0.0000E+00,  2.1008E-06,  0.0000E+00,  1.2655E-06,  4.3918E+04,  5.8633E+02,  0.0000E+00,  0.0000E+00,  0.0000E+00,  5.6258E+00,  1.4417E+00,  1.1953E+01,  2.4549E-04,  1.1471E+00,  9.3912E-02,  1.1101E+00,  9.8330E-02,  1.9342E+00,  1.2271E-03,  5.2524E-01,  9.0454E-04,  9.5356E-03,  1.9618E-03,  5.7683E-01,  1.5766E-03,  2.3560E-02,  2.2005E-03,  8.8813E-02,  3.0278E-02,  5.3827E+00,  7.0138E-02,  1.7074E-01,  1.6406E-03,  4.0139E-03,  2.6257E-04,  6.5669E-04,  3.9385E-05,  3.9385E-04,  5.2513E-05,  2.6257E-04,  3.9385E-05,  1.3128E-04,  2.6257E-05,  6.5669E-05,  5.2513E-06,  2.6257E-05,  0.0000E+00,  1.1815E-05,  2.6257E-06,  7.8746E-06,  2.6257E-06,  9.1884E-06,  1.1815E-06,  2.6257E-05,  1.8382E-06,  3.9385E-05,  7.8746E-06,  3.5445E-05,  2.6257E-06,  2.6257E-05,  2.6257E-06,  6.5669E-06,  1.0502E-06,  5.2513E-06,  0.0000E+00,  1.3128E-06,  5.2513E-07,  2.6257E-06,  3.9385E-07,  2.6257E-06,  5.2513E-07,  1.3128E-06,  2.6257E-07,  1.1815E-06,  2.6257E-07,  1.0502E-06,  1.1815E-07,  1.3128E-06,  2.6257E-07,  3.9385E-06,  3.9385E-06,  7.8746E-06,  1.3128E-06,  1.3128E-06,  1.1815E-06,  1.3128E-05,  7.8746E-07,  0.0000E+00,  0.0000E+00,  0.0000E+00,  0.0000E+00,  0.0000E+00,  0.0000E+00,  2.6257E-07,  0.0000E+00,  1.5755E-07
  1.6000E+01,  3.7172E+05,  2.6000E+03,  0.0000E+00,  0.0000E+00,  0.0000E+00,  2.4971E+01,  6.3962E+00,  5.3034E+01,  1.3092E-03,  6.0211E+00,  4.9896E-01,  5.8313E+00,  5.2112E-01,  1.0121E+01,  6.4913E-03,  2.7484E+00,  4.8036E-03,  5.2078E-02,  1.0353E-02,  2.5593E+00,  8.4626E-03,  1.2744E-01,  1.2006E-02,  4.7923E-01,  1.6450E-01,  2.8913E+01,  3.7976E-01,  9.0806E-01,  8.9004E-03,  2.1725E-02,  1.4463E-03,  3.6385E-03,  2.1828E-04,  2.2202E-03,  2.9220E-04,  1.4822E-03,  2.2109E-04,  7.3564E-04,  1.4595E-04,  3.6508E-04,  2.9072E-05,  1.4612E-04,  0.0000E+00,  6.6000E-05,  1.4627E-05,  4.4237E-05,  1.4669E-05,  5.2109E-05,  6.7031E-06,  1.5061E-04,  1.0600E-05,  2.3329E-04,  4.5514E-05,  2.0797E-04,  1.5310E-05,  1.5539E-04,  1.5441E-05,  3.8276E-05,  6.0555E-06,  3.0459E-05,  0.0000E+00,  7.6845E-06,  3.0573E-06,  1.5579E-05,  2.3237E-06,  1.5608E-05,  3.1204E-06,  7.7978E-06,  1.5513E-06,  7.0518E-06,  1.5626E-06,  6.2893E-06,  7.0724E-07,  7.8831E-06,  1.5749E-06,  2.3837E-05,  2.3766E-05,  4.7630E-05,  7.9131E-06,  7.9636E-06,  7.2221E-06,  8.0382E-05,  4.8008E-06,  0.0000E+00,  0.0000E+00,  0.0000E+00,  0.0000E+00,  0.0000E+00,  0.0000E+00,  1.6505E-06,  0.0000E+00,  9.9535E-07,  3.3387E+04,  3.9303E+02,  0.0000E+00,  0.0000E+00,  0.0000E+00,  3.7729E+00,  9.6643E-01,  8.0131E+00,  1.7552E-04,  8.2018E-01,  6.7145E-02,  7.9369E-01,  7.0303E-02,  1.3829E+00,  8.7732E-04,  3.7554E-01,  6.4672E-04,  6.8177E-03,  1.4026E-03,  3.8670E-01,  1.1272E-03,  1.6845E-02,  1.5733E-03,  6.3499E-02,  2.1648E-02,  3.8485E+00,  5.0147E-02,  1.2208E-01,  1.1730E-03,  2.8698E-03,  1.8773E-04,  4.6951E-04,  2.8159E-05,  2.8159E-04,  3.7546E-05,  1.8773E-04,  2.8159E-05,  9.3864E-05,  1.8773E-05,  4.6951E-05,  3.7546E-06,  1.8773E-05,  0.0000E+00,  8.4474E-06,  1.8773E-06,  5.6302E-06,  1.8773E-06,  6.5695E-06,  8.4474E-07,  1.8773E-05,  1.3143E-06,  2.8159E-05,  5.6302E-06,  2.5342E-05,  1.8773E-06,  1.8773E-05,  1.8773E-06,  4.6951E-06,  7.5085E-07,  3.7546E-06,  0.0000E+00,  9.3864E-07,  3.7546E-07,  1.8773E-06,  2.8159E-07,  1.8773E-06,  3.7546E-07,  9.3864E-07,  1.8773E-07,  8.4474E-07,  1.8773E-07,  7.5085E-07,  8.4474E-08,  9.3864E-07,  1.8773E-07,  2.8159E-06,  2.8159E-06,  5.6302E-06,  9.3864E-07,  9.3864E-07,  8.4474E-07,  9.3864E-06,  5.6302E-07,  0.0000E+00,  0.0000E+00,  0.0000E+00,  0.0000E+00,  0.0000E+00,  0.0000E+00,  1.8773E-07,  0.0000E+00,  1.1265E-07
  1.8000E+01,  3.1212E+05,  1.9308E+03,  0.0000E+00,  0.0000E+00,  0.0000E+00,  1.8545E+01,  4.7507E+00,  3.9389E+01,  1.0032E-03,  4.5909E+00,  3.8187E-01,  4.4472E+00,  3.9853E-01,  7.7096E+00,  4.9614E-03,  2.0936E+00,  3.6758E-03,  4.0189E-02,  7.9069E-03,  1.9009E+00,  6.4969E-03,  9.8064E-02,  9.2629E-03,  3.6849E-01,  1.2675E-01,  2.2202E+01,  2.9231E-01,  6.9519E-01,  6.8548E-03,  1.6721E-02,  1.1189E-03,  2.8198E-03,  1.6918E-04,  1.7291E-03,  2.2673E-04,  1.1548E-03,  1.7199E-04,  5.7196E-04,  1.1322E-04,  2.8321E-04,  2.2524E-05,  1.1339E-04,  0.0000E+00,  5.1269E-05,  1.1354E-05,  3.4419E-05,  1.1395E-05,  4.0653E-05,  5.2300E-06,  1.1787E-04,  8.3079E-06,  1.8418E-04,  3.5696E-05,  1.6377E-04,  1.2036E-05,  1.2265E-04,  1.2167E-05,  3.0089E-05,  4.7462E-06,  2.3911E-05,  0.0000E+00,  6.0476E-06,  2.4026E-06,  1.2305E-05,  1.8327E-06,  1.2334E-05,  2.4656E-06,  6.1609E-06,  1.2239E-06,  5.5787E-06,  1.2353E-06,  4.9800E-06,  5.5994E-07,  6.2462E-06,  1.2476E-06,  1.8926E-05,  1.8855E-05,  3.7811E-05,  6.2763E-06,  6.3268E-06,  5.7490E-06,  6.4013E-05,  3.8190E-06,  0.0000E+00,  0.0000E+00,  0.0000E+00,  0.0000E+00,  0.0000E+00,  0.0000E+00,  1.3231E-06,  0.0000E+00,  7.9891E-07,  2.6216E+04,  2.7618E+02,  0.0000E+00,  0.0000E+00,  0.0000E+00,  2.6523E+00,  6.7914E-01,  5.6314E+00,  1.3056E-04,  6.1008E-01,  4.9944E-02,  5.9037E-01,  5.2294E-02,  1.0287E+00,  6.5258E-04,  2.7934E-01,  4.8106E-04,  5.0712E-03,  1.0433E-03,  2.7177E-01,  8.3846E-04,  1.2530E-02,  1.1703E-03,  4.7233E-02,  1.6102E-02,  2.8626E+00,  3.7301E-02,  9.0804E-02,  8.7253E-04,  2.1347E-03,  1.3964E-04,  3.4924E-04,  2.0946E-05,  2.0946E-04,  2.7928E-05,  1.3964E-04,  2.0946E-05,  6.9819E-05,  1.3964E-05,  3.4924E-05,  2.7928E-06,  1.3964E-05,  0.0000E+00,  6.2835E-06,  1.3964E-06,  4.1879E-06,  1.3964E-06,  4.8866E-06,  6.2835E-07,  1.3964E-05,  9.7759E-07,  2.0946E-05,  4.1879E-06,  1.8850E-05,  1.3964E-06,  1.3964E-05,  1.3964E-06,  3.4924E-06,  5.5850E-07,  2.7928E-06,  0.0000E+00,  6.9819E-07,  2.7928E-07,  1.3964E-06,  2.0946E-07,  1.3964E-06,  2.7928E-07,  6.9819E-07,  1.3964E-07,  6.2835E-07,  1.3964E-07,  5.5850E-07,  6.2835E-08,  6.9819E-07,  1.3964E-07,  2.0946E-06,  2.0946E-06,  4.1879E-06,  6.9819E-07,  6.9819E-07,  6.2835E-07,  6.9819E-06,  4.1879E-07,  0.0000E+00,  0.0000E+00,  0.0000E+00,  0.0000E+00,  0.0000E+00,  0.0000E+00,  1.3964E-07,  0.0000E+00,  8.3790E-08
  2.0000E+01,  2.6479E+05,  1.4532E+03,  0.0000E+00,  0.0000E+00,  0.0000E+00,  1.3958E+01,  3.5762E+00,  2.9650E+01,  7.7242E-04,  3.5126E+00,  2.9360E-01,  3.4038E+00,  3.0610E-01,  5.8915E+00,  3.8080E-03,  1.5998E+00,  2.8256E-03,  3.1226E-02,  6.0629E-03,  1.4309E+00,  5.0150E-03,  7.5919E-02,  7.1946E-03,  2.8501E-01,  9.8294E-02,  1.7143E+01,  2.2638E-01,  5.3470E-01,  5.3127E-03,  1.2948E-02,  8.7212E-04,  2.2025E-03,  1.3216E-04,  1.3589E-03,  1.7737E-04,  9.0802E-04,  1.3497E-04,  4.4856E-04,  8.8535E-05,  2.2148E-04,  1.7588E-05,  8.8707E-05,  0.0000E+00,  4.0163E-05,  8.8857E-06,  2.7017E-05,  8.9271E-06,  3.2016E-05,  4.1195E-06,  9.3192E-05,  6.5801E-06,  1.4716E-04,  2.8294E-05,  1.3046E-04,  9.5680E-06,  9.7972E-05,  9.6988E-06,  2.3916E-05,  3.7591E-06,  1.8975E-05,  0.0000E+00,  4.8137E-06,  1.9090E-06,  9.8374E-06,  1.4625E-06,  9.8665E-06,  1.9720E-06,  4.9270E-06,  9.7709E-07,  4.4681E-06,  9.8845E-07,  3.9929E-06,  4.4888E-07,  5.0123E-06,  1.0008E-06,  1.5224E-05,  1.5153E-05,  3.0410E-05,  5.0423E-06,  5.0928E-06,  4.6384E-06,  5.1673E-05,  3.0789E-06,  0.0000E+00,  0.0000E+00,  0.0000E+00,  0.0000E+00,  0.0000E+00,  0.0000E+00,  1.0763E-06,  0.0000E+00,  6.5082E-07,  2.1116E+04,  2.0143E+02,  0.0000E+00,  0.0000E+00,  0.0000E+00,  1.9352E+00,  4.9535E-01,  4.1076E+00,  1.0019E-04,  4.6818E-01,  3.8328E-02,  4.5306E-01,  4.0131E-02,  7.8942E-01,  5.0080E-04,  2.1437E-01,  3.6917E-04,  3.8917E-03,  8.0067E-04,  1.9823E-01,  6.4345E-04,  9.6155E-03,  8.9807E-04,  3.6247E-02,  1.2357E-02,  2.1968E+00,  2.8625E-02,  6.9684E-02,  6.6959E-04,  1.6382E-03,  1.0716E-04,  2.6801E-04,  1.6074E-05,  1.6074E-04,  2.1432E-05,  1.0716E-04,  1.6074E-05,  5.3580E-05,  1.0716E-05,  2.6801E-05,  2.1432E-06,  1.0716E-05,  0.0000E+00,  4.8220E-06,  1.0716E-06,  3.2139E-06,  1.0716E-06,  3.7501E-06,  4.8220E-07,  1.0716E-05,  7.5022E-07,  1.6074E-05,  3.2139E-06,  1.4466E-05,  1.0716E-06,  1.0716E-05,  1.0716E-06,  2.6801E-06,  4.2860E-07,  2.1432E-06,  0.0000E+00,  5.3580E-07,  2.1432E-07,  1.0716E-06,  1.6074E-07,  1.0716E-06,  2.1432E-07,  5.3580E-07,  1.0716E-07,  4.8220E-07,  1.0716E-07,  4.2860E-07,  4.8220E-08,  5.3580E-07,  1.0716E-07,  1.6074E-06,  1.6074E-06,  3.2139E-06,  5.3580E-07,  5.3580E-07,  4.8220E-07,  5.3580E-06,  3.2139E-07,  0.0000E+00,  0.0000E+00,  0.0000E+00,  0.0000E+00,  0.0000E+00,  0.0000E+00,  1.0716E-07,  0.0000E+00,  6.4302E-08
  2.2000E+01,  2.2688E+05,  1.1161E+03,  0.0000E+00,  0.0000E+00,  0.0000E+00,  1.0719E+01,  2.7469E+00,  2.2774E+01,  6.0202E-04,  2.7164E+00,  2.2841E-01,  2.6333E+00,  2.3785E-01,  4.5490E+00,  2.9563E-03,  1.2353E+00,  2.1977E-03,  2.4607E-02,  4.7012E-03,  1.0990E+00,  3.9207E-03,  5.9566E-02,  5.6673E-03,  2.2337E-01,  7.7278E-02,  1.3406E+01,  1.7770E-01,  4.1619E-01,  4.1739E-03,  1.0162E-02,  6.8987E-04,  1.7467E-03,  1.0482E-04,  1.0855E-03,  1.4092E-04,  7.2577E-04,  1.0763E-04,  3.5744E-04,  7.0310E-05,  1.7590E-04,  1.3943E-05,  7.0482E-05,  0.0000E+00,  3.1963E-05,  7.0632E-06,  2.1551E-05,  7.1045E-06,  2.5638E-05,  3.2994E-06,  7.4967E-05,  5.3042E-06,  1.1983E-04,  2.2828E-05,  1.0585E-04,  7.7455E-06,  7.9747E-05,  7.8763E-06,  1.9358E-05,  3.0301E-06,  1.5330E-05,  0.0000E+00,  3.9024E-06,  1.5445E-06,  8.0149E-06,  1.1891E-06,  8.0440E-06,  1.6075E-06,  4.0157E-06,  7.9484E-07,  3.6481E-06,  8.0620E-07,  3.2639E-06,  3.6687E-07,  4.1010E-06,  8.1850E-07,  1.2491E-05,  1.2419E-05,  2.4944E-05,  4.1311E-06,  4.1816E-06,  3.8184E-06,  4.2561E-05,  2.5323E-06,  0.0000E+00,  0.0000E+00,  0.0000E+00,  0.0000E+00,  0.0000E+00,  0.0000E+00,  8.9408E-07,  0.0000E+00,  5.4146E-07,  1.6795E+04,  1.3571E+02,  0.0000E+00,  0.0000E+00,  0.0000E+00,  1.3040E+00,  3.3389E-01,  2.7685E+00,  7.0204E-05,  3.2805E-01,  2.6856E-02,  3.1746E-01,  2.8120E-02,  5.5314E-01,  3.5091E-04,  1.5021E-01,  2.5868E-04,  2.7269E-03,  5.6103E-04,  1.3360E-01,  4.5086E-04,  6.7376E-03,  6.2927E-04,  2.5398E-02,  8.6586E-03,  1.5393E+00,  2.0058E-02,  4.8827E-02,  4.6918E-04,  1.1479E-03,  7.5088E-05,  1.8780E-04,  1.1263E-05,  1.1263E-04,  1.5018E-05,  7.5088E-05,  1.1263E-05,  3.7543E-05,  7.5088E-06,  1.8780E-05,  1.5018E-06,  7.5088E-06,  0.0000E+00,  3.3788E-06,  7.5088E-07,  2.2519E-06,  7.5088E-07,  2.6277E-06,  3.3788E-07,  7.5088E-06,  5.2567E-07,  1.1263E-05,  2.2519E-06,  1.0136E-05,  7.5088E-07,  7.5088E-06,  7.5088E-07,  1.8780E-06,  3.0032E-07,  1.5018E-06,  0.0000E+00,  3.7543E-07,  1.5018E-07,  7.5088E-07,  1.1263E-07,  7.5088E-07,  1.5018E-07,  3.7543E-07,  7.5088E-08,  3.3788E-07,  7.5088E-08,  3.0032E-07,  3.3788E-08,  3.7543E-07,  7.5088E-08,  1.1263E-06,  1.1263E-06,  2.2519E-06,  3.7543E-07,  3.7543E-07,  3.3788E-07,  3.7543E-06,  2.2519E-07,  0.0000E+00,  0.0000E+00,  0.0000E+00,  0.0000E+00,  0.0000E+00,  0.0000E+00,  7.5088E-08,  0.0000E+00,  4.5056E-08
  2.5000E+01,  1.8315E+05,  7.9263E+02,  0.0000E+00,  0.0000E+00,  0.0000E+00,  7.6111E+00,  1.9510E+00,  1.6175E+01,  4.3136E-04,  1.9189E+00,  1.6313E-01,  1.8615E+00,  1.6949E-01,  3.2043E+00,  2.1033E-03,  8.7014E-01,  1.5689E-03,  1.7979E-02,  3.3374E-03,  7.8058E-01,  2.8247E-03,  4.3188E-02,  4.1375E-03,  1.6163E-01,  5.6230E-02,  9.6645E+00,  1.2894E-01,  2.9749E-01,  3.0334E-03,  7.3716E-03,  5.0733E-04,  1.2902E-03,  7.7442E-05,  8.1173E-04,  1.0441E-04,  5.4324E-04,  8.0249E-05,  2.6618E-04,  5.2057E-05,  1.3025E-04,  1.0293E-05,  5.2229E-05,  0.0000E+00,  2.3749E-05,  5.2378E-06,  1.6077E-05,  5.2792E-06,  1.9251E-05,  2.4781E-06,  5.6714E-05,  4.0264E-06,  9.2446E-05,  1.7354E-05,  8.1213E-05,  5.9201E-06,  6.1494E-05,  6.0510E-06,  1.4793E-05,  2.3001E-06,  1.1680E-05,  0.0000E+00,  2.9898E-06,  1.1795E-06,  6.1896E-06,  9.1528E-07,  6.2186E-06,  1.2425E-06,  3.1031E-06,  6.1231E-07,  2.8267E-06,  6.2367E-07,  2.5339E-06,  2.8474E-07,  3.1884E-06,  6.3597E-07,  9.7507E-06,  9.6807E-06,  1.9466E-05,  3.2182E-06,  3.2679E-06,  2.9946E-06,  3.3404E-05,  1.9836E-06,  0.0000E+00,  0.0000E+00,  0.0000E+00,  0.0000E+00,  0.0000E+00,  0.0000E+00,  7.0884E-07,  0.0000E+00,  4.2998E-07,  1.2354E+04,  7.9913E+01,  0.0000E+00,  0.0000E+00,  0.0000E+00,  7.6791E-01,  1.9671E-01,  1.6309E+00,  4.3570E-05,  2.0359E-01,  1.6667E-02,  1.9702E-01,  1.7451E-02,  3.4329E-01,  2.1778E-04,  9.3220E-02,  1.6054E-04,  1.6924E-03,  3.4818E-04,  7.8706E-02,  2.7981E-04,  4.1814E-03,  3.9053E-04,  1.5762E-02,  5.3737E-03,  9.5531E-01,  1.2448E-02,  3.0303E-02,  2.9118E-04,  7.1238E-04,  4.6601E-05,  1.1655E-04,  6.9900E-06,  6.9900E-05,  9.3200E-06,  4.6601E-05,  6.9900E-06,  2.3300E-05,  4.6601E-06,  1.1655E-05,  9.3200E-07,  4.6601E-06,  0.0000E+00,  2.0969E-06,  4.6601E-07,  1.3976E-06,  4.6601E-07,  1.6308E-06,  2.0969E-07,  4.6601E-06,  3.2624E-07,  6.9900E-06,  1.3976E-06,  6.2907E-06,  4.6601E-07,  4.6601E-06,  4.6601E-07,  1.1655E-06,  1.8638E-07,  9.3200E-07,  0.0000E+00,  2.3300E-07,  9.3200E-08,  4.6601E-07,  6.9900E-08,  4.6601E-07,  9.3200E-08,  2.3300E-07,  4.6601E-08,  2.0969E-07,  4.6601E-08,  1.8638E-07,  2.0969E-08,  2.3300E-07,  4.6601E-08,  7.0030E-07,  6.9956E-07,  1.3998E-06,  2.3312E-07,  2.3367E-07,  2.1130E-07,  2.3507E-06,  1.4058E-07,  0.0000E+00,  0.0000E+00,  0.0000E+00,  0.0000E+00,  0.0000E+00,  0.0000E+00,  4.8406E-08,  0.0000E+00,  2.9261E-08
  2.8000E+01,  1.5051E+05,  5.9780E+02,  0.0000E+00,  0.0000E+00,  0.0000E+00,  5.7389E+00,  1.4713E+00,  1.2198E+01,  3.2319E-04,  1.4134E+00,  1.2175E-01,  1.3724E+00,  1.2617E-01,  2.3521E+00,  1.5626E-03,  6.3870E-01,  1.1703E-03,  1.3777E-02,  2.4730E-03,  5.8867E-01,  2.1300E-03,  3.2806E-02,  3.1680E-03,  1.2249E-01,  4.2889E-02,  7.2928E+00,  9.8038E-02,  2.2226E-01,  2.3105E-03,  5.6030E-03,  3.9164E-04,  1.0008E-03,  6.0087E-05,  6.3819E-04,  8.1275E-05,  4.2754E-04,  6.2895E-05,  2.0833E-04,  4.0487E-05,  1.0132E-04,  7.9787E-06,  4.0659E-05,  0.0000E+00,  1.8543E-05,  4.0809E-06,  1.2607E-05,  4.1223E-06,  1.5202E-05,  1.9575E-06,  4.5123E-05,  3.2132E-06,  7.4695E-05,  1.3867E-05,  6.5368E-05,  4.7514E-06,  4.9670E-05,  4.8751E-06,  1.1871E-05,  1.8355E-06,  9.3499E-06,  0.0000E+00,  2.4039E-06,  9.4593E-07,  5.0043E-06,  7.3841E-07,  5.0312E-06,  1.0051E-06,  2.5098E-06,  4.9425E-07,  2.2902E-06,  5.0479E-07,  2.0553E-06,  2.3093E-07,  2.5884E-06,  5.1612E-07,  7.9332E-06,  7.8703E-06,  1.5835E-05,  2.6156E-06,  2.6602E-06,  2.4413E-06,  2.7239E-05,  1.6164E-06,  0.0000E+00,  0.0000E+00,  0.0000E+00,  0.0000E+00,  0.0000E+00,  0.0000E+00,  5.7939E-07,  0.0000E+00,  3.5149E-07,  9.4090E+03,  4.9970E+01,  0.0000E+00,  0.0000E+00,  0.0000E+00,  4.8023E-01,  1.2307E-01,  1.0202E+00,  2.8544E-05,  1.3338E-01,  1.0919E-02,  1.2907E-01,  1.1433E-02,  2.2490E-01,  1.4267E-04,  6.1071E-02,  1.0517E-04,  1.1087E-03,  2.2810E-04,  4.9234E-02,  1.8331E-04,  2.7394E-03,  2.5585E-04,  1.0326E-02,  3.5204E-03,  6.2585E-01,  8.1551E-03,  1.9852E-02,  1.9076E-04,  4.6670E-04,  3.0529E-05,  7.6354E-05,  4.5794E-06,  4.5794E-05,  6.1058E-06,  3.0529E-05,  4.5794E-06,  1.5264E-05,  3.0529E-06,  7.6354E-06,  6.1058E-07,  3.0529E-06,  0.0000E+00,  1.3737E-06,  3.0529E-07,  9.1560E-07,  3.0529E-07,  1.0684E-06,  1.3737E-07,  3.0675E-06,  2.1583E-07,  4.8434E-06,  9.2705E-07,  4.2727E-06,  3.1312E-07,  3.2226E-06,  3.1791E-07,  7.8269E-07,  1.2330E-07,  6.2125E-07,  0.0000E+00,  1.5757E-07,  6.2480E-08,  3.2418E-07,  4.8013E-08,  3.2561E-07,  6.5058E-08,  1.6249E-07,  3.2104E-08,  1.4795E-07,  3.2650E-08,  1.3264E-07,  1.4905E-08,  1.6696E-07,  3.3298E-08,  5.1138E-07,  5.0733E-07,  1.0207E-06,  1.6862E-07,  1.7150E-07,  1.5758E-07,  1.7590E-06,  1.0427E-07,  0.0000E+00,  0.0000E+00,  0.0000E+00,  0.0000E+00,  0.0000E+00,  0.0000E+00,  3.7896E-08,  0.0000E+00,  2.3068E-08
  3.2000E+01,  1.1823E+05,  4.4034E+02,  0.0000E+00,  0.0000E+00,  0.0000E+00,  4.2261E+00,  1.0836E+00,  8.9837E+00,  2.3316E-04,  9.9273E-01,  8.7307E-02,  9.6530E-01,  9.0104E-02,  1.6427E+00,  1.1126E-03,  4.4607E-01,  8.3860E-04,  1.0274E-02,  1.7535E-03,  4.3354E-01,  1.5519E-03,  2.4166E-02,  2.3601E-03,  8.9922E-02,  3.1784E-02,  5.3188E+00,  7.2315E-02,  1.5964E-01,  1.7088E-03,  4.1310E-03,  2.9467E-04,  7.5702E-04,  4.5460E-05,  4.8870E-04,  6.1685E-05,  3.2768E-04,  4.8034E-05,  1.5891E-04,  3.0704E-05,  7.6843E-05,  6.0306E-06,  3.0862E-05,  0.0000E+00,  1.4114E-05,  3.1000E-06,  9.6329E-06,  3.1379E-06,  1.1683E-05,  1.5046E-06,  3.4849E-05,  2.4853E-06,  5.7925E-05,  1.0731E-05,  5.0686E-05,  3.6822E-06,  3.8519E-05,  3.7804E-06,  9.1991E-06,  1.4197E-06,  7.2404E-06,  0.0000E+00,  1.8637E-06,  7.3292E-07,  3.8806E-06,  5.7264E-07,  3.9013E-06,  7.7936E-07,  1.9462E-06,  3.8329E-07,  1.7756E-06,  3.9141E-07,  1.5932E-06,  1.7901E-07,  2.0062E-06,  4.0005E-07,  6.1455E-06,  6.0981E-06,  1.2268E-05,  2.0268E-06,  2.0603E-06,  1.8894E-06,  2.1078E-05,  1.2513E-06,  0.0000E+00,  0.0000E+00,  0.0000E+00,  0.0000E+00,  0.0000E+00,  0.0000E+00,  4.4688E-07,  0.0000E+00,  2.7091E-07,  6.7305E+03,  2.8760E+01,  0.0000E+00,  0.0000E+00,  0.0000E+00,  2.7617E-01,  7.0811E-02,  5.8700E-01,  1.6472E-05,  7.6969E-02,  6.3012E-03,  7.4484E-02,  6.5976E-03,  1.2978E-01,  8.2332E-05,  3.5242E-02,  6.0692E-05,  6.4251E-04,  1.3163E-04,  2.8328E-02,  1.0578E-04,  1.5808E-03,  1.4810E-04,  5.9591E-03,  2.0318E-03,  3.6116E-01,  4.7060E-03,  1.1456E-02,  1.1008E-04,  2.6932E-04,  1.7956E-05,  4.5555E-05,  2.7343E-06,  2.8952E-05,  3.6890E-06,  1.9403E-05,  2.8509E-06,  9.4428E-06,  1.8387E-06,  4.6007E-06,  3.6346E-07,  1.8454E-06,  0.0000E+00,  8.4070E-07,  1.8515E-07,  5.7151E-07,  1.8689E-07,  6.9135E-07,  8.9040E-08,  2.0695E-06,  1.4812E-07,  3.5416E-06,  6.4073E-07,  3.0685E-06,  2.2149E-07,  2.3530E-06,  2.2944E-07,  5.5315E-07,  8.4610E-08,  4.3351E-07,  0.0000E+00,  1.1254E-07,  4.4024E-08,  2.3766E-07,  3.4874E-08,  2.3936E-07,  4.7799E-08,  1.1932E-07,  2.3375E-08,  1.0935E-07,  2.4041E-08,  9.8403E-08,  1.1052E-08,  1.2417E-07,  2.4740E-08,  3.8248E-07,  3.7879E-07,  7.6319E-07,  1.2580E-07,  1.2842E-07,  1.1835E-07,  1.3218E-06,  7.8246E-08,  0.0000E+00,  0.0000E+00,  0.0000E+00,  0.0000E+00,  0.0000E+00,  0.0000E+00,  2.8359E-08,  0.0000E+00,  1.7221E-08
  3.5000E+01,  1.0015E+05,  3.6741E+02,  0.0000E+00,  0.0000E+00,  0.0000E+00,  3.5260E+00,  9.0407E-01,  7.4956E+00,  1.9195E-04,  8.0034E-01,  7.1557E-02,  7.7912E-01,  7.3613E-02,  1.3183E+00,  9.0682E-04,  3.5799E-01,  6.8690E-04,  8.6130E-03,  1.4245E-03,  3.6173E-01,  1.2858E-03,  2.0147E-02,  1.9777E-03,  7.4830E-02,  2.6576E-02,  4.4096E+00,  6.0329E-02,  1.3101E-01,  1.4274E-03,  3.4454E-03,  2.4767E-04,  6.3691E-04,  3.8248E-05,  4.1116E-04,  5.1914E-05,  2.7566E-04,  4.0424E-05,  1.3375E-04,  2.5839E-05,  6.4669E-05,  5.0732E-06,  2.5974E-05,  0.0000E+00,  1.1879E-05,  2.6091E-06,  8.1065E-06,  2.6411E-06,  9.8239E-06,  1.2652E-06,  2.9264E-05,  2.0855E-06,  4.8414E-05,  9.0021E-06,  4.2422E-05,  3.0849E-06,  3.2198E-05,  3.1629E-06,  7.7071E-06,  1.1913E-06,  6.0706E-06,  0.0000E+00,  1.5604E-06,  6.1417E-07,  3.2426E-06,  4.7887E-07,  3.2590E-06,  6.5110E-07,  1.6260E-06,  3.2047E-07,  1.4826E-06,  3.2693E-07,  1.3297E-06,  1.4941E-07,  1.6739E-06,  3.3382E-07,  5.1236E-06,  5.0854E-06,  1.0228E-05,  1.6904E-06,  1.7174E-06,  1.5739E-06,  1.7555E-05,  1.0426E-06,  0.0000E+00,  0.0000E+00,  0.0000E+00,  0.0000E+00,  0.0000E+00,  0.0000E+00,  3.7166E-07,  0.0000E+00,  2.2527E-07,  5.3207E+03,  1.9862E+01,  0.0000E+00,  0.0000E+00,  0.0000E+00,  1.9050E-01,  4.8865E-02,  4.0508E-01,  1.1001E-05,  5.1291E-02,  4.1989E-03,  4.9634E-02,  4.3965E-03,  8.6483E-02,  5.4864E-05,  2.3484E-02,  4.0443E-05,  4.6513E-04,  8.7715E-05,  1.9549E-02,  7.1595E-05,  1.0988E-03,  1.0684E-04,  4.1023E-03,  1.4403E-03,  2.4496E-01,  3.2846E-03,  7.6345E-03,  7.7495E-05,  1.8769E-04,  1.3376E-05,  3.4521E-05,  2.0735E-06,  2.2738E-05,  2.8249E-06,  1.5277E-05,  2.2224E-06,  7.3354E-06,  1.4046E-06,  3.5158E-06,  2.7479E-07,  1.4136E-06,  0.0000E+00,  6.4912E-07,  1.4214E-07,  4.4611E-07,  1.4433E-07,  5.4790E-07,  7.0600E-08,  1.6540E-06,  1.1843E-07,  2.7995E-06,  5.1219E-07,  2.4409E-06,  1.7676E-07,  1.8610E-06,  1.8222E-07,  4.4149E-07,  6.7650E-08,  3.4637E-07,  0.0000E+00,  8.9654E-08,  3.5149E-08,  1.8766E-07,  2.7637E-08,  1.8878E-07,  3.7708E-08,  9.4151E-08,  1.8508E-08,  8.6030E-08,  1.8947E-08,  7.7273E-08,  8.6810E-09,  9.7374E-08,  1.9411E-08,  2.9882E-07,  2.9633E-07,  5.9644E-07,  9.8466E-08,  1.0023E-07,  9.2021E-08,  1.0267E-06,  6.0922E-08,  0.0000E+00,  0.0000E+00,  0.0000E+00,  0.0000E+00,  0.0000E+00,  0.0000E+00,  2.1783E-08,  0.0000E+00,  1.3207E-08
  4.0000E+01,  7.7482E+04,  2.8874E+02,  0.0000E+00,  0.0000E+00,  0.0000E+00,  2.7720E+00,  7.1061E-01,  5.8918E+00,  1.4707E-04,  6.0002E-01,  5.4622E-02,  5.8496E-01,  5.6017E-02,  9.8230E-01,  6.8840E-04,  2.6674E-01,  5.2403E-04,  6.6316E-03,  1.0776E-03,  2.8433E-01,  9.8885E-04,  1.5518E-02,  1.5229E-03,  5.7627E-02,  2.0471E-02,  3.3921E+00,  4.6472E-02,  1.0012E-01,  1.0996E-03,  2.6540E-03,  1.9046E-04,  4.8912E-04,  2.9371E-05,  3.1432E-04,  3.9827E-05,  2.1064E-04,  3.0941E-05,  1.0242E-04,  1.9828E-05,  4.9623E-05,  3.8968E-06,  1.9926E-05,  0.0000E+00,  9.1047E-06,  2.0010E-06,  6.2034E-06,  2.0241E-06,  7.4973E-06,  9.6545E-07,  2.2276E-05,  1.5861E-06,  3.6709E-05,  6.8443E-06,  3.2191E-05,  2.3426E-06,  2.4415E-05,  2.3996E-06,  5.8529E-06,  9.0607E-07,  4.6132E-06,  0.0000E+00,  1.1844E-06,  4.6648E-07,  2.4584E-06,  3.6321E-07,  2.4705E-06,  4.9357E-07,  1.2326E-06,  2.4304E-07,  1.1236E-06,  2.4780E-07,  1.0076E-06,  1.1322E-07,  1.2681E-06,  2.5292E-07,  3.8805E-06,  3.8521E-06,  7.7469E-06,  1.2805E-06,  1.3006E-06,  1.1917E-06,  1.3292E-05,  7.8948E-07,  0.0000E+00,  0.0000E+00,  0.0000E+00,  0.0000E+00,  0.0000E+00,  0.0000E+00,  2.8125E-07,  0.0000E+00,  1.7045E-07,  3.7486E+03,  1.1606E+01,  0.0000E+00,  0.0000E+00,  0.0000E+00,  1.1112E-01,  2.8521E-02,  2.3644E-01,  6.9504E-06,  2.8839E-02,  2.5751E-03,  2.8029E-02,  2.6419E-03,  4.7917E-02,  3.2507E-05,  1.3012E-02,  2.4703E-05,  3.2744E-04,  5.1043E-05,  1.1410E-02,  4.7177E-05,  7.5258E-04,  7.5079E-05,  2.7791E-03,  1.0017E-03,  1.6204E-01,  2.2584E-03,  4.7212E-03,  5.3644E-05,  1.2888E-04,  9.5099E-06,  2.4594E-05,  1.4773E-06,  1.5999E-05,  2.0100E-06,  1.0730E-05,  1.5710E-06,  5.1945E-06,  9.9987E-07,  2.5026E-06,  1.9577E-07,  1.0057E-06,  0.0000E+00,  4.6079E-07,  1.0108E-07,  3.1512E-07,  1.0245E-07,  3.8271E-07,  4.9291E-08,  1.1412E-06,  8.1316E-08,  1.8824E-06,  3.5093E-07,  1.6513E-06,  1.2016E-07,  1.2521E-06,  1.2309E-07,  3.0022E-07,  4.6451E-08,  2.3657E-07,  0.0000E+00,  6.0758E-08,  2.3926E-08,  1.2604E-07,  1.8629E-08,  1.2664E-07,  2.5302E-08,  6.3192E-08,  1.2465E-08,  5.7566E-08,  1.2701E-08,  5.1597E-08,  5.7982E-09,  6.4915E-08,  1.2949E-08,  1.9838E-07,  1.9702E-07,  3.9608E-07,  6.5504E-08,  6.6468E-08,  6.0845E-08,  6.7859E-07,  4.0316E-08,  0.0000E+00,  0.0000E+00,  0.0000E+00,  0.0000E+00,  0.0000E+00,  0.0000E+00,  1.4380E-08,  0.0000E+00,  8.7226E-09
  4.5000E+01,  6.1380E+04,  2.3893E+02,  0.0000E+00,  0.0000E+00,  0.0000E+00,  2.2948E+00,  5.8821E-01,  4.8767E+00,  1.1680E-04,  4.7736E-01,  4.3423E-02,  4.6548E-01,  4.4556E-02,  7.8042E-01,  5.4773E-04,  2.1192E-01,  4.1664E-04,  5.2207E-03,  8.5762E-04,  2.3534E-01,  7.8338E-04,  1.2256E-02,  1.1992E-03,  4.5557E-02,  1.6141E-02,  2.6865E+00,  3.6688E-02,  7.9570E-02,  8.6745E-04,  2.0955E-03,  1.4966E-04,  3.8393E-04,  2.3054E-05,  2.4630E-04,  3.1244E-05,  1.6504E-04,  2.4252E-05,  8.0293E-05,  1.5557E-05,  3.8933E-05,  3.0592E-06,  1.5631E-05,  0.0000E+00,  7.1396E-06,  1.5696E-06,  4.8621E-06,  1.5872E-06,  5.8731E-06,  7.5628E-07,  1.7445E-05,  1.2421E-06,  2.8731E-05,  5.3596E-06,  2.5201E-05,  1.8341E-06,  1.9109E-05,  1.8785E-06,  4.5826E-06,  7.0952E-07,  3.6124E-06,  0.0000E+00,  9.2726E-07,  3.6525E-07,  1.9240E-06,  2.8430E-07,  1.9335E-06,  3.8628E-07,  9.6471E-07,  1.9023E-07,  8.7925E-07,  1.9393E-07,  7.8839E-07,  8.8590E-08,  9.9223E-07,  1.9790E-07,  3.0356E-06,  3.0136E-06,  6.0602E-06,  1.0018E-06,  1.0174E-06,  9.3191E-07,  1.0393E-05,  6.1744E-07,  0.0000E+00,  0.0000E+00,  0.0000E+00,  0.0000E+00,  0.0000E+00,  0.0000E+00,  2.1950E-07,  0.0000E+00,  1.3297E-07,  2.6921E+03,  8.3187E+00,  0.0000E+00,  0.0000E+00,  0.0000E+00,  7.9747E-02,  2.0438E-02,  1.6960E-01,  5.1606E-06,  2.0224E-02,  1.9045E-03,  1.9763E-02,  1.9424E-03,  3.2833E-02,  2.3761E-05,  8.9159E-03,  1.8254E-05,  2.3690E-04,  3.6946E-05,  8.1849E-03,  3.5014E-05,  5.5242E-04,  5.4389E-05,  2.0486E-03,  7.3017E-04,  1.2019E-01,  1.6552E-03,  3.4972E-03,  3.9198E-05,  9.4509E-05,  6.8096E-06,  1.7481E-05,  1.0497E-06,  1.1209E-05,  1.4232E-06,  7.5096E-06,  1.1045E-06,  3.6572E-06,  7.0859E-07,  1.7733E-06,  1.3927E-07,  7.1204E-07,  0.0000E+00,  3.2524E-07,  7.1500E-08,  2.2140E-07,  7.2306E-08,  2.6699E-07,  3.4377E-08,  7.9120E-07,  5.6312E-08,  1.3087E-06,  2.4296E-07,  1.1447E-06,  8.3210E-08,  8.7019E-07,  8.5368E-08,  2.0789E-07,  3.2168E-08,  1.6378E-07,  0.0000E+00,  4.2097E-08,  1.6567E-08,  8.7688E-08,  1.2933E-08,  8.8175E-08,  1.7614E-08,  4.3983E-08,  8.6579E-09,  4.0164E-08,  8.8482E-09,  3.6069E-08,  4.0521E-09,  4.5449E-08,  9.0602E-09,  1.3959E-07,  1.3837E-07,  2.7858E-07,  4.5973E-08,  4.6837E-08,  4.3070E-08,  4.8077E-07,  2.8498E-08,  0.0000E+00,  0.0000E+00,  0.0000E+00,  0.0000E+00,  0.0000E+00,  0.0000E+00,  1.0319E-08,  0.0000E+00,  6.2710E-09
  5.0000E+01,  4.9644E+04,  2.0150E+02,  0.0000E+00,  0.0000E+00,  0.0000E+00,  1.9358E+00,  4.9626E-01,  4.1133E+00,  9.4281E-05,  3.8798E-01,  3.5092E-02,  3.7818E-01,  3.6043E-02,  6.3529E-01,  4.4342E-04,  1.7251E-01,  3.3677E-04,  4.1997E-03,  6.9509E-04,  1.9850E-01,  6.3133E-04,  9.8657E-03,  9.6470E-04,  3.6684E-02,  1.2988E-02,  2.1648E+00,  2.9530E-02,  6.4284E-02,  6.9807E-04,  1.6867E-03,  1.2038E-04,  3.0879E-04,  1.8542E-05,  1.9801E-04,  2.5126E-05,  1.3269E-04,  1.9499E-05,  6.4560E-05,  1.2511E-05,  3.1310E-05,  2.4605E-06,  1.2571E-05,  0.0000E+00,  5.7411E-06,  1.2622E-06,  3.9092E-06,  1.2763E-06,  4.7210E-06,  6.0792E-07,  1.4017E-05,  9.9774E-07,  2.3018E-05,  4.3047E-06,  2.0213E-05,  1.4720E-06,  1.5311E-05,  1.5063E-06,  3.6780E-06,  5.6995E-07,  2.9006E-06,  0.0000E+00,  7.4389E-07,  2.9318E-07,  1.5411E-06,  2.2788E-07,  1.5483E-06,  3.0934E-07,  7.7260E-07,  1.5245E-07,  7.0368E-07,  1.5527E-07,  6.3065E-07,  7.0869E-08,  7.9339E-07,  1.5827E-07,  2.4243E-06,  2.4078E-06,  4.8403E-06,  8.0055E-07,  8.1221E-07,  7.4306E-07,  8.2850E-06,  4.9253E-07,  0.0000E+00,  0.0000E+00,  0.0000E+00,  0.0000E+00,  0.0000E+00,  0.0000E+00,  1.7424E-07,  0.0000E+00,  1.0547E-07,  2.0021E+03,  6.6524E+00,  0.0000E+00,  0.0000E+00,  0.0000E+00,  6.3845E-02,  1.6341E-02,  1.3573E-01,  3.8455E-06,  1.5525E-02,  1.4276E-03,  1.5158E-02,  1.4629E-03,  2.5221E-02,  1.7962E-05,  6.8487E-03,  1.3694E-05,  1.7152E-04,  2.8069E-05,  6.5500E-03,  2.5806E-05,  4.0368E-04,  3.9409E-05,  1.5009E-03,  5.3112E-04,  8.8500E-02,  1.2082E-03,  2.6172E-03,  2.8556E-05,  6.9015E-05,  4.9039E-06,  1.2575E-05,  7.5508E-07,  8.1051E-06,  1.0239E-06,  5.4343E-06,  7.9668E-07,  2.6360E-06,  5.0970E-07,  1.2756E-06,  1.0020E-07,  5.1226E-07,  0.0000E+00,  2.3417E-07,  5.1448E-08,  1.5977E-07,  5.2062E-08,  1.9383E-07,  2.4966E-08,  5.7979E-07,  4.1422E-08,  9.7669E-07,  1.7900E-07,  8.5077E-07,  6.1633E-08,  6.4918E-07,  6.3522E-08,  1.5395E-07,  2.3662E-08,  1.2093E-07,  0.0000E+00,  3.1249E-08,  1.2260E-08,  6.5489E-08,  9.6367E-09,  6.5903E-08,  1.3163E-08,  3.2863E-08,  6.4545E-09,  3.0065E-08,  6.6163E-09,  2.7030E-08,  3.0362E-09,  3.4088E-08,  6.7932E-09,  1.0493E-07,  1.0393E-07,  2.0939E-07,  3.4519E-08,  3.5232E-08,  3.2468E-08,  3.6257E-07,  2.1468E-08,  0.0000E+00,  0.0000E+00,  0.0000E+00,  0.0000E+00,  0.0000E+00,  0.0000E+00,  7.7857E-09,  0.0000E+00,  4.7286E-09
  5.5000E+01,  4.0862E+04,  1.7162E+02,  0.0000E+00,  0.0000E+00,  0.0000E+00,  1.6490E+00,  4.2282E-01,  3.5037E+00,  7.7497E-05,  3.1958E-01,  2.8850E-02,  3.1144E-01,  2.9637E-02,  5.2383E-01,  3.6469E-04,  1.4225E-01,  2.7687E-04,  3.4505E-03,  5.7189E-04,  1.6908E-01,  5.1891E-04,  8.1073E-03,  7.9262E-04,  3.0148E-02,  1.0672E-02,  1.7793E+00,  2.4266E-02,  5.2846E-02,  5.7361E-04,  1.3861E-03,  9.8874E-05,  2.5353E-04,  1.5223E-05,  1.6221E-04,  2.0620E-05,  1.0867E-04,  1.5984E-05,  5.2934E-05,  1.0269E-05,  2.5698E-05,  2.0203E-06,  1.0316E-05,  0.0000E+00,  4.7093E-06,  1.0357E-06,  3.2041E-06,  1.0469E-06,  3.8637E-06,  4.9749E-07,  1.1448E-05,  8.1404E-07,  1.8682E-05,  3.5106E-06,  1.6435E-05,  1.1984E-06,  1.2429E-05,  1.2242E-06,  2.9945E-06,  4.6502E-07,  2.3639E-06,  0.0000E+00,  6.0515E-07,  2.3875E-07,  1.2504E-06,  1.8510E-07,  1.2558E-06,  2.5093E-07,  6.2676E-07,  1.2380E-07,  5.7032E-07,  1.2591E-07,  5.1079E-07,  5.7406E-08,  6.4227E-07,  1.2815E-07,  1.9596E-06,  1.9474E-06,  3.9129E-06,  6.4760E-07,  6.5622E-07,  5.9949E-07,  6.6822E-06,  3.9755E-07,  0.0000E+00,  0.0000E+00,  0.0000E+00,  0.0000E+00,  0.0000E+00,  0.0000E+00,  1.3994E-07,  0.0000E+00,  8.4643E-08,  1.5108E+03,  5.3000E+00,  0.0000E+00,  0.0000E+00,  0.0000E+00,  5.0873E-02,  1.3037E-02,  1.0813E-01,  2.8681E-06,  1.1838E-02,  1.0693E-03,  1.1540E-02,  1.0993E-03,  1.9363E-02,  1.3528E-05,  5.2579E-03,  1.0264E-05,  1.2815E-04,  2.1211E-05,  5.2181E-03,  1.9164E-05,  2.9965E-04,  2.9422E-05,  1.1134E-03,  3.9519E-04,  6.5707E-02,  8.9718E-04,  1.9579E-03,  2.1226E-05,  5.1241E-05,  3.6964E-06,  9.5302E-06,  5.7239E-07,  6.2156E-06,  7.7846E-07,  4.1708E-06,  6.0951E-07,  2.0142E-06,  3.8725E-07,  9.6925E-07,  7.5882E-08,  3.8952E-07,  0.0000E+00,  1.7854E-07,  3.9149E-08,  1.2229E-07,  3.9696E-08,  1.4908E-07,  1.9205E-08,  4.4786E-07,  3.2054E-08,  7.5740E-07,  1.3864E-07,  6.6018E-07,  4.7817E-08,  5.0348E-07,  4.9288E-08,  1.1944E-07,  1.8310E-08,  9.3756E-08,  0.0000E+00,  2.4247E-08,  9.5106E-09,  5.0774E-08,  7.4758E-09,  5.1077E-08,  1.0202E-08,  2.5474E-08,  5.0066E-09,  2.3280E-08,  5.1264E-09,  2.0913E-08,  2.3493E-09,  2.6357E-08,  5.2538E-09,  8.0957E-08,  8.0248E-08,  1.6157E-07,  2.6662E-08,  2.7162E-08,  2.4962E-08,  2.7857E-07,  1.6521E-08,  0.0000E+00,  0.0000E+00,  0.0000E+00,  0.0000E+00,  0.0000E+00,  0.0000E+00,  5.9360E-09,  0.0000E+00,  3.6007E-09
  6.3000E+01,  3.0802E+04,  1.3571E+02,  0.0000E+00,  0.0000E+00,  0.0000E+00,  1.3042E+00,  3.3446E-01,  2.7712E+00,  5.8377E-05,  2.4115E-01,  2.1740E-02,  2.3499E-01,  2.2339E-02,  3.9542E-01,  2.7495E-04,  1.0738E-01,  2.0865E-04,  2.5846E-03,  4.3128E-04,  1.3374E-01,  3.9054E-04,  6.0908E-03,  5.9388E-04,  2.2664E-02,  8.0075E-03,  1.3389E+00,  1.8225E-02,  3.9819E-02,  4.3057E-04,  1.0411E-03,  7.3831E-05,  1.8890E-04,  1.1342E-05,  1.2010E-04,  1.5341E-05,  8.0420E-05,  1.1853E-05,  3.9279E-05,  7.6425E-06,  1.9125E-05,  1.5058E-06,  7.6745E-06,  0.0000E+00,  3.4986E-06,  7.7022E-07,  2.3753E-06,  7.7774E-07,  2.8544E-06,  3.6747E-07,  8.4223E-06,  5.9777E-07,  1.3605E-05,  2.5758E-06,  1.2001E-05,  8.7673E-07,  9.0534E-06,  8.9332E-07,  2.1910E-06,  3.4148E-07,  1.7323E-06,  0.0000E+00,  4.4218E-07,  1.7475E-07,  9.1018E-07,  1.3494E-07,  9.1364E-07,  1.8258E-07,  4.5608E-07,  9.0216E-08,  4.1448E-07,  9.1579E-08,  3.7089E-07,  4.1688E-08,  4.6606E-07,  9.3015E-08,  1.4192E-06,  1.4114E-06,  2.8343E-06,  4.6948E-07,  4.7500E-07,  4.3319E-07,  4.8269E-06,  2.8744E-07,  0.0000E+00,  0.0000E+00,  0.0000E+00,  0.0000E+00,  0.0000E+00,  0.0000E+00,  1.0057E-07,  0.0000E+00,  6.0781E-08,  1.0042E+03,  3.6775E+00,  0.0000E+00,  0.0000E+00,  0.0000E+00,  3.5330E-02,  9.0533E-03,  7.4997E-02,  1.9118E-06,  7.7683E-03,  7.0811E-04,  7.5720E-03,  7.2521E-04,  1.2739E-02,  8.9079E-06,  3.4592E-03,  6.7916E-06,  8.8341E-05,  1.3941E-05,  3.6192E-03,  1.2928E-05,  2.0449E-04,  2.0263E-05,  7.5755E-04,  2.7105E-04,  4.4379E-02,  6.1296E-04,  1.2988E-03,  1.4533E-05,  3.4994E-05,  2.5643E-06,  6.6256E-06,  3.9796E-07,  4.3119E-06,  5.4143E-07,  2.8923E-06,  4.2330E-07,  1.3995E-06,  2.6934E-07,  6.7413E-07,  5.2742E-08,  2.7092E-07,  0.0000E+00,  1.2414E-07,  2.7229E-08,  8.4909E-08,  2.7600E-08,  1.0325E-07,  1.3299E-08,  3.0855E-07,  2.2014E-08,  5.1202E-07,  9.5061E-08,  4.4847E-07,  3.2599E-08,  3.4051E-07,  3.3441E-08,  8.1442E-08,  1.2575E-08,  6.4130E-08,  0.0000E+00,  1.6494E-08,  6.4895E-09,  3.4294E-08,  5.0640E-09,  3.4468E-08,  6.8861E-09,  1.7197E-08,  3.3891E-09,  1.5679E-08,  3.4576E-09,  1.4061E-08,  1.5800E-09,  1.7697E-08,  3.5296E-09,  5.4141E-08,  5.3750E-08,  1.0809E-07,  1.7868E-08,  1.8144E-08,  1.6613E-08,  1.8526E-07,  1.1009E-08,  0.0000E+00,  0.0000E+00,  0.0000E+00,  0.0000E+00,  0.0000E+00,  0.0000E+00,  3.9055E-09,  0.0000E+00,  2.3648E-09
  7.1000E+01,  2.4015E+04,  1.1011E+02,  0.0000E+00,  0.0000E+00,  0.0000E+00,  1.0581E+00,  2.7145E-01,  2.2492E+00,  4.5175E-05,  1.8797E-01,  1.6858E-02,  1.8312E-01,  1.7344E-02,  3.0848E-01,  2.1365E-04,  8.3768E-02,  1.6183E-04,  1.9761E-03,  3.3549E-04,  1.0854E-01,  3.0120E-04,  4.6791E-03,  4.5428E-04,  1.7432E-02,  6.1379E-03,  1.0323E+00,  1.3994E-02,  3.0860E-02,  3.3030E-04,  7.9957E-04,  5.6223E-05,  1.4350E-04,  8.6146E-06,  9.0689E-05,  1.1635E-05,  6.0698E-05,  8.9620E-06,  2.9717E-05,  5.7985E-06,  1.4509E-05,  1.1443E-06,  5.8202E-06,  0.0000E+00,  2.6497E-06,  5.8390E-07,  1.7956E-06,  5.8902E-07,  2.1513E-06,  2.7692E-07,  6.3273E-06,  4.4848E-07,  1.0150E-05,  1.9314E-06,  8.9693E-06,  6.5613E-07,  6.7555E-06,  6.6737E-07,  1.6398E-06,  2.5620E-07,  1.2979E-06,  0.0000E+00,  3.3065E-07,  1.3082E-07,  6.7885E-07,  1.0074E-07,  6.8121E-07,  1.3614E-07,  3.4010E-07,  6.7339E-08,  3.0882E-07,  6.8267E-08,  2.7619E-07,  3.1046E-08,  3.4690E-07,  6.9246E-08,  1.0550E-06,  1.0497E-06,  2.1072E-06,  3.4923E-07,  3.5300E-07,  3.2159E-07,  3.5825E-06,  2.1346E-07,  0.0000E+00,  0.0000E+00,  0.0000E+00,  0.0000E+00,  0.0000E+00,  0.0000E+00,  7.4414E-08,  0.0000E+00,  4.4949E-08,  6.9257E+02,  2.7223E+00,  0.0000E+00,  0.0000E+00,  0.0000E+00,  2.6194E-02,  6.6990E-03,  5.5504E-02,  1.3887E-06,  5.5262E-03,  5.1253E-04,  5.3954E-03,  5.2354E-04,  8.9974E-03,  6.4162E-06,  2.4433E-03,  4.9132E-06,  6.3772E-05,  1.0007E-05,  2.6785E-03,  9.4077E-06,  1.4844E-04,  1.4638E-05,  5.5041E-04,  1.9634E-04,  3.2291E-02,  4.4480E-04,  9.4106E-04,  1.0536E-05,  2.5397E-05,  1.8377E-06,  4.7250E-06,  2.8375E-07,  3.0413E-06,  3.8506E-07,  2.0381E-06,  2.9936E-07,  9.9094E-07,  1.9167E-07,  4.7969E-07,  3.7638E-08,  1.9265E-07,  0.0000E+00,  8.8071E-08,  1.9349E-08,  6.0021E-08,  1.9580E-08,  7.2528E-08,  9.3394E-09,  2.1520E-07,  1.5308E-08,  3.5166E-07,  6.6031E-08,  3.0935E-07,  2.2553E-08,  2.3396E-07,  2.3044E-08,  5.6354E-08,  8.7449E-09,  4.4473E-08,  0.0000E+00,  1.1390E-08,  4.4928E-09,  2.3538E-08,  3.4842E-09,  2.3640E-08,  4.7235E-09,  1.1798E-08,  2.3303E-09,  1.0737E-08,  2.3703E-09,  9.6165E-09,  1.0807E-09,  1.2093E-08,  2.4127E-09,  3.6896E-08,  3.6667E-08,  7.3676E-08,  1.2194E-08,  1.2356E-08,  1.1289E-08,  1.2583E-07,  7.4857E-09,  0.0000E+00,  0.0000E+00,  0.0000E+00,  0.0000E+00,  0.0000E+00,  0.0000E+00,  2.6338E-09,  0.0000E+00,  1.5930E-09
  8.0000E+01,  1.8757E+04,  8.8540E+01,  0.0000E+00,  0.0000E+00,  0.0000E+00,  8.5058E-01,  2.1827E-01,  1.8086E+00,  3.4433E-05,  1.4496E-01,  1.2884E-02,  1.4113E-01,  1.3281E-02,  2.3845E-01,  1.6381E-04,  6.4751E-02,  1.2373E-04,  1.4877E-03,  2.5769E-04,  8.7283E-02,  2.2866E-04,  3.5379E-03,  3.4213E-04,  1.3196E-02,  4.6312E-03,  7.8333E-01,  1.0576E-02,  2.3568E-02,  2.4940E-04,  6.0438E-04,  4.2191E-05,  1.0748E-04,  6.4517E-06,  6.7608E-05,  8.7031E-06,  4.5234E-05,  6.6879E-06,  2.2186E-05,  4.3387E-06,  1.0856E-05,  8.5727E-07,  4.3534E-06,  0.0000E+00,  1.9798E-06,  4.3662E-07,  1.3397E-06,  4.4010E-07,  1.6015E-06,  2.0613E-07,  4.6993E-06,  3.3276E-07,  7.5014E-06,  1.4325E-06,  6.6370E-06,  4.8595E-07,  4.9932E-06,  4.9368E-07,  1.2146E-06,  1.9010E-07,  9.6206E-07,  0.0000E+00,  2.4475E-07,  9.6912E-08,  5.0159E-07,  7.4491E-08,  5.0321E-07,  1.0057E-07,  2.5126E-07,  4.9782E-08,  2.2801E-07,  5.0422E-08,  2.0383E-07,  2.2913E-08,  2.5593E-07,  5.1094E-08,  7.7769E-07,  7.7401E-07,  1.5534E-06,  2.5754E-07,  2.6014E-07,  2.3681E-07,  2.6376E-06,  1.5723E-07,  0.0000E+00,  0.0000E+00,  0.0000E+00,  0.0000E+00,  0.0000E+00,  0.0000E+00,  5.4662E-08,  0.0000E+00,  3.3005E-08,  4.7588E+02,  2.0712E+00,  0.0000E+00,  0.0000E+00,  0.0000E+00,  1.9930E-02,  5.1193E-03,  4.2400E-02,  9.9855E-07,  4.0318E-03,  3.7047E-04,  3.9349E-03,  3.7950E-04,  6.5649E-03,  4.6591E-06,  1.7827E-03,  3.5534E-06,  4.4759E-05,  7.2804E-06,  2.0462E-03,  6.7133E-06,  1.0515E-04,  1.0282E-05,  3.9082E-04,  1.3846E-04,  2.3027E-02,  3.1476E-04,  6.7931E-04,  7.4420E-06,  1.7978E-05,  1.2805E-06,  3.2796E-06,  1.9691E-07,  2.0880E-06,  2.6647E-07,  1.3983E-06,  2.0600E-07,  6.8259E-07,  1.3273E-07,  3.3215E-07,  2.6139E-08,  1.3331E-07,  0.0000E+00,  6.0790E-08,  1.3380E-08,  4.1286E-08,  1.3514E-08,  4.9648E-08,  6.3918E-09,  1.4659E-07,  1.0406E-08,  2.3695E-07,  4.4840E-08,  2.0894E-07,  1.5264E-08,  1.5767E-07,  1.5555E-08,  3.8145E-08,  5.9444E-09,  3.0157E-08,  0.0000E+00,  7.6985E-09,  3.0424E-09,  1.5853E-08,  2.3497E-09,  1.5915E-08,  3.1803E-09,  7.9443E-09,  1.5711E-09,  7.2214E-09,  1.5953E-09,  6.4629E-09,  7.2642E-10,  8.1218E-09,  1.6209E-09,  2.4736E-08,  2.4599E-08,  4.9401E-08,  8.1823E-09,  8.2795E-09,  7.5523E-09,  8.4155E-08,  5.0108E-09,  0.0000E+00,  0.0000E+00,  0.0000E+00,  0.0000E+00,  0.0000E+00,  0.0000E+00,  1.7555E-09,  0.0000E+00,  1.0612E-09
  9.0000E+01,  1.4756E+04,  7.0363E+01,  0.0000E+00,  0.0000E+00,  0.0000E+00,  6.7582E-01,  1.7339E-01,  1.4373E+00,  2.5940E-05,  1.1036E-01,  9.7270E-03,  1.0738E-01,  1.0042E-02,  1.8199E-01,  1.2401E-04,  4.9421E-02,  9.3438E-05,  1.1103E-03,  1.9540E-04,  6.9364E-02,  1.7171E-04,  2.6487E-03,  2.5540E-04,  9.8885E-03,  3.4618E-03,  5.8807E-01,  7.9152E-03,  1.7782E-02,  1.8652E-04,  4.5237E-04,  3.1414E-05,  7.9915E-05,  4.7967E-06,  5.0104E-05,  6.4652E-06,  3.3515E-05,  4.9600E-06,  1.6460E-05,  3.2237E-06,  8.0659E-06,  6.3752E-07,  3.2339E-06,  0.0000E+00,  1.4696E-06,  3.2427E-07,  9.9348E-07,  3.2668E-07,  1.1856E-06,  1.5259E-07,  3.4732E-06,  2.4577E-07,  5.5237E-06,  1.0577E-06,  4.8921E-06,  3.5844E-07,  3.6771E-06,  3.6380E-07,  8.9590E-07,  1.4040E-07,  7.1004E-07,  0.0000E+00,  1.8045E-07,  7.1495E-08,  3.6929E-07,  5.4875E-08,  3.7042E-07,  7.4034E-08,  1.8496E-07,  3.6668E-08,  1.6777E-07,  3.7111E-08,  1.4993E-07,  1.6855E-08,  1.8820E-07,  3.7577E-08,  5.7148E-07,  5.6892E-07,  1.1416E-06,  1.8932E-07,  1.9113E-07,  1.7387E-07,  1.9364E-06,  1.1547E-07,  0.0000E+00,  0.0000E+00,  0.0000E+00,  0.0000E+00,  0.0000E+00,  0.0000E+00,  4.0049E-08,  0.0000E+00,  2.4173E-08,  3.2435E+02,  1.5644E+00,  0.0000E+00,  0.0000E+00,  0.0000E+00,  1.5021E-02,  3.8570E-03,  3.1862E-02,  7.0007E-07,  2.8891E-03,  2.6099E-04,  2.8166E-03,  2.6828E-04,  4.7262E-03,  3.3020E-06,  1.2834E-03,  2.5051E-06,  3.0734E-05,  5.1781E-06,  1.5376E-03,  4.6754E-06,  7.2702E-05,  7.0647E-06,  2.7078E-04,  9.5418E-05,  1.6025E-02,  2.1747E-04,  4.7789E-04,  5.1337E-06,  1.2424E-05,  8.7501E-07,  2.2336E-06,  1.3409E-07,  1.4127E-06,  1.8111E-07,  9.4560E-07,  1.3956E-07,  4.6273E-07,  9.0257E-08,  2.2584E-07,  1.7810E-08,  9.0598E-08,  0.0000E+00,  4.1251E-08,  9.0894E-09,  2.7964E-08,  9.1700E-09,  3.3522E-08,  4.3152E-09,  9.8634E-08,  6.9934E-09,  1.5857E-07,  3.0123E-08,  1.4003E-07,  1.0238E-08,  1.0554E-07,  1.0421E-08,  2.5587E-08,  3.9950E-09,  2.0247E-08,  0.0000E+00,  5.1612E-09,  2.0411E-09,  1.0607E-08,  1.5735E-09,  1.0644E-08,  2.1272E-09,  5.3141E-09,  1.0519E-09,  4.8265E-09,  1.0668E-09,  4.3173E-09,  4.8529E-10,  5.4238E-09,  1.0826E-09,  1.6506E-08,  1.6419E-08,  3.2967E-08,  5.4621E-09,  5.5237E-09,  5.0341E-09,  5.6086E-08,  3.3410E-09,  0.0000E+00,  0.0000E+00,  0.0000E+00,  0.0000E+00,  0.0000E+00,  0.0000E+00,  1.1671E-09,  0.0000E+00,  7.0522E-10
  1.0000E+02,  1.1993E+04,  5.6623E+01,  0.0000E+00,  0.0000E+00,  0.0000E+00,  5.4392E-01,  1.3952E-01,  1.1571E+00,  1.9951E-05,  8.5481E-02,  7.4918E-03,  8.3134E-02,  7.7421E-03,  1.4123E-01,  9.5682E-05,  3.8351E-02,  7.1980E-05,  8.4877E-04,  1.5094E-04,  5.5842E-02,  1.3180E-04,  2.0291E-03,  1.9529E-04,  7.5797E-03,  2.6493E-03,  4.5129E-01,  6.0623E-03,  1.3691E-02,  1.4279E-04,  3.4650E-04,  2.3979E-05,  6.0946E-05,  3.6580E-06,  3.8124E-05,  4.9278E-06,  2.5497E-05,  3.7760E-06,  1.2534E-05,  2.4574E-06,  6.1485E-06,  4.8626E-07,  2.4648E-06,  0.0000E+00,  1.1196E-06,  2.4712E-07,  7.5626E-07,  2.4886E-07,  9.0148E-07,  1.1602E-07,  2.6376E-06,  1.8654E-07,  4.1824E-06,  8.0259E-07,  3.7071E-06,  2.7177E-07,  2.7844E-06,  2.7563E-07,  6.7930E-07,  1.0657E-07,  5.3862E-07,  0.0000E+00,  1.3677E-07,  5.4215E-08,  2.7958E-07,  4.1563E-08,  2.8039E-07,  5.6042E-08,  1.4002E-07,  2.7769E-08,  1.2696E-07,  2.8089E-08,  1.1342E-07,  1.2752E-08,  1.4235E-07,  2.8425E-08,  4.3198E-07,  4.3015E-07,  8.6294E-07,  1.4315E-07,  1.4445E-07,  1.3134E-07,  1.4625E-06,  8.7236E-08,  0.0000E+00,  0.0000E+00,  0.0000E+00,  0.0000E+00,  0.0000E+00,  0.0000E+00,  3.0199E-08,  0.0000E+00,  1.8223E-08,  2.2820E+02,  1.1836E+00,  0.0000E+00,  0.0000E+00,  0.0000E+00,  1.1359E-02,  2.9170E-03,  2.4177E-02,  4.9759E-07,  2.0863E-03,  1.8605E-04,  2.0318E-03,  1.9167E-04,  3.4268E-03,  2.3630E-06,  9.3055E-04,  1.7865E-06,  2.1562E-05,  3.7149E-06,  1.1668E-03,  3.3071E-06,  5.1213E-05,  4.9582E-06,  1.9097E-04,  6.7078E-05,  1.1330E-02,  1.5312E-04,  3.4038E-04,  3.6115E-06,  8.7495E-06,  6.1198E-07,  1.5602E-06,  9.3655E-08,  9.8340E-07,  1.2639E-07,  6.5805E-07,  9.7236E-08,  3.2250E-07,  6.3000E-08,  1.5764E-07,  1.2443E-08,  6.3222E-08,  0.0000E+00,  2.8766E-08,  6.3415E-09,  1.9480E-08,  6.3946E-09,  2.3307E-08,  3.0000E-09,  6.8491E-08,  4.8521E-09,  1.0969E-07,  2.0892E-08,  9.6971E-08,  7.0951E-09,  7.3009E-08,  7.2143E-09,  1.7733E-08,  2.7718E-09,  1.4037E-08,  0.0000E+00,  3.5751E-09,  1.4147E-09,  7.3358E-09,  1.0889E-09,  7.3608E-09,  1.4711E-09,  3.6750E-09,  7.2780E-10,  3.3362E-09,  7.3762E-10,  2.9832E-09,  3.3535E-10,  3.7466E-09,  7.4791E-10,  1.1393E-08,  1.1336E-08,  2.2756E-08,  3.7715E-09,  3.8121E-09,  3.4725E-09,  3.8682E-08,  2.3051E-09,  0.0000E+00,  0.0000E+00,  0.0000E+00,  0.0000E+00,  0.0000E+00,  0.0000E+00,  8.0277E-10,  0.0000E+00,  4.8485E-10
  1.1000E+02,  1.0038E+04,  4.6184E+01,  0.0000E+00,  0.0000E+00,  0.0000E+00,  4.4373E-01,  1.1379E-01,  9.4388E-01,  1.5656E-05,  6.7393E-02,  5.8844E-03,  6.5524E-02,  6.0852E-03,  1.1148E-01,  7.5246E-05,  3.0274E-02,  5.6544E-05,  6.6318E-04,  1.1879E-04,  4.5551E-02,  1.0328E-04,  1.5878E-03,  1.5260E-04,  5.9339E-03,  2.0717E-03,  3.5359E-01,  4.7432E-03,  1.0751E-02,  1.1169E-04,  2.7112E-04,  1.8714E-05,  4.7531E-05,  2.8527E-06,  2.9676E-05,  3.8412E-06,  1.9844E-05,  2.9406E-06,  9.7624E-06,  1.9158E-06,  4.7933E-06,  3.7926E-07,  1.9213E-06,  0.0000E+00,  8.7231E-07,  1.9261E-07,  5.8888E-07,  1.9390E-07,  7.0132E-07,  9.0255E-08,  2.0497E-06,  1.4490E-07,  3.2424E-06,  6.2333E-07,  2.8758E-06,  2.1092E-07,  2.1587E-06,  2.1378E-07,  5.2722E-07,  8.2779E-08,  4.1820E-07,  0.0000E+00,  1.0612E-07,  4.2081E-08,  2.1672E-07,  3.2230E-08,  2.1732E-07,  4.3437E-08,  1.0853E-07,  2.1532E-08,  9.8373E-08,  2.1769E-08,  8.7869E-08,  9.8789E-09,  1.1026E-07,  2.2018E-08,  3.3443E-07,  3.3307E-07,  6.6809E-07,  1.1085E-07,  1.1181E-07,  1.0162E-07,  1.1315E-06,  6.7508E-08,  0.0000E+00,  0.0000E+00,  0.0000E+00,  0.0000E+00,  0.0000E+00,  0.0000E+00,  2.3335E-08,  0.0000E+00,  1.4078E-08,  1.6282E+02,  9.0408E-01,  0.0000E+00,  0.0000E+00,  0.0000E+00,  8.6799E-03,  2.2281E-03,  1.8471E-02,  3.6151E-07,  1.5312E-03,  1.3543E-04,  1.4902E-03,  1.3971E-04,  2.5221E-03,  1.7243E-06,  6.8488E-04,  1.3008E-06,  1.5557E-05,  2.7152E-06,  8.9141E-04,  2.3965E-06,  3.7036E-05,  3.5780E-06,  1.3819E-04,  4.8456E-05,  8.2090E-03,  1.1070E-04,  2.4765E-04,  2.6099E-06,  6.3264E-06,  4.4097E-07,  1.1229E-06,  6.7404E-08,  7.0616E-07,  9.0915E-08,  4.7245E-07,  6.9862E-08,  2.3177E-07,  4.5324E-08,  1.1341E-07,  8.9569E-09,  4.5477E-08,  0.0000E+00,  2.0682E-08,  4.5610E-09,  1.3995E-08,  4.5974E-09,  1.6725E-08,  2.1527E-09,  4.9071E-08,  3.4753E-09,  7.8314E-08,  1.4961E-08,  6.9301E-08,  5.0750E-09,  5.2129E-08,  5.1546E-09,  1.2684E-08,  1.9853E-09,  1.0048E-08,  0.0000E+00,  2.5558E-09,  1.0121E-09,  5.2365E-09,  7.7774E-10,  5.2534E-09,  1.0499E-09,  2.6230E-09,  5.1975E-10,  2.3804E-09,  5.2639E-10,  2.1278E-09,  2.3920E-10,  2.6717E-09,  5.3338E-10,  8.1171E-09,  8.0791E-09,  1.6214E-08,  2.6883E-09,  2.7151E-09,  2.4710E-09,  2.7522E-08,  1.6407E-09,  0.0000E+00,  0.0000E+00,  0.0000E+00,  0.0000E+00,  0.0000E+00,  0.0000E+00,  5.7005E-10,  0.0000E+00,  3.4416E-10
  1.2000E+02,  8.6253E+03,  3.8165E+01,  0.0000E+00,  0.0000E+00,  0.0000E+00,  3.6673E-01,  9.4030E-02,  7.8003E-01,  1.2506E-05,  5.4019E-02,  4.7038E-03,  5.2511E-02,  4.8669E-03,  8.9439E-02,  6.0204E-05,  2.4287E-02,  4.5204E-05,  5.2788E-04,  9.5092E-05,  3.7643E-02,  8.2412E-05,  1.2655E-03,  1.2149E-04,  4.7310E-03,  1.6501E-03,  2.8211E-01,  3.7798E-03,  8.5919E-03,  8.8979E-05,  2.1606E-04,  1.4881E-05,  3.7774E-05,  2.2671E-06,  2.3546E-05,  3.0514E-06,  1.5744E-05,  2.3340E-06,  7.7499E-06,  1.5221E-06,  3.8081E-06,  3.0143E-07,  1.5262E-06,  0.0000E+00,  6.9269E-07,  1.5299E-07,  4.6738E-07,  1.5397E-07,  5.5619E-07,  7.1576E-08,  1.6242E-06,  1.1477E-07,  2.5642E-06,  4.9365E-07,  2.2754E-06,  1.6695E-07,  1.7073E-06,  1.6913E-07,  4.1731E-07,  6.5568E-08,  3.3112E-07,  0.0000E+00,  8.3976E-08,  3.3311E-08,  1.7137E-07,  2.5494E-08,  1.7183E-07,  3.4346E-08,  8.5817E-08,  1.7030E-08,  7.7766E-08,  1.7212E-08,  6.9451E-08,  7.8084E-09,  8.7137E-08,  1.7402E-08,  2.6420E-07,  2.6316E-07,  5.2781E-07,  8.7590E-08,  8.8323E-08,  8.0249E-08,  8.9347E-07,  5.3314E-08,  0.0000E+00,  0.0000E+00,  0.0000E+00,  0.0000E+00,  0.0000E+00,  0.0000E+00,  1.8408E-08,  0.0000E+00,  1.1104E-08,  1.1964E+02,  6.9974E-01,  0.0000E+00,  0.0000E+00,  0.0000E+00,  6.7203E-03,  1.7245E-03,  1.4299E-02,  2.6849E-07,  1.1435E-03,  1.0069E-04,  1.1124E-03,  1.0395E-04,  1.8870E-03,  1.2839E-06,  5.1242E-04,  9.6724E-07,  1.1502E-05,  2.0234E-06,  6.9007E-04,  1.7776E-06,  2.7425E-05,  2.6458E-06,  1.0238E-04,  3.5855E-05,  6.0880E-03,  8.1961E-05,  1.8407E-04,  1.9316E-06,  4.6841E-06,  3.2555E-07,  8.2847E-07,  4.9728E-08,  5.1973E-07,  6.7049E-08,  3.4765E-07,  5.1450E-08,  1.7073E-07,  3.3430E-08,  8.3644E-08,  6.6087E-09,  3.3538E-08,  0.0000E+00,  1.5243E-08,  3.3631E-09,  1.0305E-08,  3.3884E-09,  1.2300E-08,  1.5831E-09,  3.6041E-08,  2.5505E-09,  5.7321E-08,  1.0976E-08,  5.0767E-08,  3.7196E-09,  3.8158E-08,  3.7753E-09,  9.2970E-09,  1.4570E-09,  7.3684E-09,  0.0000E+00,  1.8726E-09,  7.4192E-10,  3.8322E-09,  5.6944E-10,  3.8439E-09,  7.6826E-10,  1.9194E-09,  3.8051E-10,  1.7409E-09,  3.8511E-10,  1.5558E-09,  1.7490E-10,  1.9529E-09,  3.8992E-10,  5.9290E-09,  5.9029E-09,  1.1844E-08,  1.9644E-09,  1.9828E-09,  1.8038E-09,  2.0089E-08,  1.1979E-09,  0.0000E+00,  0.0000E+00,  0.0000E+00,  0.0000E+00,  0.0000E+00,  0.0000E+00,  4.1538E-10,  0.0000E+00,  2.5070E-10
  1.4000E+02,  6.7358E+03,  2.6784E+01,  0.0000E+00,  0.0000E+00,  0.0000E+00,  2.5739E-01,  6.5981E-02,  5.4741E-01,  8.2505E-06,  3.5848E-02,  3.1072E-03,  3.4835E-02,  3.2178E-03,  5.9435E-02,  3.9831E-05,  1.6140E-02,  2.9865E-05,  3.4618E-04,  6.2970E-05,  2.6417E-02,  5.4268E-05,  8.3173E-04,  7.9683E-05,  3.1112E-03,  1.0833E-03,  1.8573E-01,  2.4836E-03,  5.6735E-03,  5.8438E-05,  1.4198E-04,  9.7433E-06,  2.4706E-05,  1.4827E-06,  1.5361E-05,  1.9943E-06,  1.0269E-05,  1.5235E-06,  5.0598E-06,  9.9494E-07,  2.4892E-06,  1.9718E-07,  9.9748E-07,  0.0000E+00,  4.5245E-07,  9.9969E-08,  3.0505E-07,  1.0057E-07,  3.6256E-07,  4.6655E-08,  1.0573E-06,  7.4672E-08,  1.6642E-06,  3.2109E-07,  1.4780E-06,  1.0850E-07,  1.1081E-06,  1.0984E-07,  2.7122E-07,  4.2658E-08,  2.1530E-07,  0.0000E+00,  5.4557E-08,  2.1652E-08,  1.1121E-07,  1.6552E-08,  1.1149E-07,  2.2286E-08,  5.5685E-08,  1.1055E-08,  5.0442E-08,  1.1167E-08,  4.5037E-08,  5.0637E-09,  5.6495E-08,  1.1283E-08,  1.7120E-07,  1.7056E-07,  3.4203E-07,  5.6773E-08,  5.7224E-08,  5.1966E-08,  5.7852E-07,  3.4530E-08,  0.0000E+00,  0.0000E+00,  0.0000E+00,  0.0000E+00,  0.0000E+00,  0.0000E+00,  1.1901E-08,  0.0000E+00,  7.1770E-09,  6.9306E+01,  4.3842E-01,  0.0000E+00,  0.0000E+00,  0.0000E+00,  4.2131E-03,  1.0805E-03,  8.9625E-03,  1.5703E-07,  6.7361E-04,  5.8973E-05,  6.5508E-04,  6.0953E-05,  1.1134E-03,  7.5345E-07,  3.0234E-04,  5.6661E-07,  6.6684E-06,  1.1888E-06,  4.3252E-04,  1.0368E-06,  1.5954E-05,  1.5344E-06,  5.9606E-05,  2.0824E-05,  3.5499E-03,  4.7663E-05,  1.0777E-04,  1.1225E-06,  2.7243E-06,  1.8827E-07,  4.7833E-07,  2.8709E-08,  2.9881E-07,  3.8662E-08,  1.9983E-07,  2.9603E-08,  9.8275E-08,  1.9282E-08,  4.8243E-08,  3.8166E-09,  1.9338E-08,  0.0000E+00,  8.7807E-09,  1.9386E-09,  5.9285E-09,  1.9518E-09,  7.0637E-09,  9.0906E-10,  2.0648E-08,  1.4598E-09,  3.2676E-08,  6.2795E-09,  2.8977E-08,  2.1251E-09,  2.1755E-08,  2.1542E-09,  5.3119E-09,  8.3392E-10,  4.2132E-09,  0.0000E+00,  1.0692E-09,  4.2398E-10,  2.1840E-09,  3.2479E-10,  2.1902E-09,  4.3777E-10,  1.0938E-09,  2.1698E-10,  9.9145E-10,  2.1940E-10,  8.8562E-10,  9.9568E-11,  1.1113E-09,  2.2192E-10,  3.3710E-09,  3.3572E-09,  6.7343E-09,  1.1174E-09,  1.1271E-09,  1.0244E-09,  1.1406E-08,  6.8050E-10,  0.0000E+00,  0.0000E+00,  0.0000E+00,  0.0000E+00,  0.0000E+00,  0.0000E+00,  2.3529E-10,  0.0000E+00,  1.4195E-10
  1.6000E+02,  5.5771E+03,  1.9504E+01,  0.0000E+00,  0.0000E+00,  0.0000E+00,  1.8742E-01,  4.8040E-02,  3.9858E-01,  5.7043E-06,  2.4895E-02,  2.1503E-03,  2.4186E-02,  2.2284E-03,  4.1320E-02,  2.7597E-05,  1.1221E-02,  2.0671E-05,  2.3834E-04,  4.3659E-05,  1.9235E-02,  3.7470E-05,  5.7347E-04,  5.4867E-05,  2.1460E-03,  7.4641E-04,  1.2822E-01,  1.7121E-03,  3.9253E-03,  4.0273E-05,  9.7884E-05,  6.7008E-06,  1.6979E-05,  1.0190E-06,  1.0540E-05,  1.3700E-06,  7.0448E-06,  1.0457E-06,  3.4735E-06,  6.8355E-07,  1.7101E-06,  1.3553E-07,  6.8521E-07,  0.0000E+00,  3.1069E-07,  6.8666E-08,  2.0936E-07,  6.9059E-08,  2.4862E-07,  3.1993E-08,  7.2442E-07,  5.1145E-08,  1.1381E-06,  2.1989E-07,  1.0113E-06,  7.4264E-08,  7.5785E-07,  7.5143E-08,  1.8564E-07,  2.9218E-08,  1.4741E-07,  0.0000E+00,  3.7334E-08,  1.4821E-08,  7.6045E-08,  1.1321E-08,  7.6230E-08,  1.5238E-08,  3.8075E-08,  7.5615E-09,  3.4482E-08,  7.6345E-09,  3.0782E-08,  3.4610E-09,  3.8608E-08,  7.7112E-09,  1.1695E-07,  1.1653E-07,  2.3365E-07,  3.8791E-08,  3.9087E-08,  3.5485E-08,  3.9501E-07,  2.3581E-08,  0.0000E+00,  0.0000E+00,  0.0000E+00,  0.0000E+00,  0.0000E+00,  0.0000E+00,  8.1182E-09,  0.0000E+00,  4.8948E-09,  4.6572E+01,  2.8955E-01,  0.0000E+00,  0.0000E+00,  0.0000E+00,  2.7840E-03,  7.1357E-04,  5.9210E-03,  9.7589E-08,  4.2165E-04,  3.6711E-05,  4.0989E-04,  3.7988E-05,  6.9806E-04,  4.6992E-07,  1.8956E-04,  3.5281E-07,  4.1157E-06,  7.4231E-07,  2.8574E-04,  6.4296E-07,  9.8717E-06,  9.4720E-07,  3.6906E-05,  1.2868E-05,  2.2009E-03,  2.9484E-05,  6.7052E-05,  6.9398E-07,  1.6854E-06,  1.1598E-07,  2.9430E-07,  1.7663E-08,  1.8334E-07,  2.3770E-08,  1.2258E-07,  1.8176E-08,  6.0355E-08,  1.1857E-08,  2.9665E-08,  2.3486E-09,  1.1889E-08,  0.0000E+00,  5.3952E-09,  1.1917E-09,  3.6396E-09,  1.1992E-09,  4.3295E-09,  5.5715E-10,  1.2638E-08,  8.9300E-10,  1.9936E-08,  3.8406E-09,  1.7695E-08,  1.2986E-09,  1.3274E-08,  1.3152E-09,  3.2461E-09,  5.1015E-10,  2.5759E-09,  0.0000E+00,  6.5311E-10,  2.5912E-10,  1.3324E-09,  1.9822E-10,  1.3360E-09,  2.6704E-10,  6.6721E-10,  1.3241E-10,  6.0461E-10,  1.3382E-10,  5.3994E-10,  6.0706E-11,  6.7740E-10,  1.3528E-10,  2.0537E-09,  2.0457E-09,  4.1028E-09,  6.8088E-10,  6.8656E-10,  6.2374E-10,  6.9444E-09,  4.1441E-10,  0.0000E+00,  0.0000E+00,  0.0000E+00,  0.0000E+00,  0.0000E+00,  0.0000E+00,  1.4303E-10,  0.0000E+00,  8.6272E-11
  1.8000E+02,  4.7244E+03,  1.4617E+01,  0.0000E+00,  0.0000E+00,  0.0000E+00,  1.4043E-01,  3.5998E-02,  2.9864E-01,  4.0917E-06,  1.7913E-02,  1.5434E-03,  1.7399E-02,  1.6002E-03,  2.9755E-02,  1.9824E-05,  8.0799E-03,  1.4838E-05,  1.7046E-04,  3.1376E-05,  1.4412E-02,  2.6852E-05,  4.1056E-04,  3.9246E-05,  1.5369E-03,  5.3412E-04,  9.1881E-02,  1.2256E-03,  2.8169E-03,  2.8823E-05,  7.0072E-05,  4.7890E-06,  1.2130E-05,  7.2791E-07,  7.5205E-06,  9.7839E-07,  5.0264E-06,  7.4635E-07,  2.4795E-06,  4.8819E-07,  1.2214E-06,  9.6825E-08,  4.8934E-07,  0.0000E+00,  2.2182E-07,  4.9034E-08,  1.4942E-07,  4.9306E-08,  1.7735E-07,  2.2820E-08,  5.1642E-07,  3.6450E-08,  8.1024E-07,  1.5669E-07,  7.2020E-07,  5.2901E-08,  5.3955E-07,  5.3511E-08,  1.3224E-07,  2.0823E-08,  1.0503E-07,  0.0000E+00,  2.6591E-08,  1.0558E-08,  5.4134E-08,  8.0612E-09,  5.4262E-08,  1.0847E-08,  2.7103E-08,  5.3837E-09,  2.4541E-08,  5.4341E-09,  2.1905E-08,  2.4629E-09,  2.7471E-08,  5.4871E-09,  8.3193E-08,  8.2903E-08,  1.6622E-07,  2.7598E-08,  2.7803E-08,  2.5234E-08,  2.8089E-07,  1.6771E-08,  0.0000E+00,  0.0000E+00,  0.0000E+00,  0.0000E+00,  0.0000E+00,  0.0000E+00,  5.7688E-09,  0.0000E+00,  3.4778E-09,  3.8699E+01,  1.9911E-01,  0.0000E+00,  0.0000E+00,  0.0000E+00,  1.9153E-03,  4.9070E-04,  4.0729E-03,  6.3668E-08,  2.7656E-04,  2.3980E-05,  2.6876E-04,  2.4834E-05,  4.5851E-04,  3.0739E-07,  1.2451E-04,  2.3049E-07,  2.6716E-06,  4.8596E-07,  1.9655E-04,  4.1882E-07,  6.4190E-06,  6.1494E-07,  2.4012E-05,  8.3606E-06,  1.4335E-03,  1.9167E-05,  4.3785E-05,  4.5099E-07,  1.0957E-06,  7.5201E-08,  1.9068E-07,  1.1443E-08,  1.1856E-07,  1.5391E-08,  7.9259E-08,  1.1758E-08,  3.9049E-08,  7.6783E-09,  1.9210E-08,  1.5219E-09,  7.6978E-09,  0.0000E+00,  3.4915E-09,  7.7146E-10,  2.3544E-09,  7.7609E-10,  2.7984E-09,  3.6010E-10,  8.1618E-09,  5.7645E-10,  1.2850E-08,  2.4788E-09,  1.1412E-08,  8.3767E-10,  8.5564E-09,  8.4809E-10,  2.0939E-09,  3.2931E-10,  1.6621E-09,  0.0000E+00,  4.2123E-10,  1.6716E-10,  8.5869E-10,  1.2780E-10,  8.6087E-10,  1.7208E-10,  4.2996E-10,  8.5363E-11,  3.8949E-10,  8.6223E-11,  3.4775E-10,  3.9099E-11,  4.3623E-10,  8.7123E-11,  1.3220E-09,  1.3170E-09,  2.6411E-09,  4.3839E-10,  4.4187E-10,  4.0129E-10,  4.4675E-09,  2.6665E-10,  0.0000E+00,  0.0000E+00,  0.0000E+00,  0.0000E+00,  0.0000E+00,  0.0000E+00,  9.1906E-11,  0.0000E+00,  5.5424E-11
  2.0000E+02,  4.0092E+03,  1.1210E+01,  0.0000E+00,  0.0000E+00,  0.0000E+00,  1.0765E-01,  2.7601E-02,  2.2894E-01,  3.0225E-06,  1.3262E-02,  1.1406E-03,  1.2879E-02,  1.1830E-03,  2.2040E-02,  1.4658E-05,  5.9850E-03,  1.0966E-05,  1.2566E-04,  2.3208E-05,  1.1048E-02,  1.9822E-05,  3.0287E-04,  2.8932E-05,  1.1340E-03,  3.9388E-04,  6.7821E-02,  9.0406E-04,  2.0815E-03,  2.1258E-05,  5.1689E-05,  3.5283E-06,  8.9336E-06,  5.3610E-07,  5.5343E-06,  7.2045E-07,  3.6987E-06,  5.4934E-07,  1.8252E-06,  3.5950E-07,  8.9939E-07,  7.1316E-08,  3.6033E-07,  0.0000E+00,  1.6331E-07,  3.6105E-08,  1.0998E-07,  3.6300E-08,  1.3047E-07,  1.6788E-08,  3.7976E-07,  2.6799E-08,  5.9521E-07,  1.1519E-07,  5.2921E-07,  3.8880E-08,  3.9637E-07,  3.9318E-08,  9.7193E-08,  1.5309E-08,  7.7203E-08,  0.0000E+00,  1.9540E-08,  7.7603E-09,  3.9766E-08,  5.9226E-09,  3.9858E-08,  7.9675E-09,  1.9909E-08,  3.9553E-09,  1.8024E-08,  3.9915E-09,  1.6087E-08,  1.8088E-09,  2.0174E-08,  4.0296E-09,  6.1082E-08,  6.0873E-08,  1.2204E-07,  2.0265E-08,  2.0412E-08,  1.8523E-08,  2.0618E-07,  1.2311E-08,  0.0000E+00,  0.0000E+00,  0.0000E+00,  0.0000E+00,  0.0000E+00,  0.0000E+00,  4.2324E-09,  0.0000E+00,  2.5514E-09,  3.2811E+01,  1.4159E-01,  0.0000E+00,  0.0000E+00,  0.0000E+00,  1.3626E-03,  3.4895E-04,  2.8970E-03,  4.3253E-08,  1.8860E-04,  1.6301E-05,  1.8323E-04,  1.6891E-05,  3.1295E-04,  2.0917E-07,  8.4981E-05,  1.5670E-07,  1.8089E-06,  3.3086E-07,  1.3981E-04,  2.8419E-07,  4.3503E-06,  4.1640E-07,  1.6277E-05,  5.6637E-06,  9.7250E-04,  1.2989E-05,  2.9758E-05,  3.0556E-07,  7.4257E-07,  5.0871E-08,  1.2893E-07,  7.7371E-09,  8.0063E-08,  1.0404E-08,  5.3517E-08,  7.9428E-09,  2.6384E-08,  5.1908E-09,  1.2986E-08,  1.0291E-09,  5.2037E-09,  0.0000E+00,  2.3598E-09,  5.2148E-10,  1.5903E-09,  5.2452E-10,  1.8889E-09,  2.4306E-10,  5.5049E-09,  3.8869E-10,  8.6522E-09,  1.6711E-09,  7.6872E-09,  5.6447E-10,  5.7614E-09,  5.7122E-10,  1.4111E-09,  2.2205E-10,  1.1203E-09,  0.0000E+00,  2.8379E-10,  1.1265E-10,  5.7813E-10,  8.6067E-11,  5.7955E-10,  1.1585E-10,  2.8947E-10,  5.7484E-11,  2.6216E-10,  5.8042E-11,  2.3403E-10,  2.6313E-11,  2.9353E-10,  5.8627E-11,  8.8919E-10,  8.8601E-10,  1.7765E-09,  2.9493E-10,  2.9718E-10,  2.6979E-10,  3.0033E-09,  1.7929E-10,  0.0000E+00,  0.0000E+00,  0.0000E+00,  0.0000E+00,  0.0000E+00,  0.0000E+00,  6.1732E-11,  0.0000E+00,  3.7223E-11
  2.2000E+02,  3.4131E+03,  8.7573E+00,  0.0000E+00,  0.0000E+00,  0.0000E+00,  8.4046E-02,  2.1557E-02,  1.7876E-01,  2.2857E-06,  1.0045E-02,  8.6286E-04,  9.7546E-03,  8.9510E-04,  1.6701E-02,  1.1093E-05,  4.5353E-03,  8.2962E-06,  9.4874E-05,  1.7568E-05,  8.6268E-03,  1.4982E-05,  2.2880E-04,  2.1845E-05,  8.5680E-04,  2.9747E-04,  5.1259E-02,  6.8293E-04,  1.5745E-03,  1.6056E-05,  3.9047E-05,  2.6628E-06,  6.7404E-06,  4.0449E-07,  4.1730E-06,  5.4349E-07,  2.7888E-06,  4.1428E-07,  1.3765E-06,  2.7121E-07,  6.7851E-07,  5.3810E-08,  2.7182E-07,  0.0000E+00,  1.2318E-07,  2.7235E-08,  8.2936E-08,  2.7379E-08,  9.8361E-08,  1.2656E-08,  2.8620E-07,  2.0194E-08,  4.4825E-07,  8.6798E-08,  3.9862E-07,  2.9290E-08,  2.9851E-07,  2.9614E-08,  7.3220E-08,  1.1536E-08,  5.8167E-08,  0.0000E+00,  1.4719E-08,  5.8463E-09,  2.9946E-08,  4.4606E-09,  3.0014E-08,  5.9998E-09,  1.4992E-08,  2.9788E-09,  1.3572E-08,  3.0056E-09,  1.2112E-08,  1.3619E-09,  1.5189E-08,  3.0339E-09,  4.5982E-08,  4.5827E-08,  9.1872E-08,  1.5256E-08,  1.5366E-08,  1.3942E-08,  1.5519E-07,  9.2670E-09,  0.0000E+00,  0.0000E+00,  0.0000E+00,  0.0000E+00,  0.0000E+00,  0.0000E+00,  3.1845E-09,  0.0000E+00,  1.9196E-09,  2.6805E+01,  1.0372E-01,  0.0000E+00,  0.0000E+00,  0.0000E+00,  9.9746E-04,  2.5551E-04,  2.1206E-03,  3.0432E-08,  1.3305E-04,  1.1475E-05,  1.2924E-04,  1.1895E-05,  2.2093E-04,  1.4732E-07,  5.9993E-05,  1.1032E-07,  1.2696E-06,  2.3311E-07,  1.0234E-04,  1.9980E-07,  3.0564E-06,  2.9228E-07,  1.1439E-05,  3.9770E-06,  6.8370E-04,  9.1244E-06,  2.0946E-05,  2.1460E-07,  5.2166E-07,  3.5679E-08,  9.0388E-08,  5.4243E-09,  5.6065E-08,  7.2917E-09,  3.7472E-08,  5.5634E-09,  1.8482E-08,  3.6383E-09,  9.1022E-09,  7.2151E-10,  3.6470E-09,  0.0000E+00,  1.6534E-09,  3.6545E-10,  1.1139E-09,  3.6750E-10,  1.3223E-09,  1.7015E-10,  3.8510E-09,  2.7181E-10,  6.0442E-09,  1.1685E-09,  5.3718E-09,  3.9455E-10,  4.0249E-09,  3.9913E-10,  9.8630E-10,  1.5528E-10,  7.8328E-10,  0.0000E+00,  1.9833E-10,  7.8746E-11,  4.0384E-10,  6.0132E-11,  4.0480E-10,  8.0918E-11,  2.0219E-10,  4.0160E-11,  1.8309E-10,  4.0540E-11,  1.6343E-10,  1.8376E-11,  2.0497E-10,  4.0940E-11,  6.2076E-10,  6.1858E-10,  1.2402E-09,  2.0592E-10,  2.0746E-10,  1.8831E-10,  2.0961E-09,  1.2515E-10,  0.0000E+00,  0.0000E+00,  0.0000E+00,  0.0000E+00,  0.0000E+00,  0.0000E+00,  4.3057E-11,  0.0000E+00,  2.5958E-11
  2.5000E+02,  2.7056E+03,  6.1810E+00,  0.0000E+00,  0.0000E+00,  0.0000E+00,  5.9277E-02,  1.5211E-02,  1.2610E-01,  1.5452E-06,  6.8042E-03,  5.8358E-04,  6.6067E-03,  6.0556E-04,  1.1318E-02,  7.5067E-06,  3.0735E-03,  5.6113E-06,  6.4021E-05,  1.1892E-05,  6.0855E-03,  1.0123E-05,  1.5449E-04,  1.4742E-05,  5.7865E-04,  2.0080E-04,  3.4631E-02,  4.6110E-04,  1.0647E-03,  1.0839E-05,  2.6364E-05,  1.7960E-06,  4.5451E-06,  2.7274E-07,  2.8119E-06,  3.6640E-07,  1.8791E-06,  2.7919E-07,  9.2773E-07,  1.8285E-07,  4.5745E-07,  3.6285E-08,  1.8325E-07,  0.0000E+00,  8.3031E-08,  1.8360E-08,  5.5892E-08,  1.8455E-08,  6.6264E-08,  8.5262E-09,  1.9274E-07,  1.3598E-08,  3.0166E-07,  5.8443E-08,  2.6831E-07,  1.9717E-08,  2.0089E-07,  1.9932E-08,  4.9291E-08,  7.7681E-09,  3.9162E-08,  0.0000E+00,  9.9081E-09,  3.9358E-09,  2.0152E-08,  3.0021E-09,  2.0197E-08,  4.0374E-09,  1.0089E-08,  2.0047E-09,  9.1320E-09,  2.0225E-09,  8.1494E-09,  9.1634E-10,  1.0219E-08,  2.0412E-09,  3.0933E-08,  3.0830E-08,  6.1804E-08,  1.0264E-08,  1.0336E-08,  9.3779E-09,  1.0438E-07,  6.2333E-09,  0.0000E+00,  0.0000E+00,  0.0000E+00,  0.0000E+00,  0.0000E+00,  0.0000E+00,  2.1413E-09,  0.0000E+00,  1.2907E-09,  2.0358E+01,  6.8040E-02,  0.0000E+00,  0.0000E+00,  0.0000E+00,  6.5380E-04,  1.6755E-04,  1.3900E-03,  1.8931E-08,  8.3009E-05,  7.1432E-06,  8.0621E-05,  7.4076E-06,  1.3794E-04,  9.1784E-08,  3.7457E-05,  6.8676E-08,  7.8727E-07,  1.4531E-07,  6.7077E-05,  1.2417E-07,  1.8975E-06,  1.8127E-07,  7.1041E-06,  2.4677E-06,  4.2484E-04,  5.6641E-06,  1.3036E-05,  1.3318E-07,  3.2384E-07,  2.2105E-08,  5.5970E-08,  3.3587E-09,  3.4675E-08,  4.5139E-09,  2.3174E-08,  3.4420E-09,  1.1436E-08,  2.2524E-09,  5.6351E-09,  4.4680E-10,  2.2576E-09,  0.0000E+00,  1.0232E-09,  2.2621E-10,  6.8908E-10,  2.2744E-10,  8.1751E-10,  1.0519E-10,  2.3793E-09,  1.6791E-10,  3.7286E-09,  7.2179E-10,  3.3154E-09,  2.4360E-10,  2.4830E-09,  2.4631E-10,  6.0896E-10,  9.5925E-11,  4.8374E-10,  0.0000E+00,  1.2242E-10,  4.8622E-11,  2.4910E-10,  3.7102E-11,  2.4967E-10,  4.9909E-11,  1.2471E-10,  2.4778E-11,  1.1290E-10,  2.5002E-11,  1.0076E-10,  1.1329E-11,  1.2635E-10,  2.5239E-11,  3.8252E-10,  3.8123E-10,  7.6427E-10,  1.2691E-10,  1.2783E-10,  1.1599E-10,  1.2911E-09,  7.7093E-11,  0.0000E+00,  0.0000E+00,  0.0000E+00,  0.0000E+00,  0.0000E+00,  0.0000E+00,  2.6492E-11,  0.0000E+00,  1.5969E-11
  2.8000E+02,  2.1505E+03,  4.4602E+00,  0.0000E+00,  0.0000E+00,  0.0000E+00,  4.2747E-02,  1.0974E-02,  9.0959E-02,  1.0754E-06,  4.7420E-03,  4.0625E-04,  4.6039E-03,  4.2164E-04,  7.8906E-03,  5.2275E-06,  2.1427E-03,  3.9064E-06,  4.4498E-05,  8.2832E-06,  4.3896E-03,  7.0417E-06,  1.0743E-04,  1.0247E-05,  4.0241E-04,  1.3960E-04,  2.4090E-02,  3.2061E-04,  7.4115E-04,  7.5359E-06,  1.8332E-05,  1.2480E-06,  3.1576E-06,  1.8948E-07,  1.9527E-06,  2.5452E-07,  1.3049E-06,  1.9390E-07,  6.4434E-07,  1.2702E-07,  3.1777E-07,  2.5209E-08,  1.2730E-07,  0.0000E+00,  5.7671E-08,  1.2754E-08,  3.8816E-08,  1.2819E-08,  4.6011E-08,  5.9202E-09,  1.3381E-07,  9.4393E-09,  2.0935E-07,  4.0569E-08,  1.8623E-07,  1.3686E-08,  1.3942E-07,  1.3834E-08,  3.4213E-08,  5.3925E-09,  2.7184E-08,  0.0000E+00,  6.8770E-09,  2.7319E-09,  1.3986E-08,  2.0835E-09,  1.4017E-08,  2.8020E-09,  7.0016E-09,  1.3914E-09,  6.3374E-09,  1.4036E-09,  5.6553E-09,  6.3590E-10,  7.0914E-09,  1.4165E-09,  2.1465E-08,  2.1394E-08,  4.2887E-08,  7.1223E-09,  7.1725E-09,  6.5071E-09,  7.2426E-08,  4.3252E-09,  0.0000E+00,  0.0000E+00,  0.0000E+00,  0.0000E+00,  0.0000E+00,  0.0000E+00,  1.4857E-09,  0.0000E+00,  8.9548E-10,  1.6651E+01,  4.6683E-02,  0.0000E+00,  0.0000E+00,  0.0000E+00,  4.4823E-04,  1.1491E-04,  9.5291E-04,  1.2392E-08,  5.4477E-05,  4.6786E-06,  5.2902E-05,  4.8538E-06,  9.0578E-05,  6.0159E-08,  2.4597E-05,  4.4984E-08,  5.1426E-07,  9.5277E-08,  4.5986E-05,  8.1227E-08,  1.2404E-06,  1.1841E-07,  4.6451E-06,  1.6126E-06,  2.7791E-04,  3.7022E-06,  8.5369E-06,  8.7040E-08,  2.1168E-07,  1.4433E-08,  3.6528E-08,  2.1920E-09,  2.2603E-08,  2.9449E-09,  1.5105E-08,  2.2442E-09,  7.4572E-09,  1.4696E-09,  3.6766E-09,  2.9162E-10,  1.4729E-09,  0.0000E+00,  6.6739E-10,  1.4757E-10,  4.4928E-10,  1.4834E-10,  5.3267E-10,  6.8538E-11,  1.5495E-09,  1.0931E-10,  2.4249E-09,  4.6982E-10,  2.1569E-09,  1.5850E-10,  1.6149E-09,  1.6023E-10,  3.9623E-10,  6.2447E-11,  3.1481E-10,  0.0000E+00,  7.9647E-11,  3.1638E-11,  1.6200E-10,  2.4133E-11,  1.6236E-10,  3.2456E-11,  8.1102E-11,  1.6115E-11,  7.3411E-11,  1.6259E-11,  6.5513E-11,  7.3665E-12,  8.2151E-11,  1.6410E-11,  2.4868E-10,  2.4785E-10,  4.9687E-10,  8.2512E-11,  8.3100E-11,  7.5396E-11,  8.3919E-10,  5.0115E-11,  0.0000E+00,  0.0000E+00,  0.0000E+00,  0.0000E+00,  0.0000E+00,  0.0000E+00,  1.7217E-11,  0.0000E+00,  1.0378E-11
  3.2000E+02,  1.5577E+03,  2.9295E+00,  0.0000E+00,  0.0000E+00,  0.0000E+00,  2.8057E-02,  7.2073E-03,  5.9725E-02,  6.7751E-07,  2.9915E-03,  2.5602E-04,  2.9042E-03,  2.6577E-04,  4.9796E-03,  3.2954E-06,  1.3522E-03,  2.4619E-06,  2.8005E-05,  5.2228E-06,  2.8822E-03,  4.4348E-06,  6.7631E-05,  6.4491E-06,  2.5337E-04,  8.7868E-05,  1.5171E-02,  2.0183E-04,  4.6704E-04,  4.7437E-06,  1.1541E-05,  7.8524E-07,  1.9866E-06,  1.1921E-07,  1.2283E-06,  1.6012E-07,  8.2077E-07,  1.2197E-07,  4.0532E-07,  7.9911E-08,  1.9991E-07,  1.5860E-08,  8.0083E-08,  0.0000E+00,  3.6279E-08,  8.0232E-09,  2.4417E-08,  8.0639E-09,  2.8941E-08,  3.7237E-09,  8.4158E-08,  5.9366E-09,  1.3166E-07,  2.5514E-08,  1.1712E-07,  8.6072E-09,  8.7678E-08,  8.7002E-09,  2.1517E-08,  3.3915E-09,  1.7096E-08,  0.0000E+00,  4.3250E-09,  1.7181E-09,  8.7951E-09,  1.3103E-09,  8.8146E-09,  1.7621E-09,  4.4031E-09,  8.7499E-10,  3.9853E-09,  8.8266E-10,  3.5564E-09,  3.9989E-10,  4.4594E-09,  8.9077E-10,  1.3498E-08,  1.3453E-08,  2.6969E-08,  4.4788E-09,  4.5103E-09,  4.0918E-09,  4.5543E-08,  2.7198E-09,  0.0000E+00,  0.0000E+00,  0.0000E+00,  0.0000E+00,  0.0000E+00,  0.0000E+00,  9.3420E-10,  0.0000E+00,  5.6309E-10,  1.2991E+01,  2.9852E-02,  0.0000E+00,  0.0000E+00,  0.0000E+00,  2.8624E-04,  7.3427E-05,  6.0882E-04,  7.5001E-09,  3.3044E-05,  2.8331E-06,  3.2083E-05,  2.9400E-06,  5.4972E-05,  3.6446E-08,  1.4928E-05,  2.7242E-08,  3.1041E-07,  5.7740E-08,  2.9381E-05,  4.9119E-08,  7.4936E-07,  7.1479E-08,  2.8070E-06,  9.7378E-07,  1.6804E-04,  2.2364E-06,  5.1688E-06,  5.2568E-08,  1.2787E-07,  8.7042E-09,  2.2022E-08,  1.3215E-09,  1.3618E-08,  1.7751E-09,  9.0999E-09,  1.3522E-09,  4.4936E-09,  8.8589E-10,  2.2162E-09,  1.7582E-10,  8.8780E-10,  0.0000E+00,  4.0220E-10,  8.8946E-11,  2.7070E-10,  8.9398E-11,  3.2087E-10,  4.1286E-11,  9.3314E-10,  6.5826E-11,  1.4599E-09,  2.8291E-10,  1.2986E-09,  9.5437E-11,  9.7225E-10,  9.6472E-11,  2.3858E-10,  3.7605E-11,  1.8956E-10,  0.0000E+00,  4.7956E-11,  1.9050E-11,  9.7527E-11,  1.4529E-11,  9.7743E-11,  1.9539E-11,  4.8825E-11,  9.7025E-12,  4.4192E-11,  9.7877E-12,  3.9436E-11,  4.4343E-12,  4.9449E-11,  9.8776E-12,  1.4967E-10,  1.4918E-10,  2.9904E-10,  4.9663E-11,  5.0011E-11,  4.5369E-11,  5.0497E-10,  3.0157E-11,  0.0000E+00,  0.0000E+00,  0.0000E+00,  0.0000E+00,  0.0000E+00,  0.0000E+00,  1.0356E-11,  0.0000E+00,  6.2417E-12
  3.5000E+02,  1.2025E+03,  2.1505E+00,  0.0000E+00,  0.0000E+00,  0.0000E+00,  2.0592E-02,  5.2917E-03,  4.3841E-02,  4.8486E-07,  2.1422E-03,  1.8324E-04,  2.0795E-03,  1.9023E-04,  3.5663E-03,  2.3590E-06,  9.6844E-04,  1.7621E-06,  2.0035E-05,  3.7390E-06,  2.1157E-03,  3.1733E-06,  4.8388E-05,  4.6137E-06,  1.8128E-04,  6.2864E-05,  1.0855E-02,  1.4440E-04,  3.3426E-04,  3.3939E-06,  8.2569E-06,  5.6175E-07,  1.4212E-06,  8.5281E-08,  8.7867E-07,  1.1455E-07,  5.8715E-07,  8.7254E-08,  2.8995E-07,  5.7166E-08,  1.4301E-07,  1.1346E-08,  5.7289E-08,  0.0000E+00,  2.5953E-08,  5.7396E-09,  1.7467E-08,  5.7686E-09,  2.0703E-08,  2.6638E-09,  6.0204E-08,  4.2469E-09,  9.4188E-08,  1.8252E-08,  8.3785E-08,  6.1575E-09,  6.2726E-08,  6.2241E-09,  1.5393E-08,  2.4262E-09,  1.2230E-08,  0.0000E+00,  3.0940E-09,  1.2291E-09,  6.2921E-09,  9.3739E-10,  6.3061E-09,  1.2606E-09,  3.1500E-09,  6.2597E-10,  2.8512E-09,  6.3147E-10,  2.5444E-09,  2.8609E-10,  3.1904E-09,  6.3729E-10,  9.6571E-09,  9.6251E-09,  1.9295E-08,  3.2044E-09,  3.2270E-09,  2.9277E-09,  3.2586E-08,  1.9460E-09,  0.0000E+00,  0.0000E+00,  0.0000E+00,  0.0000E+00,  0.0000E+00,  0.0000E+00,  6.6850E-10,  0.0000E+00,  4.0296E-10,  1.0683E+01,  2.2081E-02,  0.0000E+00,  0.0000E+00,  0.0000E+00,  2.1146E-04,  5.4279E-05,  4.5009E-04,  5.3434E-09,  2.3581E-05,  2.0190E-06,  2.2894E-05,  2.0957E-06,  3.9244E-05,  2.5985E-08,  1.0657E-05,  1.9415E-08,  2.2094E-07,  4.1179E-08,  2.1721E-05,  3.4979E-08,  5.3349E-07,  5.0878E-08,  1.9986E-06,  6.9316E-07,  1.1966E-04,  1.5921E-06,  3.6832E-06,  3.7421E-08,  9.1035E-08,  6.1951E-09,  1.5673E-08,  9.4050E-10,  9.6901E-09,  1.2632E-09,  6.4751E-09,  9.6226E-10,  3.1976E-09,  6.3043E-10,  1.5772E-09,  1.2513E-10,  6.3178E-10,  0.0000E+00,  2.8621E-10,  6.3296E-11,  1.9263E-10,  6.3617E-11,  2.2830E-10,  2.9375E-11,  6.6380E-10,  4.6822E-11,  1.0380E-09,  2.0123E-10,  9.2352E-10,  6.7877E-11,  6.9127E-10,  6.8602E-11,  1.6969E-10,  2.6748E-11,  1.3483E-10,  0.0000E+00,  3.4106E-11,  1.3549E-11,  6.9338E-11,  1.0331E-11,  6.9489E-11,  1.3891E-11,  3.4712E-11,  6.8988E-12,  3.1415E-11,  6.9583E-12,  2.8032E-11,  3.1520E-12,  3.5148E-11,  7.0210E-12,  1.0637E-10,  1.0603E-10,  2.1253E-10,  3.5298E-11,  3.5542E-11,  3.2240E-11,  3.5883E-10,  2.1431E-11,  0.0000E+00,  0.0000E+00,  0.0000E+00,  0.0000E+00,  0.0000E+00,  0.0000E+00,  7.3569E-12,  0.0000E+00,  4.4339E-12
  4.0000E+02,  7.4191E+02,  1.2470E+00,  0.0000E+00,  0.0000E+00,  0.0000E+00,  1.1946E-02,  3.0716E-03,  2.5430E-02,  2.7070E-07,  1.1967E-03,  1.0231E-04,  1.1617E-03,  1.0623E-04,  1.9927E-03,  1.3174E-06,  5.4113E-04,  9.8389E-07,  1.1182E-05,  2.0883E-06,  1.2272E-03,  1.7714E-06,  2.7009E-05,  2.5750E-06,  1.0119E-04,  3.5087E-05,  6.0596E-03,  8.0601E-05,  1.8663E-04,  1.8943E-06,  4.6087E-06,  3.1353E-07,  7.9326E-07,  4.7602E-08,  4.9056E-07,  6.3941E-08,  3.2781E-07,  4.8711E-08,  1.6187E-07,  3.1910E-08,  7.9831E-08,  6.3331E-09,  3.1980E-08,  0.0000E+00,  1.4488E-08,  3.2040E-09,  9.7514E-09,  3.2203E-09,  1.1560E-08,  1.4874E-09,  3.3622E-08,  2.3720E-09,  5.2626E-08,  1.0195E-08,  4.6807E-08,  3.4396E-09,  3.5047E-08,  3.4772E-09,  8.5986E-09,  1.3551E-09,  6.8315E-09,  0.0000E+00,  1.7284E-09,  6.8658E-10,  3.5157E-09,  5.2373E-10,  3.5236E-09,  7.0438E-10,  1.7601E-09,  3.4974E-10,  1.5932E-09,  3.5285E-10,  1.4218E-09,  1.5987E-10,  1.7829E-09,  3.5614E-10,  5.3973E-09,  5.3792E-09,  1.0784E-08,  1.7908E-09,  1.8036E-09,  1.6364E-09,  1.8214E-08,  1.0877E-09,  0.0000E+00,  0.0000E+00,  0.0000E+00,  0.0000E+00,  0.0000E+00,  0.0000E+00,  3.7373E-10,  0.0000E+00,  2.2528E-10,  7.7424E+00,  1.4059E-02,  0.0000E+00,  0.0000E+00,  0.0000E+00,  1.3439E-04,  3.4528E-05,  2.8635E-04,  3.2231E-09,  1.4236E-05,  1.2180E-06,  1.3820E-05,  1.2644E-06,  2.3700E-05,  1.5679E-08,  6.4358E-06,  1.1713E-08,  1.3318E-07,  2.4851E-08,  1.3819E-05,  2.1097E-08,  3.2170E-07,  3.0670E-08,  1.2052E-06,  4.1792E-07,  7.2170E-05,  9.6004E-07,  2.2219E-06,  2.2563E-08,  5.4894E-08,  3.7336E-09,  9.4433E-09,  5.6666E-10,  5.8343E-09,  7.6100E-10,  3.8984E-09,  5.7946E-10,  1.9257E-09,  3.7980E-10,  9.5015E-10,  7.5396E-11,  3.8060E-10,  0.0000E+00,  1.7239E-10,  3.8129E-11,  1.1600E-10,  3.8317E-11,  1.3743E-10,  1.7683E-11,  3.9948E-10,  2.8175E-11,  6.2449E-10,  1.2108E-10,  5.5560E-10,  4.0837E-11,  4.1589E-10,  4.1272E-11,  1.0209E-10,  1.6096E-11,  8.1123E-11,  0.0000E+00,  2.0518E-11,  8.1519E-12,  4.1718E-11,  6.2155E-12,  4.1810E-11,  8.3579E-12,  2.0885E-11,  4.1505E-12,  1.8903E-11,  4.1867E-12,  1.6869E-11,  1.8968E-12,  2.1152E-11,  4.2251E-12,  6.4023E-11,  6.3811E-11,  1.2792E-10,  2.1244E-11,  2.1394E-11,  1.9410E-11,  2.1605E-10,  1.2902E-11,  0.0000E+00,  0.0000E+00,  0.0000E+00,  0.0000E+00,  0.0000E+00,  0.0000E+00,  4.4341E-12,  0.0000E+00,  2.6731E-12
  4.5000E+02,  4.0951E+02,  6.5976E-01,  0.0000E+00,  0.0000E+00,  0.0000E+00,  6.3283E-03,  1.6280E-03,  1.3464E-02,  1.3852E-07,  6.1274E-04,  5.2360E-05,  5.9479E-04,  5.4368E-05,  1.0205E-03,  6.7429E-07,  2.7711E-04,  5.0352E-07,  5.7228E-06,  1.0690E-06,  6.4978E-04,  9.0641E-07,  1.3820E-05,  1.3178E-06,  5.1776E-05,  1.7955E-05,  3.1006E-03,  4.1243E-05,  9.5507E-05,  9.6934E-07,  2.3583E-06,  1.6050E-07,  4.0620E-07,  2.4375E-08,  2.5139E-07,  3.2749E-08,  1.6800E-07,  2.4958E-08,  8.2930E-08,  1.6343E-08,  4.0885E-08,  3.2428E-09,  1.6379E-08,  0.0000E+00,  7.4218E-09,  1.6411E-09,  4.9964E-09,  1.6497E-09,  5.9252E-09,  7.6240E-10,  1.7241E-08,  1.2165E-09,  2.6998E-08,  5.2288E-09,  2.4011E-08,  1.7644E-09,  1.7979E-08,  1.7838E-09,  4.4107E-09,  6.9496E-10,  3.5040E-09,  0.0000E+00,  8.8664E-10,  3.5218E-10,  1.8036E-09,  2.6867E-10,  1.8077E-09,  3.6136E-10,  9.0296E-10,  1.7942E-10,  8.1736E-10,  1.8102E-10,  7.2943E-10,  8.2019E-11,  9.1468E-10,  1.8271E-10,  2.7688E-09,  2.7596E-09,  5.5321E-09,  9.1870E-10,  9.2521E-10,  8.3942E-10,  9.3431E-09,  5.5795E-10,  0.0000E+00,  0.0000E+00,  0.0000E+00,  0.0000E+00,  0.0000E+00,  0.0000E+00,  1.9164E-10,  0.0000E+00,  1.1551E-10,  5.5536E+00,  9.4303E-03,  0.0000E+00,  0.0000E+00,  0.0000E+00,  9.0306E-05,  2.3218E-05,  1.9227E-04,  2.0641E-09,  9.1236E-06,  7.8016E-07,  8.8566E-06,  8.0996E-07,  1.5191E-05,  1.0045E-08,  4.1251E-06,  7.5023E-09,  8.5188E-08,  1.5922E-08,  9.2789E-06,  1.3504E-08,  2.0584E-07,  1.9618E-08,  7.7126E-07,  2.6736E-07,  4.6193E-05,  6.1425E-07,  1.4231E-06,  1.4435E-08,  3.5123E-08,  2.3876E-09,  6.0392E-09,  3.6239E-10,  3.7325E-09,  4.8670E-10,  2.4941E-09,  3.7067E-10,  1.2318E-09,  2.4290E-10,  6.0767E-10,  4.8216E-11,  2.4342E-10,  0.0000E+00,  1.1026E-10,  2.4386E-11,  7.4202E-11,  2.4508E-11,  8.7945E-11,  1.1316E-11,  2.5576E-10,  1.8044E-11,  4.0064E-10,  7.7559E-11,  3.5624E-10,  2.6173E-11,  2.6680E-10,  2.6466E-11,  6.5429E-11,  1.0308E-11,  5.1976E-11,  0.0000E+00,  1.3154E-11,  5.2242E-12,  2.6766E-11,  3.9866E-12,  2.6828E-11,  5.3628E-12,  1.3400E-11,  2.6623E-12,  1.2132E-11,  2.6866E-12,  1.0828E-11,  1.2175E-12,  1.3579E-11,  2.7123E-12,  4.1116E-11,  4.0974E-11,  8.2147E-11,  1.3640E-11,  1.3740E-11,  1.2470E-11,  1.3880E-10,  8.2877E-12,  0.0000E+00,  0.0000E+00,  0.0000E+00,  0.0000E+00,  0.0000E+00,  0.0000E+00,  2.8494E-12,  0.0000E+00,  1.7176E-12
  5.0000E+02,  1.6829E+02,  2.5906E-01,  0.0000E+00,  0.0000E+00,  0.0000E+00,  2.4885E-03,  6.4054E-04,  5.2915E-03,  5.2290E-08,  2.3147E-04,  1.9766E-05,  2.2467E-04,  2.0527E-05,  3.8557E-04,  2.5460E-07,  1.0470E-04,  1.9008E-07,  2.1624E-06,  4.0367E-07,  2.5536E-04,  3.4221E-07,  5.2192E-06,  4.9793E-07,  1.9551E-05,  6.7823E-06,  1.1706E-03,  1.5576E-05,  3.6052E-05,  3.6612E-07,  8.9062E-07,  6.0689E-08,  1.5367E-07,  9.2216E-09,  9.5230E-08,  1.2394E-08,  6.3645E-08,  9.4519E-09,  3.1403E-08,  6.1844E-09,  1.5472E-08,  1.2267E-09,  6.1989E-09,  0.0000E+00,  2.8098E-09,  6.2114E-10,  1.8923E-09,  6.2454E-10,  2.2453E-09,  2.8891E-10,  6.5367E-09,  4.6126E-10,  1.0233E-08,  1.9826E-09,  9.1025E-09,  6.6895E-10,  6.8146E-09,  6.7620E-10,  1.6723E-09,  2.6351E-10,  1.3286E-09,  0.0000E+00,  3.3614E-10,  1.3353E-10,  6.8357E-10,  1.0184E-10,  6.8507E-10,  1.3695E-10,  3.4221E-10,  6.8007E-11,  3.0973E-10,  6.8600E-11,  2.7638E-10,  3.1077E-11,  3.4654E-10,  6.9223E-11,  1.0487E-09,  1.0453E-09,  2.0954E-09,  3.4802E-10,  3.5040E-10,  3.1782E-10,  3.5373E-09,  2.1127E-10,  0.0000E+00,  0.0000E+00,  0.0000E+00,  0.0000E+00,  0.0000E+00,  0.0000E+00,  7.2498E-11,  0.0000E+00,  4.3693E-11,  4.0951E+00,  6.5976E-03,  0.0000E+00,  0.0000E+00,  0.0000E+00,  6.3283E-05,  1.6280E-05,  1.3464E-04,  1.3852E-09,  6.1274E-06,  5.2360E-07,  5.9479E-06,  5.4368E-07,  1.0205E-05,  6.7429E-09,  2.7711E-06,  5.0352E-09,  5.7228E-08,  1.0690E-08,  6.4978E-06,  9.0641E-09,  1.3820E-07,  1.3178E-08,  5.1776E-07,  1.7955E-07,  3.1006E-05,  4.1243E-07,  9.5507E-07,  9.6934E-09,  2.3583E-08,  1.6050E-09,  4.0620E-09,  2.4375E-10,  2.5139E-09,  3.2749E-10,  1.6800E-09,  2.4958E-10,  8.2930E-10,  1.6343E-10,  4.0885E-10,  3.2428E-11,  1.6379E-10,  0.0000E+00,  7.4218E-11,  1.6411E-11,  4.9964E-11,  1.6497E-11,  5.9252E-11,  7.6240E-12,  1.7241E-10,  1.2165E-11,  2.6998E-10,  5.2288E-11,  2.4011E-10,  1.7644E-11,  1.7979E-10,  1.7838E-11,  4.4107E-11,  6.9496E-12,  3.5040E-11,  0.0000E+00,  8.8664E-12,  3.5218E-12,  1.8036E-11,  2.6867E-12,  1.8077E-11,  3.6136E-12,  9.0296E-12,  1.7942E-12,  8.1736E-12,  1.8102E-12,  7.2943E-12,  8.2019E-13,  9.1468E-12,  1.8271E-12,  2.7688E-11,  2.7596E-11,  5.5321E-11,  9.1870E-12,  9.2521E-12,  8.3942E-12,  9.3431E-11,  5.5795E-12,  0.0000E+00,  0.0000E+00,  0.0000E+00,  0.0000E+00,  0.0000E+00,  0.0000E+00,  1.9164E-12,  0.0000E+00,  1.1551E-12
'End of File'
