'*',    89,     1,    41,    43,     3,   185,    95,     0
'SPENVIS 4.6.13.3554          - 18-Sep-2025 21:15:13'
'PRJ_DEF', -1,'RADFX2'
'PRJ_HDR', -1,'IU ME RADFX Unit 2 HW2 P1'
'MOD_ABB', -1,'GCR'
'MIS_PLA',  1,    3,' '
'MIS_NTR',  1,    1,' '
'MIS_STA',  1,  27759.00000000,' '
'MIS_END',  1,  28489.00000000,' '
'MIS_DUR',  1, 7.300000E+02,'days'
'ORB_HDR', -1,'Starlink Mid Latitude'
'ORB_TYP', -1,'GEN'
'ORB_MJD',  1,  27759.00000000,' '
'ORB_YEA',  1, 2026,' '
'ORB_MON',  1,  1,' '
'ORB_DAY',  1,  1,' '
'ORB_HOU',  1,  0,' '
'ORB_MIN',  1,  0,' '
'ORB_SEC',  1,  0.0,' '
'ORB_APO',  1, 5.300000E+02,'km'
'ORB_PER',  1, 5.300000E+02,'km'
'ORB_INC',  1,    53.00,'deg'
'ORB_RAA',  1,     0.00,'deg'
'ORB_ARG',  1,     0.00,'deg'
'ORB_TRA',  1,     0.00,'deg'
'ORB_PRD',  1, 1.584802E+00,'hrs'
'ORB_DUR',  1, 3.000000E+01,'days'
'ORB_TSE',  1,  28489.00000000,' '
'ORB_AXM',  1,  2,' '
'ORB_MJR', -1,'1 Jan 1950, 00:00 UT'
'ORB_GDR', -1,'Astron. J. 66, 15, 1961'
'GCR_IEL',  1,  1,' '
'GCR_JEL',  1, 92,' '
'GCR_MOD', -1,'CREME96'
'GCR_IWI',  1,9677,' '
'GCR_IAC',  1,  0,' '
'GCR_IGC',  1,  1,' '
'GCR_IGV',  1,  1,' '
'GCR_IST',  1,  0,' '
'GCR_OMN',  1,  0,' '
'GCR_ABS', -1,'Energy'
'PLT_HDR', -1,'ion spectrum (GCR)'
'SPECIES', -92,'H ','He','Li','Be','B ','C ','N ','O ','F ','Ne','Na','Mg','Al','Si','P ','S ','Cl','Ar','K ','Ca','Sc','Ti','V ','Cr','Mn','Fe','Co','Ni','Cu','Zn','Ga','Ge','As','Se','Br','Kr','Rb','Sr','Y ','Zr','Nb','Mo','Tc','Ru','Rh','Pd','Ag','Cd','In','Sn','Sb','Te','I ','Xe','Cs','Ba','La','Ce','Pr','Nd','Pm','Sm','Eu','Gd','Tb','Dy','Ho','Er','Tm','Yb','Lu','Hf','Ta','W ','Re','Os','Ir','Pt','Au','Hg','Tl','Pb','Bi','Po','At','Rn','Fr','Ra','Ac','Th','Pa','U '
'PS Annotation',  8,  2
'Mission start: 01/01/2026 00:00:00'
 0.05, 0.00, 0.00
'Mission end: 01/01/2028 00:00:00'
 0.95, 0.00, 1.00
'Nr. of segments:   1'
 0.05, 1.50, 0.00
'Duration: 730.00 days'
 0.95, 0.00, 1.00
'PS Annotation', 24,  1
'Segment  1: Starlink Mid Latitude'
 0.05, 2.00, 0.00
'Apogee: 530.0 km'
 0.05, 1.50, 0.00
'Perigee: 530.0 km'
 0.50, 0.00, 0.50
'Inclination: 53.0 deg'
 0.95, 0.00, 1.00
'R.A. Asc. Node: 0.0 deg'
 0.05, 1.50, 0.00
'Arg. Per.: 0.0 deg'
 0.50, 0.00, 0.50
'True Anomaly: 0.0 deg'
 0.95, 0.00, 1.00
'Period: 1.58 hrs'
 0.05, 1.50, 0.00
'Duration: 30.00 days'
 0.50, 0.00, 0.50
'454.32 Orbits'
 0.95, 0.00, 1.00
'Orbit start: 01/01/2026 00:00:00'
 0.05, 1.50, 0.00
'Orbit end: 31/01/2026 00:00:00'
 0.95, 0.00, 1.00
'PS Annotation',  8,  0
'GCR model: CREME96'
 0.05, 1.50, 0.00
'Ion range: H  - U                     Interplanetary weather index: M =9677'
 0.05, 1.50, 0.00
'no propagation of flux'
 0.05, 1.50, 0.00
'Magnetic shielding on'
 0.05, 1.50, 0.00
'Energy','MeV/n', 1,'Energy'
'IFlux','m!u-2!n sr!u-1!n s!u-1!n', 92,'Integral Flux of ','SPECIES'
'DFlux','m!u-2!n sr!u-1!n s!u-1!n (MeV/n)!u-1!n', 92,'Differential Flux of ','SPECIES'
  1.0000E+00,  5.5770E+02,  7.4693E+01,  3.5311E-01,  2.0502E-01,  6.0140E-01,  2.0247E+00,  5.3627E-01,  1.9649E+00,  4.3685E-02,  3.1578E-01,  6.4008E-02,  4.1764E-01,  7.2879E-02,  3.0720E-01,  1.3124E-02,  6.0500E-02,  1.3550E-02,  2.9825E-02,  2.1272E-02,  5.4245E-02,  1.0108E-02,  3.3188E-02,  1.6827E-02,  3.4612E-02,  2.3169E-02,  2.4813E-01,  1.5919E-03,  1.2153E-02,  7.4305E-06,  7.4296E-06,  7.4360E-06,  7.4378E-06,  7.4379E-06,  7.4425E-06,  7.4390E-06,  7.4429E-06,  7.4414E-06,  7.4409E-06,  7.4387E-06,  7.4388E-06,  7.4375E-06,  7.4391E-06,  7.4366E-06,  7.4401E-06,  7.4393E-06,  7.4416E-06,  7.4401E-06,  7.4440E-06,  7.4441E-06,  7.4467E-06,  7.4478E-06,  7.4529E-06,  7.4483E-06,  7.4512E-06,  7.4500E-06,  7.4527E-06,  7.4516E-06,  7.4499E-06,  7.4478E-06,  7.4490E-06,  7.4469E-06,  7.4507E-06,  7.4497E-06,  7.4532E-06,  7.4522E-06,  7.4535E-06,  7.4534E-06,  7.4534E-06,  7.4524E-06,  7.4542E-06,  7.4537E-06,  7.4548E-06,  7.4547E-06,  7.4552E-06,  7.4550E-06,  7.4565E-06,  7.4560E-06,  7.4564E-06,  7.4558E-06,  7.4568E-06,  7.4580E-06,  7.4582E-06,  7.4576E-06,  7.4554E-06,  7.4541E-06,  7.4620E-06,  7.4608E-06,  7.4611E-06,  7.4599E-06,  7.4618E-06,  7.4590E-06,  7.4624E-06,  1.2256E+00,  6.7757E-02,  6.7805E-05,  3.5905E-06,  9.8744E-05,  1.3646E-03,  1.6243E-04,  1.5063E-03,  9.9031E-06,  2.5255E-04,  3.1624E-05,  3.0158E-04,  4.3178E-05,  1.8149E-04,  1.3735E-06,  1.3504E-05,  3.9236E-07,  3.8818E-06,  1.5290E-06,  2.7174E-05,  2.6876E-06,  1.0647E-05,  1.0433E-05,  1.7900E-05,  1.5281E-05,  8.1342E-05,  6.7338E-08,  3.0322E-06,  6.0854E-13,  6.0854E-13,  6.0854E-13,  6.0854E-13,  6.0854E-13,  6.0854E-13,  6.0854E-13,  6.0854E-13,  6.0854E-13,  6.0854E-13,  6.0854E-13,  6.0854E-13,  6.0854E-13,  6.0854E-13,  6.0854E-13,  6.0854E-13,  6.0854E-13,  6.0854E-13,  6.0854E-13,  6.0854E-13,  6.0854E-13,  6.0854E-13,  6.0854E-13,  6.0854E-13,  6.0854E-13,  6.0854E-13,  6.0854E-13,  6.0854E-13,  6.0854E-13,  6.0854E-13,  6.0854E-13,  6.0854E-13,  6.0854E-13,  6.0854E-13,  6.0854E-13,  6.0854E-13,  6.0854E-13,  6.0854E-13,  6.0854E-13,  6.0854E-13,  6.0854E-13,  6.0854E-13,  6.0854E-13,  6.0854E-13,  6.0854E-13,  6.0854E-13,  6.0854E-13,  6.0854E-13,  6.0854E-13,  6.0854E-13,  6.0854E-13,  6.0854E-13,  6.0854E-13,  6.0854E-13,  6.0854E-13,  6.0854E-13,  6.0854E-13,  6.0854E-13,  6.0854E-13,  6.0854E-13,  6.0854E-13,  6.0854E-13,  6.0854E-13,  6.0854E-13
  1.1000E+00,  5.5757E+02,  7.4686E+01,  3.5311E-01,  2.0502E-01,  6.0139E-01,  2.0246E+00,  5.3625E-01,  1.9648E+00,  4.3684E-02,  3.1576E-01,  6.4005E-02,  4.1760E-01,  7.2874E-02,  3.0718E-01,  1.3124E-02,  6.0499E-02,  1.3550E-02,  2.9825E-02,  2.1272E-02,  5.4242E-02,  1.0107E-02,  3.3187E-02,  1.6826E-02,  3.4610E-02,  2.3167E-02,  2.4813E-01,  1.5919E-03,  1.2153E-02,  7.4305E-06,  7.4296E-06,  7.4360E-06,  7.4378E-06,  7.4379E-06,  7.4425E-06,  7.4390E-06,  7.4429E-06,  7.4414E-06,  7.4409E-06,  7.4387E-06,  7.4388E-06,  7.4375E-06,  7.4391E-06,  7.4366E-06,  7.4401E-06,  7.4393E-06,  7.4416E-06,  7.4401E-06,  7.4440E-06,  7.4441E-06,  7.4467E-06,  7.4478E-06,  7.4529E-06,  7.4483E-06,  7.4512E-06,  7.4500E-06,  7.4527E-06,  7.4516E-06,  7.4499E-06,  7.4478E-06,  7.4490E-06,  7.4469E-06,  7.4507E-06,  7.4497E-06,  7.4532E-06,  7.4522E-06,  7.4535E-06,  7.4534E-06,  7.4534E-06,  7.4524E-06,  7.4542E-06,  7.4537E-06,  7.4548E-06,  7.4547E-06,  7.4552E-06,  7.4550E-06,  7.4565E-06,  7.4560E-06,  7.4564E-06,  7.4558E-06,  7.4568E-06,  7.4580E-06,  7.4582E-06,  7.4576E-06,  7.4554E-06,  7.4541E-06,  7.4620E-06,  7.4608E-06,  7.4611E-06,  7.4599E-06,  7.4618E-06,  7.4590E-06,  7.4624E-06,  1.4224E+00,  7.4991E-02,  7.5989E-05,  4.2055E-06,  1.1216E-04,  1.5175E-03,  1.8338E-04,  1.6701E-03,  1.1211E-05,  2.7979E-04,  3.5317E-05,  3.3430E-04,  4.8012E-05,  2.0182E-04,  1.5758E-06,  1.5270E-05,  4.5955E-07,  4.2284E-06,  1.7674E-06,  3.0362E-05,  3.0253E-06,  1.1944E-05,  1.1555E-05,  1.9897E-05,  1.6851E-05,  9.0690E-05,  7.7720E-08,  3.4019E-06,  6.0854E-13,  6.0854E-13,  6.0854E-13,  6.0854E-13,  6.0854E-13,  6.0854E-13,  6.0854E-13,  6.0854E-13,  6.0854E-13,  6.0854E-13,  6.0854E-13,  6.0854E-13,  6.0854E-13,  6.0854E-13,  6.0854E-13,  6.0854E-13,  6.0854E-13,  6.0854E-13,  6.0854E-13,  6.0854E-13,  6.0854E-13,  6.0854E-13,  6.0854E-13,  6.0854E-13,  6.0854E-13,  6.0854E-13,  6.0854E-13,  6.0854E-13,  6.0854E-13,  6.0854E-13,  6.0854E-13,  6.0854E-13,  6.0854E-13,  6.0854E-13,  6.0854E-13,  6.0854E-13,  6.0854E-13,  6.0854E-13,  6.0854E-13,  6.0854E-13,  6.0854E-13,  6.0854E-13,  6.0854E-13,  6.0854E-13,  6.0854E-13,  6.0854E-13,  6.0854E-13,  6.0854E-13,  6.0854E-13,  6.0854E-13,  6.0854E-13,  6.0854E-13,  6.0854E-13,  6.0854E-13,  6.0854E-13,  6.0854E-13,  6.0854E-13,  6.0854E-13,  6.0854E-13,  6.0854E-13,  6.0854E-13,  6.0854E-13,  6.0854E-13,  6.0854E-13
  1.2000E+00,  5.5744E+02,  7.4679E+01,  3.5310E-01,  2.0502E-01,  6.0138E-01,  2.0244E+00,  5.3623E-01,  1.9646E+00,  4.3683E-02,  3.1573E-01,  6.4002E-02,  4.1757E-01,  7.2870E-02,  3.0716E-01,  1.3124E-02,  6.0497E-02,  1.3550E-02,  2.9824E-02,  2.1272E-02,  5.4239E-02,  1.0107E-02,  3.3185E-02,  1.6825E-02,  3.4608E-02,  2.3166E-02,  2.4812E-01,  1.5919E-03,  1.2152E-02,  7.4305E-06,  7.4296E-06,  7.4360E-06,  7.4378E-06,  7.4379E-06,  7.4425E-06,  7.4390E-06,  7.4429E-06,  7.4414E-06,  7.4409E-06,  7.4387E-06,  7.4388E-06,  7.4375E-06,  7.4391E-06,  7.4366E-06,  7.4401E-06,  7.4393E-06,  7.4416E-06,  7.4401E-06,  7.4440E-06,  7.4441E-06,  7.4467E-06,  7.4478E-06,  7.4529E-06,  7.4483E-06,  7.4512E-06,  7.4500E-06,  7.4527E-06,  7.4516E-06,  7.4499E-06,  7.4478E-06,  7.4490E-06,  7.4469E-06,  7.4507E-06,  7.4497E-06,  7.4532E-06,  7.4522E-06,  7.4535E-06,  7.4534E-06,  7.4534E-06,  7.4524E-06,  7.4542E-06,  7.4537E-06,  7.4548E-06,  7.4547E-06,  7.4552E-06,  7.4550E-06,  7.4565E-06,  7.4560E-06,  7.4564E-06,  7.4558E-06,  7.4568E-06,  7.4580E-06,  7.4582E-06,  7.4576E-06,  7.4554E-06,  7.4541E-06,  7.4620E-06,  7.4608E-06,  7.4611E-06,  7.4599E-06,  7.4618E-06,  7.4590E-06,  7.4624E-06,  1.1337E+00,  6.3012E-02,  6.5717E-05,  3.7762E-06,  9.7418E-05,  1.2800E-03,  1.5904E-04,  1.4245E-03,  9.6800E-06,  2.4726E-04,  3.0077E-05,  2.8161E-04,  4.0693E-05,  1.7023E-04,  1.3733E-06,  1.3076E-05,  4.0870E-07,  4.4014E-06,  1.5496E-06,  2.5721E-05,  2.6034E-06,  1.0268E-05,  9.8365E-06,  1.6951E-05,  1.4277E-05,  7.7377E-05,  6.8590E-08,  2.9104E-06,  6.0854E-13,  6.0854E-13,  6.0854E-13,  6.0854E-13,  6.0854E-13,  6.0854E-13,  6.0854E-13,  6.0854E-13,  6.0854E-13,  6.0854E-13,  6.0854E-13,  6.0854E-13,  6.0854E-13,  6.0854E-13,  6.0854E-13,  6.0854E-13,  6.0854E-13,  6.0854E-13,  6.0854E-13,  6.0854E-13,  6.0854E-13,  6.0854E-13,  6.0854E-13,  6.0854E-13,  6.0854E-13,  6.0854E-13,  6.0854E-13,  6.0854E-13,  6.0854E-13,  6.0854E-13,  6.0854E-13,  6.0854E-13,  6.0854E-13,  6.0854E-13,  6.0854E-13,  6.0854E-13,  6.0854E-13,  6.0854E-13,  6.0854E-13,  6.0854E-13,  6.0854E-13,  6.0854E-13,  6.0854E-13,  6.0854E-13,  6.0854E-13,  6.0854E-13,  6.0854E-13,  6.0854E-13,  6.0854E-13,  6.0854E-13,  6.0854E-13,  6.0854E-13,  6.0854E-13,  6.0854E-13,  6.0854E-13,  6.0854E-13,  6.0854E-13,  6.0854E-13,  6.0854E-13,  6.0854E-13,  6.0854E-13,  6.0854E-13,  6.0854E-13,  6.0854E-13
  1.4000E+00,  5.5726E+02,  7.4668E+01,  3.5309E-01,  2.0502E-01,  6.0136E-01,  2.0242E+00,  5.3620E-01,  1.9644E+00,  4.3682E-02,  3.1569E-01,  6.3997E-02,  4.1753E-01,  7.2863E-02,  3.0713E-01,  1.3124E-02,  6.0495E-02,  1.3550E-02,  2.9823E-02,  2.1271E-02,  5.4235E-02,  1.0107E-02,  3.3184E-02,  1.6823E-02,  3.4605E-02,  2.3163E-02,  2.4810E-01,  1.5919E-03,  1.2152E-02,  7.4305E-06,  7.4296E-06,  7.4360E-06,  7.4378E-06,  7.4379E-06,  7.4425E-06,  7.4390E-06,  7.4429E-06,  7.4414E-06,  7.4409E-06,  7.4387E-06,  7.4388E-06,  7.4375E-06,  7.4391E-06,  7.4366E-06,  7.4401E-06,  7.4393E-06,  7.4416E-06,  7.4401E-06,  7.4440E-06,  7.4441E-06,  7.4467E-06,  7.4478E-06,  7.4529E-06,  7.4483E-06,  7.4512E-06,  7.4500E-06,  7.4527E-06,  7.4516E-06,  7.4499E-06,  7.4478E-06,  7.4490E-06,  7.4469E-06,  7.4507E-06,  7.4497E-06,  7.4532E-06,  7.4522E-06,  7.4535E-06,  7.4534E-06,  7.4534E-06,  7.4524E-06,  7.4542E-06,  7.4537E-06,  7.4548E-06,  7.4547E-06,  7.4552E-06,  7.4550E-06,  7.4565E-06,  7.4560E-06,  7.4564E-06,  7.4558E-06,  7.4568E-06,  7.4580E-06,  7.4582E-06,  7.4576E-06,  7.4554E-06,  7.4541E-06,  7.4620E-06,  7.4608E-06,  7.4611E-06,  7.4599E-06,  7.4618E-06,  7.4590E-06,  7.4624E-06,  7.3699E-01,  4.5498E-02,  4.9997E-05,  3.0695E-06,  7.4614E-05,  9.3013E-04,  1.2255E-04,  1.0671E-03,  7.3340E-06,  2.0098E-04,  2.2240E-05,  2.0415E-04,  2.9832E-05,  1.2367E-04,  1.0576E-06,  9.7591E-06,  3.2630E-07,  4.7147E-06,  1.2061E-06,  1.8829E-05,  1.9616E-06,  7.7229E-06,  7.2745E-06,  1.2548E-05,  1.0466E-05,  5.7426E-05,  5.4044E-08,  2.1696E-06,  6.0854E-13,  6.0854E-13,  6.0854E-13,  6.0854E-13,  6.0854E-13,  6.0854E-13,  6.0854E-13,  6.0854E-13,  6.0854E-13,  6.0854E-13,  6.0854E-13,  6.0854E-13,  6.0854E-13,  6.0854E-13,  6.0854E-13,  6.0854E-13,  6.0854E-13,  6.0854E-13,  6.0854E-13,  6.0854E-13,  6.0854E-13,  6.0854E-13,  6.0854E-13,  6.0854E-13,  6.0854E-13,  6.0854E-13,  6.0854E-13,  6.0854E-13,  6.0854E-13,  6.0854E-13,  6.0854E-13,  6.0854E-13,  6.0854E-13,  6.0854E-13,  6.0854E-13,  6.0854E-13,  6.0854E-13,  6.0854E-13,  6.0854E-13,  6.0854E-13,  6.0854E-13,  6.0854E-13,  6.0854E-13,  6.0854E-13,  6.0854E-13,  6.0854E-13,  6.0854E-13,  6.0854E-13,  6.0854E-13,  6.0854E-13,  6.0854E-13,  6.0854E-13,  6.0854E-13,  6.0854E-13,  6.0854E-13,  6.0854E-13,  6.0854E-13,  6.0854E-13,  6.0854E-13,  6.0854E-13,  6.0854E-13,  6.0854E-13,  6.0854E-13,  6.0854E-13
  1.6000E+00,  5.5713E+02,  7.4660E+01,  3.5308E-01,  2.0502E-01,  6.0135E-01,  2.0241E+00,  5.3618E-01,  1.9642E+00,  4.3680E-02,  3.1565E-01,  6.3993E-02,  4.1749E-01,  7.2857E-02,  3.0711E-01,  1.3124E-02,  6.0493E-02,  1.3550E-02,  2.9822E-02,  2.1271E-02,  5.4231E-02,  1.0106E-02,  3.3182E-02,  1.6822E-02,  3.4603E-02,  2.3161E-02,  2.4809E-01,  1.5919E-03,  1.2151E-02,  7.4305E-06,  7.4296E-06,  7.4360E-06,  7.4378E-06,  7.4379E-06,  7.4425E-06,  7.4390E-06,  7.4429E-06,  7.4414E-06,  7.4409E-06,  7.4387E-06,  7.4388E-06,  7.4375E-06,  7.4391E-06,  7.4366E-06,  7.4401E-06,  7.4393E-06,  7.4416E-06,  7.4401E-06,  7.4440E-06,  7.4441E-06,  7.4467E-06,  7.4478E-06,  7.4529E-06,  7.4483E-06,  7.4512E-06,  7.4500E-06,  7.4527E-06,  7.4516E-06,  7.4499E-06,  7.4478E-06,  7.4490E-06,  7.4469E-06,  7.4507E-06,  7.4497E-06,  7.4532E-06,  7.4522E-06,  7.4535E-06,  7.4534E-06,  7.4534E-06,  7.4524E-06,  7.4542E-06,  7.4537E-06,  7.4548E-06,  7.4547E-06,  7.4552E-06,  7.4550E-06,  7.4565E-06,  7.4560E-06,  7.4564E-06,  7.4558E-06,  7.4568E-06,  7.4580E-06,  7.4582E-06,  7.4576E-06,  7.4554E-06,  7.4541E-06,  7.4620E-06,  7.4608E-06,  7.4611E-06,  7.4599E-06,  7.4618E-06,  7.4590E-06,  7.4624E-06,  4.9849E-01,  3.4012E-02,  3.9137E-05,  2.5434E-06,  5.8701E-05,  6.9863E-04,  9.8162E-05,  8.3577E-04,  5.7147E-06,  1.7237E-04,  1.6965E-05,  1.5304E-04,  2.2587E-05,  9.2867E-05,  8.3564E-07,  7.5009E-06,  2.6601E-07,  4.9799E-06,  9.6162E-07,  1.4234E-05,  1.5213E-06,  5.9817E-06,  5.5529E-06,  9.5840E-06,  7.9290E-06,  4.3958E-05,  4.3578E-08,  1.6668E-06,  6.0854E-13,  6.0854E-13,  6.0854E-13,  6.0854E-13,  6.0854E-13,  6.0854E-13,  6.0854E-13,  6.0854E-13,  6.0854E-13,  6.0854E-13,  6.0854E-13,  6.0854E-13,  6.0854E-13,  6.0854E-13,  6.0854E-13,  6.0854E-13,  6.0854E-13,  6.0854E-13,  6.0854E-13,  6.0854E-13,  6.0854E-13,  6.0854E-13,  6.0854E-13,  6.0854E-13,  6.0854E-13,  6.0854E-13,  6.0854E-13,  6.0854E-13,  6.0854E-13,  6.0854E-13,  6.0854E-13,  6.0854E-13,  6.0854E-13,  6.0854E-13,  6.0854E-13,  6.0854E-13,  6.0854E-13,  6.0854E-13,  6.0854E-13,  6.0854E-13,  6.0854E-13,  6.0854E-13,  6.0854E-13,  6.0854E-13,  6.0854E-13,  6.0854E-13,  6.0854E-13,  6.0854E-13,  6.0854E-13,  6.0854E-13,  6.0854E-13,  6.0854E-13,  6.0854E-13,  6.0854E-13,  6.0854E-13,  6.0854E-13,  6.0854E-13,  6.0854E-13,  6.0854E-13,  6.0854E-13,  6.0854E-13,  6.0854E-13,  6.0854E-13,  6.0854E-13
  1.8000E+00,  5.5705E+02,  7.4654E+01,  3.5307E-01,  2.0502E-01,  6.0134E-01,  2.0239E+00,  5.3616E-01,  1.9640E+00,  4.3679E-02,  3.1562E-01,  6.3990E-02,  4.1746E-01,  7.2853E-02,  3.0710E-01,  1.3123E-02,  6.0492E-02,  1.3550E-02,  2.9821E-02,  2.1271E-02,  5.4229E-02,  1.0106E-02,  3.3181E-02,  1.6821E-02,  3.4601E-02,  2.3160E-02,  2.4809E-01,  1.5918E-03,  1.2151E-02,  7.4305E-06,  7.4296E-06,  7.4360E-06,  7.4378E-06,  7.4379E-06,  7.4425E-06,  7.4390E-06,  7.4429E-06,  7.4414E-06,  7.4409E-06,  7.4387E-06,  7.4388E-06,  7.4375E-06,  7.4391E-06,  7.4366E-06,  7.4401E-06,  7.4393E-06,  7.4416E-06,  7.4401E-06,  7.4440E-06,  7.4441E-06,  7.4467E-06,  7.4478E-06,  7.4529E-06,  7.4483E-06,  7.4512E-06,  7.4500E-06,  7.4527E-06,  7.4516E-06,  7.4499E-06,  7.4478E-06,  7.4490E-06,  7.4469E-06,  7.4507E-06,  7.4497E-06,  7.4532E-06,  7.4522E-06,  7.4535E-06,  7.4534E-06,  7.4534E-06,  7.4524E-06,  7.4542E-06,  7.4537E-06,  7.4548E-06,  7.4547E-06,  7.4552E-06,  7.4550E-06,  7.4565E-06,  7.4560E-06,  7.4564E-06,  7.4558E-06,  7.4568E-06,  7.4580E-06,  7.4582E-06,  7.4576E-06,  7.4554E-06,  7.4541E-06,  7.4620E-06,  7.4608E-06,  7.4611E-06,  7.4599E-06,  7.4618E-06,  7.4590E-06,  7.4624E-06,  3.4856E-01,  2.6165E-02,  3.1354E-05,  2.1429E-06,  4.7232E-05,  5.3926E-04,  8.1352E-05,  6.8065E-04,  4.5573E-06,  1.5434E-04,  1.3278E-05,  1.1792E-04,  1.7560E-05,  7.1653E-05,  6.7449E-07,  5.9079E-06,  2.2074E-07,  5.1892E-06,  7.8242E-07,  1.1047E-05,  1.2084E-06,  4.7476E-06,  4.3517E-06,  7.5137E-06,  6.1718E-06,  3.4525E-05,  3.5837E-08,  1.3128E-06,  6.0854E-13,  6.0854E-13,  6.0854E-13,  6.0854E-13,  6.0854E-13,  6.0854E-13,  6.0854E-13,  6.0854E-13,  6.0854E-13,  6.0854E-13,  6.0854E-13,  6.0854E-13,  6.0854E-13,  6.0854E-13,  6.0854E-13,  6.0854E-13,  6.0854E-13,  6.0854E-13,  6.0854E-13,  6.0854E-13,  6.0854E-13,  6.0854E-13,  6.0854E-13,  6.0854E-13,  6.0854E-13,  6.0854E-13,  6.0854E-13,  6.0854E-13,  6.0854E-13,  6.0854E-13,  6.0854E-13,  6.0854E-13,  6.0854E-13,  6.0854E-13,  6.0854E-13,  6.0854E-13,  6.0854E-13,  6.0854E-13,  6.0854E-13,  6.0854E-13,  6.0854E-13,  6.0854E-13,  6.0854E-13,  6.0854E-13,  6.0854E-13,  6.0854E-13,  6.0854E-13,  6.0854E-13,  6.0854E-13,  6.0854E-13,  6.0854E-13,  6.0854E-13,  6.0854E-13,  6.0854E-13,  6.0854E-13,  6.0854E-13,  6.0854E-13,  6.0854E-13,  6.0854E-13,  6.0854E-13,  6.0854E-13,  6.0854E-13,  6.0854E-13,  6.0854E-13
  2.0000E+00,  5.5699E+02,  7.4650E+01,  3.5306E-01,  2.0502E-01,  6.0133E-01,  2.0238E+00,  5.3615E-01,  1.9639E+00,  4.3679E-02,  3.1559E-01,  6.3987E-02,  4.1744E-01,  7.2850E-02,  3.0708E-01,  1.3123E-02,  6.0491E-02,  1.3550E-02,  2.9820E-02,  2.1271E-02,  5.4227E-02,  1.0106E-02,  3.3180E-02,  1.6820E-02,  3.4600E-02,  2.3159E-02,  2.4808E-01,  1.5918E-03,  1.2151E-02,  7.4305E-06,  7.4296E-06,  7.4360E-06,  7.4378E-06,  7.4379E-06,  7.4425E-06,  7.4390E-06,  7.4429E-06,  7.4414E-06,  7.4409E-06,  7.4387E-06,  7.4388E-06,  7.4375E-06,  7.4391E-06,  7.4366E-06,  7.4401E-06,  7.4393E-06,  7.4416E-06,  7.4401E-06,  7.4440E-06,  7.4441E-06,  7.4467E-06,  7.4478E-06,  7.4529E-06,  7.4483E-06,  7.4512E-06,  7.4500E-06,  7.4527E-06,  7.4516E-06,  7.4499E-06,  7.4478E-06,  7.4490E-06,  7.4469E-06,  7.4507E-06,  7.4497E-06,  7.4532E-06,  7.4522E-06,  7.4535E-06,  7.4534E-06,  7.4534E-06,  7.4524E-06,  7.4542E-06,  7.4537E-06,  7.4548E-06,  7.4547E-06,  7.4552E-06,  7.4550E-06,  7.4565E-06,  7.4560E-06,  7.4564E-06,  7.4558E-06,  7.4568E-06,  7.4580E-06,  7.4582E-06,  7.4576E-06,  7.4554E-06,  7.4541E-06,  7.4620E-06,  7.4608E-06,  7.4611E-06,  7.4599E-06,  7.4618E-06,  7.4590E-06,  7.4624E-06,  2.5057E-01,  2.0618E-02,  2.5612E-05,  1.8306E-06,  3.8711E-05,  4.2579E-04,  6.9476E-05,  5.7368E-04,  3.7069E-06,  1.4286E-04,  1.0620E-05,  9.2953E-05,  1.3960E-05,  5.6550E-05,  5.5452E-07,  4.7490E-06,  1.8604E-07,  5.3396E-06,  6.4783E-07,  8.7639E-06,  9.7933E-07,  3.8438E-06,  3.4837E-06,  6.0165E-06,  4.9108E-06,  2.7690E-05,  2.9952E-08,  1.0558E-06,  6.0854E-13,  6.0854E-13,  6.0854E-13,  6.0854E-13,  6.0854E-13,  6.0854E-13,  6.0854E-13,  6.0854E-13,  6.0854E-13,  6.0854E-13,  6.0854E-13,  6.0854E-13,  6.0854E-13,  6.0854E-13,  6.0854E-13,  6.0854E-13,  6.0854E-13,  6.0854E-13,  6.0854E-13,  6.0854E-13,  6.0854E-13,  6.0854E-13,  6.0854E-13,  6.0854E-13,  6.0854E-13,  6.0854E-13,  6.0854E-13,  6.0854E-13,  6.0854E-13,  6.0854E-13,  6.0854E-13,  6.0854E-13,  6.0854E-13,  6.0854E-13,  6.0854E-13,  6.0854E-13,  6.0854E-13,  6.0854E-13,  6.0854E-13,  6.0854E-13,  6.0854E-13,  6.0854E-13,  6.0854E-13,  6.0854E-13,  6.0854E-13,  6.0854E-13,  6.0854E-13,  6.0854E-13,  6.0854E-13,  6.0854E-13,  6.0854E-13,  6.0854E-13,  6.0854E-13,  6.0854E-13,  6.0854E-13,  6.0854E-13,  6.0854E-13,  6.0854E-13,  6.0854E-13,  6.0854E-13,  6.0854E-13,  6.0854E-13,  6.0854E-13,  6.0854E-13
  2.2000E+00,  5.5694E+02,  7.4646E+01,  3.5306E-01,  2.0502E-01,  6.0132E-01,  2.0238E+00,  5.3614E-01,  1.9638E+00,  4.3678E-02,  3.1556E-01,  6.3985E-02,  4.1742E-01,  7.2848E-02,  3.0707E-01,  1.3123E-02,  6.0490E-02,  1.3550E-02,  2.9819E-02,  2.1271E-02,  5.4225E-02,  1.0106E-02,  3.3180E-02,  1.6820E-02,  3.4598E-02,  2.3158E-02,  2.4807E-01,  1.5918E-03,  1.2151E-02,  7.4305E-06,  7.4296E-06,  7.4360E-06,  7.4378E-06,  7.4379E-06,  7.4425E-06,  7.4390E-06,  7.4429E-06,  7.4414E-06,  7.4409E-06,  7.4387E-06,  7.4388E-06,  7.4375E-06,  7.4391E-06,  7.4366E-06,  7.4401E-06,  7.4393E-06,  7.4416E-06,  7.4401E-06,  7.4440E-06,  7.4441E-06,  7.4467E-06,  7.4478E-06,  7.4529E-06,  7.4483E-06,  7.4512E-06,  7.4500E-06,  7.4527E-06,  7.4516E-06,  7.4499E-06,  7.4478E-06,  7.4490E-06,  7.4469E-06,  7.4507E-06,  7.4497E-06,  7.4532E-06,  7.4522E-06,  7.4535E-06,  7.4534E-06,  7.4534E-06,  7.4524E-06,  7.4542E-06,  7.4537E-06,  7.4548E-06,  7.4547E-06,  7.4552E-06,  7.4550E-06,  7.4565E-06,  7.4560E-06,  7.4564E-06,  7.4558E-06,  7.4568E-06,  7.4580E-06,  7.4582E-06,  7.4576E-06,  7.4554E-06,  7.4541E-06,  7.4620E-06,  7.4608E-06,  7.4611E-06,  7.4599E-06,  7.4618E-06,  7.4590E-06,  7.4624E-06,  1.8475E-01,  1.6598E-02,  2.1277E-05,  1.5834E-06,  3.2247E-05,  3.4301E-04,  6.0959E-05,  4.9869E-04,  3.0656E-06,  1.3560E-04,  8.6498E-06,  7.4757E-05,  1.1308E-05,  4.5529E-05,  4.6301E-07,  3.8875E-06,  1.5888E-07,  5.4309E-06,  5.4437E-07,  7.0892E-06,  8.0741E-07,  3.1670E-06,  2.8414E-06,  4.9077E-06,  3.9832E-06,  2.2618E-05,  2.5398E-08,  8.6435E-07,  6.0854E-13,  6.0854E-13,  6.0854E-13,  6.0854E-13,  6.0854E-13,  6.0854E-13,  6.0854E-13,  6.0854E-13,  6.0854E-13,  6.0854E-13,  6.0854E-13,  6.0854E-13,  6.0854E-13,  6.0854E-13,  6.0854E-13,  6.0854E-13,  6.0854E-13,  6.0854E-13,  6.0854E-13,  6.0854E-13,  6.0854E-13,  6.0854E-13,  6.0854E-13,  6.0854E-13,  6.0854E-13,  6.0854E-13,  6.0854E-13,  6.0854E-13,  6.0854E-13,  6.0854E-13,  6.0854E-13,  6.0854E-13,  6.0854E-13,  6.0854E-13,  6.0854E-13,  6.0854E-13,  6.0854E-13,  6.0854E-13,  6.0854E-13,  6.0854E-13,  6.0854E-13,  6.0854E-13,  6.0854E-13,  6.0854E-13,  6.0854E-13,  6.0854E-13,  6.0854E-13,  6.0854E-13,  6.0854E-13,  6.0854E-13,  6.0854E-13,  6.0854E-13,  6.0854E-13,  6.0854E-13,  6.0854E-13,  6.0854E-13,  6.0854E-13,  6.0854E-13,  6.0854E-13,  6.0854E-13,  6.0854E-13,  6.0854E-13,  6.0854E-13,  6.0854E-13
  2.5000E+00,  5.5690E+02,  7.4642E+01,  3.5305E-01,  2.0502E-01,  6.0131E-01,  2.0237E+00,  5.3612E-01,  1.9636E+00,  4.3677E-02,  3.1552E-01,  6.3983E-02,  4.1740E-01,  7.2845E-02,  3.0706E-01,  1.3123E-02,  6.0489E-02,  1.3550E-02,  2.9818E-02,  2.1271E-02,  5.4223E-02,  1.0105E-02,  3.3179E-02,  1.6819E-02,  3.4597E-02,  2.3157E-02,  2.4807E-01,  1.5918E-03,  1.2150E-02,  7.4305E-06,  7.4296E-06,  7.4360E-06,  7.4378E-06,  7.4379E-06,  7.4425E-06,  7.4390E-06,  7.4429E-06,  7.4414E-06,  7.4409E-06,  7.4387E-06,  7.4388E-06,  7.4375E-06,  7.4391E-06,  7.4366E-06,  7.4401E-06,  7.4393E-06,  7.4416E-06,  7.4401E-06,  7.4440E-06,  7.4441E-06,  7.4467E-06,  7.4478E-06,  7.4529E-06,  7.4483E-06,  7.4512E-06,  7.4500E-06,  7.4527E-06,  7.4516E-06,  7.4499E-06,  7.4478E-06,  7.4490E-06,  7.4469E-06,  7.4507E-06,  7.4497E-06,  7.4532E-06,  7.4522E-06,  7.4535E-06,  7.4534E-06,  7.4534E-06,  7.4524E-06,  7.4542E-06,  7.4537E-06,  7.4548E-06,  7.4547E-06,  7.4552E-06,  7.4550E-06,  7.4565E-06,  7.4560E-06,  7.4564E-06,  7.4558E-06,  7.4568E-06,  7.4580E-06,  7.4582E-06,  7.4576E-06,  7.4554E-06,  7.4541E-06,  7.4620E-06,  7.4608E-06,  7.4611E-06,  7.4599E-06,  7.4618E-06,  7.4590E-06,  7.4624E-06,  1.2159E-01,  1.2399E-02,  1.6552E-05,  1.3001E-06,  2.5169E-05,  2.5582E-04,  5.2303E-05,  4.2426E-04,  2.3693E-06,  1.2945E-04,  6.5493E-06,  5.5617E-05,  8.4993E-06,  3.3915E-05,  3.6240E-07,  2.9611E-06,  1.2817E-07,  5.4624E-06,  4.2972E-07,  5.3147E-06,  6.2146E-07,  2.4357E-06,  2.1561E-06,  3.7241E-06,  3.0000E-06,  1.7195E-05,  2.0300E-08,  6.5898E-07,  6.0854E-13,  6.0854E-13,  6.0854E-13,  6.0854E-13,  6.0854E-13,  6.0854E-13,  6.0854E-13,  6.0854E-13,  6.0854E-13,  6.0854E-13,  6.0854E-13,  6.0854E-13,  6.0854E-13,  6.0854E-13,  6.0854E-13,  6.0854E-13,  6.0854E-13,  6.0854E-13,  6.0854E-13,  6.0854E-13,  6.0854E-13,  6.0854E-13,  6.0854E-13,  6.0854E-13,  6.0854E-13,  6.0854E-13,  6.0854E-13,  6.0854E-13,  6.0854E-13,  6.0854E-13,  6.0854E-13,  6.0854E-13,  6.0854E-13,  6.0854E-13,  6.0854E-13,  6.0854E-13,  6.0854E-13,  6.0854E-13,  6.0854E-13,  6.0854E-13,  6.0854E-13,  6.0854E-13,  6.0854E-13,  6.0854E-13,  6.0854E-13,  6.0854E-13,  6.0854E-13,  6.0854E-13,  6.0854E-13,  6.0854E-13,  6.0854E-13,  6.0854E-13,  6.0854E-13,  6.0854E-13,  6.0854E-13,  6.0854E-13,  6.0854E-13,  6.0854E-13,  6.0854E-13,  6.0854E-13,  6.0854E-13,  6.0854E-13,  6.0854E-13,  6.0854E-13
  2.8000E+00,  5.5687E+02,  7.4638E+01,  3.5305E-01,  2.0502E-01,  6.0130E-01,  2.0236E+00,  5.3610E-01,  1.9635E+00,  4.3676E-02,  3.1548E-01,  6.3981E-02,  4.1739E-01,  7.2842E-02,  3.0705E-01,  1.3123E-02,  6.0488E-02,  1.3550E-02,  2.9816E-02,  2.1271E-02,  5.4222E-02,  1.0105E-02,  3.3178E-02,  1.6818E-02,  3.4596E-02,  2.3156E-02,  2.4806E-01,  1.5918E-03,  1.2150E-02,  7.4305E-06,  7.4296E-06,  7.4360E-06,  7.4378E-06,  7.4379E-06,  7.4425E-06,  7.4390E-06,  7.4429E-06,  7.4414E-06,  7.4409E-06,  7.4387E-06,  7.4388E-06,  7.4375E-06,  7.4391E-06,  7.4366E-06,  7.4401E-06,  7.4393E-06,  7.4416E-06,  7.4401E-06,  7.4440E-06,  7.4441E-06,  7.4467E-06,  7.4478E-06,  7.4529E-06,  7.4483E-06,  7.4512E-06,  7.4500E-06,  7.4527E-06,  7.4516E-06,  7.4499E-06,  7.4478E-06,  7.4490E-06,  7.4469E-06,  7.4507E-06,  7.4497E-06,  7.4532E-06,  7.4522E-06,  7.4535E-06,  7.4534E-06,  7.4534E-06,  7.4524E-06,  7.4542E-06,  7.4537E-06,  7.4548E-06,  7.4547E-06,  7.4552E-06,  7.4550E-06,  7.4565E-06,  7.4560E-06,  7.4564E-06,  7.4558E-06,  7.4568E-06,  7.4580E-06,  7.4582E-06,  7.4576E-06,  7.4554E-06,  7.4541E-06,  7.4620E-06,  7.4608E-06,  7.4611E-06,  7.4599E-06,  7.4618E-06,  7.4590E-06,  7.4624E-06,  8.3362E-02,  9.5953E-03,  1.3235E-05,  1.0904E-06,  2.0178E-05,  1.9701E-04,  4.6840E-05,  3.7856E-04,  1.8827E-06,  1.2653E-04,  5.1102E-06,  4.2720E-05,  6.5889E-06,  2.6079E-05,  2.9121E-07,  2.3222E-06,  1.0579E-07,  5.3801E-06,  3.4790E-07,  4.1097E-06,  4.9212E-07,  1.9275E-06,  1.6861E-06,  2.9122E-06,  2.3306E-06,  1.3467E-05,  1.6624E-08,  5.1733E-07,  6.0854E-13,  6.0854E-13,  6.0854E-13,  6.0854E-13,  6.0854E-13,  6.0854E-13,  6.0854E-13,  6.0854E-13,  6.0854E-13,  6.0854E-13,  6.0854E-13,  6.0854E-13,  6.0854E-13,  6.0854E-13,  6.0854E-13,  6.0854E-13,  6.0854E-13,  6.0854E-13,  6.0854E-13,  6.0854E-13,  6.0854E-13,  6.0854E-13,  6.0854E-13,  6.0854E-13,  6.0854E-13,  6.0854E-13,  6.0854E-13,  6.0854E-13,  6.0854E-13,  6.0854E-13,  6.0854E-13,  6.0854E-13,  6.0854E-13,  6.0854E-13,  6.0854E-13,  6.0854E-13,  6.0854E-13,  6.0854E-13,  6.0854E-13,  6.0854E-13,  6.0854E-13,  6.0854E-13,  6.0854E-13,  6.0854E-13,  6.0854E-13,  6.0854E-13,  6.0854E-13,  6.0854E-13,  6.0854E-13,  6.0854E-13,  6.0854E-13,  6.0854E-13,  6.0854E-13,  6.0854E-13,  6.0854E-13,  6.0854E-13,  6.0854E-13,  6.0854E-13,  6.0854E-13,  6.0854E-13,  6.0854E-13,  6.0854E-13,  6.0854E-13,  6.0854E-13
  3.2000E+00,  5.5684E+02,  7.4635E+01,  3.5305E-01,  2.0502E-01,  6.0130E-01,  2.0235E+00,  5.3609E-01,  1.9634E+00,  4.3676E-02,  3.1543E-01,  6.3980E-02,  4.1738E-01,  7.2840E-02,  3.0704E-01,  1.3123E-02,  6.0487E-02,  1.3550E-02,  2.9814E-02,  2.1270E-02,  5.4221E-02,  1.0105E-02,  3.3178E-02,  1.6818E-02,  3.4595E-02,  2.3155E-02,  2.4806E-01,  1.5918E-03,  1.2150E-02,  7.4305E-06,  7.4296E-06,  7.4360E-06,  7.4378E-06,  7.4379E-06,  7.4425E-06,  7.4390E-06,  7.4429E-06,  7.4414E-06,  7.4409E-06,  7.4387E-06,  7.4388E-06,  7.4375E-06,  7.4390E-06,  7.4366E-06,  7.4401E-06,  7.4393E-06,  7.4416E-06,  7.4401E-06,  7.4440E-06,  7.4441E-06,  7.4467E-06,  7.4478E-06,  7.4529E-06,  7.4483E-06,  7.4512E-06,  7.4500E-06,  7.4527E-06,  7.4516E-06,  7.4499E-06,  7.4478E-06,  7.4490E-06,  7.4469E-06,  7.4507E-06,  7.4497E-06,  7.4532E-06,  7.4522E-06,  7.4535E-06,  7.4534E-06,  7.4534E-06,  7.4524E-06,  7.4542E-06,  7.4537E-06,  7.4548E-06,  7.4547E-06,  7.4552E-06,  7.4550E-06,  7.4565E-06,  7.4560E-06,  7.4564E-06,  7.4558E-06,  7.4568E-06,  7.4580E-06,  7.4582E-06,  7.4576E-06,  7.4554E-06,  7.4541E-06,  7.4620E-06,  7.4608E-06,  7.4611E-06,  7.4599E-06,  7.4618E-06,  7.4590E-06,  7.4624E-06,  5.3175E-02,  7.1434E-03,  1.0179E-05,  8.8700E-07,  1.5560E-05,  1.4497E-04,  4.2534E-05,  3.4348E-04,  1.4367E-06,  1.2496E-04,  3.8165E-06,  3.1314E-05,  4.8828E-06,  1.9139E-05,  2.2513E-07,  1.7443E-06,  8.4414E-08,  5.1251E-06,  2.7133E-07,  3.0359E-06,  3.7401E-07,  1.4639E-06,  1.2630E-06,  2.1808E-06,  1.7320E-06,  1.0104E-05,  1.3145E-08,  3.8916E-07,  6.0854E-13,  6.0854E-13,  6.0854E-13,  6.0854E-13,  6.0854E-13,  6.0854E-13,  6.0854E-13,  6.0854E-13,  6.0854E-13,  6.0854E-13,  6.0854E-13,  6.0854E-13,  6.0854E-13,  6.0854E-13,  6.0854E-13,  6.0854E-13,  6.0854E-13,  6.0854E-13,  6.0854E-13,  6.0854E-13,  6.0854E-13,  6.0854E-13,  6.0854E-13,  6.0854E-13,  6.0854E-13,  6.0854E-13,  6.0854E-13,  6.0854E-13,  6.0854E-13,  6.0854E-13,  6.0854E-13,  6.0854E-13,  6.0854E-13,  6.0854E-13,  6.0854E-13,  6.0854E-13,  6.0854E-13,  6.0854E-13,  6.0854E-13,  6.0854E-13,  6.0854E-13,  6.0854E-13,  6.0854E-13,  6.0854E-13,  6.0854E-13,  6.0854E-13,  6.0854E-13,  6.0854E-13,  6.0854E-13,  6.0854E-13,  6.0854E-13,  6.0854E-13,  6.0854E-13,  6.0854E-13,  6.0854E-13,  6.0854E-13,  6.0854E-13,  6.0854E-13,  6.0854E-13,  6.0854E-13,  6.0854E-13,  6.0854E-13,  6.0854E-13,  6.0854E-13
  3.5000E+00,  5.5683E+02,  7.4633E+01,  3.5304E-01,  2.0502E-01,  6.0129E-01,  2.0235E+00,  5.3607E-01,  1.9633E+00,  4.3675E-02,  3.1539E-01,  6.3978E-02,  4.1737E-01,  7.2839E-02,  3.0704E-01,  1.3123E-02,  6.0487E-02,  1.3550E-02,  2.9812E-02,  2.1270E-02,  5.4220E-02,  1.0105E-02,  3.3177E-02,  1.6817E-02,  3.4595E-02,  2.3155E-02,  2.4806E-01,  1.5918E-03,  1.2150E-02,  7.4305E-06,  7.4296E-06,  7.4360E-06,  7.4378E-06,  7.4379E-06,  7.4425E-06,  7.4390E-06,  7.4429E-06,  7.4414E-06,  7.4409E-06,  7.4387E-06,  7.4388E-06,  7.4375E-06,  7.4390E-06,  7.4366E-06,  7.4401E-06,  7.4393E-06,  7.4416E-06,  7.4401E-06,  7.4440E-06,  7.4441E-06,  7.4467E-06,  7.4478E-06,  7.4529E-06,  7.4483E-06,  7.4512E-06,  7.4500E-06,  7.4527E-06,  7.4516E-06,  7.4499E-06,  7.4478E-06,  7.4490E-06,  7.4469E-06,  7.4507E-06,  7.4497E-06,  7.4532E-06,  7.4522E-06,  7.4535E-06,  7.4534E-06,  7.4534E-06,  7.4524E-06,  7.4542E-06,  7.4537E-06,  7.4548E-06,  7.4547E-06,  7.4552E-06,  7.4550E-06,  7.4565E-06,  7.4560E-06,  7.4564E-06,  7.4558E-06,  7.4568E-06,  7.4580E-06,  7.4582E-06,  7.4576E-06,  7.4554E-06,  7.4541E-06,  7.4620E-06,  7.4608E-06,  7.4611E-06,  7.4599E-06,  7.4618E-06,  7.4590E-06,  7.4624E-06,  3.9321E-02,  5.9047E-03,  8.5535E-06,  7.7387E-07,  1.3097E-05,  1.1832E-04,  4.0685E-05,  3.2875E-04,  1.2008E-06,  1.2441E-04,  3.1440E-06,  2.5473E-05,  4.0015E-06,  1.5581E-05,  1.8980E-07,  1.4423E-06,  7.2697E-08,  4.8505E-06,  2.3009E-07,  2.4825E-06,  3.1174E-07,  1.2197E-06,  1.0426E-06,  1.8000E-06,  1.4223E-06,  8.3495E-06,  1.1251E-08,  3.2215E-07,  6.0854E-13,  6.0854E-13,  6.0854E-13,  6.0854E-13,  6.0854E-13,  6.0854E-13,  6.0854E-13,  6.0854E-13,  6.0854E-13,  6.0854E-13,  6.0854E-13,  6.0854E-13,  6.0854E-13,  6.0854E-13,  6.0854E-13,  6.0854E-13,  6.0854E-13,  6.0854E-13,  6.0854E-13,  6.0854E-13,  6.0854E-13,  6.0854E-13,  6.0854E-13,  6.0854E-13,  6.0854E-13,  6.0854E-13,  6.0854E-13,  6.0854E-13,  6.0854E-13,  6.0854E-13,  6.0854E-13,  6.0854E-13,  6.0854E-13,  6.0854E-13,  6.0854E-13,  6.0854E-13,  6.0854E-13,  6.0854E-13,  6.0854E-13,  6.0854E-13,  6.0854E-13,  6.0854E-13,  6.0854E-13,  6.0854E-13,  6.0854E-13,  6.0854E-13,  6.0854E-13,  6.0854E-13,  6.0854E-13,  6.0854E-13,  6.0854E-13,  6.0854E-13,  6.0854E-13,  6.0854E-13,  6.0854E-13,  6.0854E-13,  6.0854E-13,  6.0854E-13,  6.0854E-13,  6.0854E-13,  6.0854E-13,  6.0854E-13,  6.0854E-13,  6.0854E-13
  4.0000E+00,  5.5681E+02,  7.4630E+01,  3.5304E-01,  2.0501E-01,  6.0129E-01,  2.0234E+00,  5.3605E-01,  1.9631E+00,  4.3675E-02,  3.1533E-01,  6.3977E-02,  4.1736E-01,  7.2837E-02,  3.0703E-01,  1.3123E-02,  6.0486E-02,  1.3550E-02,  2.9810E-02,  2.1270E-02,  5.4219E-02,  1.0105E-02,  3.3177E-02,  1.6817E-02,  3.4594E-02,  2.3154E-02,  2.4805E-01,  1.5918E-03,  1.2150E-02,  7.4305E-06,  7.4296E-06,  7.4360E-06,  7.4378E-06,  7.4379E-06,  7.4425E-06,  7.4390E-06,  7.4429E-06,  7.4414E-06,  7.4409E-06,  7.4387E-06,  7.4388E-06,  7.4375E-06,  7.4390E-06,  7.4366E-06,  7.4401E-06,  7.4393E-06,  7.4416E-06,  7.4401E-06,  7.4440E-06,  7.4441E-06,  7.4467E-06,  7.4478E-06,  7.4529E-06,  7.4483E-06,  7.4512E-06,  7.4500E-06,  7.4527E-06,  7.4516E-06,  7.4499E-06,  7.4478E-06,  7.4490E-06,  7.4469E-06,  7.4507E-06,  7.4497E-06,  7.4532E-06,  7.4522E-06,  7.4535E-06,  7.4534E-06,  7.4534E-06,  7.4524E-06,  7.4542E-06,  7.4537E-06,  7.4548E-06,  7.4547E-06,  7.4552E-06,  7.4550E-06,  7.4565E-06,  7.4560E-06,  7.4564E-06,  7.4558E-06,  7.4568E-06,  7.4580E-06,  7.4582E-06,  7.4576E-06,  7.4554E-06,  7.4541E-06,  7.4620E-06,  7.4608E-06,  7.4611E-06,  7.4599E-06,  7.4618E-06,  7.4590E-06,  7.4624E-06,  2.5181E-02,  4.5195E-03,  6.6598E-06,  6.3723E-07,  1.0197E-05,  8.8007E-05,  3.9115E-05,  3.1633E-04,  9.2408E-07,  1.2340E-04,  2.3680E-06,  1.8828E-05,  2.9905E-06,  1.1529E-05,  1.4796E-07,  1.0923E-06,  5.8494E-08,  4.2936E-06,  1.8094E-07,  1.8491E-06,  2.3896E-07,  9.3768E-07,  7.9053E-07,  1.3645E-06,  1.0700E-06,  6.3181E-06,  9.0053E-09,  2.4441E-07,  6.0854E-13,  6.0854E-13,  6.0854E-13,  6.0854E-13,  6.0854E-13,  6.0854E-13,  6.0854E-13,  6.0854E-13,  6.0854E-13,  6.0854E-13,  6.0854E-13,  6.0854E-13,  6.0854E-13,  6.0854E-13,  6.0854E-13,  6.0854E-13,  6.0854E-13,  6.0854E-13,  6.0854E-13,  6.0854E-13,  6.0854E-13,  6.0854E-13,  6.0854E-13,  6.0854E-13,  6.0854E-13,  6.0854E-13,  6.0854E-13,  6.0854E-13,  6.0854E-13,  6.0854E-13,  6.0854E-13,  6.0854E-13,  6.0854E-13,  6.0854E-13,  6.0854E-13,  6.0854E-13,  6.0854E-13,  6.0854E-13,  6.0854E-13,  6.0854E-13,  6.0854E-13,  6.0854E-13,  6.0854E-13,  6.0854E-13,  6.0854E-13,  6.0854E-13,  6.0854E-13,  6.0854E-13,  6.0854E-13,  6.0854E-13,  6.0854E-13,  6.0854E-13,  6.0854E-13,  6.0854E-13,  6.0854E-13,  6.0854E-13,  6.0854E-13,  6.0854E-13,  6.0854E-13,  6.0854E-13,  6.0854E-13,  6.0854E-13,  6.0854E-13,  6.0854E-13
  4.5000E+00,  5.5680E+02,  7.4628E+01,  3.5304E-01,  2.0501E-01,  6.0128E-01,  2.0234E+00,  5.3603E-01,  1.9630E+00,  4.3674E-02,  3.1527E-01,  6.3976E-02,  4.1735E-01,  7.2836E-02,  3.0703E-01,  1.3123E-02,  6.0486E-02,  1.3550E-02,  2.9808E-02,  2.1270E-02,  5.4218E-02,  1.0105E-02,  3.3176E-02,  1.6817E-02,  3.4593E-02,  2.3154E-02,  2.4805E-01,  1.5918E-03,  1.2150E-02,  7.4305E-06,  7.4296E-06,  7.4359E-06,  7.4378E-06,  7.4379E-06,  7.4425E-06,  7.4390E-06,  7.4428E-06,  7.4414E-06,  7.4409E-06,  7.4387E-06,  7.4388E-06,  7.4375E-06,  7.4390E-06,  7.4366E-06,  7.4401E-06,  7.4393E-06,  7.4416E-06,  7.4401E-06,  7.4440E-06,  7.4441E-06,  7.4467E-06,  7.4478E-06,  7.4529E-06,  7.4483E-06,  7.4512E-06,  7.4500E-06,  7.4527E-06,  7.4516E-06,  7.4499E-06,  7.4478E-06,  7.4490E-06,  7.4469E-06,  7.4507E-06,  7.4497E-06,  7.4532E-06,  7.4522E-06,  7.4535E-06,  7.4534E-06,  7.4534E-06,  7.4524E-06,  7.4542E-06,  7.4537E-06,  7.4548E-06,  7.4547E-06,  7.4552E-06,  7.4550E-06,  7.4565E-06,  7.4560E-06,  7.4564E-06,  7.4558E-06,  7.4568E-06,  7.4580E-06,  7.4582E-06,  7.4576E-06,  7.4554E-06,  7.4541E-06,  7.4620E-06,  7.4608E-06,  7.4611E-06,  7.4599E-06,  7.4618E-06,  7.4590E-06,  7.4624E-06,  1.7131E-02,  3.6506E-03,  5.3713E-06,  5.3990E-07,  8.2631E-06,  6.8486E-05,  3.8605E-05,  3.1188E-04,  7.4259E-07,  1.2144E-04,  1.8672E-06,  1.4544E-05,  2.3420E-06,  8.9154E-06,  1.2026E-07,  8.6213E-07,  4.8889E-08,  3.6811E-06,  1.4821E-07,  1.4382E-06,  1.9135E-07,  7.4779E-07,  6.2284E-07,  1.0748E-06,  8.3726E-07,  5.0025E-06,  7.4414E-09,  1.9395E-07,  6.0854E-13,  6.0854E-13,  6.0854E-13,  6.0854E-13,  6.0854E-13,  6.0854E-13,  6.0854E-13,  6.0854E-13,  6.0854E-13,  6.0854E-13,  6.0854E-13,  6.0854E-13,  6.0854E-13,  6.0854E-13,  6.0854E-13,  6.0854E-13,  6.0854E-13,  6.0854E-13,  6.0854E-13,  6.0854E-13,  6.0854E-13,  6.0854E-13,  6.0854E-13,  6.0854E-13,  6.0854E-13,  6.0854E-13,  6.0854E-13,  6.0854E-13,  6.0854E-13,  6.0854E-13,  6.0854E-13,  6.0854E-13,  6.0854E-13,  6.0854E-13,  6.0854E-13,  6.0854E-13,  6.0854E-13,  6.0854E-13,  6.0854E-13,  6.0854E-13,  6.0854E-13,  6.0854E-13,  6.0854E-13,  6.0854E-13,  6.0854E-13,  6.0854E-13,  6.0854E-13,  6.0854E-13,  6.0854E-13,  6.0854E-13,  6.0854E-13,  6.0854E-13,  6.0854E-13,  6.0854E-13,  6.0854E-13,  6.0854E-13,  6.0854E-13,  6.0854E-13,  6.0854E-13,  6.0854E-13,  6.0854E-13,  6.0854E-13,  6.0854E-13,  6.0854E-13
  5.0000E+00,  5.5679E+02,  7.4627E+01,  3.5303E-01,  2.0501E-01,  6.0128E-01,  2.0234E+00,  5.3601E-01,  1.9628E+00,  4.3674E-02,  3.1521E-01,  6.3975E-02,  4.1734E-01,  7.2835E-02,  3.0702E-01,  1.3123E-02,  6.0485E-02,  1.3550E-02,  2.9806E-02,  2.1270E-02,  5.4217E-02,  1.0105E-02,  3.3176E-02,  1.6816E-02,  3.4593E-02,  2.3153E-02,  2.4805E-01,  1.5918E-03,  1.2150E-02,  7.4305E-06,  7.4296E-06,  7.4359E-06,  7.4378E-06,  7.4379E-06,  7.4425E-06,  7.4390E-06,  7.4428E-06,  7.4414E-06,  7.4409E-06,  7.4387E-06,  7.4388E-06,  7.4375E-06,  7.4390E-06,  7.4366E-06,  7.4401E-06,  7.4393E-06,  7.4416E-06,  7.4401E-06,  7.4440E-06,  7.4441E-06,  7.4467E-06,  7.4478E-06,  7.4529E-06,  7.4483E-06,  7.4512E-06,  7.4500E-06,  7.4527E-06,  7.4516E-06,  7.4499E-06,  7.4478E-06,  7.4490E-06,  7.4469E-06,  7.4507E-06,  7.4497E-06,  7.4532E-06,  7.4522E-06,  7.4535E-06,  7.4534E-06,  7.4534E-06,  7.4524E-06,  7.4542E-06,  7.4537E-06,  7.4548E-06,  7.4547E-06,  7.4552E-06,  7.4550E-06,  7.4565E-06,  7.4560E-06,  7.4564E-06,  7.4558E-06,  7.4568E-06,  7.4580E-06,  7.4582E-06,  7.4576E-06,  7.4554E-06,  7.4541E-06,  7.4620E-06,  7.4608E-06,  7.4611E-06,  7.4599E-06,  7.4618E-06,  7.4590E-06,  7.4624E-06,  1.2277E-02,  3.0948E-03,  4.4722E-06,  4.6978E-07,  6.8938E-06,  5.5569E-05,  3.8645E-05,  3.1107E-04,  6.1445E-07,  1.1824E-04,  1.5190E-06,  1.1706E-05,  1.8937E-06,  7.1820E-06,  1.0053E-07,  7.0731E-07,  4.1896E-08,  3.0765E-06,  1.2474E-07,  1.1646E-06,  1.5782E-07,  6.1644E-07,  5.0790E-07,  8.7629E-07,  6.7856E-07,  4.0846E-06,  6.3323E-09,  1.5869E-07,  6.0854E-13,  6.0854E-13,  6.0854E-13,  6.0854E-13,  6.0854E-13,  6.0854E-13,  6.0854E-13,  6.0854E-13,  6.0854E-13,  6.0854E-13,  6.0854E-13,  6.0854E-13,  6.0854E-13,  6.0854E-13,  6.0854E-13,  6.0854E-13,  6.0854E-13,  6.0854E-13,  6.0854E-13,  6.0854E-13,  6.0854E-13,  6.0854E-13,  6.0854E-13,  6.0854E-13,  6.0854E-13,  6.0854E-13,  6.0854E-13,  6.0854E-13,  6.0854E-13,  6.0854E-13,  6.0854E-13,  6.0854E-13,  6.0854E-13,  6.0854E-13,  6.0854E-13,  6.0854E-13,  6.0854E-13,  6.0854E-13,  6.0854E-13,  6.0854E-13,  6.0854E-13,  6.0854E-13,  6.0854E-13,  6.0854E-13,  6.0854E-13,  6.0854E-13,  6.0854E-13,  6.0854E-13,  6.0854E-13,  6.0854E-13,  6.0854E-13,  6.0854E-13,  6.0854E-13,  6.0854E-13,  6.0854E-13,  6.0854E-13,  6.0854E-13,  6.0854E-13,  6.0854E-13,  6.0854E-13,  6.0854E-13,  6.0854E-13,  6.0854E-13,  6.0854E-13
  5.5000E+00,  5.5679E+02,  7.4625E+01,  3.5303E-01,  2.0501E-01,  6.0128E-01,  2.0234E+00,  5.3599E-01,  1.9626E+00,  4.3674E-02,  3.1515E-01,  6.3974E-02,  4.1734E-01,  7.2834E-02,  3.0702E-01,  1.3123E-02,  6.0485E-02,  1.3550E-02,  2.9805E-02,  2.1270E-02,  5.4217E-02,  1.0105E-02,  3.3176E-02,  1.6816E-02,  3.4592E-02,  2.3153E-02,  2.4805E-01,  1.5918E-03,  1.2150E-02,  7.4305E-06,  7.4296E-06,  7.4359E-06,  7.4378E-06,  7.4379E-06,  7.4425E-06,  7.4390E-06,  7.4428E-06,  7.4414E-06,  7.4409E-06,  7.4387E-06,  7.4388E-06,  7.4375E-06,  7.4390E-06,  7.4366E-06,  7.4401E-06,  7.4393E-06,  7.4416E-06,  7.4401E-06,  7.4440E-06,  7.4441E-06,  7.4467E-06,  7.4478E-06,  7.4529E-06,  7.4483E-06,  7.4512E-06,  7.4500E-06,  7.4527E-06,  7.4516E-06,  7.4499E-06,  7.4478E-06,  7.4490E-06,  7.4469E-06,  7.4507E-06,  7.4497E-06,  7.4532E-06,  7.4522E-06,  7.4535E-06,  7.4534E-06,  7.4534E-06,  7.4524E-06,  7.4542E-06,  7.4537E-06,  7.4548E-06,  7.4547E-06,  7.4552E-06,  7.4550E-06,  7.4565E-06,  7.4560E-06,  7.4564E-06,  7.4558E-06,  7.4568E-06,  7.4580E-06,  7.4582E-06,  7.4576E-06,  7.4554E-06,  7.4541E-06,  7.4620E-06,  7.4608E-06,  7.4611E-06,  7.4599E-06,  7.4618E-06,  7.4590E-06,  7.4624E-06,  9.1980E-03,  2.7131E-03,  3.8243E-06,  4.1807E-07,  5.9069E-06,  4.6351E-05,  3.8859E-05,  3.1102E-04,  5.2257E-07,  1.1372E-04,  1.2723E-06,  9.6762E-06,  1.5775E-06,  5.9419E-06,  8.6297E-08,  5.9493E-07,  3.6783E-08,  2.5219E-06,  1.0775E-07,  9.6802E-07,  1.3384E-07,  5.2251E-07,  4.2626E-07,  7.3534E-07,  5.6635E-07,  3.4325E-06,  5.5233E-09,  1.3362E-07,  6.0854E-13,  6.0854E-13,  6.0854E-13,  6.0854E-13,  6.0854E-13,  6.0854E-13,  6.0854E-13,  6.0854E-13,  6.0854E-13,  6.0854E-13,  6.0854E-13,  6.0854E-13,  6.0854E-13,  6.0854E-13,  6.0854E-13,  6.0854E-13,  6.0854E-13,  6.0854E-13,  6.0854E-13,  6.0854E-13,  6.0854E-13,  6.0854E-13,  6.0854E-13,  6.0854E-13,  6.0854E-13,  6.0854E-13,  6.0854E-13,  6.0854E-13,  6.0854E-13,  6.0854E-13,  6.0854E-13,  6.0854E-13,  6.0854E-13,  6.0854E-13,  6.0854E-13,  6.0854E-13,  6.0854E-13,  6.0854E-13,  6.0854E-13,  6.0854E-13,  6.0854E-13,  6.0854E-13,  6.0854E-13,  6.0854E-13,  6.0854E-13,  6.0854E-13,  6.0854E-13,  6.0854E-13,  6.0854E-13,  6.0854E-13,  6.0854E-13,  6.0854E-13,  6.0854E-13,  6.0854E-13,  6.0854E-13,  6.0854E-13,  6.0854E-13,  6.0854E-13,  6.0854E-13,  6.0854E-13,  6.0854E-13,  6.0854E-13,  6.0854E-13,  6.0854E-13
  6.3000E+00,  5.5678E+02,  7.4623E+01,  3.5303E-01,  2.0501E-01,  6.0127E-01,  2.0233E+00,  5.3596E-01,  1.9624E+00,  4.3673E-02,  3.1506E-01,  6.3974E-02,  4.1733E-01,  7.2833E-02,  3.0701E-01,  1.3123E-02,  6.0485E-02,  1.3550E-02,  2.9803E-02,  2.1270E-02,  5.4216E-02,  1.0104E-02,  3.3175E-02,  1.6816E-02,  3.4592E-02,  2.3153E-02,  2.4804E-01,  1.5918E-03,  1.2150E-02,  7.4305E-06,  7.4296E-06,  7.4359E-06,  7.4378E-06,  7.4379E-06,  7.4425E-06,  7.4390E-06,  7.4428E-06,  7.4414E-06,  7.4409E-06,  7.4387E-06,  7.4388E-06,  7.4375E-06,  7.4390E-06,  7.4366E-06,  7.4401E-06,  7.4393E-06,  7.4416E-06,  7.4401E-06,  7.4440E-06,  7.4441E-06,  7.4467E-06,  7.4478E-06,  7.4529E-06,  7.4483E-06,  7.4512E-06,  7.4500E-06,  7.4527E-06,  7.4516E-06,  7.4499E-06,  7.4478E-06,  7.4490E-06,  7.4469E-06,  7.4507E-06,  7.4497E-06,  7.4532E-06,  7.4522E-06,  7.4535E-06,  7.4534E-06,  7.4534E-06,  7.4524E-06,  7.4542E-06,  7.4537E-06,  7.4548E-06,  7.4547E-06,  7.4552E-06,  7.4550E-06,  7.4565E-06,  7.4560E-06,  7.4564E-06,  7.4558E-06,  7.4568E-06,  7.4580E-06,  7.4582E-06,  7.4576E-06,  7.4554E-06,  7.4541E-06,  7.4620E-06,  7.4608E-06,  7.4611E-06,  7.4599E-06,  7.4618E-06,  7.4590E-06,  7.4624E-06,  6.2685E-03,  2.3350E-03,  3.1167E-06,  3.6070E-07,  4.8303E-06,  3.6591E-05,  3.9246E-05,  3.1001E-04,  4.2290E-07,  1.0429E-04,  1.0075E-06,  7.5221E-06,  1.2396E-06,  4.6253E-06,  7.0779E-08,  4.7412E-07,  3.1148E-08,  1.7904E-06,  8.9168E-08,  7.5855E-07,  1.0785E-07,  4.2070E-07,  3.3836E-07,  5.8375E-07,  4.4608E-07,  2.7304E-06,  4.6324E-09,  1.0660E-07,  6.0854E-13,  6.0854E-13,  6.0854E-13,  6.0854E-13,  6.0854E-13,  6.0854E-13,  6.0854E-13,  6.0854E-13,  6.0854E-13,  6.0854E-13,  6.0854E-13,  6.0854E-13,  6.0854E-13,  6.0854E-13,  6.0854E-13,  6.0854E-13,  6.0854E-13,  6.0854E-13,  6.0854E-13,  6.0854E-13,  6.0854E-13,  6.0854E-13,  6.0854E-13,  6.0854E-13,  6.0854E-13,  6.0854E-13,  6.0854E-13,  6.0854E-13,  6.0854E-13,  6.0854E-13,  6.0854E-13,  6.0854E-13,  6.0854E-13,  6.0854E-13,  6.0854E-13,  6.0854E-13,  6.0854E-13,  6.0854E-13,  6.0854E-13,  6.0854E-13,  6.0854E-13,  6.0854E-13,  6.0854E-13,  6.0854E-13,  6.0854E-13,  6.0854E-13,  6.0854E-13,  6.0854E-13,  6.0854E-13,  6.0854E-13,  6.0854E-13,  6.0854E-13,  6.0854E-13,  6.0854E-13,  6.0854E-13,  6.0854E-13,  6.0854E-13,  6.0854E-13,  6.0854E-13,  6.0854E-13,  6.0854E-13,  6.0854E-13,  6.0854E-13,  6.0854E-13
  7.1000E+00,  5.5678E+02,  7.4621E+01,  3.5303E-01,  2.0501E-01,  6.0127E-01,  2.0233E+00,  5.3593E-01,  1.9622E+00,  4.3673E-02,  3.1499E-01,  6.3973E-02,  4.1732E-01,  7.2832E-02,  3.0701E-01,  1.3122E-02,  6.0484E-02,  1.3550E-02,  2.9802E-02,  2.1270E-02,  5.4215E-02,  1.0104E-02,  3.3175E-02,  1.6816E-02,  3.4591E-02,  2.3152E-02,  2.4804E-01,  1.5918E-03,  1.2149E-02,  7.4305E-06,  7.4296E-06,  7.4359E-06,  7.4378E-06,  7.4379E-06,  7.4425E-06,  7.4390E-06,  7.4428E-06,  7.4414E-06,  7.4409E-06,  7.4387E-06,  7.4388E-06,  7.4375E-06,  7.4390E-06,  7.4366E-06,  7.4401E-06,  7.4393E-06,  7.4416E-06,  7.4401E-06,  7.4440E-06,  7.4441E-06,  7.4467E-06,  7.4478E-06,  7.4529E-06,  7.4483E-06,  7.4512E-06,  7.4500E-06,  7.4527E-06,  7.4516E-06,  7.4499E-06,  7.4478E-06,  7.4490E-06,  7.4469E-06,  7.4507E-06,  7.4497E-06,  7.4532E-06,  7.4522E-06,  7.4535E-06,  7.4534E-06,  7.4534E-06,  7.4524E-06,  7.4542E-06,  7.4537E-06,  7.4548E-06,  7.4547E-06,  7.4552E-06,  7.4550E-06,  7.4565E-06,  7.4560E-06,  7.4564E-06,  7.4558E-06,  7.4568E-06,  7.4580E-06,  7.4582E-06,  7.4576E-06,  7.4554E-06,  7.4541E-06,  7.4620E-06,  7.4608E-06,  7.4611E-06,  7.4599E-06,  7.4618E-06,  7.4590E-06,  7.4624E-06,  4.6288E-03,  2.1230E-03,  2.6589E-06,  3.2359E-07,  4.1356E-06,  3.0457E-05,  3.9401E-05,  3.0597E-04,  3.5886E-07,  9.3053E-05,  8.3896E-07,  6.1640E-06,  1.0253E-06,  3.7954E-06,  6.0787E-08,  3.9717E-07,  2.7509E-08,  1.2626E-06,  7.7190E-08,  6.2609E-07,  9.1166E-08,  3.5529E-07,  2.8216E-07,  4.8692E-07,  3.6949E-07,  2.2820E-06,  4.0552E-09,  8.9342E-08,  6.0854E-13,  6.0854E-13,  6.0854E-13,  6.0854E-13,  6.0854E-13,  6.0854E-13,  6.0854E-13,  6.0854E-13,  6.0854E-13,  6.0854E-13,  6.0854E-13,  6.0854E-13,  6.0854E-13,  6.0854E-13,  6.0854E-13,  6.0854E-13,  6.0854E-13,  6.0854E-13,  6.0854E-13,  6.0854E-13,  6.0854E-13,  6.0854E-13,  6.0854E-13,  6.0854E-13,  6.0854E-13,  6.0854E-13,  6.0854E-13,  6.0854E-13,  6.0854E-13,  6.0854E-13,  6.0854E-13,  6.0854E-13,  6.0854E-13,  6.0854E-13,  6.0854E-13,  6.0854E-13,  6.0854E-13,  6.0854E-13,  6.0854E-13,  6.0854E-13,  6.0854E-13,  6.0854E-13,  6.0854E-13,  6.0854E-13,  6.0854E-13,  6.0854E-13,  6.0854E-13,  6.0854E-13,  6.0854E-13,  6.0854E-13,  6.0854E-13,  6.0854E-13,  6.0854E-13,  6.0854E-13,  6.0854E-13,  6.0854E-13,  6.0854E-13,  6.0854E-13,  6.0854E-13,  6.0854E-13,  6.0854E-13,  6.0854E-13,  6.0854E-13,  6.0854E-13
  8.0000E+00,  5.5677E+02,  7.4620E+01,  3.5302E-01,  2.0501E-01,  6.0126E-01,  2.0233E+00,  5.3590E-01,  1.9619E+00,  4.3673E-02,  3.1491E-01,  6.3972E-02,  4.1732E-01,  7.2831E-02,  3.0701E-01,  1.3122E-02,  6.0484E-02,  1.3549E-02,  2.9801E-02,  2.1270E-02,  5.4215E-02,  1.0104E-02,  3.3175E-02,  1.6815E-02,  3.4591E-02,  2.3152E-02,  2.4804E-01,  1.5918E-03,  1.2149E-02,  7.4305E-06,  7.4296E-06,  7.4359E-06,  7.4378E-06,  7.4378E-06,  7.4425E-06,  7.4390E-06,  7.4428E-06,  7.4414E-06,  7.4409E-06,  7.4387E-06,  7.4388E-06,  7.4375E-06,  7.4390E-06,  7.4366E-06,  7.4401E-06,  7.4393E-06,  7.4416E-06,  7.4401E-06,  7.4440E-06,  7.4441E-06,  7.4467E-06,  7.4478E-06,  7.4529E-06,  7.4483E-06,  7.4512E-06,  7.4500E-06,  7.4527E-06,  7.4516E-06,  7.4499E-06,  7.4478E-06,  7.4490E-06,  7.4469E-06,  7.4507E-06,  7.4497E-06,  7.4532E-06,  7.4522E-06,  7.4535E-06,  7.4534E-06,  7.4533E-06,  7.4524E-06,  7.4542E-06,  7.4537E-06,  7.4548E-06,  7.4547E-06,  7.4552E-06,  7.4550E-06,  7.4565E-06,  7.4560E-06,  7.4564E-06,  7.4558E-06,  7.4568E-06,  7.4580E-06,  7.4582E-06,  7.4576E-06,  7.4554E-06,  7.4541E-06,  7.4620E-06,  7.4608E-06,  7.4611E-06,  7.4599E-06,  7.4617E-06,  7.4590E-06,  7.4624E-06,  3.5553E-03,  1.9940E-03,  2.3215E-06,  2.9712E-07,  3.6263E-06,  2.6012E-05,  3.9126E-05,  2.9700E-04,  3.1198E-07,  7.9598E-05,  7.1583E-07,  5.1788E-06,  8.6906E-07,  3.1933E-06,  5.3496E-08,  3.4112E-07,  2.4890E-08,  8.7268E-07,  6.8478E-08,  5.2983E-07,  7.8940E-08,  3.0728E-07,  2.4093E-07,  4.1599E-07,  3.1342E-07,  1.9536E-06,  3.6350E-09,  7.6725E-08,  6.0854E-13,  6.0854E-13,  6.0854E-13,  6.0854E-13,  6.0854E-13,  6.0854E-13,  6.0854E-13,  6.0854E-13,  6.0854E-13,  6.0854E-13,  6.0854E-13,  6.0854E-13,  6.0854E-13,  6.0854E-13,  6.0854E-13,  6.0854E-13,  6.0854E-13,  6.0854E-13,  6.0854E-13,  6.0854E-13,  6.0854E-13,  6.0854E-13,  6.0854E-13,  6.0854E-13,  6.0854E-13,  6.0854E-13,  6.0854E-13,  6.0854E-13,  6.0854E-13,  6.0854E-13,  6.0854E-13,  6.0854E-13,  6.0854E-13,  6.0854E-13,  6.0854E-13,  6.0854E-13,  6.0854E-13,  6.0854E-13,  6.0854E-13,  6.0854E-13,  6.0854E-13,  6.0854E-13,  6.0854E-13,  6.0854E-13,  6.0854E-13,  6.0854E-13,  6.0854E-13,  6.0854E-13,  6.0854E-13,  6.0854E-13,  6.0854E-13,  6.0854E-13,  6.0854E-13,  6.0854E-13,  6.0854E-13,  6.0854E-13,  6.0854E-13,  6.0854E-13,  6.0854E-13,  6.0854E-13,  6.0854E-13,  6.0854E-13,  6.0854E-13,  6.0854E-13
  9.0000E+00,  5.5677E+02,  7.4618E+01,  3.5302E-01,  2.0501E-01,  6.0126E-01,  2.0232E+00,  5.3586E-01,  1.9616E+00,  4.3672E-02,  3.1484E-01,  6.3971E-02,  4.1731E-01,  7.2830E-02,  3.0701E-01,  1.3122E-02,  6.0484E-02,  1.3549E-02,  2.9800E-02,  2.1270E-02,  5.4214E-02,  1.0104E-02,  3.3174E-02,  1.6815E-02,  3.4591E-02,  2.3152E-02,  2.4804E-01,  1.5918E-03,  1.2149E-02,  7.4305E-06,  7.4296E-06,  7.4359E-06,  7.4378E-06,  7.4378E-06,  7.4425E-06,  7.4390E-06,  7.4428E-06,  7.4414E-06,  7.4409E-06,  7.4387E-06,  7.4388E-06,  7.4375E-06,  7.4390E-06,  7.4366E-06,  7.4401E-06,  7.4393E-06,  7.4416E-06,  7.4401E-06,  7.4440E-06,  7.4441E-06,  7.4467E-06,  7.4478E-06,  7.4529E-06,  7.4483E-06,  7.4512E-06,  7.4500E-06,  7.4527E-06,  7.4516E-06,  7.4499E-06,  7.4478E-06,  7.4490E-06,  7.4469E-06,  7.4507E-06,  7.4497E-06,  7.4532E-06,  7.4522E-06,  7.4535E-06,  7.4534E-06,  7.4533E-06,  7.4524E-06,  7.4542E-06,  7.4537E-06,  7.4548E-06,  7.4547E-06,  7.4552E-06,  7.4550E-06,  7.4565E-06,  7.4560E-06,  7.4564E-06,  7.4558E-06,  7.4568E-06,  7.4580E-06,  7.4582E-06,  7.4576E-06,  7.4554E-06,  7.4541E-06,  7.4620E-06,  7.4608E-06,  7.4611E-06,  7.4599E-06,  7.4617E-06,  7.4590E-06,  7.4624E-06,  2.8651E-03,  1.9264E-03,  2.0876E-06,  2.8000E-07,  3.2675E-06,  2.2844E-05,  3.8221E-05,  2.8195E-04,  2.7884E-07,  6.5069E-05,  6.2816E-07,  4.4780E-06,  7.5777E-07,  2.7658E-06,  4.8409E-08,  3.0150E-07,  2.3144E-08,  6.1306E-07,  6.2460E-08,  4.6152E-07,  7.0259E-08,  2.7311E-07,  2.1140E-07,  3.6533E-07,  2.7327E-07,  1.7195E-06,  3.3469E-09,  6.7763E-08,  6.0854E-13,  6.0854E-13,  6.0854E-13,  6.0854E-13,  6.0854E-13,  6.0854E-13,  6.0854E-13,  6.0854E-13,  6.0854E-13,  6.0854E-13,  6.0854E-13,  6.0854E-13,  6.0854E-13,  6.0854E-13,  6.0854E-13,  6.0854E-13,  6.0854E-13,  6.0854E-13,  6.0854E-13,  6.0854E-13,  6.0854E-13,  6.0854E-13,  6.0854E-13,  6.0854E-13,  6.0854E-13,  6.0854E-13,  6.0854E-13,  6.0854E-13,  6.0854E-13,  6.0854E-13,  6.0854E-13,  6.0854E-13,  6.0854E-13,  6.0854E-13,  6.0854E-13,  6.0854E-13,  6.0854E-13,  6.0854E-13,  6.0854E-13,  6.0854E-13,  6.0854E-13,  6.0854E-13,  6.0854E-13,  6.0854E-13,  6.0854E-13,  6.0854E-13,  6.0854E-13,  6.0854E-13,  6.0854E-13,  6.0854E-13,  6.0854E-13,  6.0854E-13,  6.0854E-13,  6.0854E-13,  6.0854E-13,  6.0854E-13,  6.0854E-13,  6.0854E-13,  6.0854E-13,  6.0854E-13,  6.0854E-13,  6.0854E-13,  6.0854E-13,  6.0854E-13
  1.0000E+01,  5.5677E+02,  7.4616E+01,  3.5302E-01,  2.0501E-01,  6.0126E-01,  2.0232E+00,  5.3582E-01,  1.9613E+00,  4.3672E-02,  3.1478E-01,  6.3971E-02,  4.1731E-01,  7.2829E-02,  3.0700E-01,  1.3122E-02,  6.0483E-02,  1.3549E-02,  2.9800E-02,  2.1270E-02,  5.4214E-02,  1.0104E-02,  3.3174E-02,  1.6815E-02,  3.4590E-02,  2.3151E-02,  2.4804E-01,  1.5918E-03,  1.2149E-02,  7.4305E-06,  7.4296E-06,  7.4359E-06,  7.4378E-06,  7.4378E-06,  7.4425E-06,  7.4390E-06,  7.4428E-06,  7.4414E-06,  7.4409E-06,  7.4387E-06,  7.4388E-06,  7.4375E-06,  7.4390E-06,  7.4366E-06,  7.4401E-06,  7.4393E-06,  7.4416E-06,  7.4401E-06,  7.4440E-06,  7.4441E-06,  7.4466E-06,  7.4478E-06,  7.4529E-06,  7.4483E-06,  7.4512E-06,  7.4500E-06,  7.4527E-06,  7.4516E-06,  7.4499E-06,  7.4478E-06,  7.4490E-06,  7.4469E-06,  7.4507E-06,  7.4497E-06,  7.4532E-06,  7.4522E-06,  7.4535E-06,  7.4534E-06,  7.4533E-06,  7.4524E-06,  7.4542E-06,  7.4537E-06,  7.4547E-06,  7.4547E-06,  7.4552E-06,  7.4550E-06,  7.4565E-06,  7.4560E-06,  7.4564E-06,  7.4558E-06,  7.4568E-06,  7.4580E-06,  7.4582E-06,  7.4576E-06,  7.4554E-06,  7.4541E-06,  7.4620E-06,  7.4608E-06,  7.4611E-06,  7.4599E-06,  7.4617E-06,  7.4590E-06,  7.4624E-06,  2.4538E-03,  1.9029E-03,  1.9362E-06,  2.7247E-07,  3.0468E-06,  2.0795E-05,  3.6741E-05,  2.6269E-04,  2.5821E-07,  5.2083E-05,  5.7236E-07,  4.0288E-06,  6.8658E-07,  2.4924E-06,  4.5341E-08,  2.7666E-07,  2.2205E-08,  4.6099E-07,  5.8922E-08,  4.1802E-07,  6.4802E-08,  2.5210E-07,  1.9308E-07,  3.3366E-07,  2.4821E-07,  1.5703E-06,  3.1917E-09,  6.2096E-08,  6.0854E-13,  6.0854E-13,  6.0854E-13,  6.0854E-13,  6.0854E-13,  6.0854E-13,  6.0854E-13,  6.0854E-13,  6.0854E-13,  6.0854E-13,  6.0854E-13,  6.0854E-13,  6.0854E-13,  6.0854E-13,  6.0854E-13,  6.0854E-13,  6.0854E-13,  6.0854E-13,  6.0854E-13,  6.0854E-13,  6.0854E-13,  6.0854E-13,  6.0854E-13,  6.0854E-13,  6.0854E-13,  6.0854E-13,  6.0854E-13,  6.0854E-13,  6.0854E-13,  6.0854E-13,  6.0854E-13,  6.0854E-13,  6.0854E-13,  6.0854E-13,  6.0854E-13,  6.0854E-13,  6.0854E-13,  6.0854E-13,  6.0854E-13,  6.0854E-13,  6.0854E-13,  6.0854E-13,  6.0854E-13,  6.0854E-13,  6.0854E-13,  6.0854E-13,  6.0854E-13,  6.0854E-13,  6.0854E-13,  6.0854E-13,  6.0854E-13,  6.0854E-13,  6.0854E-13,  6.0854E-13,  6.0854E-13,  6.0854E-13,  6.0854E-13,  6.0854E-13,  6.0854E-13,  6.0854E-13,  6.0854E-13,  6.0854E-13,  6.0854E-13,  6.0854E-13
  1.1000E+01,  5.5676E+02,  7.4614E+01,  3.5302E-01,  2.0501E-01,  6.0125E-01,  2.0232E+00,  5.3578E-01,  1.9611E+00,  4.3672E-02,  3.1473E-01,  6.3970E-02,  4.1731E-01,  7.2829E-02,  3.0700E-01,  1.3122E-02,  6.0483E-02,  1.3549E-02,  2.9799E-02,  2.1270E-02,  5.4214E-02,  1.0104E-02,  3.3174E-02,  1.6815E-02,  3.4590E-02,  2.3151E-02,  2.4803E-01,  1.5918E-03,  1.2149E-02,  7.4305E-06,  7.4296E-06,  7.4359E-06,  7.4378E-06,  7.4378E-06,  7.4425E-06,  7.4390E-06,  7.4428E-06,  7.4414E-06,  7.4409E-06,  7.4387E-06,  7.4388E-06,  7.4375E-06,  7.4390E-06,  7.4366E-06,  7.4401E-06,  7.4393E-06,  7.4416E-06,  7.4401E-06,  7.4440E-06,  7.4441E-06,  7.4466E-06,  7.4478E-06,  7.4529E-06,  7.4483E-06,  7.4512E-06,  7.4500E-06,  7.4527E-06,  7.4516E-06,  7.4499E-06,  7.4478E-06,  7.4490E-06,  7.4469E-06,  7.4507E-06,  7.4497E-06,  7.4532E-06,  7.4522E-06,  7.4535E-06,  7.4534E-06,  7.4533E-06,  7.4524E-06,  7.4542E-06,  7.4537E-06,  7.4547E-06,  7.4547E-06,  7.4552E-06,  7.4550E-06,  7.4565E-06,  7.4560E-06,  7.4564E-06,  7.4558E-06,  7.4568E-06,  7.4580E-06,  7.4582E-06,  7.4576E-06,  7.4554E-06,  7.4541E-06,  7.4620E-06,  7.4607E-06,  7.4611E-06,  7.4599E-06,  7.4617E-06,  7.4590E-06,  7.4624E-06,  2.2037E-03,  1.9034E-03,  1.8429E-06,  2.7016E-07,  2.9264E-06,  1.9437E-05,  3.4800E-05,  2.4068E-04,  2.4654E-07,  4.1187E-05,  5.3862E-07,  3.7369E-06,  6.4198E-07,  2.3157E-06,  4.3687E-08,  2.6128E-07,  2.1896E-08,  3.6520E-07,  5.7035E-08,  3.9016E-07,  6.1641E-08,  2.3891E-07,  1.8081E-07,  3.1319E-07,  2.3130E-07,  1.4803E-06,  3.1085E-09,  5.8738E-08,  6.0854E-13,  6.0854E-13,  6.0854E-13,  6.0854E-13,  6.0854E-13,  6.0854E-13,  6.0854E-13,  6.0854E-13,  6.0854E-13,  6.0854E-13,  6.0854E-13,  6.0854E-13,  6.0854E-13,  6.0854E-13,  6.0854E-13,  6.0854E-13,  6.0854E-13,  6.0854E-13,  6.0854E-13,  6.0854E-13,  6.0854E-13,  6.0854E-13,  6.0854E-13,  6.0854E-13,  6.0854E-13,  6.0854E-13,  6.0854E-13,  6.0854E-13,  6.0854E-13,  6.0854E-13,  6.0854E-13,  6.0854E-13,  6.0854E-13,  6.0854E-13,  6.0854E-13,  6.0854E-13,  6.0854E-13,  6.0854E-13,  6.0854E-13,  6.0854E-13,  6.0854E-13,  6.0854E-13,  6.0854E-13,  6.0854E-13,  6.0854E-13,  6.0854E-13,  6.0854E-13,  6.0854E-13,  6.0854E-13,  6.0854E-13,  6.0854E-13,  6.0854E-13,  6.0854E-13,  6.0854E-13,  6.0854E-13,  6.0854E-13,  6.0854E-13,  6.0854E-13,  6.0854E-13,  6.0854E-13,  6.0854E-13,  6.0854E-13,  6.0854E-13,  6.0854E-13
  1.2000E+01,  5.5676E+02,  7.4612E+01,  3.5302E-01,  2.0501E-01,  6.0125E-01,  2.0232E+00,  5.3575E-01,  1.9608E+00,  4.3672E-02,  3.1469E-01,  6.3970E-02,  4.1730E-01,  7.2828E-02,  3.0700E-01,  1.3122E-02,  6.0483E-02,  1.3549E-02,  2.9799E-02,  2.1270E-02,  5.4213E-02,  1.0104E-02,  3.3174E-02,  1.6815E-02,  3.4590E-02,  2.3151E-02,  2.4803E-01,  1.5918E-03,  1.2149E-02,  7.4305E-06,  7.4296E-06,  7.4359E-06,  7.4378E-06,  7.4378E-06,  7.4425E-06,  7.4390E-06,  7.4428E-06,  7.4414E-06,  7.4409E-06,  7.4387E-06,  7.4388E-06,  7.4375E-06,  7.4390E-06,  7.4366E-06,  7.4401E-06,  7.4393E-06,  7.4416E-06,  7.4401E-06,  7.4440E-06,  7.4441E-06,  7.4466E-06,  7.4478E-06,  7.4529E-06,  7.4483E-06,  7.4512E-06,  7.4500E-06,  7.4527E-06,  7.4516E-06,  7.4499E-06,  7.4478E-06,  7.4490E-06,  7.4469E-06,  7.4507E-06,  7.4497E-06,  7.4532E-06,  7.4522E-06,  7.4535E-06,  7.4534E-06,  7.4533E-06,  7.4524E-06,  7.4542E-06,  7.4537E-06,  7.4547E-06,  7.4547E-06,  7.4552E-06,  7.4550E-06,  7.4565E-06,  7.4560E-06,  7.4564E-06,  7.4558E-06,  7.4568E-06,  7.4580E-06,  7.4582E-06,  7.4576E-06,  7.4554E-06,  7.4541E-06,  7.4620E-06,  7.4607E-06,  7.4611E-06,  7.4599E-06,  7.4617E-06,  7.4590E-06,  7.4624E-06,  2.0521E-03,  1.9193E-03,  1.7897E-06,  2.7236E-07,  2.8586E-06,  1.8591E-05,  3.2541E-05,  2.1740E-04,  2.3958E-07,  3.2496E-05,  5.1661E-07,  3.5621E-06,  6.1393E-07,  2.2111E-06,  4.2938E-08,  2.5323E-07,  2.1914E-08,  2.9916E-07,  5.6512E-08,  3.7410E-07,  5.9688E-08,  2.3098E-07,  1.7306E-07,  3.0019E-07,  2.2043E-07,  1.4218E-06,  3.0842E-09,  5.6603E-08,  6.0854E-13,  6.0854E-13,  6.0854E-13,  6.0854E-13,  6.0854E-13,  6.0854E-13,  6.0854E-13,  6.0854E-13,  6.0854E-13,  6.0854E-13,  6.0854E-13,  6.0854E-13,  6.0854E-13,  6.0854E-13,  6.0854E-13,  6.0854E-13,  6.0854E-13,  6.0854E-13,  6.0854E-13,  6.0854E-13,  6.0854E-13,  6.0854E-13,  6.0854E-13,  6.0854E-13,  6.0854E-13,  6.0854E-13,  6.0854E-13,  6.0854E-13,  6.0854E-13,  6.0854E-13,  6.0854E-13,  6.0854E-13,  6.0854E-13,  6.0854E-13,  6.0854E-13,  6.0854E-13,  6.0854E-13,  6.0854E-13,  6.0854E-13,  6.0854E-13,  6.0854E-13,  6.0854E-13,  6.0854E-13,  6.0854E-13,  6.0854E-13,  6.0854E-13,  6.0854E-13,  6.0854E-13,  6.0854E-13,  6.0854E-13,  6.0854E-13,  6.0854E-13,  6.0854E-13,  6.0854E-13,  6.0854E-13,  6.0854E-13,  6.0854E-13,  6.0854E-13,  6.0854E-13,  6.0854E-13,  6.0854E-13,  6.0854E-13,  6.0854E-13,  6.0854E-13
  1.4000E+01,  5.5676E+02,  7.4608E+01,  3.5301E-01,  2.0501E-01,  6.0125E-01,  2.0231E+00,  5.3569E-01,  1.9605E+00,  4.3671E-02,  3.1464E-01,  6.3969E-02,  4.1729E-01,  7.2827E-02,  3.0699E-01,  1.3122E-02,  6.0482E-02,  1.3549E-02,  2.9799E-02,  2.1269E-02,  5.4213E-02,  1.0104E-02,  3.3173E-02,  1.6814E-02,  3.4589E-02,  2.3151E-02,  2.4803E-01,  1.5918E-03,  1.2149E-02,  7.4305E-06,  7.4296E-06,  7.4359E-06,  7.4378E-06,  7.4378E-06,  7.4425E-06,  7.4390E-06,  7.4428E-06,  7.4414E-06,  7.4409E-06,  7.4387E-06,  7.4388E-06,  7.4375E-06,  7.4390E-06,  7.4366E-06,  7.4401E-06,  7.4393E-06,  7.4416E-06,  7.4401E-06,  7.4440E-06,  7.4441E-06,  7.4466E-06,  7.4478E-06,  7.4529E-06,  7.4483E-06,  7.4512E-06,  7.4500E-06,  7.4527E-06,  7.4516E-06,  7.4499E-06,  7.4478E-06,  7.4490E-06,  7.4469E-06,  7.4507E-06,  7.4497E-06,  7.4532E-06,  7.4522E-06,  7.4535E-06,  7.4534E-06,  7.4533E-06,  7.4524E-06,  7.4542E-06,  7.4537E-06,  7.4547E-06,  7.4547E-06,  7.4552E-06,  7.4550E-06,  7.4565E-06,  7.4560E-06,  7.4564E-06,  7.4558E-06,  7.4568E-06,  7.4580E-06,  7.4582E-06,  7.4576E-06,  7.4554E-06,  7.4541E-06,  7.4620E-06,  7.4607E-06,  7.4611E-06,  7.4599E-06,  7.4617E-06,  7.4590E-06,  7.4624E-06,  1.9201E-03,  1.9601E-03,  1.7620E-06,  2.8663E-07,  2.8482E-06,  1.7630E-05,  2.7524E-05,  1.7138E-04,  2.3668E-07,  2.0833E-05,  4.9882E-07,  3.3845E-06,  5.8828E-07,  2.1077E-06,  4.3191E-08,  2.4783E-07,  2.2812E-08,  2.1287E-07,  5.7468E-08,  3.5924E-07,  5.8573E-08,  2.2593E-07,  1.6625E-07,  2.8924E-07,  2.1018E-07,  1.3753E-06,  3.1582E-09,  5.5110E-08,  6.0854E-13,  6.0854E-13,  6.0854E-13,  6.0854E-13,  6.0854E-13,  6.0854E-13,  6.0854E-13,  6.0854E-13,  6.0854E-13,  6.0854E-13,  6.0854E-13,  6.0854E-13,  6.0854E-13,  6.0854E-13,  6.0854E-13,  6.0854E-13,  6.0854E-13,  6.0854E-13,  6.0854E-13,  6.0854E-13,  6.0854E-13,  6.0854E-13,  6.0854E-13,  6.0854E-13,  6.0854E-13,  6.0854E-13,  6.0854E-13,  6.0854E-13,  6.0854E-13,  6.0854E-13,  6.0854E-13,  6.0854E-13,  6.0854E-13,  6.0854E-13,  6.0854E-13,  6.0854E-13,  6.0854E-13,  6.0854E-13,  6.0854E-13,  6.0854E-13,  6.0854E-13,  6.0854E-13,  6.0854E-13,  6.0854E-13,  6.0854E-13,  6.0854E-13,  6.0854E-13,  6.0854E-13,  6.0854E-13,  6.0854E-13,  6.0854E-13,  6.0854E-13,  6.0854E-13,  6.0854E-13,  6.0854E-13,  6.0854E-13,  6.0854E-13,  6.0854E-13,  6.0854E-13,  6.0854E-13,  6.0854E-13,  6.0854E-13,  6.0854E-13,  6.0854E-13
  1.6000E+01,  5.5675E+02,  7.4604E+01,  3.5301E-01,  2.0501E-01,  6.0124E-01,  2.0231E+00,  5.3564E-01,  1.9601E+00,  4.3671E-02,  3.1460E-01,  6.3968E-02,  4.1729E-01,  7.2826E-02,  3.0699E-01,  1.3122E-02,  6.0482E-02,  1.3549E-02,  2.9798E-02,  2.1269E-02,  5.4212E-02,  1.0104E-02,  3.3173E-02,  1.6814E-02,  3.4588E-02,  2.3150E-02,  2.4803E-01,  1.5918E-03,  1.2149E-02,  7.4305E-06,  7.4296E-06,  7.4359E-06,  7.4378E-06,  7.4378E-06,  7.4425E-06,  7.4390E-06,  7.4428E-06,  7.4414E-06,  7.4409E-06,  7.4387E-06,  7.4388E-06,  7.4375E-06,  7.4390E-06,  7.4366E-06,  7.4401E-06,  7.4393E-06,  7.4416E-06,  7.4401E-06,  7.4440E-06,  7.4441E-06,  7.4466E-06,  7.4478E-06,  7.4529E-06,  7.4483E-06,  7.4512E-06,  7.4500E-06,  7.4527E-06,  7.4516E-06,  7.4499E-06,  7.4478E-06,  7.4490E-06,  7.4469E-06,  7.4507E-06,  7.4497E-06,  7.4532E-06,  7.4522E-06,  7.4535E-06,  7.4534E-06,  7.4533E-06,  7.4524E-06,  7.4542E-06,  7.4537E-06,  7.4547E-06,  7.4547E-06,  7.4552E-06,  7.4550E-06,  7.4565E-06,  7.4560E-06,  7.4564E-06,  7.4558E-06,  7.4568E-06,  7.4580E-06,  7.4582E-06,  7.4576E-06,  7.4554E-06,  7.4541E-06,  7.4620E-06,  7.4607E-06,  7.4611E-06,  7.4599E-06,  7.4617E-06,  7.4590E-06,  7.4624E-06,  1.9161E-03,  1.9997E-03,  1.8006E-06,  3.1045E-07,  2.9458E-06,  1.7359E-05,  2.2563E-05,  1.3138E-04,  2.4316E-07,  1.4509E-05,  5.0261E-07,  3.3662E-06,  5.8898E-07,  2.1032E-06,  4.5096E-08,  2.5297E-07,  2.4528E-08,  1.6154E-07,  6.0582E-08,  3.6072E-07,  5.9805E-08,  2.2994E-07,  1.6650E-07,  2.9061E-07,  2.0921E-07,  1.3869E-06,  3.3439E-09,  5.5928E-08,  6.0854E-13,  6.0854E-13,  6.0854E-13,  6.0854E-13,  6.0854E-13,  6.0854E-13,  6.0854E-13,  6.0854E-13,  6.0854E-13,  6.0854E-13,  6.0854E-13,  6.0854E-13,  6.0854E-13,  6.0854E-13,  6.0854E-13,  6.0854E-13,  6.0854E-13,  6.0854E-13,  6.0854E-13,  6.0854E-13,  6.0854E-13,  6.0854E-13,  6.0854E-13,  6.0854E-13,  6.0854E-13,  6.0854E-13,  6.0854E-13,  6.0854E-13,  6.0854E-13,  6.0854E-13,  6.0854E-13,  6.0854E-13,  6.0854E-13,  6.0854E-13,  6.0854E-13,  6.0854E-13,  6.0854E-13,  6.0854E-13,  6.0854E-13,  6.0854E-13,  6.0854E-13,  6.0854E-13,  6.0854E-13,  6.0854E-13,  6.0854E-13,  6.0854E-13,  6.0854E-13,  6.0854E-13,  6.0854E-13,  6.0854E-13,  6.0854E-13,  6.0854E-13,  6.0854E-13,  6.0854E-13,  6.0854E-13,  6.0854E-13,  6.0854E-13,  6.0854E-13,  6.0854E-13,  6.0854E-13,  6.0854E-13,  6.0854E-13,  6.0854E-13,  6.0854E-13
  1.8000E+01,  5.5675E+02,  7.4600E+01,  3.5301E-01,  2.0501E-01,  6.0123E-01,  2.0231E+00,  5.3560E-01,  1.9599E+00,  4.3670E-02,  3.1458E-01,  6.3967E-02,  4.1728E-01,  7.2825E-02,  3.0699E-01,  1.3122E-02,  6.0481E-02,  1.3549E-02,  2.9798E-02,  2.1269E-02,  5.4211E-02,  1.0104E-02,  3.3172E-02,  1.6814E-02,  3.4588E-02,  2.3150E-02,  2.4802E-01,  1.5917E-03,  1.2149E-02,  7.4305E-06,  7.4296E-06,  7.4359E-06,  7.4378E-06,  7.4378E-06,  7.4425E-06,  7.4390E-06,  7.4428E-06,  7.4414E-06,  7.4409E-06,  7.4387E-06,  7.4387E-06,  7.4375E-06,  7.4390E-06,  7.4366E-06,  7.4401E-06,  7.4393E-06,  7.4416E-06,  7.4401E-06,  7.4440E-06,  7.4441E-06,  7.4466E-06,  7.4478E-06,  7.4529E-06,  7.4483E-06,  7.4512E-06,  7.4500E-06,  7.4527E-06,  7.4516E-06,  7.4499E-06,  7.4478E-06,  7.4490E-06,  7.4469E-06,  7.4507E-06,  7.4497E-06,  7.4532E-06,  7.4522E-06,  7.4535E-06,  7.4534E-06,  7.4533E-06,  7.4524E-06,  7.4542E-06,  7.4537E-06,  7.4547E-06,  7.4547E-06,  7.4552E-06,  7.4550E-06,  7.4565E-06,  7.4560E-06,  7.4564E-06,  7.4558E-06,  7.4568E-06,  7.4580E-06,  7.4582E-06,  7.4576E-06,  7.4554E-06,  7.4541E-06,  7.4620E-06,  7.4607E-06,  7.4611E-06,  7.4599E-06,  7.4617E-06,  7.4590E-06,  7.4624E-06,  1.9832E-03,  2.0272E-03,  1.8801E-06,  3.4129E-07,  3.1122E-06,  1.7508E-05,  1.8206E-05,  1.0010E-04,  2.5550E-07,  1.1086E-05,  5.1928E-07,  3.4410E-06,  6.0521E-07,  2.1566E-06,  4.8087E-08,  2.6462E-07,  2.6832E-08,  1.3135E-07,  6.5155E-08,  3.7193E-07,  6.2483E-08,  2.3947E-07,  1.7091E-07,  2.9929E-07,  2.1364E-07,  1.4334E-06,  3.6057E-09,  5.8151E-08,  6.0854E-13,  6.0854E-13,  6.0854E-13,  6.0854E-13,  6.0854E-13,  6.0854E-13,  6.0854E-13,  6.0854E-13,  6.0854E-13,  6.0854E-13,  6.0854E-13,  6.0854E-13,  6.0854E-13,  6.0854E-13,  6.0854E-13,  6.0854E-13,  6.0854E-13,  6.0854E-13,  6.0854E-13,  6.0854E-13,  6.0854E-13,  6.0854E-13,  6.0854E-13,  6.0854E-13,  6.0854E-13,  6.0854E-13,  6.0854E-13,  6.0854E-13,  6.0854E-13,  6.0854E-13,  6.0854E-13,  6.0854E-13,  6.0854E-13,  6.0854E-13,  6.0854E-13,  6.0854E-13,  6.0854E-13,  6.0854E-13,  6.0854E-13,  6.0854E-13,  6.0854E-13,  6.0854E-13,  6.0854E-13,  6.0854E-13,  6.0854E-13,  6.0854E-13,  6.0854E-13,  6.0854E-13,  6.0854E-13,  6.0854E-13,  6.0854E-13,  6.0854E-13,  6.0854E-13,  6.0854E-13,  6.0854E-13,  6.0854E-13,  6.0854E-13,  6.0854E-13,  6.0854E-13,  6.0854E-13,  6.0854E-13,  6.0854E-13,  6.0854E-13,  6.0854E-13
  2.0000E+01,  5.5675E+02,  7.4596E+01,  3.5300E-01,  2.0501E-01,  6.0123E-01,  2.0230E+00,  5.3557E-01,  1.9597E+00,  4.3670E-02,  3.1456E-01,  6.3966E-02,  4.1727E-01,  7.2823E-02,  3.0698E-01,  1.3122E-02,  6.0481E-02,  1.3549E-02,  2.9798E-02,  2.1269E-02,  5.4210E-02,  1.0103E-02,  3.3172E-02,  1.6813E-02,  3.4587E-02,  2.3149E-02,  2.4802E-01,  1.5917E-03,  1.2149E-02,  7.4305E-06,  7.4296E-06,  7.4359E-06,  7.4378E-06,  7.4378E-06,  7.4425E-06,  7.4390E-06,  7.4428E-06,  7.4414E-06,  7.4409E-06,  7.4387E-06,  7.4387E-06,  7.4375E-06,  7.4390E-06,  7.4366E-06,  7.4401E-06,  7.4393E-06,  7.4416E-06,  7.4401E-06,  7.4440E-06,  7.4441E-06,  7.4466E-06,  7.4478E-06,  7.4529E-06,  7.4483E-06,  7.4512E-06,  7.4500E-06,  7.4527E-06,  7.4516E-06,  7.4499E-06,  7.4478E-06,  7.4490E-06,  7.4469E-06,  7.4507E-06,  7.4497E-06,  7.4532E-06,  7.4522E-06,  7.4535E-06,  7.4534E-06,  7.4533E-06,  7.4524E-06,  7.4542E-06,  7.4537E-06,  7.4547E-06,  7.4547E-06,  7.4552E-06,  7.4550E-06,  7.4565E-06,  7.4560E-06,  7.4564E-06,  7.4558E-06,  7.4568E-06,  7.4580E-06,  7.4582E-06,  7.4576E-06,  7.4554E-06,  7.4541E-06,  7.4620E-06,  7.4607E-06,  7.4611E-06,  7.4599E-06,  7.4617E-06,  7.4590E-06,  7.4624E-06,  2.1088E-03,  2.0394E-03,  1.9861E-06,  3.7758E-07,  3.3252E-06,  1.7939E-05,  1.4700E-05,  7.7525E-05,  2.7176E-07,  9.0843E-06,  5.4418E-07,  3.5737E-06,  6.3121E-07,  2.2464E-06,  5.1838E-08,  2.8058E-07,  2.9587E-08,  1.1421E-07,  7.0783E-08,  3.8932E-07,  6.6105E-08,  2.5258E-07,  1.7792E-07,  3.1257E-07,  2.2141E-07,  1.5020E-06,  3.9230E-09,  6.1287E-08,  6.0854E-13,  6.0854E-13,  6.0854E-13,  6.0854E-13,  6.0854E-13,  6.0854E-13,  6.0854E-13,  6.0854E-13,  6.0854E-13,  6.0854E-13,  6.0854E-13,  6.0854E-13,  6.0854E-13,  6.0854E-13,  6.0854E-13,  6.0854E-13,  6.0854E-13,  6.0854E-13,  6.0854E-13,  6.0854E-13,  6.0854E-13,  6.0854E-13,  6.0854E-13,  6.0854E-13,  6.0854E-13,  6.0854E-13,  6.0854E-13,  6.0854E-13,  6.0854E-13,  6.0854E-13,  6.0854E-13,  6.0854E-13,  6.0854E-13,  6.0854E-13,  6.0854E-13,  6.0854E-13,  6.0854E-13,  6.0854E-13,  6.0854E-13,  6.0854E-13,  6.0854E-13,  6.0854E-13,  6.0854E-13,  6.0854E-13,  6.0854E-13,  6.0854E-13,  6.0854E-13,  6.0854E-13,  6.0854E-13,  6.0854E-13,  6.0854E-13,  6.0854E-13,  6.0854E-13,  6.0854E-13,  6.0854E-13,  6.0854E-13,  6.0854E-13,  6.0854E-13,  6.0854E-13,  6.0854E-13,  6.0854E-13,  6.0854E-13,  6.0854E-13,  6.0854E-13
  2.2000E+01,  5.5674E+02,  7.4592E+01,  3.5300E-01,  2.0501E-01,  6.0122E-01,  2.0230E+00,  5.3554E-01,  1.9596E+00,  4.3669E-02,  3.1454E-01,  6.3965E-02,  4.1727E-01,  7.2822E-02,  3.0698E-01,  1.3122E-02,  6.0480E-02,  1.3549E-02,  2.9797E-02,  2.1269E-02,  5.4210E-02,  1.0103E-02,  3.3171E-02,  1.6813E-02,  3.4587E-02,  2.3149E-02,  2.4802E-01,  1.5917E-03,  1.2149E-02,  7.4305E-06,  7.4295E-06,  7.4359E-06,  7.4378E-06,  7.4378E-06,  7.4425E-06,  7.4390E-06,  7.4428E-06,  7.4414E-06,  7.4409E-06,  7.4387E-06,  7.4387E-06,  7.4375E-06,  7.4390E-06,  7.4366E-06,  7.4401E-06,  7.4393E-06,  7.4416E-06,  7.4401E-06,  7.4440E-06,  7.4441E-06,  7.4466E-06,  7.4478E-06,  7.4529E-06,  7.4483E-06,  7.4512E-06,  7.4500E-06,  7.4527E-06,  7.4516E-06,  7.4499E-06,  7.4478E-06,  7.4490E-06,  7.4469E-06,  7.4507E-06,  7.4497E-06,  7.4532E-06,  7.4522E-06,  7.4535E-06,  7.4534E-06,  7.4533E-06,  7.4524E-06,  7.4542E-06,  7.4537E-06,  7.4547E-06,  7.4547E-06,  7.4552E-06,  7.4550E-06,  7.4565E-06,  7.4560E-06,  7.4564E-06,  7.4558E-06,  7.4568E-06,  7.4580E-06,  7.4582E-06,  7.4576E-06,  7.4554E-06,  7.4541E-06,  7.4620E-06,  7.4607E-06,  7.4611E-06,  7.4599E-06,  7.4617E-06,  7.4590E-06,  7.4624E-06,  2.2516E-03,  2.0361E-03,  2.1098E-06,  4.1822E-07,  3.5707E-06,  1.8573E-05,  1.2071E-05,  6.2175E-05,  2.9071E-07,  7.7857E-06,  5.7444E-07,  3.7435E-06,  6.6356E-07,  2.3598E-06,  5.6143E-08,  2.9951E-07,  3.2700E-08,  1.0511E-07,  7.7201E-08,  4.1078E-07,  7.0371E-08,  2.6807E-07,  1.8659E-07,  3.2882E-07,  2.3128E-07,  1.5851E-06,  4.2819E-09,  6.5026E-08,  6.0854E-13,  6.0854E-13,  6.0854E-13,  6.0854E-13,  6.0854E-13,  6.0854E-13,  6.0854E-13,  6.0854E-13,  6.0854E-13,  6.0854E-13,  6.0854E-13,  6.0854E-13,  6.0854E-13,  6.0854E-13,  6.0854E-13,  6.0854E-13,  6.0854E-13,  6.0854E-13,  6.0854E-13,  6.0854E-13,  6.0854E-13,  6.0854E-13,  6.0854E-13,  6.0854E-13,  6.0854E-13,  6.0854E-13,  6.0854E-13,  6.0854E-13,  6.0854E-13,  6.0854E-13,  6.0854E-13,  6.0854E-13,  6.0854E-13,  6.0854E-13,  6.0854E-13,  6.0854E-13,  6.0854E-13,  6.0854E-13,  6.0854E-13,  6.0854E-13,  6.0854E-13,  6.0854E-13,  6.0854E-13,  6.0854E-13,  6.0854E-13,  6.0854E-13,  6.0854E-13,  6.0854E-13,  6.0854E-13,  6.0854E-13,  6.0854E-13,  6.0854E-13,  6.0854E-13,  6.0854E-13,  6.0854E-13,  6.0854E-13,  6.0854E-13,  6.0854E-13,  6.0854E-13,  6.0854E-13,  6.0854E-13,  6.0854E-13,  6.0854E-13,  6.0854E-13
  2.5000E+01,  5.5673E+02,  7.4586E+01,  3.5299E-01,  2.0501E-01,  6.0121E-01,  2.0229E+00,  5.3551E-01,  1.9594E+00,  4.3668E-02,  3.1452E-01,  6.3963E-02,  4.1725E-01,  7.2820E-02,  3.0697E-01,  1.3122E-02,  6.0479E-02,  1.3549E-02,  2.9797E-02,  2.1269E-02,  5.4208E-02,  1.0103E-02,  3.3170E-02,  1.6812E-02,  3.4586E-02,  2.3148E-02,  2.4801E-01,  1.5917E-03,  1.2148E-02,  7.4305E-06,  7.4295E-06,  7.4359E-06,  7.4378E-06,  7.4378E-06,  7.4425E-06,  7.4390E-06,  7.4428E-06,  7.4414E-06,  7.4409E-06,  7.4387E-06,  7.4387E-06,  7.4375E-06,  7.4390E-06,  7.4366E-06,  7.4401E-06,  7.4393E-06,  7.4416E-06,  7.4401E-06,  7.4440E-06,  7.4441E-06,  7.4466E-06,  7.4478E-06,  7.4529E-06,  7.4483E-06,  7.4512E-06,  7.4500E-06,  7.4527E-06,  7.4516E-06,  7.4499E-06,  7.4478E-06,  7.4490E-06,  7.4469E-06,  7.4507E-06,  7.4497E-06,  7.4532E-06,  7.4522E-06,  7.4535E-06,  7.4534E-06,  7.4533E-06,  7.4524E-06,  7.4542E-06,  7.4537E-06,  7.4547E-06,  7.4547E-06,  7.4552E-06,  7.4550E-06,  7.4565E-06,  7.4560E-06,  7.4564E-06,  7.4558E-06,  7.4568E-06,  7.4580E-06,  7.4582E-06,  7.4576E-06,  7.4554E-06,  7.4541E-06,  7.4620E-06,  7.4607E-06,  7.4611E-06,  7.4599E-06,  7.4617E-06,  7.4590E-06,  7.4624E-06,  2.5046E-03,  2.0063E-03,  2.3155E-06,  4.8551E-07,  3.9790E-06,  1.9787E-05,  9.5195E-06,  4.8566E-05,  3.2241E-07,  6.5310E-06,  6.2598E-07,  4.0398E-06,  7.1918E-07,  2.5567E-06,  6.3323E-08,  3.3152E-07,  3.7889E-08,  1.0037E-07,  8.7908E-08,  4.4767E-07,  7.7520E-08,  2.9407E-07,  2.0138E-07,  3.5652E-07,  2.4836E-07,  1.7262E-06,  4.8763E-09,  7.1357E-08,  6.0854E-13,  6.0854E-13,  6.0854E-13,  6.0854E-13,  6.0854E-13,  6.0854E-13,  6.0854E-13,  6.0854E-13,  6.0854E-13,  6.0854E-13,  6.0854E-13,  6.0854E-13,  6.0854E-13,  6.0854E-13,  6.0854E-13,  6.0854E-13,  6.0854E-13,  6.0854E-13,  6.0854E-13,  6.0854E-13,  6.0854E-13,  6.0854E-13,  6.0854E-13,  6.0854E-13,  6.0854E-13,  6.0854E-13,  6.0854E-13,  6.0854E-13,  6.0854E-13,  6.0854E-13,  6.0854E-13,  6.0854E-13,  6.0854E-13,  6.0854E-13,  6.0854E-13,  6.0854E-13,  6.0854E-13,  6.0854E-13,  6.0854E-13,  6.0854E-13,  6.0854E-13,  6.0854E-13,  6.0854E-13,  6.0854E-13,  6.0854E-13,  6.0854E-13,  6.0854E-13,  6.0966E-13,  6.0902E-13,  6.0950E-13,  6.0885E-13,  6.1029E-13,  6.1320E-13,  6.1394E-13,  6.1211E-13,  6.0860E-13,  6.0854E-13,  6.3391E-13,  6.2567E-13,  6.2769E-13,  6.2096E-13,  6.3211E-13,  6.1691E-13,  6.3681E-13
  2.8000E+01,  5.5673E+02,  7.4580E+01,  3.5298E-01,  2.0501E-01,  6.0120E-01,  2.0229E+00,  5.3548E-01,  1.9593E+00,  4.3667E-02,  3.1450E-01,  6.3961E-02,  4.1724E-01,  7.2818E-02,  3.0696E-01,  1.3121E-02,  6.0478E-02,  1.3549E-02,  2.9797E-02,  2.1268E-02,  5.4207E-02,  1.0103E-02,  3.3169E-02,  1.6812E-02,  3.4584E-02,  2.3147E-02,  2.4801E-01,  1.5917E-03,  1.2148E-02,  7.4305E-06,  7.4295E-06,  7.4359E-06,  7.4378E-06,  7.4378E-06,  7.4425E-06,  7.4390E-06,  7.4428E-06,  7.4414E-06,  7.4409E-06,  7.4387E-06,  7.4387E-06,  7.4375E-06,  7.4390E-06,  7.4366E-06,  7.4401E-06,  7.4393E-06,  7.4416E-06,  7.4401E-06,  7.4440E-06,  7.4441E-06,  7.4466E-06,  7.4478E-06,  7.4529E-06,  7.4483E-06,  7.4512E-06,  7.4500E-06,  7.4527E-06,  7.4516E-06,  7.4499E-06,  7.4478E-06,  7.4490E-06,  7.4469E-06,  7.4507E-06,  7.4497E-06,  7.4532E-06,  7.4522E-06,  7.4535E-06,  7.4534E-06,  7.4533E-06,  7.4524E-06,  7.4542E-06,  7.4537E-06,  7.4547E-06,  7.4547E-06,  7.4552E-06,  7.4550E-06,  7.4565E-06,  7.4560E-06,  7.4564E-06,  7.4558E-06,  7.4568E-06,  7.4580E-06,  7.4582E-06,  7.4576E-06,  7.4554E-06,  7.4541E-06,  7.4620E-06,  7.4607E-06,  7.4611E-06,  7.4599E-06,  7.4617E-06,  7.4590E-06,  7.4624E-06,  2.7886E-03,  1.9546E-03,  2.5362E-06,  5.5888E-07,  4.4158E-06,  2.1202E-05,  8.1612E-06,  4.1616E-05,  3.5639E-07,  5.7848E-06,  6.8143E-07,  4.3617E-06,  7.7920E-07,  2.7706E-06,  7.1063E-08,  3.6609E-07,  4.3537E-08,  1.0196E-07,  9.9485E-08,  4.8760E-07,  8.5171E-08,  3.2184E-07,  2.1728E-07,  3.8621E-07,  2.6676E-07,  1.8777E-06,  5.5164E-09,  7.8156E-08,  6.0854E-13,  6.0854E-13,  6.0854E-13,  6.0854E-13,  6.0854E-13,  6.0854E-13,  6.0854E-13,  6.0854E-13,  6.0854E-13,  6.0854E-13,  6.0854E-13,  6.0854E-13,  6.0854E-13,  6.0854E-13,  6.0854E-13,  6.0854E-13,  6.0854E-13,  6.0854E-13,  6.0854E-13,  6.0854E-13,  6.0854E-13,  6.1144E-13,  6.1453E-13,  6.4363E-13,  6.1615E-13,  6.3091E-13,  6.2414E-13,  6.4235E-13,  6.3369E-13,  6.2380E-13,  6.1451E-13,  6.1917E-13,  6.1202E-13,  6.2816E-13,  6.2270E-13,  6.4618E-13,  6.3803E-13,  6.4902E-13,  6.4841E-13,  6.4780E-13,  6.3993E-13,  6.5540E-13,  6.5082E-13,  6.6106E-13,  6.6024E-13,  6.6559E-13,  6.6371E-13,  6.7955E-13,  6.7417E-13,  6.7842E-13,  6.7222E-13,  6.8370E-13,  6.9803E-13,  7.0124E-13,  6.9300E-13,  6.6786E-13,  6.5481E-13,  7.5960E-13,  7.3889E-13,  7.4439E-13,  7.2516E-13,  7.5537E-13,  7.1267E-13,  7.6629E-13
  3.2000E+01,  5.5671E+02,  7.4572E+01,  3.5297E-01,  2.0500E-01,  6.0118E-01,  2.0228E+00,  5.3545E-01,  1.9591E+00,  4.3666E-02,  3.1448E-01,  6.3958E-02,  4.1722E-01,  7.2814E-02,  3.0695E-01,  1.3121E-02,  6.0477E-02,  1.3549E-02,  2.9796E-02,  2.1268E-02,  5.4205E-02,  1.0103E-02,  3.3168E-02,  1.6811E-02,  3.4583E-02,  2.3146E-02,  2.4800E-01,  1.5917E-03,  1.2148E-02,  7.4305E-06,  7.4295E-06,  7.4359E-06,  7.4378E-06,  7.4378E-06,  7.4425E-06,  7.4390E-06,  7.4428E-06,  7.4414E-06,  7.4409E-06,  7.4387E-06,  7.4387E-06,  7.4375E-06,  7.4390E-06,  7.4366E-06,  7.4401E-06,  7.4393E-06,  7.4416E-06,  7.4401E-06,  7.4440E-06,  7.4441E-06,  7.4466E-06,  7.4478E-06,  7.4529E-06,  7.4483E-06,  7.4512E-06,  7.4500E-06,  7.4527E-06,  7.4516E-06,  7.4499E-06,  7.4478E-06,  7.4490E-06,  7.4469E-06,  7.4507E-06,  7.4497E-06,  7.4531E-06,  7.4522E-06,  7.4535E-06,  7.4534E-06,  7.4533E-06,  7.4524E-06,  7.4542E-06,  7.4537E-06,  7.4547E-06,  7.4547E-06,  7.4552E-06,  7.4550E-06,  7.4565E-06,  7.4560E-06,  7.4564E-06,  7.4558E-06,  7.4568E-06,  7.4579E-06,  7.4582E-06,  7.4576E-06,  7.4554E-06,  7.4541E-06,  7.4620E-06,  7.4607E-06,  7.4611E-06,  7.4599E-06,  7.4617E-06,  7.4590E-06,  7.4624E-06,  3.1956E-03,  1.8682E-03,  3.0192E-06,  6.7520E-07,  5.0207E-06,  2.3235E-05,  7.3922E-06,  3.7154E-05,  4.0344E-07,  5.2762E-06,  7.5771E-07,  4.8016E-06,  8.6175E-07,  3.0636E-06,  8.1829E-08,  4.1385E-07,  5.1574E-08,  1.0997E-07,  1.1570E-07,  5.4239E-07,  9.5718E-08,  3.5997E-07,  2.3959E-07,  4.2686E-07,  2.9192E-07,  2.0858E-06,  6.4144E-09,  8.7553E-08,  6.0854E-13,  6.0854E-13,  6.2022E-13,  6.2917E-13,  6.2966E-13,  6.6670E-13,  6.3713E-13,  6.7022E-13,  6.5650E-13,  6.5235E-13,  6.3511E-13,  6.3541E-13,  6.2773E-13,  6.3743E-13,  6.2325E-13,  6.4535E-13,  6.3952E-13,  6.5823E-13,  6.4555E-13,  6.8240E-13,  6.8350E-13,  7.1482E-13,  7.3083E-13,  8.1557E-13,  7.3795E-13,  7.8515E-13,  7.6505E-13,  8.1277E-13,  7.9252E-13,  7.6396E-13,  7.3072E-13,  7.4872E-13,  7.1816E-13,  7.7749E-13,  7.6033E-13,  8.2092E-13,  8.0308E-13,  8.2680E-13,  8.2554E-13,  8.2432E-13,  8.0740E-13,  8.3940E-13,  8.3041E-13,  8.4984E-13,  8.4838E-13,  8.5786E-13,  8.5454E-13,  8.8077E-13,  8.7227E-13,  8.7900E-13,  8.6909E-13,  8.8719E-13,  9.0851E-13,  9.1314E-13,  9.0120E-13,  8.6180E-13,  8.3826E-13,  9.8421E-13,  9.6089E-13,  9.6722E-13,  9.4459E-13,  9.7956E-13,  9.2878E-13,  9.9132E-13
  3.5000E+01,  5.5670E+02,  7.4567E+01,  3.5296E-01,  2.0500E-01,  6.0116E-01,  2.0227E+00,  5.3543E-01,  1.9590E+00,  4.3664E-02,  3.1446E-01,  6.3956E-02,  4.1721E-01,  7.2812E-02,  3.0694E-01,  1.3121E-02,  6.0475E-02,  1.3549E-02,  2.9796E-02,  2.1268E-02,  5.4203E-02,  1.0102E-02,  3.3167E-02,  1.6810E-02,  3.4581E-02,  2.3145E-02,  2.4799E-01,  1.5917E-03,  1.2147E-02,  7.4305E-06,  7.4295E-06,  7.4359E-06,  7.4377E-06,  7.4378E-06,  7.4425E-06,  7.4390E-06,  7.4428E-06,  7.4414E-06,  7.4409E-06,  7.4387E-06,  7.4387E-06,  7.4375E-06,  7.4390E-06,  7.4366E-06,  7.4401E-06,  7.4393E-06,  7.4416E-06,  7.4401E-06,  7.4440E-06,  7.4441E-06,  7.4466E-06,  7.4478E-06,  7.4528E-06,  7.4483E-06,  7.4512E-06,  7.4500E-06,  7.4527E-06,  7.4516E-06,  7.4499E-06,  7.4478E-06,  7.4490E-06,  7.4469E-06,  7.4507E-06,  7.4497E-06,  7.4531E-06,  7.4522E-06,  7.4535E-06,  7.4534E-06,  7.4533E-06,  7.4524E-06,  7.4542E-06,  7.4537E-06,  7.4547E-06,  7.4547E-06,  7.4552E-06,  7.4550E-06,  7.4564E-06,  7.4560E-06,  7.4563E-06,  7.4558E-06,  7.4568E-06,  7.4579E-06,  7.4582E-06,  7.4576E-06,  7.4554E-06,  7.4541E-06,  7.4620E-06,  7.4607E-06,  7.4611E-06,  7.4599E-06,  7.4617E-06,  7.4590E-06,  7.4624E-06,  3.5120E-03,  1.8017E-03,  3.7799E-06,  8.4671E-07,  5.6233E-06,  2.4807E-05,  7.2148E-06,  3.5495E-05,  4.3941E-07,  5.1210E-06,  8.1376E-07,  5.1309E-06,  9.2227E-07,  3.2837E-06,  9.0089E-08,  4.5015E-07,  5.7782E-08,  1.2812E-07,  1.2823E-07,  5.8365E-07,  1.0514E-07,  4.0474E-07,  2.7640E-07,  4.7163E-07,  3.2989E-07,  2.2785E-06,  7.4335E-09,  9.4505E-08,  6.4288E-13,  6.3643E-13,  6.9333E-13,  7.1547E-13,  7.1655E-13,  7.8577E-13,  7.3214E-13,  7.9188E-13,  7.6799E-13,  7.6048E-13,  7.2805E-13,  7.2867E-13,  7.1220E-13,  7.3272E-13,  7.0116E-13,  7.4776E-13,  7.3679E-13,  7.7104E-13,  7.4813E-13,  8.1158E-13,  8.1328E-13,  8.5735E-13,  8.7688E-13,  9.6741E-13,  8.8526E-13,  9.3725E-13,  9.1623E-13,  9.6465E-13,  9.4455E-13,  9.1503E-13,  8.7675E-13,  8.9771E-13,  8.6160E-13,  9.2946E-13,  9.1097E-13,  9.7274E-13,  9.5505E-13,  9.7854E-13,  9.7730E-13,  9.7609E-13,  9.5936E-13,  9.9103E-13,  9.8214E-13,  1.0015E-12,  1.0000E-12,  1.0095E-12,  1.0062E-12,  1.0326E-12,  1.0240E-12,  1.0309E-12,  1.0208E-12,  1.0391E-12,  1.0600E-12,  1.0644E-12,  1.0530E-12,  1.0135E-12,  9.8990E-13,  1.1337E-12,  1.1108E-12,  1.1170E-12,  1.0949E-12,  1.1291E-12,  1.0795E-12,  1.1409E-12
  4.0000E+01,  5.5669E+02,  7.4558E+01,  3.5294E-01,  2.0500E-01,  6.0113E-01,  2.0226E+00,  5.3539E-01,  1.9589E+00,  4.3662E-02,  3.1444E-01,  6.3951E-02,  4.1718E-01,  7.2807E-02,  3.0692E-01,  1.3120E-02,  6.0473E-02,  1.3548E-02,  2.9795E-02,  2.1267E-02,  5.4200E-02,  1.0102E-02,  3.3164E-02,  1.6808E-02,  3.4579E-02,  2.3143E-02,  2.4798E-01,  1.5916E-03,  1.2147E-02,  7.4305E-06,  7.4295E-06,  7.4359E-06,  7.4377E-06,  7.4378E-06,  7.4425E-06,  7.4390E-06,  7.4428E-06,  7.4414E-06,  7.4409E-06,  7.4387E-06,  7.4387E-06,  7.4375E-06,  7.4390E-06,  7.4366E-06,  7.4401E-06,  7.4393E-06,  7.4416E-06,  7.4401E-06,  7.4440E-06,  7.4441E-06,  7.4466E-06,  7.4478E-06,  7.4528E-06,  7.4483E-06,  7.4511E-06,  7.4500E-06,  7.4527E-06,  7.4516E-06,  7.4499E-06,  7.4478E-06,  7.4490E-06,  7.4469E-06,  7.4507E-06,  7.4497E-06,  7.4531E-06,  7.4521E-06,  7.4535E-06,  7.4534E-06,  7.4533E-06,  7.4524E-06,  7.4542E-06,  7.4537E-06,  7.4547E-06,  7.4546E-06,  7.4552E-06,  7.4550E-06,  7.4564E-06,  7.4560E-06,  7.4563E-06,  7.4558E-06,  7.4568E-06,  7.4579E-06,  7.4582E-06,  7.4576E-06,  7.4554E-06,  7.4541E-06,  7.4620E-06,  7.4607E-06,  7.4611E-06,  7.4598E-06,  7.4617E-06,  7.4590E-06,  7.4623E-06,  4.0455E-03,  1.7267E-03,  5.4722E-06,  1.3024E-06,  7.8513E-06,  2.7719E-05,  7.3384E-06,  3.4702E-05,  5.7415E-07,  5.2330E-06,  1.0142E-06,  5.8389E-06,  1.1206E-06,  3.6833E-06,  1.1240E-07,  5.1605E-07,  7.6359E-08,  1.8699E-07,  1.5868E-07,  6.5850E-07,  1.4225E-07,  5.6641E-07,  3.9016E-07,  6.4528E-07,  4.5877E-07,  3.0603E-06,  1.0853E-08,  1.1968E-07,  8.1480E-13,  8.0017E-13,  9.0256E-13,  9.3330E-13,  9.3469E-13,  1.0123E-12,  9.5381E-13,  1.0183E-12,  9.9399E-13,  9.8602E-13,  9.4895E-13,  9.4969E-13,  9.2903E-13,  9.5449E-13,  9.1392E-13,  9.7189E-13,  9.5929E-13,  9.9722E-13,  9.7231E-13,  1.0379E-12,  1.0396E-12,  1.0831E-12,  1.1024E-12,  1.1910E-12,  1.1105E-12,  1.1610E-12,  1.1404E-12,  1.1883E-12,  1.1682E-12,  1.1393E-12,  1.1022E-12,  1.1226E-12,  1.0872E-12,  1.1533E-12,  1.1354E-12,  1.1962E-12,  1.1787E-12,  1.2019E-12,  1.2007E-12,  1.1995E-12,  1.1830E-12,  1.2142E-12,  1.2054E-12,  1.2244E-12,  1.2229E-12,  1.2322E-12,  1.2290E-12,  1.2552E-12,  1.2466E-12,  1.2534E-12,  1.2434E-12,  1.2617E-12,  1.2833E-12,  1.2881E-12,  1.2758E-12,  1.2361E-12,  1.2131E-12,  1.3706E-12,  1.3417E-12,  1.3494E-12,  1.3223E-12,  1.3648E-12,  1.3045E-12,  1.3796E-12
  4.5000E+01,  5.5666E+02,  7.4549E+01,  3.5291E-01,  2.0499E-01,  6.0108E-01,  2.0224E+00,  5.3535E-01,  1.9587E+00,  4.3658E-02,  3.1441E-01,  6.3945E-02,  4.1715E-01,  7.2800E-02,  3.0690E-01,  1.3120E-02,  6.0470E-02,  1.3548E-02,  2.9794E-02,  2.1266E-02,  5.4196E-02,  1.0101E-02,  3.3161E-02,  1.6806E-02,  3.4575E-02,  2.3141E-02,  2.4796E-01,  1.5915E-03,  1.2146E-02,  7.4305E-06,  7.4295E-06,  7.4359E-06,  7.4377E-06,  7.4378E-06,  7.4425E-06,  7.4390E-06,  7.4428E-06,  7.4414E-06,  7.4409E-06,  7.4387E-06,  7.4387E-06,  7.4375E-06,  7.4390E-06,  7.4366E-06,  7.4401E-06,  7.4393E-06,  7.4416E-06,  7.4401E-06,  7.4440E-06,  7.4441E-06,  7.4466E-06,  7.4478E-06,  7.4528E-06,  7.4482E-06,  7.4511E-06,  7.4500E-06,  7.4527E-06,  7.4515E-06,  7.4499E-06,  7.4478E-06,  7.4490E-06,  7.4469E-06,  7.4507E-06,  7.4497E-06,  7.4531E-06,  7.4521E-06,  7.4535E-06,  7.4534E-06,  7.4533E-06,  7.4524E-06,  7.4541E-06,  7.4537E-06,  7.4547E-06,  7.4546E-06,  7.4552E-06,  7.4550E-06,  7.4564E-06,  7.4560E-06,  7.4563E-06,  7.4558E-06,  7.4568E-06,  7.4579E-06,  7.4582E-06,  7.4575E-06,  7.4554E-06,  7.4541E-06,  7.4620E-06,  7.4607E-06,  7.4611E-06,  7.4598E-06,  7.4617E-06,  7.4590E-06,  7.4623E-06,  4.5730E-03,  1.9321E-03,  7.2090E-06,  1.8316E-06,  1.1002E-05,  3.5169E-05,  8.8154E-06,  4.0304E-05,  8.0574E-07,  6.3876E-06,  1.3965E-06,  7.6089E-06,  1.5270E-06,  4.6839E-06,  1.5776E-07,  6.6883E-07,  1.1094E-07,  2.6009E-07,  2.2245E-07,  8.4151E-07,  1.9829E-07,  7.7746E-07,  5.2069E-07,  8.8051E-07,  6.1373E-07,  4.2225E-06,  1.5387E-08,  1.6616E-07,  1.0151E-12,  1.0004E-12,  1.1019E-12,  1.1311E-12,  1.1324E-12,  1.2092E-12,  1.1515E-12,  1.2152E-12,  1.1915E-12,  1.1837E-12,  1.1467E-12,  1.1474E-12,  1.1269E-12,  1.1522E-12,  1.1125E-12,  1.1696E-12,  1.1570E-12,  1.1946E-12,  1.1701E-12,  1.2346E-12,  1.2363E-12,  1.2803E-12,  1.3017E-12,  1.4118E-12,  1.3110E-12,  1.3722E-12,  1.3465E-12,  1.4081E-12,  1.3814E-12,  1.3451E-12,  1.3015E-12,  1.3252E-12,  1.2849E-12,  1.3625E-12,  1.3405E-12,  1.4190E-12,  1.3952E-12,  1.4269E-12,  1.4251E-12,  1.4235E-12,  1.4010E-12,  1.4444E-12,  1.4318E-12,  1.4593E-12,  1.4572E-12,  1.4710E-12,  1.4661E-12,  1.5059E-12,  1.4928E-12,  1.5032E-12,  1.4879E-12,  1.5159E-12,  1.5489E-12,  1.5560E-12,  1.5377E-12,  1.4768E-12,  1.4428E-12,  1.6783E-12,  1.6366E-12,  1.6479E-12,  1.6078E-12,  1.6699E-12,  1.5810E-12,  1.6912E-12
  5.0000E+01,  5.5664E+02,  7.4538E+01,  3.5287E-01,  2.0498E-01,  6.0102E-01,  2.0222E+00,  5.3530E-01,  1.9584E+00,  4.3654E-02,  3.1437E-01,  6.3937E-02,  4.1710E-01,  7.2791E-02,  3.0687E-01,  1.3119E-02,  6.0466E-02,  1.3547E-02,  2.9793E-02,  2.1265E-02,  5.4191E-02,  1.0100E-02,  3.3157E-02,  1.6803E-02,  3.4570E-02,  2.3137E-02,  2.4794E-01,  1.5915E-03,  1.2145E-02,  7.4305E-06,  7.4295E-06,  7.4359E-06,  7.4377E-06,  7.4378E-06,  7.4425E-06,  7.4390E-06,  7.4428E-06,  7.4414E-06,  7.4409E-06,  7.4387E-06,  7.4387E-06,  7.4375E-06,  7.4390E-06,  7.4366E-06,  7.4401E-06,  7.4393E-06,  7.4416E-06,  7.4401E-06,  7.4440E-06,  7.4441E-06,  7.4466E-06,  7.4478E-06,  7.4528E-06,  7.4482E-06,  7.4511E-06,  7.4500E-06,  7.4527E-06,  7.4515E-06,  7.4499E-06,  7.4477E-06,  7.4489E-06,  7.4469E-06,  7.4507E-06,  7.4497E-06,  7.4531E-06,  7.4521E-06,  7.4534E-06,  7.4534E-06,  7.4533E-06,  7.4524E-06,  7.4541E-06,  7.4536E-06,  7.4547E-06,  7.4546E-06,  7.4552E-06,  7.4550E-06,  7.4564E-06,  7.4560E-06,  7.4563E-06,  7.4558E-06,  7.4568E-06,  7.4579E-06,  7.4582E-06,  7.4575E-06,  7.4554E-06,  7.4541E-06,  7.4620E-06,  7.4607E-06,  7.4611E-06,  7.4598E-06,  7.4617E-06,  7.4590E-06,  7.4623E-06,  5.1028E-03,  2.3317E-03,  9.0421E-06,  2.4014E-06,  1.4245E-05,  4.6689E-05,  1.1344E-05,  5.0499E-05,  1.0560E-06,  8.1588E-06,  1.8165E-06,  1.0066E-05,  1.9882E-06,  6.2280E-06,  2.1275E-07,  9.0442E-07,  1.5161E-07,  3.3878E-07,  3.0379E-07,  1.1239E-06,  2.5561E-07,  9.8976E-07,  6.4864E-07,  1.1140E-06,  7.6500E-07,  5.3929E-06,  2.0168E-08,  2.1715E-07,  1.1919E-12,  1.1775E-12,  1.2790E-12,  1.3114E-12,  1.3129E-12,  1.4093E-12,  1.3352E-12,  1.4173E-12,  1.3852E-12,  1.3751E-12,  1.3294E-12,  1.3303E-12,  1.3067E-12,  1.3360E-12,  1.2907E-12,  1.3573E-12,  1.3418E-12,  1.3894E-12,  1.3578E-12,  1.4446E-12,  1.4471E-12,  1.5122E-12,  1.5432E-12,  1.6982E-12,  1.5567E-12,  1.6437E-12,  1.6075E-12,  1.6932E-12,  1.6567E-12,  1.6055E-12,  1.5430E-12,  1.5771E-12,  1.5188E-12,  1.6301E-12,  1.5988E-12,  1.7080E-12,  1.6756E-12,  1.7188E-12,  1.7165E-12,  1.7142E-12,  1.6834E-12,  1.7426E-12,  1.7256E-12,  1.7627E-12,  1.7598E-12,  1.7782E-12,  1.7718E-12,  1.8246E-12,  1.8071E-12,  1.8209E-12,  1.8006E-12,  1.8378E-12,  1.8819E-12,  1.8913E-12,  1.8670E-12,  1.7859E-12,  1.7404E-12,  2.0404E-12,  1.9911E-12,  2.0046E-12,  1.9566E-12,  2.0306E-12,  1.9233E-12,  2.0553E-12
  5.5000E+01,  5.5661E+02,  7.4525E+01,  3.5282E-01,  2.0496E-01,  6.0094E-01,  2.0220E+00,  5.3524E-01,  1.9582E+00,  4.3648E-02,  3.1433E-01,  6.3927E-02,  4.1705E-01,  7.2780E-02,  3.0684E-01,  1.3118E-02,  6.0461E-02,  1.3546E-02,  2.9791E-02,  2.1263E-02,  5.4185E-02,  1.0098E-02,  3.3151E-02,  1.6799E-02,  3.4564E-02,  2.3133E-02,  2.4791E-01,  1.5913E-03,  1.2144E-02,  7.4304E-06,  7.4295E-06,  7.4359E-06,  7.4377E-06,  7.4378E-06,  7.4424E-06,  7.4390E-06,  7.4428E-06,  7.4414E-06,  7.4409E-06,  7.4387E-06,  7.4387E-06,  7.4375E-06,  7.4390E-06,  7.4366E-06,  7.4401E-06,  7.4393E-06,  7.4416E-06,  7.4401E-06,  7.4440E-06,  7.4441E-06,  7.4466E-06,  7.4477E-06,  7.4528E-06,  7.4482E-06,  7.4511E-06,  7.4500E-06,  7.4527E-06,  7.4515E-06,  7.4499E-06,  7.4477E-06,  7.4489E-06,  7.4469E-06,  7.4507E-06,  7.4497E-06,  7.4531E-06,  7.4521E-06,  7.4534E-06,  7.4534E-06,  7.4533E-06,  7.4524E-06,  7.4541E-06,  7.4536E-06,  7.4547E-06,  7.4546E-06,  7.4551E-06,  7.4550E-06,  7.4564E-06,  7.4559E-06,  7.4563E-06,  7.4558E-06,  7.4568E-06,  7.4579E-06,  7.4582E-06,  7.4575E-06,  7.4554E-06,  7.4541E-06,  7.4619E-06,  7.4607E-06,  7.4610E-06,  7.4598E-06,  7.4617E-06,  7.4590E-06,  7.4623E-06,  5.5955E-03,  2.7321E-03,  1.1348E-05,  3.0994E-06,  1.7581E-05,  5.8571E-05,  1.4000E-05,  6.0981E-05,  1.3068E-06,  9.9233E-06,  2.2306E-06,  1.2495E-05,  2.4409E-06,  7.8225E-06,  2.6928E-07,  1.1533E-06,  1.9456E-07,  4.3034E-07,  3.8843E-07,  1.4171E-06,  3.1340E-07,  1.2086E-06,  7.8723E-07,  1.3487E-06,  9.2274E-07,  6.5620E-06,  2.5315E-08,  2.6785E-07,  1.3647E-12,  1.3466E-12,  1.4850E-12,  1.5308E-12,  1.5330E-12,  1.6647E-12,  1.5637E-12,  1.6755E-12,  1.6324E-12,  1.6184E-12,  1.5557E-12,  1.5569E-12,  1.5242E-12,  1.5648E-12,  1.5015E-12,  1.5940E-12,  1.5727E-12,  1.6380E-12,  1.5947E-12,  1.7114E-12,  1.7146E-12,  1.7992E-12,  1.8394E-12,  2.0285E-12,  1.8570E-12,  1.9646E-12,  1.9209E-12,  2.0226E-12,  1.9800E-12,  1.9185E-12,  1.8391E-12,  1.8832E-12,  1.8077E-12,  1.9482E-12,  1.9104E-12,  2.0397E-12,  2.0022E-12,  2.0519E-12,  2.0493E-12,  2.0467E-12,  2.0113E-12,  2.0784E-12,  2.0594E-12,  2.1005E-12,  2.0974E-12,  2.1177E-12,  2.1106E-12,  2.1682E-12,  2.1492E-12,  2.1642E-12,  2.1422E-12,  2.1824E-12,  2.2285E-12,  2.2382E-12,  2.2129E-12,  2.1262E-12,  2.0760E-12,  2.3949E-12,  2.3433E-12,  2.3574E-12,  2.3069E-12,  2.3847E-12,  2.2720E-12,  2.4106E-12
  6.3000E+01,  5.5657E+02,  7.4501E+01,  3.5271E-01,  2.0493E-01,  6.0077E-01,  2.0214E+00,  5.3511E-01,  1.9576E+00,  4.3636E-02,  3.1424E-01,  6.3906E-02,  4.1693E-01,  7.2757E-02,  3.0677E-01,  1.3115E-02,  6.0450E-02,  1.3544E-02,  2.9786E-02,  2.1259E-02,  5.4172E-02,  1.0095E-02,  3.3140E-02,  1.6792E-02,  3.4551E-02,  2.3124E-02,  2.4785E-01,  1.5911E-03,  1.2142E-02,  7.4304E-06,  7.4295E-06,  7.4359E-06,  7.4377E-06,  7.4378E-06,  7.4424E-06,  7.4390E-06,  7.4428E-06,  7.4414E-06,  7.4409E-06,  7.4387E-06,  7.4387E-06,  7.4375E-06,  7.4390E-06,  7.4366E-06,  7.4400E-06,  7.4393E-06,  7.4415E-06,  7.4401E-06,  7.4439E-06,  7.4440E-06,  7.4466E-06,  7.4477E-06,  7.4528E-06,  7.4482E-06,  7.4511E-06,  7.4499E-06,  7.4526E-06,  7.4515E-06,  7.4499E-06,  7.4477E-06,  7.4489E-06,  7.4468E-06,  7.4507E-06,  7.4497E-06,  7.4531E-06,  7.4521E-06,  7.4534E-06,  7.4534E-06,  7.4533E-06,  7.4523E-06,  7.4541E-06,  7.4536E-06,  7.4547E-06,  7.4546E-06,  7.4551E-06,  7.4549E-06,  7.4564E-06,  7.4559E-06,  7.4563E-06,  7.4557E-06,  7.4567E-06,  7.4579E-06,  7.4581E-06,  7.4575E-06,  7.4553E-06,  7.4541E-06,  7.4619E-06,  7.4607E-06,  7.4610E-06,  7.4598E-06,  7.4617E-06,  7.4590E-06,  7.4623E-06,  6.3336E-03,  3.3563E-03,  1.5896E-05,  4.5851E-06,  2.4450E-05,  7.6995E-05,  1.8245E-05,  7.7226E-05,  1.7775E-06,  1.2719E-05,  2.9640E-06,  1.6328E-05,  3.2162E-06,  1.0299E-05,  3.6838E-07,  1.5510E-06,  2.7464E-07,  6.2925E-07,  5.3552E-07,  1.8757E-06,  4.2841E-07,  1.6629E-06,  1.0750E-06,  1.8298E-06,  1.2501E-06,  8.8911E-06,  3.6242E-08,  3.5951E-07,  1.7293E-12,  1.7020E-12,  1.9065E-12,  1.9696E-12,  1.9726E-12,  2.1373E-12,  2.0128E-12,  2.1504E-12,  2.0981E-12,  2.0811E-12,  2.0025E-12,  2.0040E-12,  1.9607E-12,  2.0142E-12,  1.9295E-12,  2.0511E-12,  2.0244E-12,  2.1050E-12,  2.0520E-12,  2.1937E-12,  2.1974E-12,  2.2941E-12,  2.3379E-12,  2.5379E-12,  2.3566E-12,  2.4700E-12,  2.4237E-12,  2.5317E-12,  2.4863E-12,  2.4211E-12,  2.3376E-12,  2.3840E-12,  2.3035E-12,  2.4527E-12,  2.4125E-12,  2.5497E-12,  2.5100E-12,  2.5627E-12,  2.5599E-12,  2.5572E-12,  2.5197E-12,  2.5906E-12,  2.5707E-12,  2.6138E-12,  2.6106E-12,  2.6316E-12,  2.6242E-12,  2.6836E-12,  2.6642E-12,  2.6796E-12,  2.6570E-12,  2.6980E-12,  2.7449E-12,  2.7548E-12,  2.7291E-12,  2.6404E-12,  2.5881E-12,  2.9142E-12,  2.8615E-12,  2.8760E-12,  2.8245E-12,  2.9037E-12,  2.7888E-12,  2.9302E-12
  7.1000E+01,  5.5651E+02,  7.4471E+01,  3.5256E-01,  2.0489E-01,  6.0054E-01,  2.0207E+00,  5.3494E-01,  1.9569E+00,  4.3619E-02,  3.1412E-01,  6.3878E-02,  4.1678E-01,  7.2728E-02,  3.0667E-01,  1.3111E-02,  6.0436E-02,  1.3542E-02,  2.9780E-02,  2.1254E-02,  5.4155E-02,  1.0091E-02,  3.3124E-02,  1.6782E-02,  3.4534E-02,  2.3113E-02,  2.4776E-01,  1.5908E-03,  1.2138E-02,  7.4304E-06,  7.4295E-06,  7.4359E-06,  7.4377E-06,  7.4378E-06,  7.4424E-06,  7.4389E-06,  7.4428E-06,  7.4413E-06,  7.4409E-06,  7.4386E-06,  7.4387E-06,  7.4374E-06,  7.4390E-06,  7.4365E-06,  7.4400E-06,  7.4393E-06,  7.4415E-06,  7.4401E-06,  7.4439E-06,  7.4440E-06,  7.4466E-06,  7.4477E-06,  7.4528E-06,  7.4482E-06,  7.4511E-06,  7.4499E-06,  7.4526E-06,  7.4515E-06,  7.4499E-06,  7.4477E-06,  7.4489E-06,  7.4468E-06,  7.4506E-06,  7.4496E-06,  7.4531E-06,  7.4521E-06,  7.4534E-06,  7.4533E-06,  7.4533E-06,  7.4523E-06,  7.4541E-06,  7.4536E-06,  7.4547E-06,  7.4546E-06,  7.4551E-06,  7.4549E-06,  7.4564E-06,  7.4559E-06,  7.4563E-06,  7.4557E-06,  7.4567E-06,  7.4579E-06,  7.4581E-06,  7.4575E-06,  7.4553E-06,  7.4540E-06,  7.4619E-06,  7.4607E-06,  7.4610E-06,  7.4598E-06,  7.4617E-06,  7.4589E-06,  7.4623E-06,  7.0074E-03,  4.1692E-03,  2.0708E-05,  6.3382E-06,  3.3120E-05,  9.9228E-05,  2.3559E-05,  9.7411E-05,  2.3979E-06,  1.6306E-05,  3.9273E-06,  2.1165E-05,  4.2333E-06,  1.3288E-05,  5.0065E-07,  2.0385E-06,  3.8355E-07,  8.7488E-07,  7.3134E-07,  2.4313E-06,  5.7564E-07,  2.2189E-06,  1.4068E-06,  2.4203E-06,  1.6354E-06,  1.1844E-05,  4.9998E-08,  4.8046E-07,  2.1553E-12,  2.1236E-12,  2.3490E-12,  2.4149E-12,  2.4180E-12,  2.5916E-12,  2.4610E-12,  2.6052E-12,  2.5510E-12,  2.5334E-12,  2.4500E-12,  2.4517E-12,  2.4055E-12,  2.4625E-12,  2.3730E-12,  2.5018E-12,  2.4733E-12,  2.5581E-12,  2.5027E-12,  2.6492E-12,  2.6530E-12,  2.7508E-12,  2.7951E-12,  2.9967E-12,  2.8143E-12,  2.9292E-12,  2.8828E-12,  2.9905E-12,  2.9456E-12,  2.8802E-12,  2.7948E-12,  2.8424E-12,  2.7602E-12,  2.9118E-12,  2.8715E-12,  3.0086E-12,  2.9691E-12,  3.0217E-12,  3.0189E-12,  3.0162E-12,  2.9787E-12,  3.0499E-12,  3.0298E-12,  3.0733E-12,  3.0700E-12,  3.0916E-12,  3.0840E-12,  3.1442E-12,  3.1246E-12,  3.1401E-12,  3.1173E-12,  3.1587E-12,  3.2067E-12,  3.2169E-12,  3.1905E-12,  3.1005E-12,  3.0474E-12,  3.3772E-12,  3.3241E-12,  3.3387E-12,  3.2871E-12,  3.3666E-12,  3.2515E-12,  3.3935E-12
  8.0000E+01,  5.5645E+02,  7.4428E+01,  3.5235E-01,  2.0482E-01,  6.0020E-01,  2.0197E+00,  5.3470E-01,  1.9559E+00,  4.3594E-02,  3.1395E-01,  6.3838E-02,  4.1656E-01,  7.2684E-02,  3.0653E-01,  1.3106E-02,  6.0414E-02,  1.3538E-02,  2.9771E-02,  2.1246E-02,  5.4129E-02,  1.0085E-02,  3.3101E-02,  1.6768E-02,  3.4509E-02,  2.3096E-02,  2.4764E-01,  1.5902E-03,  1.2133E-02,  7.4304E-06,  7.4295E-06,  7.4359E-06,  7.4377E-06,  7.4378E-06,  7.4424E-06,  7.4389E-06,  7.4427E-06,  7.4413E-06,  7.4408E-06,  7.4386E-06,  7.4387E-06,  7.4374E-06,  7.4390E-06,  7.4365E-06,  7.4400E-06,  7.4392E-06,  7.4415E-06,  7.4400E-06,  7.4439E-06,  7.4440E-06,  7.4465E-06,  7.4477E-06,  7.4527E-06,  7.4482E-06,  7.4511E-06,  7.4499E-06,  7.4526E-06,  7.4515E-06,  7.4498E-06,  7.4477E-06,  7.4489E-06,  7.4468E-06,  7.4506E-06,  7.4496E-06,  7.4530E-06,  7.4521E-06,  7.4534E-06,  7.4533E-06,  7.4532E-06,  7.4523E-06,  7.4541E-06,  7.4536E-06,  7.4546E-06,  7.4546E-06,  7.4551E-06,  7.4549E-06,  7.4563E-06,  7.4559E-06,  7.4562E-06,  7.4557E-06,  7.4567E-06,  7.4578E-06,  7.4581E-06,  7.4575E-06,  7.4553E-06,  7.4540E-06,  7.4619E-06,  7.4606E-06,  7.4610E-06,  7.4597E-06,  7.4616E-06,  7.4589E-06,  7.4622E-06,  7.6907E-03,  5.3667E-03,  2.5974E-05,  8.4241E-06,  4.3411E-05,  1.3076E-04,  3.1276E-05,  1.2652E-04,  3.1676E-06,  2.1316E-05,  5.1417E-06,  2.7791E-05,  5.5369E-06,  1.7531E-05,  6.7837E-07,  2.7384E-06,  5.2941E-07,  1.1710E-06,  1.0009E-06,  3.2217E-06,  7.5035E-07,  2.8581E-06,  1.7717E-06,  3.0964E-06,  2.0618E-06,  1.5304E-05,  6.6530E-08,  6.3308E-07,  2.6113E-12,  2.5785E-12,  2.8075E-12,  2.8750E-12,  2.8782E-12,  3.0520E-12,  2.9212E-12,  3.0657E-12,  3.0111E-12,  2.9932E-12,  2.9102E-12,  2.9118E-12,  2.8655E-12,  2.9227E-12,  2.8323E-12,  2.9620E-12,  2.9336E-12,  3.0182E-12,  2.9629E-12,  3.1106E-12,  3.1144E-12,  3.2139E-12,  3.2589E-12,  3.4635E-12,  3.2781E-12,  3.3936E-12,  3.3467E-12,  3.4570E-12,  3.4104E-12,  3.3440E-12,  3.2586E-12,  3.3061E-12,  3.2236E-12,  3.3759E-12,  3.3353E-12,  3.4759E-12,  3.4346E-12,  3.4894E-12,  3.4865E-12,  3.4836E-12,  3.4446E-12,  3.5187E-12,  3.4978E-12,  3.5429E-12,  3.5395E-12,  3.5615E-12,  3.5538E-12,  3.6157E-12,  3.5955E-12,  3.6115E-12,  3.5880E-12,  3.6306E-12,  3.6799E-12,  3.6903E-12,  3.6632E-12,  3.5707E-12,  3.5160E-12,  3.8602E-12,  3.8034E-12,  3.8188E-12,  3.7644E-12,  3.8489E-12,  3.7265E-12,  3.8776E-12
  9.0000E+01,  5.5637E+02,  7.4367E+01,  3.5206E-01,  2.0473E-01,  5.9971E-01,  2.0182E+00,  5.3434E-01,  1.9545E+00,  4.3558E-02,  3.1371E-01,  6.3780E-02,  4.1625E-01,  7.2621E-02,  3.0633E-01,  1.3098E-02,  6.0383E-02,  1.3531E-02,  2.9758E-02,  2.1235E-02,  5.4092E-02,  1.0077E-02,  3.3069E-02,  1.6748E-02,  3.4475E-02,  2.3073E-02,  2.4747E-01,  1.5895E-03,  1.2126E-02,  7.4304E-06,  7.4294E-06,  7.4358E-06,  7.4376E-06,  7.4377E-06,  7.4424E-06,  7.4389E-06,  7.4427E-06,  7.4413E-06,  7.4408E-06,  7.4386E-06,  7.4386E-06,  7.4374E-06,  7.4389E-06,  7.4365E-06,  7.4400E-06,  7.4392E-06,  7.4415E-06,  7.4400E-06,  7.4439E-06,  7.4440E-06,  7.4465E-06,  7.4476E-06,  7.4527E-06,  7.4481E-06,  7.4510E-06,  7.4499E-06,  7.4526E-06,  7.4514E-06,  7.4498E-06,  7.4476E-06,  7.4488E-06,  7.4468E-06,  7.4506E-06,  7.4496E-06,  7.4530E-06,  7.4520E-06,  7.4533E-06,  7.4533E-06,  7.4532E-06,  7.4523E-06,  7.4540E-06,  7.4535E-06,  7.4546E-06,  7.4545E-06,  7.4550E-06,  7.4549E-06,  7.4563E-06,  7.4558E-06,  7.4562E-06,  7.4557E-06,  7.4567E-06,  7.4578E-06,  7.4580E-06,  7.4574E-06,  7.4552E-06,  7.4540E-06,  7.4618E-06,  7.4606E-06,  7.4609E-06,  7.4597E-06,  7.4616E-06,  7.4589E-06,  7.4622E-06,  8.3624E-03,  6.7607E-03,  3.1538E-05,  1.0790E-05,  5.4605E-05,  1.6735E-04,  4.0457E-05,  1.6035E-04,  4.0129E-06,  2.7024E-05,  6.4565E-06,  3.5259E-05,  6.9515E-06,  2.2462E-05,  8.8205E-07,  3.5709E-06,  6.9988E-07,  1.5081E-06,  1.3164E-06,  4.1452E-06,  9.3916E-07,  3.5358E-06,  2.1483E-06,  3.8043E-06,  2.5011E-06,  1.8998E-05,  8.4984E-08,  8.0014E-07,  3.0679E-12,  3.0349E-12,  3.2673E-12,  3.3348E-12,  3.3380E-12,  3.5167E-12,  3.3814E-12,  3.5309E-12,  3.4743E-12,  3.4558E-12,  3.3702E-12,  3.3719E-12,  3.3252E-12,  3.3830E-12,  3.2920E-12,  3.4232E-12,  3.3940E-12,  3.4817E-12,  3.4241E-12,  3.5770E-12,  3.5809E-12,  3.6830E-12,  3.7301E-12,  3.9475E-12,  3.7505E-12,  3.8734E-12,  3.8230E-12,  3.9407E-12,  3.8912E-12,  3.8202E-12,  3.7298E-12,  3.7801E-12,  3.6931E-12,  3.8545E-12,  3.8109E-12,  3.9606E-12,  3.9171E-12,  3.9747E-12,  3.9717E-12,  3.9687E-12,  3.9277E-12,  4.0052E-12,  3.9835E-12,  4.0307E-12,  4.0271E-12,  4.0507E-12,  4.0424E-12,  4.1091E-12,  4.0874E-12,  4.1046E-12,  4.0793E-12,  4.1252E-12,  4.1775E-12,  4.1887E-12,  4.1598E-12,  4.0606E-12,  4.0024E-12,  4.3702E-12,  4.3101E-12,  4.3266E-12,  4.2678E-12,  4.3582E-12,  4.2273E-12,  4.3886E-12
  1.0000E+02,  5.5628E+02,  7.4293E+01,  3.5172E-01,  2.0461E-01,  5.9911E-01,  2.0163E+00,  5.3389E-01,  1.9527E+00,  4.3514E-02,  3.1341E-01,  6.3709E-02,  4.1586E-01,  7.2545E-02,  3.0609E-01,  1.3089E-02,  6.0343E-02,  1.3524E-02,  2.9741E-02,  2.1220E-02,  5.4046E-02,  1.0067E-02,  3.3031E-02,  1.6725E-02,  3.4433E-02,  2.3046E-02,  2.4726E-01,  1.5885E-03,  1.2117E-02,  7.4303E-06,  7.4294E-06,  7.4358E-06,  7.4376E-06,  7.4377E-06,  7.4423E-06,  7.4388E-06,  7.4427E-06,  7.4412E-06,  7.4408E-06,  7.4385E-06,  7.4386E-06,  7.4373E-06,  7.4389E-06,  7.4365E-06,  7.4399E-06,  7.4392E-06,  7.4414E-06,  7.4400E-06,  7.4438E-06,  7.4439E-06,  7.4465E-06,  7.4476E-06,  7.4527E-06,  7.4481E-06,  7.4510E-06,  7.4498E-06,  7.4525E-06,  7.4514E-06,  7.4497E-06,  7.4476E-06,  7.4488E-06,  7.4467E-06,  7.4505E-06,  7.4495E-06,  7.4530E-06,  7.4520E-06,  7.4533E-06,  7.4532E-06,  7.4532E-06,  7.4522E-06,  7.4540E-06,  7.4535E-06,  7.4546E-06,  7.4545E-06,  7.4550E-06,  7.4548E-06,  7.4563E-06,  7.4558E-06,  7.4562E-06,  7.4556E-06,  7.4566E-06,  7.4578E-06,  7.4580E-06,  7.4574E-06,  7.4552E-06,  7.4539E-06,  7.4618E-06,  7.4605E-06,  7.4609E-06,  7.4597E-06,  7.4615E-06,  7.4588E-06,  7.4622E-06,  8.9528E-03,  8.0826E-03,  3.6873E-05,  1.3178E-05,  6.5316E-05,  2.0219E-04,  4.9428E-05,  1.9256E-04,  4.8202E-06,  3.2428E-05,  7.6857E-06,  4.2272E-05,  8.2681E-06,  2.7168E-05,  1.0812E-06,  4.3862E-06,  8.7148E-07,  1.8490E-06,  1.6287E-06,  5.0319E-06,  1.1175E-06,  4.1734E-06,  2.4961E-06,  4.4610E-06,  2.9048E-06,  2.2453E-05,  1.0322E-07,  9.5861E-07,  3.4849E-12,  3.4509E-12,  3.6899E-12,  3.7613E-12,  3.7646E-12,  3.9529E-12,  3.8103E-12,  3.9676E-12,  3.9085E-12,  3.8890E-12,  3.7985E-12,  3.8003E-12,  3.7511E-12,  3.8119E-12,  3.7158E-12,  3.8545E-12,  3.8236E-12,  3.9164E-12,  3.8555E-12,  4.0157E-12,  4.0199E-12,  4.1296E-12,  4.1789E-12,  4.4092E-12,  4.2002E-12,  4.3312E-12,  4.2779E-12,  4.4020E-12,  4.3498E-12,  4.2750E-12,  4.1785E-12,  4.2319E-12,  4.1401E-12,  4.3113E-12,  4.2650E-12,  4.4230E-12,  4.3770E-12,  4.4381E-12,  4.4349E-12,  4.4317E-12,  4.3882E-12,  4.4704E-12,  4.4474E-12,  4.4972E-12,  4.4934E-12,  4.5181E-12,  4.5095E-12,  4.5797E-12,  4.5566E-12,  4.5749E-12,  4.5480E-12,  4.5970E-12,  4.6529E-12,  4.6646E-12,  4.6341E-12,  4.5284E-12,  4.4675E-12,  4.8526E-12,  4.7900E-12,  4.8071E-12,  4.7465E-12,  4.8402E-12,  4.7049E-12,  4.8719E-12
  1.1000E+02,  5.5619E+02,  7.4206E+01,  3.5133E-01,  2.0446E-01,  5.9840E-01,  2.0142E+00,  5.3335E-01,  1.9506E+00,  4.3462E-02,  3.1306E-01,  6.3626E-02,  4.1540E-01,  7.2456E-02,  3.0579E-01,  1.3077E-02,  6.0295E-02,  1.3514E-02,  2.9721E-02,  2.1202E-02,  5.3992E-02,  1.0055E-02,  3.2986E-02,  1.6698E-02,  3.4386E-02,  2.3015E-02,  2.4702E-01,  1.5874E-03,  1.2107E-02,  7.4303E-06,  7.4294E-06,  7.4358E-06,  7.4376E-06,  7.4376E-06,  7.4423E-06,  7.4388E-06,  7.4426E-06,  7.4412E-06,  7.4407E-06,  7.4385E-06,  7.4386E-06,  7.4373E-06,  7.4388E-06,  7.4364E-06,  7.4399E-06,  7.4391E-06,  7.4414E-06,  7.4399E-06,  7.4438E-06,  7.4439E-06,  7.4464E-06,  7.4476E-06,  7.4526E-06,  7.4480E-06,  7.4509E-06,  7.4498E-06,  7.4525E-06,  7.4513E-06,  7.4497E-06,  7.4476E-06,  7.4488E-06,  7.4467E-06,  7.4505E-06,  7.4495E-06,  7.4529E-06,  7.4519E-06,  7.4532E-06,  7.4532E-06,  7.4531E-06,  7.4522E-06,  7.4539E-06,  7.4534E-06,  7.4545E-06,  7.4544E-06,  7.4549E-06,  7.4548E-06,  7.4562E-06,  7.4557E-06,  7.4561E-06,  7.4556E-06,  7.4566E-06,  7.4577E-06,  7.4579E-06,  7.4573E-06,  7.4552E-06,  7.4539E-06,  7.4617E-06,  7.4605E-06,  7.4608E-06,  7.4596E-06,  7.4615E-06,  7.4588E-06,  7.4621E-06,  9.4716E-03,  9.3035E-03,  4.2008E-05,  1.5599E-05,  7.5640E-05,  2.3450E-04,  5.7951E-05,  2.2241E-04,  5.5873E-06,  3.7441E-05,  8.8314E-06,  4.8743E-05,  9.4879E-06,  3.1540E-05,  1.2739E-06,  5.1624E-06,  1.0421E-06,  2.1932E-06,  1.9337E-06,  5.8596E-06,  1.2867E-06,  4.7789E-06,  2.8217E-06,  5.0765E-06,  3.2818E-06,  2.5712E-05,  1.2129E-07,  1.1085E-06,  3.8789E-12,  3.8432E-12,  4.0950E-12,  4.1695E-12,  4.1730E-12,  4.3718E-12,  4.2215E-12,  4.3874E-12,  4.3252E-12,  4.3047E-12,  4.2090E-12,  4.2109E-12,  4.1590E-12,  4.2232E-12,  4.1224E-12,  4.2683E-12,  4.2356E-12,  4.3334E-12,  4.2693E-12,  4.4384E-12,  4.4428E-12,  4.5570E-12,  4.6100E-12,  4.8484E-12,  4.6325E-12,  4.7674E-12,  4.7128E-12,  4.8410E-12,  4.7868E-12,  4.7098E-12,  4.6097E-12,  4.6654E-12,  4.5683E-12,  4.7470E-12,  4.6995E-12,  4.8628E-12,  4.8150E-12,  4.8785E-12,  4.8752E-12,  4.8719E-12,  4.8267E-12,  4.9126E-12,  4.8883E-12,  4.9406E-12,  4.9367E-12,  4.9622E-12,  4.9532E-12,  5.0253E-12,  5.0018E-12,  5.0205E-12,  4.9930E-12,  5.0428E-12,  5.0997E-12,  5.1117E-12,  5.0805E-12,  4.9729E-12,  4.9095E-12,  5.3066E-12,  5.2418E-12,  5.2596E-12,  5.1966E-12,  5.2938E-12,  5.1533E-12,  5.3264E-12
  1.2000E+02,  5.5609E+02,  7.4108E+01,  3.5088E-01,  2.0429E-01,  5.9759E-01,  2.0117E+00,  5.3273E-01,  1.9483E+00,  4.3402E-02,  3.1267E-01,  6.3533E-02,  4.1489E-01,  7.2356E-02,  3.0546E-01,  1.3063E-02,  6.0240E-02,  1.3503E-02,  2.9697E-02,  2.1181E-02,  5.3929E-02,  1.0041E-02,  3.2935E-02,  1.6669E-02,  3.4332E-02,  2.2981E-02,  2.4675E-01,  1.5861E-03,  1.2095E-02,  7.4303E-06,  7.4293E-06,  7.4357E-06,  7.4375E-06,  7.4376E-06,  7.4422E-06,  7.4388E-06,  7.4426E-06,  7.4412E-06,  7.4407E-06,  7.4385E-06,  7.4385E-06,  7.4373E-06,  7.4388E-06,  7.4364E-06,  7.4398E-06,  7.4391E-06,  7.4413E-06,  7.4399E-06,  7.4437E-06,  7.4438E-06,  7.4464E-06,  7.4475E-06,  7.4526E-06,  7.4480E-06,  7.4509E-06,  7.4497E-06,  7.4524E-06,  7.4513E-06,  7.4497E-06,  7.4475E-06,  7.4487E-06,  7.4466E-06,  7.4504E-06,  7.4494E-06,  7.4529E-06,  7.4519E-06,  7.4532E-06,  7.4531E-06,  7.4531E-06,  7.4521E-06,  7.4539E-06,  7.4534E-06,  7.4545E-06,  7.4544E-06,  7.4549E-06,  7.4547E-06,  7.4562E-06,  7.4557E-06,  7.4561E-06,  7.4555E-06,  7.4565E-06,  7.4577E-06,  7.4579E-06,  7.4573E-06,  7.4551E-06,  7.4538E-06,  7.4617E-06,  7.4604E-06,  7.4608E-06,  7.4596E-06,  7.4614E-06,  7.4587E-06,  7.4620E-06,  9.9295E-03,  1.0435E-02,  4.6916E-05,  1.8023E-05,  8.5630E-05,  2.6449E-04,  6.6036E-05,  2.5014E-04,  6.3241E-06,  4.2108E-05,  9.9133E-06,  5.4741E-05,  1.0634E-05,  3.5610E-05,  1.4613E-06,  5.9007E-06,  1.2124E-06,  2.5398E-06,  2.2321E-06,  6.6335E-06,  1.4494E-06,  5.3569E-06,  3.1286E-06,  5.6589E-06,  3.6363E-06,  2.8827E-05,  1.3920E-07,  1.2519E-06,  4.2584E-12,  4.2209E-12,  4.4845E-12,  4.5631E-12,  4.5668E-12,  4.7729E-12,  4.6181E-12,  4.7890E-12,  4.7249E-12,  4.7038E-12,  4.6050E-12,  4.6070E-12,  4.5518E-12,  4.6199E-12,  4.5130E-12,  4.6664E-12,  4.6327E-12,  4.7333E-12,  4.6675E-12,  4.8417E-12,  4.8462E-12,  4.9647E-12,  5.0186E-12,  5.2641E-12,  5.0415E-12,  5.1805E-12,  5.1238E-12,  5.2564E-12,  5.2005E-12,  5.1206E-12,  5.0182E-12,  5.0751E-12,  4.9763E-12,  5.1592E-12,  5.1101E-12,  5.2789E-12,  5.2294E-12,  5.2950E-12,  5.2915E-12,  5.2882E-12,  5.2415E-12,  5.3296E-12,  5.3049E-12,  5.3583E-12,  5.3543E-12,  5.3804E-12,  5.3712E-12,  5.4449E-12,  5.4209E-12,  5.4400E-12,  5.4120E-12,  5.4628E-12,  5.5222E-12,  5.5347E-12,  5.5021E-12,  5.3914E-12,  5.3265E-12,  5.7350E-12,  5.6687E-12,  5.6869E-12,  5.6226E-12,  5.7219E-12,  5.5780E-12,  5.7553E-12
  1.4000E+02,  5.5588E+02,  7.3878E+01,  3.4985E-01,  2.0389E-01,  5.9569E-01,  2.0058E+00,  5.3126E-01,  1.9428E+00,  4.3262E-02,  3.1174E-01,  6.3314E-02,  4.1368E-01,  7.2122E-02,  3.0467E-01,  1.3030E-02,  6.0108E-02,  1.3475E-02,  2.9640E-02,  2.1131E-02,  5.3783E-02,  1.0009E-02,  3.2818E-02,  1.6601E-02,  3.4208E-02,  2.2902E-02,  2.4612E-01,  1.5830E-03,  1.2067E-02,  7.4302E-06,  7.4292E-06,  7.4356E-06,  7.4374E-06,  7.4375E-06,  7.4421E-06,  7.4387E-06,  7.4425E-06,  7.4411E-06,  7.4406E-06,  7.4384E-06,  7.4384E-06,  7.4372E-06,  7.4387E-06,  7.4363E-06,  7.4397E-06,  7.4390E-06,  7.4412E-06,  7.4398E-06,  7.4436E-06,  7.4437E-06,  7.4463E-06,  7.4474E-06,  7.4525E-06,  7.4479E-06,  7.4508E-06,  7.4496E-06,  7.4523E-06,  7.4512E-06,  7.4495E-06,  7.4474E-06,  7.4486E-06,  7.4465E-06,  7.4503E-06,  7.4493E-06,  7.4528E-06,  7.4518E-06,  7.4531E-06,  7.4530E-06,  7.4529E-06,  7.4520E-06,  7.4538E-06,  7.4533E-06,  7.4543E-06,  7.4543E-06,  7.4548E-06,  7.4546E-06,  7.4560E-06,  7.4556E-06,  7.4559E-06,  7.4554E-06,  7.4564E-06,  7.4575E-06,  7.4578E-06,  7.4572E-06,  7.4550E-06,  7.4537E-06,  7.4615E-06,  7.4603E-06,  7.4606E-06,  7.4594E-06,  7.4613E-06,  7.4586E-06,  7.4619E-06,  1.0701E-02,  1.2499E-02,  5.5833E-05,  2.2758E-05,  1.0439E-04,  3.1934E-04,  8.1199E-05,  3.0091E-04,  7.7096E-06,  5.0685E-05,  1.1908E-05,  6.5735E-05,  1.2741E-05,  4.3078E-05,  1.8215E-06,  7.2908E-06,  1.5491E-06,  3.2199E-06,  2.8114E-06,  8.0602E-06,  1.7519E-06,  6.4218E-06,  3.6782E-06,  6.7195E-06,  4.2735E-06,  3.4586E-05,  1.7389E-07,  1.5210E-06,  4.9761E-12,  4.9364E-12,  5.2151E-12,  5.2978E-12,  5.3016E-12,  5.5180E-12,  5.3546E-12,  5.5351E-12,  5.4666E-12,  5.4445E-12,  5.3411E-12,  5.3431E-12,  5.2860E-12,  5.3565E-12,  5.2453E-12,  5.4053E-12,  5.3699E-12,  5.4756E-12,  5.4064E-12,  5.5912E-12,  5.5960E-12,  5.7195E-12,  5.7758E-12,  6.0341E-12,  5.7998E-12,  5.9459E-12,  5.8865E-12,  6.0260E-12,  5.9671E-12,  5.8832E-12,  5.7754E-12,  5.8353E-12,  5.7315E-12,  5.9235E-12,  5.8721E-12,  6.0497E-12,  5.9977E-12,  6.0667E-12,  6.0631E-12,  6.0595E-12,  6.0104E-12,  6.1032E-12,  6.0772E-12,  6.1335E-12,  6.1293E-12,  6.1568E-12,  6.1472E-12,  6.2251E-12,  6.1997E-12,  6.2199E-12,  6.1902E-12,  6.2441E-12,  6.3061E-12,  6.3191E-12,  6.2852E-12,  6.1684E-12,  6.0999E-12,  6.5314E-12,  6.4609E-12,  6.4802E-12,  6.4114E-12,  6.5174E-12,  6.3642E-12,  6.5528E-12
  1.6000E+02,  5.5566E+02,  7.3610E+01,  3.4866E-01,  2.0339E-01,  5.9344E-01,  1.9990E+00,  5.2950E-01,  1.9363E+00,  4.3095E-02,  3.1065E-01,  6.3059E-02,  4.1227E-01,  7.1849E-02,  3.0374E-01,  1.2991E-02,  5.9949E-02,  1.3441E-02,  2.9569E-02,  2.1069E-02,  5.3609E-02,  9.9711E-03,  3.2680E-02,  1.6522E-02,  3.4065E-02,  2.2811E-02,  2.4537E-01,  1.5792E-03,  1.2035E-02,  7.4301E-06,  7.4291E-06,  7.4355E-06,  7.4373E-06,  7.4374E-06,  7.4420E-06,  7.4385E-06,  7.4424E-06,  7.4409E-06,  7.4405E-06,  7.4383E-06,  7.4383E-06,  7.4371E-06,  7.4386E-06,  7.4362E-06,  7.4396E-06,  7.4389E-06,  7.4411E-06,  7.4397E-06,  7.4435E-06,  7.4436E-06,  7.4462E-06,  7.4473E-06,  7.4523E-06,  7.4478E-06,  7.4506E-06,  7.4495E-06,  7.4522E-06,  7.4511E-06,  7.4494E-06,  7.4473E-06,  7.4485E-06,  7.4464E-06,  7.4502E-06,  7.4492E-06,  7.4526E-06,  7.4516E-06,  7.4530E-06,  7.4529E-06,  7.4528E-06,  7.4519E-06,  7.4536E-06,  7.4531E-06,  7.4542E-06,  7.4541E-06,  7.4546E-06,  7.4545E-06,  7.4559E-06,  7.4554E-06,  7.4558E-06,  7.4553E-06,  7.4563E-06,  7.4574E-06,  7.4576E-06,  7.4570E-06,  7.4549E-06,  7.4536E-06,  7.4614E-06,  7.4602E-06,  7.4605E-06,  7.4593E-06,  7.4612E-06,  7.4585E-06,  7.4618E-06,  1.2188E-02,  1.4322E-02,  6.3623E-05,  2.7220E-05,  1.2112E-04,  3.6804E-04,  9.5043E-05,  3.4602E-04,  8.9419E-06,  5.8270E-05,  1.3650E-05,  7.5404E-05,  1.4578E-05,  4.9739E-05,  2.1540E-06,  8.5687E-06,  1.8699E-06,  3.8630E-06,  3.3538E-06,  9.3389E-06,  2.0181E-06,  7.3463E-06,  4.1413E-06,  7.6274E-06,  4.8116E-06,  3.9625E-05,  2.0605E-07,  1.7613E-06,  5.6344E-12,  5.5931E-12,  5.8835E-12,  5.9696E-12,  5.9736E-12,  6.2006E-12,  6.0294E-12,  6.2184E-12,  6.1472E-12,  6.1239E-12,  6.0151E-12,  6.0173E-12,  5.9573E-12,  6.0314E-12,  5.9148E-12,  6.0827E-12,  6.0455E-12,  6.1566E-12,  6.0839E-12,  6.2765E-12,  6.2815E-12,  6.4115E-12,  6.4712E-12,  6.7427E-12,  6.4967E-12,  6.6500E-12,  6.5880E-12,  6.7340E-12,  6.6720E-12,  6.5845E-12,  6.4708E-12,  6.5340E-12,  6.4242E-12,  6.6267E-12,  6.5728E-12,  6.7594E-12,  6.7041E-12,  6.7775E-12,  6.7736E-12,  6.7698E-12,  6.7175E-12,  6.8165E-12,  6.7887E-12,  6.8486E-12,  6.8441E-12,  6.8732E-12,  6.8630E-12,  6.9458E-12,  6.9187E-12,  6.9402E-12,  6.9085E-12,  6.9661E-12,  7.0322E-12,  7.0461E-12,  7.0100E-12,  6.8855E-12,  6.8130E-12,  7.2709E-12,  7.1959E-12,  7.2163E-12,  7.1439E-12,  7.2559E-12,  7.0940E-12,  7.2939E-12
  1.8000E+02,  5.5537E+02,  7.3308E+01,  3.4732E-01,  2.0280E-01,  5.9087E-01,  1.9912E+00,  5.2747E-01,  1.9290E+00,  4.2906E-02,  3.0942E-01,  6.2771E-02,  4.1068E-01,  7.1542E-02,  3.0269E-01,  1.2944E-02,  5.9766E-02,  1.3401E-02,  2.9486E-02,  2.0997E-02,  5.3411E-02,  9.9284E-03,  3.2525E-02,  1.6436E-02,  3.3904E-02,  2.2710E-02,  2.4454E-01,  1.5748E-03,  1.1997E-02,  7.4299E-06,  7.4290E-06,  7.4354E-06,  7.4372E-06,  7.4373E-06,  7.4419E-06,  7.4384E-06,  7.4422E-06,  7.4408E-06,  7.4403E-06,  7.4381E-06,  7.4382E-06,  7.4369E-06,  7.4385E-06,  7.4360E-06,  7.4395E-06,  7.4387E-06,  7.4410E-06,  7.4395E-06,  7.4434E-06,  7.4435E-06,  7.4460E-06,  7.4471E-06,  7.4522E-06,  7.4476E-06,  7.4505E-06,  7.4493E-06,  7.4520E-06,  7.4509E-06,  7.4493E-06,  7.4471E-06,  7.4483E-06,  7.4463E-06,  7.4501E-06,  7.4491E-06,  7.4525E-06,  7.4515E-06,  7.4528E-06,  7.4527E-06,  7.4527E-06,  7.4517E-06,  7.4535E-06,  7.4530E-06,  7.4541E-06,  7.4540E-06,  7.4545E-06,  7.4543E-06,  7.4558E-06,  7.4553E-06,  7.4557E-06,  7.4551E-06,  7.4561E-06,  7.4573E-06,  7.4575E-06,  7.4569E-06,  7.4547E-06,  7.4534E-06,  7.4613E-06,  7.4600E-06,  7.4604E-06,  7.4591E-06,  7.4610E-06,  7.4583E-06,  7.4616E-06,  1.6011E-02,  1.5882E-02,  7.0414E-05,  3.1378E-05,  1.3583E-04,  4.1001E-04,  1.0728E-04,  3.8489E-04,  1.0020E-05,  6.4780E-05,  1.5143E-05,  8.3677E-05,  1.6147E-05,  5.5512E-05,  2.4534E-06,  9.7083E-06,  2.1678E-06,  4.4621E-06,  3.8473E-06,  1.0452E-05,  2.2496E-06,  8.1405E-06,  4.5296E-06,  8.3980E-06,  5.2641E-06,  4.3999E-05,  2.3545E-07,  1.9725E-06,  6.2442E-12,  6.2011E-12,  6.5059E-12,  6.5958E-12,  6.5999E-12,  6.8381E-12,  6.6575E-12,  6.8569E-12,  6.7816E-12,  6.7567E-12,  6.6427E-12,  6.6449E-12,  6.5830E-12,  6.6595E-12,  6.5387E-12,  6.7128E-12,  6.6741E-12,  6.7916E-12,  6.7141E-12,  6.9181E-12,  6.9234E-12,  7.0610E-12,  7.1235E-12,  7.4114E-12,  7.1503E-12,  7.3135E-12,  7.2469E-12,  7.4024E-12,  7.3370E-12,  7.2432E-12,  7.1231E-12,  7.1896E-12,  7.0743E-12,  7.2886E-12,  7.2308E-12,  7.4287E-12,  7.3710E-12,  7.4476E-12,  7.4436E-12,  7.4396E-12,  7.3850E-12,  7.4883E-12,  7.4593E-12,  7.5220E-12,  7.5173E-12,  7.5480E-12,  7.5373E-12,  7.6245E-12,  7.5960E-12,  7.6186E-12,  7.5853E-12,  7.6457E-12,  7.7153E-12,  7.7301E-12,  7.6918E-12,  7.5610E-12,  7.4846E-12,  7.9668E-12,  7.8879E-12,  7.9095E-12,  7.8331E-12,  7.9511E-12,  7.7805E-12,  7.9909E-12
  2.0000E+02,  5.5501E+02,  7.2977E+01,  3.4585E-01,  2.0213E-01,  5.8802E-01,  1.9826E+00,  5.2522E-01,  1.9209E+00,  4.2696E-02,  3.0807E-01,  6.2455E-02,  4.0894E-01,  7.1205E-02,  3.0153E-01,  1.2893E-02,  5.9562E-02,  1.3354E-02,  2.9391E-02,  2.0916E-02,  5.3192E-02,  9.8814E-03,  3.2355E-02,  1.6342E-02,  3.3730E-02,  2.2601E-02,  2.4362E-01,  1.5698E-03,  1.1956E-02,  7.4298E-06,  7.4289E-06,  7.4352E-06,  7.4370E-06,  7.4371E-06,  7.4417E-06,  7.4383E-06,  7.4421E-06,  7.4407E-06,  7.4402E-06,  7.4380E-06,  7.4380E-06,  7.4368E-06,  7.4383E-06,  7.4359E-06,  7.4394E-06,  7.4386E-06,  7.4409E-06,  7.4394E-06,  7.4432E-06,  7.4433E-06,  7.4459E-06,  7.4470E-06,  7.4520E-06,  7.4475E-06,  7.4504E-06,  7.4492E-06,  7.4519E-06,  7.4508E-06,  7.4491E-06,  7.4470E-06,  7.4482E-06,  7.4461E-06,  7.4499E-06,  7.4489E-06,  7.4523E-06,  7.4513E-06,  7.4527E-06,  7.4526E-06,  7.4525E-06,  7.4516E-06,  7.4533E-06,  7.4529E-06,  7.4539E-06,  7.4538E-06,  7.4543E-06,  7.4542E-06,  7.4556E-06,  7.4551E-06,  7.4555E-06,  7.4550E-06,  7.4560E-06,  7.4571E-06,  7.4573E-06,  7.4567E-06,  7.4546E-06,  7.4533E-06,  7.4611E-06,  7.4599E-06,  7.4602E-06,  7.4590E-06,  7.4608E-06,  7.4581E-06,  7.4615E-06,  2.0324E-02,  1.7203E-02,  7.6409E-05,  3.5235E-05,  1.4871E-04,  4.4589E-04,  1.1798E-04,  4.1808E-04,  1.0961E-05,  7.0354E-05,  1.6417E-05,  9.0739E-05,  1.7484E-05,  6.0475E-05,  2.7204E-06,  1.0715E-05,  2.4414E-06,  5.0188E-06,  4.2916E-06,  1.1411E-05,  2.4508E-06,  8.8254E-06,  4.8584E-06,  9.0525E-06,  5.6485E-06,  4.7798E-05,  2.6230E-07,  2.1577E-06,  6.8198E-12,  6.7741E-12,  7.0943E-12,  7.1889E-12,  7.1933E-12,  7.4435E-12,  7.2546E-12,  7.4633E-12,  7.3845E-12,  7.3589E-12,  7.2389E-12,  7.2413E-12,  7.1755E-12,  7.2568E-12,  7.1289E-12,  7.3134E-12,  7.2724E-12,  7.3949E-12,  7.3147E-12,  7.5274E-12,  7.5329E-12,  7.6769E-12,  7.7427E-12,  8.0440E-12,  7.7707E-12,  7.9413E-12,  7.8719E-12,  8.0346E-12,  7.9660E-12,  7.8680E-12,  7.7422E-12,  7.8120E-12,  7.6910E-12,  7.9153E-12,  7.8551E-12,  8.0623E-12,  8.0017E-12,  8.0821E-12,  8.0778E-12,  8.0737E-12,  8.0164E-12,  8.1247E-12,  8.0943E-12,  8.1599E-12,  8.1550E-12,  8.1872E-12,  8.1759E-12,  8.2669E-12,  8.2373E-12,  8.2608E-12,  8.2262E-12,  8.2889E-12,  8.3614E-12,  8.3768E-12,  8.3369E-12,  8.2007E-12,  8.1209E-12,  8.6255E-12,  8.5424E-12,  8.5650E-12,  8.4848E-12,  8.6089E-12,  8.4298E-12,  8.6509E-12
  2.2000E+02,  5.5456E+02,  7.2622E+01,  3.4427E-01,  2.0139E-01,  5.8494E-01,  1.9734E+00,  5.2277E-01,  1.9123E+00,  4.2468E-02,  3.0661E-01,  6.2116E-02,  4.0706E-01,  7.0844E-02,  3.0028E-01,  1.2836E-02,  5.9339E-02,  1.3303E-02,  2.9285E-02,  2.0826E-02,  5.2955E-02,  9.8307E-03,  3.2173E-02,  1.6242E-02,  3.3543E-02,  2.2485E-02,  2.4263E-01,  1.5643E-03,  1.1911E-02,  7.4297E-06,  7.4288E-06,  7.4351E-06,  7.4369E-06,  7.4370E-06,  7.4416E-06,  7.4381E-06,  7.4419E-06,  7.4405E-06,  7.4400E-06,  7.4378E-06,  7.4379E-06,  7.4366E-06,  7.4382E-06,  7.4358E-06,  7.4392E-06,  7.4385E-06,  7.4407E-06,  7.4392E-06,  7.4431E-06,  7.4432E-06,  7.4457E-06,  7.4468E-06,  7.4519E-06,  7.4473E-06,  7.4502E-06,  7.4490E-06,  7.4517E-06,  7.4506E-06,  7.4490E-06,  7.4468E-06,  7.4480E-06,  7.4460E-06,  7.4498E-06,  7.4487E-06,  7.4522E-06,  7.4512E-06,  7.4525E-06,  7.4524E-06,  7.4523E-06,  7.4514E-06,  7.4532E-06,  7.4527E-06,  7.4537E-06,  7.4537E-06,  7.4542E-06,  7.4540E-06,  7.4554E-06,  7.4550E-06,  7.4553E-06,  7.4548E-06,  7.4558E-06,  7.4569E-06,  7.4572E-06,  7.4565E-06,  7.4544E-06,  7.4531E-06,  7.4609E-06,  7.4597E-06,  7.4600E-06,  7.4588E-06,  7.4607E-06,  7.4580E-06,  7.4613E-06,  2.4277E-02,  1.8328E-02,  8.1661E-05,  3.8798E-05,  1.6013E-04,  4.7670E-04,  1.2735E-04,  4.4658E-04,  1.1785E-05,  7.5126E-05,  1.7513E-05,  9.6779E-05,  1.8631E-05,  6.4768E-05,  2.9588E-06,  1.1607E-05,  2.6928E-06,  5.5338E-06,  4.6911E-06,  1.2243E-05,  2.6267E-06,  9.4214E-06,  5.1377E-06,  9.6181E-06,  5.9774E-06,  5.1134E-05,  2.8688E-07,  2.3215E-06,  7.3699E-12,  7.3227E-12,  7.6563E-12,  7.7554E-12,  7.7600E-12,  8.0206E-12,  7.8237E-12,  8.0411E-12,  7.9590E-12,  7.9322E-12,  7.8073E-12,  7.8098E-12,  7.7414E-12,  7.8260E-12,  7.6925E-12,  7.8847E-12,  7.8422E-12,  7.9699E-12,  7.8861E-12,  8.1083E-12,  8.1141E-12,  8.2637E-12,  8.3317E-12,  8.6469E-12,  8.3610E-12,  8.5392E-12,  8.4666E-12,  8.6369E-12,  8.5649E-12,  8.4625E-12,  8.3312E-12,  8.4041E-12,  8.2783E-12,  8.5120E-12,  8.4491E-12,  8.6659E-12,  8.6024E-12,  8.6866E-12,  8.6821E-12,  8.6778E-12,  8.6179E-12,  8.7313E-12,  8.6994E-12,  8.7685E-12,  8.7633E-12,  8.7969E-12,  8.7852E-12,  8.8806E-12,  8.8493E-12,  8.8741E-12,  8.8377E-12,  8.9040E-12,  8.9802E-12,  8.9962E-12,  8.9546E-12,  8.8111E-12,  8.7273E-12,  9.2567E-12,  9.1701E-12,  9.1939E-12,  9.1093E-12,  9.2396E-12,  9.0515E-12,  9.2830E-12
  2.5000E+02,  5.5374E+02,  7.2051E+01,  3.4172E-01,  2.0016E-01,  5.7991E-01,  1.9585E+00,  5.1877E-01,  1.8984E+00,  4.2099E-02,  3.0427E-01,  6.1570E-02,  4.0404E-01,  7.0264E-02,  2.9825E-01,  1.2742E-02,  5.8973E-02,  1.3217E-02,  2.9109E-02,  2.0677E-02,  5.2572E-02,  9.7485E-03,  3.1879E-02,  1.6083E-02,  3.3244E-02,  2.2299E-02,  2.4103E-01,  1.5552E-03,  1.1838E-02,  7.4294E-06,  7.4285E-06,  7.4349E-06,  7.4367E-06,  7.4367E-06,  7.4413E-06,  7.4379E-06,  7.4417E-06,  7.4403E-06,  7.4398E-06,  7.4376E-06,  7.4376E-06,  7.4364E-06,  7.4379E-06,  7.4355E-06,  7.4390E-06,  7.4382E-06,  7.4405E-06,  7.4390E-06,  7.4428E-06,  7.4429E-06,  7.4454E-06,  7.4466E-06,  7.4516E-06,  7.4471E-06,  7.4499E-06,  7.4488E-06,  7.4514E-06,  7.4503E-06,  7.4487E-06,  7.4466E-06,  7.4478E-06,  7.4457E-06,  7.4495E-06,  7.4485E-06,  7.4519E-06,  7.4509E-06,  7.4522E-06,  7.4521E-06,  7.4521E-06,  7.4511E-06,  7.4529E-06,  7.4524E-06,  7.4535E-06,  7.4534E-06,  7.4539E-06,  7.4537E-06,  7.4552E-06,  7.4547E-06,  7.4551E-06,  7.4545E-06,  7.4555E-06,  7.4566E-06,  7.4569E-06,  7.4563E-06,  7.4541E-06,  7.4528E-06,  7.4606E-06,  7.4594E-06,  7.4597E-06,  7.4585E-06,  7.4604E-06,  7.4577E-06,  7.4610E-06,  3.0408E-02,  1.9719E-02,  8.8350E-05,  4.3596E-05,  1.7467E-04,  5.1521E-04,  1.3930E-04,  4.8217E-04,  1.2831E-05,  8.1089E-05,  1.8881E-05,  1.0434E-04,  2.0062E-05,  7.0182E-05,  3.2711E-06,  1.2762E-05,  3.0304E-06,  6.2285E-06,  5.2196E-06,  1.3292E-05,  2.8493E-06,  1.0165E-05,  5.4775E-06,  1.0316E-05,  6.3823E-06,  5.5383E-05,  3.1964E-07,  2.5329E-06,  8.1530E-12,  8.1031E-12,  8.4553E-12,  8.5602E-12,  8.5651E-12,  8.8425E-12,  8.6332E-12,  8.8644E-12,  8.7774E-12,  8.7488E-12,  8.6158E-12,  8.6185E-12,  8.5453E-12,  8.6357E-12,  8.4936E-12,  8.6982E-12,  8.6529E-12,  8.7888E-12,  8.6997E-12,  8.9360E-12,  8.9421E-12,  9.1012E-12,  9.1746E-12,  9.5082E-12,  9.2059E-12,  9.3945E-12,  9.3179E-12,  9.4978E-12,  9.4218E-12,  9.3136E-12,  9.1740E-12,  9.2518E-12,  9.1169E-12,  9.3657E-12,  9.2993E-12,  9.5283E-12,  9.4614E-12,  9.5501E-12,  9.5454E-12,  9.5409E-12,  9.4777E-12,  9.5973E-12,  9.5636E-12,  9.6363E-12,  9.6309E-12,  9.6664E-12,  9.6540E-12,  9.7546E-12,  9.7216E-12,  9.7478E-12,  9.7094E-12,  9.7792E-12,  9.8600E-12,  9.8771E-12,  9.8327E-12,  9.6813E-12,  9.5930E-12,  1.0152E-11,  1.0060E-11,  1.0085E-11,  9.9968E-12,  1.0133E-11,  9.9357E-12,  1.0180E-11
  2.8000E+02,  5.5271E+02,  7.1443E+01,  3.3899E-01,  1.9879E-01,  5.7450E-01,  1.9426E+00,  5.1444E-01,  1.8835E+00,  4.1702E-02,  3.0176E-01,  6.0987E-02,  4.0082E-01,  6.9645E-02,  2.9608E-01,  1.2640E-02,  5.8576E-02,  1.3122E-02,  2.8913E-02,  2.0514E-02,  5.2161E-02,  9.6603E-03,  3.1565E-02,  1.5914E-02,  3.2926E-02,  2.2103E-02,  2.3932E-01,  1.5452E-03,  1.1760E-02,  7.4292E-06,  7.4283E-06,  7.4346E-06,  7.4364E-06,  7.4365E-06,  7.4411E-06,  7.4376E-06,  7.4414E-06,  7.4400E-06,  7.4395E-06,  7.4373E-06,  7.4374E-06,  7.4361E-06,  7.4377E-06,  7.4352E-06,  7.4387E-06,  7.4379E-06,  7.4402E-06,  7.4387E-06,  7.4426E-06,  7.4427E-06,  7.4452E-06,  7.4463E-06,  7.4513E-06,  7.4468E-06,  7.4496E-06,  7.4485E-06,  7.4511E-06,  7.4500E-06,  7.4484E-06,  7.4463E-06,  7.4475E-06,  7.4454E-06,  7.4492E-06,  7.4482E-06,  7.4516E-06,  7.4506E-06,  7.4519E-06,  7.4518E-06,  7.4518E-06,  7.4509E-06,  7.4526E-06,  7.4521E-06,  7.4532E-06,  7.4531E-06,  7.4536E-06,  7.4534E-06,  7.4549E-06,  7.4544E-06,  7.4548E-06,  7.4542E-06,  7.4552E-06,  7.4563E-06,  7.4566E-06,  7.4559E-06,  7.4538E-06,  7.4525E-06,  7.4603E-06,  7.4591E-06,  7.4594E-06,  7.4582E-06,  7.4601E-06,  7.4574E-06,  7.4607E-06,  3.8381E-02,  2.0822E-02,  9.3856E-05,  4.7805E-05,  1.8656E-04,  5.4615E-04,  1.4911E-04,  5.1078E-04,  1.3678E-05,  8.5874E-05,  1.9965E-05,  1.1038E-04,  2.1200E-05,  7.4584E-05,  3.5331E-06,  1.3729E-05,  3.3227E-06,  6.8371E-06,  5.6671E-06,  1.4144E-05,  3.0294E-06,  1.0758E-05,  5.7411E-06,  1.0866E-05,  6.7016E-06,  5.8865E-05,  3.4791E-07,  2.7083E-06,  8.8950E-12,  8.8420E-12,  9.2161E-12,  9.3263E-12,  9.3314E-12,  9.6224E-12,  9.4025E-12,  9.6453E-12,  9.5538E-12,  9.5238E-12,  9.3842E-12,  9.3870E-12,  9.3107E-12,  9.4051E-12,  9.2564E-12,  9.4709E-12,  9.4232E-12,  9.5659E-12,  9.4725E-12,  9.7198E-12,  9.7262E-12,  9.8942E-12,  9.9706E-12,  1.0323E-11,  1.0003E-11,  1.0203E-11,  1.0121E-11,  1.0312E-11,  1.0231E-11,  1.0116E-11,  9.9700E-12,  1.0051E-11,  9.9105E-12,  1.0172E-11,  1.0101E-11,  1.0344E-11,  1.0273E-11,  1.0368E-11,  1.0363E-11,  1.0358E-11,  1.0291E-11,  1.0418E-11,  1.0382E-11,  1.0460E-11,  1.0454E-11,  1.0492E-11,  1.0478E-11,  1.0587E-11,  1.0551E-11,  1.0579E-11,  1.0538E-11,  1.0613E-11,  1.0699E-11,  1.0718E-11,  1.0670E-11,  1.0508E-11,  1.0413E-11,  1.1014E-11,  1.0915E-11,  1.0942E-11,  1.0846E-11,  1.0994E-11,  1.0781E-11,  1.1044E-11
  3.2000E+02,  5.5095E+02,  7.0588E+01,  3.3512E-01,  1.9678E-01,  5.6678E-01,  1.9201E+00,  5.0827E-01,  1.8625E+00,  4.1137E-02,  2.9823E-01,  6.0167E-02,  3.9628E-01,  6.8774E-02,  2.9301E-01,  1.2493E-02,  5.8006E-02,  1.2983E-02,  2.8626E-02,  2.0278E-02,  5.1577E-02,  9.5354E-03,  3.1123E-02,  1.5680E-02,  3.2481E-02,  2.1828E-02,  2.3689E-01,  1.5306E-03,  1.1648E-02,  7.4288E-06,  7.4279E-06,  7.4342E-06,  7.4360E-06,  7.4361E-06,  7.4406E-06,  7.4372E-06,  7.4410E-06,  7.4396E-06,  7.4391E-06,  7.4369E-06,  7.4370E-06,  7.4357E-06,  7.4373E-06,  7.4349E-06,  7.4383E-06,  7.4375E-06,  7.4398E-06,  7.4383E-06,  7.4421E-06,  7.4422E-06,  7.4447E-06,  7.4459E-06,  7.4509E-06,  7.4463E-06,  7.4492E-06,  7.4480E-06,  7.4507E-06,  7.4496E-06,  7.4480E-06,  7.4459E-06,  7.4470E-06,  7.4450E-06,  7.4488E-06,  7.4478E-06,  7.4512E-06,  7.4502E-06,  7.4515E-06,  7.4514E-06,  7.4513E-06,  7.4504E-06,  7.4522E-06,  7.4517E-06,  7.4527E-06,  7.4526E-06,  7.4532E-06,  7.4530E-06,  7.4544E-06,  7.4539E-06,  7.4543E-06,  7.4538E-06,  7.4548E-06,  7.4559E-06,  7.4561E-06,  7.4555E-06,  7.4534E-06,  7.4521E-06,  7.4598E-06,  7.4586E-06,  7.4590E-06,  7.4578E-06,  7.4596E-06,  7.4569E-06,  7.4602E-06,  4.9604E-02,  2.1937E-02,  9.9655E-05,  5.2533E-05,  1.9902E-04,  5.7789E-04,  1.5942E-04,  5.4017E-04,  1.4562E-05,  9.0772E-05,  2.1069E-05,  1.1658E-04,  2.2361E-05,  7.9175E-05,  3.8163E-06,  1.4775E-05,  3.6510E-06,  7.5248E-06,  6.1556E-06,  1.5032E-05,  3.2168E-06,  1.1361E-05,  5.9979E-06,  1.1418E-05,  7.0213E-06,  6.2561E-05,  3.7952E-07,  2.8979E-06,  9.8326E-12,  9.7765E-12,  1.0173E-11,  1.0291E-11,  1.0297E-11,  1.0611E-11,  1.0373E-11,  1.0635E-11,  1.0536E-11,  1.0504E-11,  1.0354E-11,  1.0357E-11,  1.0275E-11,  1.0376E-11,  1.0216E-11,  1.0447E-11,  1.0395E-11,  1.0549E-11,  1.0448E-11,  1.0717E-11,  1.0723E-11,  1.0906E-11,  1.0989E-11,  1.1375E-11,  1.1025E-11,  1.1243E-11,  1.1154E-11,  1.1363E-11,  1.1275E-11,  1.1149E-11,  1.0989E-11,  1.1077E-11,  1.0924E-11,  1.1210E-11,  1.1132E-11,  1.1398E-11,  1.1321E-11,  1.1424E-11,  1.1418E-11,  1.1413E-11,  1.1340E-11,  1.1478E-11,  1.1439E-11,  1.1524E-11,  1.1517E-11,  1.1559E-11,  1.1544E-11,  1.1662E-11,  1.1623E-11,  1.1654E-11,  1.1609E-11,  1.1690E-11,  1.1784E-11,  1.1804E-11,  1.1752E-11,  1.1576E-11,  1.1473E-11,  1.2125E-11,  1.2018E-11,  1.2048E-11,  1.1944E-11,  1.2104E-11,  1.1872E-11,  1.2157E-11
  3.5000E+02,  5.4935E+02,  6.9920E+01,  3.3207E-01,  1.9516E-01,  5.6071E-01,  1.9025E+00,  5.0340E-01,  1.8460E+00,  4.0692E-02,  2.9547E-01,  5.9526E-02,  3.9273E-01,  6.8093E-02,  2.9059E-01,  1.2376E-02,  5.7553E-02,  1.2870E-02,  2.8393E-02,  2.0089E-02,  5.1119E-02,  9.4373E-03,  3.0777E-02,  1.5498E-02,  3.2134E-02,  2.1615E-02,  2.3498E-01,  1.5190E-03,  1.1559E-02,  7.4285E-06,  7.4276E-06,  7.4339E-06,  7.4357E-06,  7.4358E-06,  7.4403E-06,  7.4369E-06,  7.4407E-06,  7.4393E-06,  7.4388E-06,  7.4366E-06,  7.4366E-06,  7.4354E-06,  7.4369E-06,  7.4345E-06,  7.4380E-06,  7.4372E-06,  7.4394E-06,  7.4380E-06,  7.4418E-06,  7.4419E-06,  7.4444E-06,  7.4455E-06,  7.4505E-06,  7.4460E-06,  7.4488E-06,  7.4477E-06,  7.4504E-06,  7.4492E-06,  7.4476E-06,  7.4455E-06,  7.4467E-06,  7.4447E-06,  7.4484E-06,  7.4474E-06,  7.4508E-06,  7.4498E-06,  7.4511E-06,  7.4511E-06,  7.4510E-06,  7.4501E-06,  7.4518E-06,  7.4513E-06,  7.4524E-06,  7.4523E-06,  7.4528E-06,  7.4526E-06,  7.4540E-06,  7.4536E-06,  7.4539E-06,  7.4534E-06,  7.4544E-06,  7.4555E-06,  7.4557E-06,  7.4551E-06,  7.4530E-06,  7.4517E-06,  7.4595E-06,  7.4582E-06,  7.4586E-06,  7.4574E-06,  7.4592E-06,  7.4566E-06,  7.4598E-06,  5.7040E-02,  2.2564E-02,  1.0318E-04,  5.5555E-05,  2.0621E-04,  5.9607E-04,  1.6546E-04,  5.5706E-04,  1.5066E-05,  9.3563E-05,  2.1679E-05,  1.2013E-04,  2.3008E-05,  8.1860E-05,  3.9861E-06,  1.5407E-05,  3.8542E-06,  7.9613E-06,  6.4519E-06,  1.5548E-05,  3.3237E-06,  1.1700E-05,  6.1371E-06,  1.1723E-05,  7.2001E-06,  6.4733E-05,  3.9930E-07,  3.0109E-06,  1.0506E-11,  1.0447E-11,  1.0868E-11,  1.0994E-11,  1.0999E-11,  1.1333E-11,  1.1080E-11,  1.1359E-11,  1.1254E-11,  1.1219E-11,  1.1060E-11,  1.1063E-11,  1.0976E-11,  1.1083E-11,  1.0914E-11,  1.1158E-11,  1.1104E-11,  1.1268E-11,  1.1160E-11,  1.1445E-11,  1.1452E-11,  1.1645E-11,  1.1733E-11,  1.2139E-11,  1.1771E-11,  1.2002E-11,  1.1908E-11,  1.2127E-11,  1.2035E-11,  1.1902E-11,  1.1732E-11,  1.1827E-11,  1.1664E-11,  1.1966E-11,  1.1885E-11,  1.2164E-11,  1.2083E-11,  1.2190E-11,  1.2185E-11,  1.2179E-11,  1.2102E-11,  1.2248E-11,  1.2207E-11,  1.2295E-11,  1.2289E-11,  1.2332E-11,  1.2317E-11,  1.2440E-11,  1.2400E-11,  1.2432E-11,  1.2385E-11,  1.2471E-11,  1.2569E-11,  1.2590E-11,  1.2536E-11,  1.2350E-11,  1.2243E-11,  1.2929E-11,  1.2816E-11,  1.2847E-11,  1.2737E-11,  1.2906E-11,  1.2662E-11,  1.2963E-11
  4.0000E+02,  5.4624E+02,  6.8774E+01,  3.2680E-01,  1.9228E-01,  5.5017E-01,  1.8722E+00,  4.9494E-01,  1.8176E+00,  3.9924E-02,  2.9071E-01,  5.8423E-02,  3.8662E-01,  6.6923E-02,  2.8641E-01,  1.2172E-02,  5.6763E-02,  1.2670E-02,  2.7980E-02,  1.9756E-02,  5.0326E-02,  9.2678E-03,  3.0182E-02,  1.5187E-02,  3.1538E-02,  2.1250E-02,  2.3167E-01,  1.4983E-03,  1.1405E-02,  7.4280E-06,  7.4270E-06,  7.4333E-06,  7.4351E-06,  7.4352E-06,  7.4397E-06,  7.4363E-06,  7.4401E-06,  7.4387E-06,  7.4382E-06,  7.4360E-06,  7.4361E-06,  7.4348E-06,  7.4364E-06,  7.4340E-06,  7.4374E-06,  7.4366E-06,  7.4389E-06,  7.4374E-06,  7.4412E-06,  7.4413E-06,  7.4438E-06,  7.4449E-06,  7.4499E-06,  7.4454E-06,  7.4482E-06,  7.4471E-06,  7.4497E-06,  7.4486E-06,  7.4470E-06,  7.4449E-06,  7.4461E-06,  7.4440E-06,  7.4478E-06,  7.4468E-06,  7.4502E-06,  7.4492E-06,  7.4505E-06,  7.4504E-06,  7.4503E-06,  7.4494E-06,  7.4512E-06,  7.4507E-06,  7.4517E-06,  7.4516E-06,  7.4521E-06,  7.4520E-06,  7.4534E-06,  7.4529E-06,  7.4533E-06,  7.4528E-06,  7.4537E-06,  7.4549E-06,  7.4551E-06,  7.4545E-06,  7.4524E-06,  7.4511E-06,  7.4588E-06,  7.4576E-06,  7.4579E-06,  7.4567E-06,  7.4585E-06,  7.4559E-06,  7.4592E-06,  6.7361E-02,  2.3290E-02,  1.0772E-04,  5.9731E-05,  2.1533E-04,  6.1771E-04,  1.7287E-04,  5.7723E-04,  1.5687E-05,  9.6883E-05,  2.2404E-05,  1.2436E-04,  2.3784E-05,  8.5156E-05,  4.2051E-06,  1.6221E-05,  4.1287E-06,  8.5669E-06,  6.8369E-06,  1.6176E-05,  3.4579E-06,  1.2115E-05,  6.2976E-06,  1.2093E-05,  7.4194E-06,  6.7581E-05,  4.2662E-07,  3.1596E-06,  1.1603E-11,  1.1538E-11,  1.1997E-11,  1.2132E-11,  1.2139E-11,  1.2498E-11,  1.2226E-11,  1.2526E-11,  1.2413E-11,  1.2376E-11,  1.2204E-11,  1.2207E-11,  1.2113E-11,  1.2229E-11,  1.2046E-11,  1.2310E-11,  1.2251E-11,  1.2428E-11,  1.2312E-11,  1.2619E-11,  1.2627E-11,  1.2836E-11,  1.2931E-11,  1.3377E-11,  1.2972E-11,  1.3225E-11,  1.3122E-11,  1.3363E-11,  1.3261E-11,  1.3116E-11,  1.2931E-11,  1.3033E-11,  1.2856E-11,  1.3186E-11,  1.3097E-11,  1.3405E-11,  1.3314E-11,  1.3434E-11,  1.3428E-11,  1.3422E-11,  1.3336E-11,  1.3498E-11,  1.3452E-11,  1.3552E-11,  1.3544E-11,  1.3593E-11,  1.3576E-11,  1.3715E-11,  1.3669E-11,  1.3705E-11,  1.3652E-11,  1.3749E-11,  1.3860E-11,  1.3884E-11,  1.3823E-11,  1.3614E-11,  1.3492E-11,  1.4274E-11,  1.4142E-11,  1.4178E-11,  1.4052E-11,  1.4247E-11,  1.3966E-11,  1.4314E-11
  4.5000E+02,  5.4267E+02,  6.7598E+01,  3.2134E-01,  1.8921E-01,  5.3925E-01,  1.8409E+00,  4.8617E-01,  1.7884E+00,  3.9129E-02,  2.8581E-01,  5.7292E-02,  3.8033E-01,  6.5721E-02,  2.8210E-01,  1.1957E-02,  5.5937E-02,  1.2459E-02,  2.7540E-02,  1.9407E-02,  4.9506E-02,  9.0927E-03,  2.9569E-02,  1.4870E-02,  3.0928E-02,  2.0875E-02,  2.2824E-01,  1.4764E-03,  1.1244E-02,  7.4273E-06,  7.4264E-06,  7.4327E-06,  7.4345E-06,  7.4345E-06,  7.4391E-06,  7.4357E-06,  7.4394E-06,  7.4380E-06,  7.4376E-06,  7.4354E-06,  7.4354E-06,  7.4342E-06,  7.4357E-06,  7.4333E-06,  7.4367E-06,  7.4360E-06,  7.4382E-06,  7.4368E-06,  7.4406E-06,  7.4406E-06,  7.4431E-06,  7.4442E-06,  7.4492E-06,  7.4447E-06,  7.4475E-06,  7.4464E-06,  7.4490E-06,  7.4479E-06,  7.4463E-06,  7.4442E-06,  7.4454E-06,  7.4434E-06,  7.4471E-06,  7.4461E-06,  7.4495E-06,  7.4485E-06,  7.4498E-06,  7.4497E-06,  7.4496E-06,  7.4487E-06,  7.4505E-06,  7.4500E-06,  7.4510E-06,  7.4509E-06,  7.4514E-06,  7.4513E-06,  7.4527E-06,  7.4522E-06,  7.4526E-06,  7.4520E-06,  7.4530E-06,  7.4541E-06,  7.4544E-06,  7.4538E-06,  7.4516E-06,  7.4504E-06,  7.4580E-06,  7.4568E-06,  7.4572E-06,  7.4560E-06,  7.4578E-06,  7.4552E-06,  7.4584E-06,  7.5722E-02,  2.3754E-02,  1.1093E-04,  6.2936E-05,  2.2138E-04,  6.3210E-04,  1.7796E-04,  5.9080E-04,  1.6097E-05,  9.9092E-05,  2.2860E-05,  1.2720E-04,  2.4285E-05,  8.7463E-05,  4.3636E-06,  1.6822E-05,  4.3380E-06,  9.0337E-06,  7.1191E-06,  1.6608E-05,  3.5463E-06,  1.2370E-05,  6.3839E-06,  1.2315E-05,  7.5548E-06,  6.9611E-05,  4.4754E-07,  3.2701E-06,  1.2661E-11,  1.2592E-11,  1.3085E-11,  1.3234E-11,  1.3241E-11,  1.3638E-11,  1.3337E-11,  1.3669E-11,  1.3543E-11,  1.3502E-11,  1.3313E-11,  1.3316E-11,  1.3213E-11,  1.3341E-11,  1.3139E-11,  1.3430E-11,  1.3365E-11,  1.3560E-11,  1.3432E-11,  1.3773E-11,  1.3782E-11,  1.4017E-11,  1.4126E-11,  1.4638E-11,  1.4173E-11,  1.4463E-11,  1.4345E-11,  1.4622E-11,  1.4505E-11,  1.4338E-11,  1.4125E-11,  1.4243E-11,  1.4040E-11,  1.4418E-11,  1.4316E-11,  1.4669E-11,  1.4566E-11,  1.4703E-11,  1.4696E-11,  1.4689E-11,  1.4591E-11,  1.4776E-11,  1.4724E-11,  1.4837E-11,  1.4829E-11,  1.4884E-11,  1.4865E-11,  1.5023E-11,  1.4971E-11,  1.5012E-11,  1.4952E-11,  1.5061E-11,  1.5188E-11,  1.5215E-11,  1.5145E-11,  1.4908E-11,  1.4770E-11,  1.5645E-11,  1.5502E-11,  1.5541E-11,  1.5402E-11,  1.5616E-11,  1.5306E-11,  1.5688E-11
  5.0000E+02,  5.3870E+02,  6.6404E+01,  3.1573E-01,  1.8600E-01,  5.2809E-01,  1.8091E+00,  4.7719E-01,  1.7587E+00,  3.8318E-02,  2.8082E-01,  5.6143E-02,  3.7393E-01,  6.4500E-02,  2.7769E-01,  1.1737E-02,  5.5085E-02,  1.2238E-02,  2.7079E-02,  1.9047E-02,  4.8669E-02,  8.9140E-03,  2.8947E-02,  1.4549E-02,  3.0309E-02,  2.0496E-02,  2.2473E-01,  1.4537E-03,  1.1078E-02,  7.4267E-06,  7.4258E-06,  7.4320E-06,  7.4338E-06,  7.4339E-06,  7.4384E-06,  7.4350E-06,  7.4387E-06,  7.4373E-06,  7.4369E-06,  7.4347E-06,  7.4347E-06,  7.4335E-06,  7.4350E-06,  7.4327E-06,  7.4360E-06,  7.4353E-06,  7.4375E-06,  7.4361E-06,  7.4398E-06,  7.4399E-06,  7.4424E-06,  7.4435E-06,  7.4484E-06,  7.4440E-06,  7.4468E-06,  7.4456E-06,  7.4483E-06,  7.4472E-06,  7.4456E-06,  7.4435E-06,  7.4447E-06,  7.4426E-06,  7.4463E-06,  7.4454E-06,  7.4487E-06,  7.4477E-06,  7.4490E-06,  7.4489E-06,  7.4489E-06,  7.4480E-06,  7.4497E-06,  7.4492E-06,  7.4502E-06,  7.4502E-06,  7.4507E-06,  7.4505E-06,  7.4519E-06,  7.4514E-06,  7.4518E-06,  7.4513E-06,  7.4522E-06,  7.4533E-06,  7.4536E-06,  7.4530E-06,  7.4509E-06,  7.4496E-06,  7.4572E-06,  7.4560E-06,  7.4564E-06,  7.4552E-06,  7.4570E-06,  7.4544E-06,  7.4576E-06,  8.2727E-02,  2.4010E-02,  1.1347E-04,  6.5501E-05,  2.2512E-04,  6.4070E-04,  1.8118E-04,  5.9907E-04,  1.6333E-05,  1.0040E-04,  2.3092E-05,  1.2890E-04,  2.4560E-05,  8.8969E-05,  4.4708E-06,  1.7248E-05,  4.4901E-06,  9.3994E-06,  7.3139E-06,  1.6882E-05,  3.5995E-06,  1.2513E-05,  6.4241E-06,  1.2433E-05,  7.6353E-06,  7.1018E-05,  4.6360E-07,  3.3475E-06,  1.3708E-11,  1.3631E-11,  1.4182E-11,  1.4351E-11,  1.4359E-11,  1.4809E-11,  1.4469E-11,  1.4845E-11,  1.4702E-11,  1.4656E-11,  1.4441E-11,  1.4445E-11,  1.4327E-11,  1.4473E-11,  1.4244E-11,  1.4574E-11,  1.4501E-11,  1.4721E-11,  1.4577E-11,  1.4961E-11,  1.4971E-11,  1.5234E-11,  1.5354E-11,  1.5904E-11,  1.5406E-11,  1.5717E-11,  1.5590E-11,  1.5887E-11,  1.5762E-11,  1.5583E-11,  1.5354E-11,  1.5481E-11,  1.5260E-11,  1.5669E-11,  1.5560E-11,  1.5937E-11,  1.5827E-11,  1.5973E-11,  1.5965E-11,  1.5958E-11,  1.5854E-11,  1.6051E-11,  1.5995E-11,  1.6115E-11,  1.6106E-11,  1.6165E-11,  1.6144E-11,  1.6311E-11,  1.6256E-11,  1.6299E-11,  1.6236E-11,  1.6351E-11,  1.6484E-11,  1.6512E-11,  1.6439E-11,  1.6190E-11,  1.6044E-11,  1.6964E-11,  1.6813E-11,  1.6854E-11,  1.6709E-11,  1.6934E-11,  1.6608E-11,  1.7010E-11
  5.5000E+02,  5.3442E+02,  6.5201E+01,  3.1001E-01,  1.8267E-01,  5.1677E-01,  1.7770E+00,  4.6809E-01,  1.7286E+00,  3.7498E-02,  2.7578E-01,  5.4986E-02,  3.6746E-01,  6.3269E-02,  2.7322E-01,  1.1511E-02,  5.4215E-02,  1.2011E-02,  2.6602E-02,  1.8678E-02,  4.7821E-02,  8.7332E-03,  2.8319E-02,  1.4228E-02,  2.9686E-02,  2.0112E-02,  2.2115E-01,  1.4302E-03,  1.0910E-02,  7.4260E-06,  7.4251E-06,  7.4313E-06,  7.4330E-06,  7.4331E-06,  7.4376E-06,  7.4342E-06,  7.4379E-06,  7.4366E-06,  7.4361E-06,  7.4339E-06,  7.4340E-06,  7.4328E-06,  7.4343E-06,  7.4319E-06,  7.4353E-06,  7.4345E-06,  7.4367E-06,  7.4353E-06,  7.4391E-06,  7.4392E-06,  7.4416E-06,  7.4427E-06,  7.4476E-06,  7.4432E-06,  7.4460E-06,  7.4448E-06,  7.4474E-06,  7.4463E-06,  7.4448E-06,  7.4427E-06,  7.4439E-06,  7.4418E-06,  7.4455E-06,  7.4446E-06,  7.4479E-06,  7.4469E-06,  7.4482E-06,  7.4481E-06,  7.4481E-06,  7.4471E-06,  7.4488E-06,  7.4484E-06,  7.4494E-06,  7.4493E-06,  7.4498E-06,  7.4496E-06,  7.4510E-06,  7.4506E-06,  7.4509E-06,  7.4504E-06,  7.4514E-06,  7.4525E-06,  7.4527E-06,  7.4521E-06,  7.4500E-06,  7.4488E-06,  7.4563E-06,  7.4552E-06,  7.4555E-06,  7.4543E-06,  7.4561E-06,  7.4535E-06,  7.4567E-06,  8.8479E-02,  2.4110E-02,  1.1532E-04,  6.7609E-05,  2.2766E-04,  6.4487E-04,  1.8294E-04,  6.0329E-04,  1.6467E-05,  1.0102E-04,  2.3194E-05,  1.2976E-04,  2.4695E-05,  8.9856E-05,  4.5417E-06,  1.7535E-05,  4.6027E-06,  9.7027E-06,  7.4439E-06,  1.7031E-05,  3.6347E-06,  1.2603E-05,  6.4446E-06,  1.2505E-05,  7.6935E-06,  7.2113E-05,  4.7695E-07,  3.4055E-06,  1.4786E-11,  1.4700E-11,  1.5310E-11,  1.5491E-11,  1.5500E-11,  1.5977E-11,  1.5617E-11,  1.6015E-11,  1.5865E-11,  1.5816E-11,  1.5587E-11,  1.5591E-11,  1.5466E-11,  1.5621E-11,  1.5376E-11,  1.5729E-11,  1.5650E-11,  1.5885E-11,  1.5731E-11,  1.6137E-11,  1.6148E-11,  1.6423E-11,  1.6548E-11,  1.7124E-11,  1.6602E-11,  1.6928E-11,  1.6795E-11,  1.7106E-11,  1.6975E-11,  1.6788E-11,  1.6547E-11,  1.6681E-11,  1.6450E-11,  1.6878E-11,  1.6763E-11,  1.7159E-11,  1.7043E-11,  1.7197E-11,  1.7189E-11,  1.7181E-11,  1.7071E-11,  1.7278E-11,  1.7220E-11,  1.7346E-11,  1.7336E-11,  1.7397E-11,  1.7376E-11,  1.7549E-11,  1.7493E-11,  1.7538E-11,  1.7472E-11,  1.7591E-11,  1.7730E-11,  1.7759E-11,  1.7683E-11,  1.7423E-11,  1.7271E-11,  1.8232E-11,  1.8075E-11,  1.8118E-11,  1.7965E-11,  1.8201E-11,  1.7860E-11,  1.8280E-11
  6.3000E+02,  5.2707E+02,  6.3271E+01,  3.0073E-01,  1.7718E-01,  4.9849E-01,  1.7253E+00,  4.5340E-01,  1.6803E+00,  3.6177E-02,  2.6769E-01,  5.3129E-02,  3.5705E-01,  6.1290E-02,  2.6600E-01,  1.1145E-02,  5.2800E-02,  1.1637E-02,  2.5813E-02,  1.8077E-02,  4.6454E-02,  8.4415E-03,  2.7311E-02,  1.3714E-02,  2.8685E-02,  1.9496E-02,  2.1533E-01,  1.3914E-03,  1.0634E-02,  7.4247E-06,  7.4238E-06,  7.4300E-06,  7.4317E-06,  7.4318E-06,  7.4362E-06,  7.4329E-06,  7.4366E-06,  7.4352E-06,  7.4348E-06,  7.4326E-06,  7.4327E-06,  7.4315E-06,  7.4329E-06,  7.4306E-06,  7.4340E-06,  7.4332E-06,  7.4354E-06,  7.4340E-06,  7.4377E-06,  7.4378E-06,  7.4402E-06,  7.4413E-06,  7.4461E-06,  7.4418E-06,  7.4445E-06,  7.4434E-06,  7.4460E-06,  7.4449E-06,  7.4434E-06,  7.4413E-06,  7.4424E-06,  7.4405E-06,  7.4441E-06,  7.4431E-06,  7.4464E-06,  7.4455E-06,  7.4467E-06,  7.4467E-06,  7.4466E-06,  7.4457E-06,  7.4474E-06,  7.4469E-06,  7.4479E-06,  7.4479E-06,  7.4484E-06,  7.4482E-06,  7.4496E-06,  7.4491E-06,  7.4495E-06,  7.4489E-06,  7.4499E-06,  7.4510E-06,  7.4512E-06,  7.4506E-06,  7.4486E-06,  7.4473E-06,  7.4548E-06,  7.4536E-06,  7.4540E-06,  7.4528E-06,  7.4546E-06,  7.4520E-06,  7.4552E-06,  9.5298E-02,  2.4129E-02,  1.1651E-04,  6.9686E-05,  2.2917E-04,  6.4741E-04,  1.8424E-04,  6.0630E-04,  1.6550E-05,  1.0144E-04,  2.3219E-05,  1.3044E-04,  2.4777E-05,  9.0686E-05,  4.6149E-06,  1.7847E-05,  4.7308E-06,  1.0015E-05,  7.5798E-06,  1.7152E-05,  3.6571E-06,  1.2612E-05,  6.4057E-06,  1.2505E-05,  7.7090E-06,  7.3238E-05,  4.9147E-07,  3.4740E-06,  1.6494E-11,  1.6401E-11,  1.7055E-11,  1.7249E-11,  1.7258E-11,  1.7767E-11,  1.7383E-11,  1.7807E-11,  1.7647E-11,  1.7594E-11,  1.7351E-11,  1.7356E-11,  1.7222E-11,  1.7388E-11,  1.7126E-11,  1.7502E-11,  1.7419E-11,  1.7668E-11,  1.7505E-11,  1.7938E-11,  1.7949E-11,  1.8243E-11,  1.8377E-11,  1.8991E-11,  1.8434E-11,  1.8783E-11,  1.8641E-11,  1.8972E-11,  1.8833E-11,  1.8633E-11,  1.8376E-11,  1.8518E-11,  1.8271E-11,  1.8729E-11,  1.8606E-11,  1.9028E-11,  1.8905E-11,  1.9068E-11,  1.9060E-11,  1.9051E-11,  1.8935E-11,  1.9155E-11,  1.9093E-11,  1.9227E-11,  1.9217E-11,  1.9282E-11,  1.9260E-11,  1.9445E-11,  1.9384E-11,  1.9433E-11,  1.9362E-11,  1.9490E-11,  1.9638E-11,  1.9670E-11,  1.9588E-11,  1.9310E-11,  1.9147E-11,  2.0178E-11,  2.0008E-11,  2.0055E-11,  1.9890E-11,  2.0145E-11,  1.9778E-11,  2.0231E-11
  7.1000E+02,  5.1927E+02,  6.1347E+01,  2.9143E-01,  1.7157E-01,  4.8024E-01,  1.6736E+00,  4.3868E-01,  1.6318E+00,  3.4859E-02,  2.5959E-01,  5.1282E-02,  3.4664E-01,  5.9316E-02,  2.5874E-01,  1.0775E-02,  5.1367E-02,  1.1257E-02,  2.5007E-02,  1.7469E-02,  4.5082E-02,  8.1501E-03,  2.6308E-02,  1.3206E-02,  2.7691E-02,  1.8883E-02,  2.0947E-01,  1.3519E-03,  1.0356E-02,  7.4233E-06,  7.4225E-06,  7.4285E-06,  7.4303E-06,  7.4303E-06,  7.4348E-06,  7.4314E-06,  7.4351E-06,  7.4337E-06,  7.4333E-06,  7.4312E-06,  7.4312E-06,  7.4300E-06,  7.4315E-06,  7.4292E-06,  7.4325E-06,  7.4318E-06,  7.4339E-06,  7.4325E-06,  7.4362E-06,  7.4363E-06,  7.4387E-06,  7.4398E-06,  7.4446E-06,  7.4402E-06,  7.4430E-06,  7.4419E-06,  7.4444E-06,  7.4433E-06,  7.4418E-06,  7.4398E-06,  7.4409E-06,  7.4389E-06,  7.4425E-06,  7.4416E-06,  7.4448E-06,  7.4439E-06,  7.4451E-06,  7.4451E-06,  7.4450E-06,  7.4441E-06,  7.4458E-06,  7.4453E-06,  7.4463E-06,  7.4462E-06,  7.4467E-06,  7.4466E-06,  7.4479E-06,  7.4475E-06,  7.4478E-06,  7.4473E-06,  7.4483E-06,  7.4493E-06,  7.4496E-06,  7.4490E-06,  7.4469E-06,  7.4457E-06,  7.4531E-06,  7.4520E-06,  7.4523E-06,  7.4511E-06,  7.4529E-06,  7.4503E-06,  7.4535E-06,  9.9825E-02,  2.3979E-02,  1.1606E-04,  7.0456E-05,  2.2720E-04,  6.4506E-04,  1.8384E-04,  6.0484E-04,  1.6399E-05,  1.0099E-04,  2.2965E-05,  1.3001E-04,  2.4578E-05,  9.0809E-05,  4.6219E-06,  1.7987E-05,  4.7767E-06,  1.0138E-05,  7.6059E-06,  1.7134E-05,  3.6277E-06,  1.2447E-05,  6.2891E-06,  1.2345E-05,  7.6299E-06,  7.3363E-05,  4.9742E-07,  3.4961E-06,  1.8126E-11,  1.8028E-11,  1.8721E-11,  1.8926E-11,  1.8936E-11,  1.9476E-11,  1.9068E-11,  1.9519E-11,  1.9348E-11,  1.9293E-11,  1.9034E-11,  1.9039E-11,  1.8897E-11,  1.9073E-11,  1.8796E-11,  1.9195E-11,  1.9106E-11,  1.9371E-11,  1.9197E-11,  1.9658E-11,  1.9669E-11,  1.9982E-11,  2.0125E-11,  2.0786E-11,  2.0187E-11,  2.0562E-11,  2.0410E-11,  2.0766E-11,  2.0616E-11,  2.0401E-11,  2.0124E-11,  2.0278E-11,  2.0013E-11,  2.0505E-11,  2.0373E-11,  2.0826E-11,  2.0694E-11,  2.0869E-11,  2.0860E-11,  2.0851E-11,  2.0726E-11,  2.0962E-11,  2.0896E-11,  2.1039E-11,  2.1028E-11,  2.1099E-11,  2.1074E-11,  2.1272E-11,  2.1208E-11,  2.1259E-11,  2.1183E-11,  2.1320E-11,  2.1477E-11,  2.1511E-11,  2.1425E-11,  2.1128E-11,  2.0954E-11,  2.2040E-11,  2.1865E-11,  2.1913E-11,  2.1742E-11,  2.2005E-11,  2.1624E-11,  2.2093E-11
  8.0000E+02,  5.1014E+02,  5.9208E+01,  2.8106E-01,  1.6524E-01,  4.6002E-01,  1.6160E+00,  4.2226E-01,  1.5778E+00,  3.3400E-02,  2.5057E-01,  4.9240E-02,  3.3502E-01,  5.7126E-02,  2.5060E-01,  1.0362E-02,  4.9751E-02,  1.0828E-02,  2.4095E-02,  1.6789E-02,  4.3550E-02,  7.8270E-03,  2.5203E-02,  1.2648E-02,  2.6594E-02,  1.8203E-02,  2.0290E-01,  1.3071E-03,  1.0042E-02,  7.4216E-06,  7.4207E-06,  7.4268E-06,  7.4285E-06,  7.4286E-06,  7.4329E-06,  7.4296E-06,  7.4332E-06,  7.4319E-06,  7.4315E-06,  7.4294E-06,  7.4294E-06,  7.4282E-06,  7.4297E-06,  7.4274E-06,  7.4307E-06,  7.4300E-06,  7.4321E-06,  7.4307E-06,  7.4343E-06,  7.4344E-06,  7.4368E-06,  7.4379E-06,  7.4426E-06,  7.4383E-06,  7.4410E-06,  7.4399E-06,  7.4424E-06,  7.4414E-06,  7.4399E-06,  7.4379E-06,  7.4390E-06,  7.4370E-06,  7.4406E-06,  7.4397E-06,  7.4429E-06,  7.4419E-06,  7.4432E-06,  7.4431E-06,  7.4430E-06,  7.4422E-06,  7.4438E-06,  7.4434E-06,  7.4443E-06,  7.4443E-06,  7.4448E-06,  7.4446E-06,  7.4459E-06,  7.4455E-06,  7.4458E-06,  7.4453E-06,  7.4463E-06,  7.4473E-06,  7.4475E-06,  7.4470E-06,  7.4450E-06,  7.4438E-06,  7.4510E-06,  7.4499E-06,  7.4502E-06,  7.4491E-06,  7.4508E-06,  7.4483E-06,  7.4514E-06,  1.0302E-01,  2.3555E-02,  1.1433E-04,  7.0231E-05,  2.2220E-04,  6.3514E-04,  1.8105E-04,  5.9643E-04,  1.6029E-05,  9.9351E-05,  2.2426E-05,  1.2806E-04,  2.4087E-05,  8.9890E-05,  4.5644E-06,  1.7906E-05,  4.7506E-06,  1.0115E-05,  7.5221E-06,  1.6910E-05,  3.5525E-06,  1.2126E-05,  6.1008E-06,  1.2040E-05,  7.4671E-06,  7.2648E-05,  4.9669E-07,  3.4765E-06,  1.9888E-11,  1.9783E-11,  2.0528E-11,  2.0748E-11,  2.0758E-11,  2.1337E-11,  2.0901E-11,  2.1383E-11,  2.1201E-11,  2.1142E-11,  2.0864E-11,  2.0870E-11,  2.0717E-11,  2.0906E-11,  2.0608E-11,  2.1036E-11,  2.0942E-11,  2.1225E-11,  2.1040E-11,  2.1530E-11,  2.1543E-11,  2.1870E-11,  2.2018E-11,  2.2686E-11,  2.2081E-11,  2.2461E-11,  2.2307E-11,  2.2666E-11,  2.2515E-11,  2.2298E-11,  2.2017E-11,  2.2174E-11,  2.1902E-11,  2.2403E-11,  2.2270E-11,  2.2726E-11,  2.2594E-11,  2.2769E-11,  2.2760E-11,  2.2751E-11,  2.2626E-11,  2.2862E-11,  2.2796E-11,  2.2940E-11,  2.2929E-11,  2.2999E-11,  2.2974E-11,  2.3172E-11,  2.3108E-11,  2.3159E-11,  2.3084E-11,  2.3220E-11,  2.3377E-11,  2.3410E-11,  2.3324E-11,  2.3028E-11,  2.2854E-11,  2.3940E-11,  2.3765E-11,  2.3813E-11,  2.3642E-11,  2.3905E-11,  2.3524E-11,  2.3993E-11
  9.0000E+02,  4.9975E+02,  5.6886E+01,  2.6979E-01,  1.5828E-01,  4.3817E-01,  1.5533E+00,  4.0440E-01,  1.5189E+00,  3.1825E-02,  2.4077E-01,  4.7036E-02,  3.2238E-01,  5.4754E-02,  2.4171E-01,  9.9114E-03,  4.7976E-02,  1.0358E-02,  2.3092E-02,  1.6046E-02,  4.1880E-02,  7.4774E-03,  2.4012E-02,  1.2051E-02,  2.5411E-02,  1.7468E-02,  1.9571E-01,  1.2578E-03,  9.6971E-03,  7.4195E-06,  7.4187E-06,  7.4246E-06,  7.4263E-06,  7.4264E-06,  7.4307E-06,  7.4275E-06,  7.4310E-06,  7.4297E-06,  7.4293E-06,  7.4272E-06,  7.4272E-06,  7.4261E-06,  7.4275E-06,  7.4252E-06,  7.4285E-06,  7.4278E-06,  7.4299E-06,  7.4285E-06,  7.4321E-06,  7.4322E-06,  7.4345E-06,  7.4356E-06,  7.4402E-06,  7.4360E-06,  7.4387E-06,  7.4376E-06,  7.4401E-06,  7.4390E-06,  7.4375E-06,  7.4356E-06,  7.4367E-06,  7.4347E-06,  7.4383E-06,  7.4373E-06,  7.4405E-06,  7.4396E-06,  7.4408E-06,  7.4407E-06,  7.4407E-06,  7.4398E-06,  7.4414E-06,  7.4410E-06,  7.4420E-06,  7.4419E-06,  7.4424E-06,  7.4422E-06,  7.4435E-06,  7.4431E-06,  7.4434E-06,  7.4429E-06,  7.4438E-06,  7.4449E-06,  7.4451E-06,  7.4445E-06,  7.4426E-06,  7.4414E-06,  7.4486E-06,  7.4474E-06,  7.4477E-06,  7.4466E-06,  7.4483E-06,  7.4459E-06,  7.4489E-06,  1.0487E-01,  2.2879E-02,  1.1106E-04,  6.8954E-05,  2.1467E-04,  6.1821E-04,  1.7605E-04,  5.8154E-04,  1.5477E-05,  9.6629E-05,  2.1650E-05,  1.2475E-04,  2.3345E-05,  8.7988E-05,  4.4488E-06,  1.7607E-05,  4.6584E-06,  9.9494E-06,  7.3371E-06,  1.6495E-05,  3.4387E-06,  1.1679E-05,  5.8517E-06,  1.1616E-05,  7.2337E-06,  7.1207E-05,  4.8986E-07,  3.4198E-06,  2.1784E-11,  2.1674E-11,  2.2437E-11,  2.2660E-11,  2.2670E-11,  2.3248E-11,  2.2812E-11,  2.3294E-11,  2.3113E-11,  2.3054E-11,  2.2776E-11,  2.2782E-11,  2.2628E-11,  2.2818E-11,  2.2519E-11,  2.2948E-11,  2.2854E-11,  2.3137E-11,  2.2951E-11,  2.3441E-11,  2.3454E-11,  2.3781E-11,  2.3929E-11,  2.4602E-11,  2.3993E-11,  2.4375E-11,  2.4220E-11,  2.4581E-11,  2.4430E-11,  2.4211E-11,  2.3928E-11,  2.4086E-11,  2.3813E-11,  2.4317E-11,  2.4182E-11,  2.4642E-11,  2.4509E-11,  2.4686E-11,  2.4677E-11,  2.4668E-11,  2.4541E-11,  2.4780E-11,  2.4713E-11,  2.4857E-11,  2.4846E-11,  2.4917E-11,  2.4892E-11,  2.5092E-11,  2.5027E-11,  2.5078E-11,  2.5002E-11,  2.5140E-11,  2.5298E-11,  2.5331E-11,  2.5245E-11,  2.4947E-11,  2.4771E-11,  2.5863E-11,  2.5687E-11,  2.5736E-11,  2.5564E-11,  2.5829E-11,  2.5445E-11,  2.5917E-11
  1.0000E+03,  4.8923E+02,  5.4638E+01,  2.5890E-01,  1.5150E-01,  4.1718E-01,  1.4925E+00,  3.8710E-01,  1.4616E+00,  3.0311E-02,  2.3127E-01,  4.4916E-02,  3.1011E-01,  5.2464E-02,  2.3303E-01,  9.4741E-03,  4.6236E-02,  9.8991E-03,  2.2112E-02,  1.5324E-02,  4.0256E-02,  7.1407E-03,  2.2872E-02,  1.1480E-02,  2.4276E-02,  1.6760E-02,  1.8869E-01,  1.2095E-03,  9.3594E-03,  7.4173E-06,  7.4164E-06,  7.4223E-06,  7.4240E-06,  7.4240E-06,  7.4283E-06,  7.4251E-06,  7.4286E-06,  7.4273E-06,  7.4269E-06,  7.4248E-06,  7.4249E-06,  7.4237E-06,  7.4251E-06,  7.4229E-06,  7.4261E-06,  7.4254E-06,  7.4275E-06,  7.4261E-06,  7.4297E-06,  7.4297E-06,  7.4321E-06,  7.4331E-06,  7.4377E-06,  7.4335E-06,  7.4361E-06,  7.4351E-06,  7.4375E-06,  7.4365E-06,  7.4350E-06,  7.4331E-06,  7.4342E-06,  7.4323E-06,  7.4358E-06,  7.4348E-06,  7.4380E-06,  7.4371E-06,  7.4382E-06,  7.4382E-06,  7.4381E-06,  7.4373E-06,  7.4389E-06,  7.4384E-06,  7.4394E-06,  7.4393E-06,  7.4398E-06,  7.4396E-06,  7.4409E-06,  7.4405E-06,  7.4408E-06,  7.4403E-06,  7.4412E-06,  7.4423E-06,  7.4425E-06,  7.4419E-06,  7.4400E-06,  7.4388E-06,  7.4459E-06,  7.4448E-06,  7.4451E-06,  7.4440E-06,  7.4457E-06,  7.4432E-06,  7.4462E-06,  1.0538E-01,  2.2094E-02,  1.0676E-04,  6.6759E-05,  2.0519E-04,  5.9806E-04,  1.6998E-04,  5.6359E-04,  1.4810E-05,  9.3413E-05,  2.0744E-05,  1.2079E-04,  2.2465E-05,  8.5572E-05,  4.2977E-06,  1.7182E-05,  4.5180E-06,  9.6479E-06,  7.0928E-06,  1.5984E-05,  3.2962E-06,  1.1134E-05,  5.5589E-06,  1.1101E-05,  6.9392E-06,  6.9102E-05,  4.7682E-07,  3.3342E-06,  2.3524E-11,  2.3415E-11,  2.4181E-11,  2.4405E-11,  2.4415E-11,  2.4998E-11,  2.4559E-11,  2.5043E-11,  2.4861E-11,  2.4801E-11,  2.4522E-11,  2.4528E-11,  2.4373E-11,  2.4564E-11,  2.4263E-11,  2.4696E-11,  2.4600E-11,  2.4885E-11,  2.4699E-11,  2.5191E-11,  2.5204E-11,  2.5532E-11,  2.5682E-11,  2.6358E-11,  2.5745E-11,  2.6129E-11,  2.5973E-11,  2.6337E-11,  2.6184E-11,  2.5965E-11,  2.5681E-11,  2.5839E-11,  2.5564E-11,  2.6071E-11,  2.5936E-11,  2.6398E-11,  2.6264E-11,  2.6442E-11,  2.6432E-11,  2.6423E-11,  2.6296E-11,  2.6536E-11,  2.6469E-11,  2.6614E-11,  2.6603E-11,  2.6674E-11,  2.6649E-11,  2.6849E-11,  2.6784E-11,  2.6836E-11,  2.6760E-11,  2.6898E-11,  2.7056E-11,  2.7090E-11,  2.7003E-11,  2.6704E-11,  2.6528E-11,  2.7623E-11,  2.7447E-11,  2.7495E-11,  2.7323E-11,  2.7588E-11,  2.7204E-11,  2.7677E-11
  1.1000E+03,  4.7872E+02,  5.2473E+01,  2.4847E-01,  1.4496E-01,  3.9719E-01,  1.4338E+00,  3.7046E-01,  1.4063E+00,  2.8867E-02,  2.2212E-01,  4.2893E-02,  2.9826E-01,  5.0268E-02,  2.2462E-01,  9.0536E-03,  4.4546E-02,  9.4563E-03,  2.1167E-02,  1.4630E-02,  3.8688E-02,  6.8191E-03,  2.1788E-02,  1.0940E-02,  2.3194E-02,  1.6082E-02,  1.8191E-01,  1.1626E-03,  9.0315E-03,  7.4148E-06,  7.4140E-06,  7.4198E-06,  7.4214E-06,  7.4215E-06,  7.4257E-06,  7.4226E-06,  7.4260E-06,  7.4247E-06,  7.4243E-06,  7.4223E-06,  7.4223E-06,  7.4212E-06,  7.4226E-06,  7.4204E-06,  7.4235E-06,  7.4229E-06,  7.4249E-06,  7.4236E-06,  7.4271E-06,  7.4271E-06,  7.4294E-06,  7.4304E-06,  7.4350E-06,  7.4309E-06,  7.4335E-06,  7.4324E-06,  7.4348E-06,  7.4338E-06,  7.4324E-06,  7.4304E-06,  7.4315E-06,  7.4296E-06,  7.4331E-06,  7.4322E-06,  7.4352E-06,  7.4343E-06,  7.4355E-06,  7.4355E-06,  7.4354E-06,  7.4346E-06,  7.4361E-06,  7.4357E-06,  7.4366E-06,  7.4366E-06,  7.4370E-06,  7.4369E-06,  7.4382E-06,  7.4377E-06,  7.4381E-06,  7.4376E-06,  7.4385E-06,  7.4395E-06,  7.4397E-06,  7.4391E-06,  7.4372E-06,  7.4361E-06,  7.4430E-06,  7.4419E-06,  7.4422E-06,  7.4412E-06,  7.4428E-06,  7.4404E-06,  7.4434E-06,  1.0495E-01,  2.1193E-02,  1.0194E-04,  6.4050E-05,  1.9464E-04,  5.7447E-04,  1.6286E-04,  5.4234E-04,  1.4058E-05,  8.9627E-05,  1.9724E-05,  1.1607E-04,  2.1452E-05,  8.2614E-05,  4.1131E-06,  1.6629E-05,  4.3365E-06,  9.2689E-06,  6.7904E-06,  1.5376E-05,  3.1360E-06,  1.0543E-05,  5.2501E-06,  1.0539E-05,  6.6156E-06,  6.6545E-05,  4.5993E-07,  3.2225E-06,  2.5134E-11,  2.5024E-11,  2.5794E-11,  2.6018E-11,  2.6029E-11,  2.6614E-11,  2.6173E-11,  2.6660E-11,  2.6477E-11,  2.6417E-11,  2.6136E-11,  2.6142E-11,  2.5987E-11,  2.6178E-11,  2.5876E-11,  2.6311E-11,  2.6215E-11,  2.6501E-11,  2.6314E-11,  2.6809E-11,  2.6821E-11,  2.7151E-11,  2.7300E-11,  2.7977E-11,  2.7364E-11,  2.7748E-11,  2.7592E-11,  2.7956E-11,  2.7803E-11,  2.7584E-11,  2.7299E-11,  2.7457E-11,  2.7183E-11,  2.7690E-11,  2.7554E-11,  2.8017E-11,  2.7883E-11,  2.8061E-11,  2.8051E-11,  2.8042E-11,  2.7915E-11,  2.8155E-11,  2.8088E-11,  2.8233E-11,  2.8222E-11,  2.8293E-11,  2.8268E-11,  2.8468E-11,  2.8403E-11,  2.8455E-11,  2.8379E-11,  2.8517E-11,  2.8675E-11,  2.8708E-11,  2.8622E-11,  2.8323E-11,  2.8146E-11,  2.9241E-11,  2.9065E-11,  2.9113E-11,  2.8941E-11,  2.9206E-11,  2.8823E-11,  2.9295E-11
  1.2000E+03,  4.6828E+02,  5.0403E+01,  2.3852E-01,  1.3870E-01,  3.7827E-01,  1.3777E+00,  3.5456E-01,  1.3532E+00,  2.7500E-02,  2.1336E-01,  4.0973E-02,  2.8691E-01,  4.8176E-02,  2.1653E-01,  8.6523E-03,  4.2915E-02,  9.0328E-03,  2.0261E-02,  1.3967E-02,  3.7184E-02,  6.5138E-03,  2.0764E-02,  1.0430E-02,  2.2168E-02,  1.5437E-02,  1.7539E-01,  1.1176E-03,  8.7156E-03,  7.4123E-06,  7.4114E-06,  7.4171E-06,  7.4188E-06,  7.4188E-06,  7.4230E-06,  7.4199E-06,  7.4233E-06,  7.4220E-06,  7.4216E-06,  7.4196E-06,  7.4196E-06,  7.4185E-06,  7.4199E-06,  7.4177E-06,  7.4208E-06,  7.4202E-06,  7.4222E-06,  7.4209E-06,  7.4243E-06,  7.4244E-06,  7.4266E-06,  7.4276E-06,  7.4321E-06,  7.4281E-06,  7.4306E-06,  7.4296E-06,  7.4320E-06,  7.4310E-06,  7.4295E-06,  7.4276E-06,  7.4287E-06,  7.4268E-06,  7.4302E-06,  7.4293E-06,  7.4324E-06,  7.4315E-06,  7.4326E-06,  7.4326E-06,  7.4325E-06,  7.4317E-06,  7.4332E-06,  7.4328E-06,  7.4337E-06,  7.4337E-06,  7.4341E-06,  7.4340E-06,  7.4352E-06,  7.4348E-06,  7.4352E-06,  7.4347E-06,  7.4355E-06,  7.4365E-06,  7.4367E-06,  7.4362E-06,  7.4343E-06,  7.4332E-06,  7.4400E-06,  7.4390E-06,  7.4393E-06,  7.4382E-06,  7.4398E-06,  7.4375E-06,  7.4404E-06,  1.0384E-01,  2.0217E-02,  9.6910E-05,  6.1065E-05,  1.8371E-04,  5.4867E-04,  1.5508E-04,  5.1892E-04,  1.3278E-05,  8.5529E-05,  1.8665E-05,  1.1094E-04,  2.0385E-05,  7.9286E-05,  3.9127E-06,  1.5988E-05,  4.1340E-06,  8.8471E-06,  6.4594E-06,  1.4703E-05,  2.9689E-06,  9.9383E-06,  4.9400E-06,  9.9626E-06,  6.2811E-06,  6.3751E-05,  4.4086E-07,  3.0968E-06,  2.6634E-11,  2.6523E-11,  2.7295E-11,  2.7520E-11,  2.7530E-11,  2.8115E-11,  2.7674E-11,  2.8161E-11,  2.7978E-11,  2.7918E-11,  2.7638E-11,  2.7643E-11,  2.7488E-11,  2.7680E-11,  2.7377E-11,  2.7812E-11,  2.7716E-11,  2.8002E-11,  2.7815E-11,  2.8309E-11,  2.8322E-11,  2.8652E-11,  2.8801E-11,  2.9477E-11,  2.8864E-11,  2.9249E-11,  2.9093E-11,  2.9456E-11,  2.9304E-11,  2.9084E-11,  2.8800E-11,  2.8958E-11,  2.8684E-11,  2.9190E-11,  2.9055E-11,  2.9517E-11,  2.9383E-11,  2.9561E-11,  2.9552E-11,  2.9543E-11,  2.9416E-11,  2.9655E-11,  2.9588E-11,  2.9733E-11,  2.9722E-11,  2.9793E-11,  2.9768E-11,  2.9968E-11,  2.9903E-11,  2.9955E-11,  2.9879E-11,  3.0017E-11,  3.0175E-11,  3.0208E-11,  3.0121E-11,  2.9823E-11,  2.9647E-11,  3.0737E-11,  3.0562E-11,  3.0610E-11,  3.0440E-11,  3.0702E-11,  3.0322E-11,  3.0790E-11
  1.4000E+03,  4.4783E+02,  4.6558E+01,  2.2014E-01,  1.2711E-01,  3.4367E-01,  1.2733E+00,  3.2514E-01,  1.2543E+00,  2.4999E-02,  1.9709E-01,  3.7449E-02,  2.6578E-01,  4.4312E-02,  2.0137E-01,  7.9108E-03,  3.9856E-02,  8.2484E-03,  1.8580E-02,  1.2744E-02,  3.4383E-02,  5.9531E-03,  1.8893E-02,  9.5015E-03,  2.0288E-02,  1.4247E-02,  1.6322E-01,  1.0335E-03,  8.1229E-03,  7.4067E-06,  7.4058E-06,  7.4114E-06,  7.4130E-06,  7.4131E-06,  7.4171E-06,  7.4141E-06,  7.4174E-06,  7.4161E-06,  7.4157E-06,  7.4138E-06,  7.4138E-06,  7.4128E-06,  7.4141E-06,  7.4120E-06,  7.4150E-06,  7.4143E-06,  7.4163E-06,  7.4150E-06,  7.4184E-06,  7.4185E-06,  7.4206E-06,  7.4216E-06,  7.4259E-06,  7.4220E-06,  7.4245E-06,  7.4235E-06,  7.4258E-06,  7.4248E-06,  7.4234E-06,  7.4216E-06,  7.4226E-06,  7.4208E-06,  7.4241E-06,  7.4233E-06,  7.4262E-06,  7.4253E-06,  7.4265E-06,  7.4264E-06,  7.4263E-06,  7.4255E-06,  7.4270E-06,  7.4266E-06,  7.4275E-06,  7.4275E-06,  7.4279E-06,  7.4277E-06,  7.4290E-06,  7.4286E-06,  7.4289E-06,  7.4284E-06,  7.4293E-06,  7.4302E-06,  7.4304E-06,  7.4299E-06,  7.4281E-06,  7.4270E-06,  7.4336E-06,  7.4326E-06,  7.4329E-06,  7.4318E-06,  7.4334E-06,  7.4311E-06,  7.4339E-06,  1.0062E-01,  1.8230E-02,  8.6885E-05,  5.4857E-05,  1.6226E-04,  4.9568E-04,  1.3915E-04,  4.7047E-04,  1.1741E-05,  7.7158E-05,  1.6581E-05,  1.0040E-04,  1.8254E-05,  7.2273E-05,  3.5021E-06,  1.4605E-05,  3.7100E-06,  7.9628E-06,  5.7778E-06,  1.3309E-05,  2.6385E-06,  8.7661E-06,  4.3469E-06,  8.8386E-06,  5.6218E-06,  5.7971E-05,  4.0034E-07,  2.8304E-06,  2.9348E-11,  2.9238E-11,  3.0008E-11,  3.0232E-11,  3.0243E-11,  3.0823E-11,  3.0386E-11,  3.0869E-11,  3.0688E-11,  3.0628E-11,  3.0350E-11,  3.0355E-11,  3.0201E-11,  3.0391E-11,  3.0090E-11,  3.0523E-11,  3.0428E-11,  3.0711E-11,  3.0526E-11,  3.1016E-11,  3.1028E-11,  3.1355E-11,  3.1503E-11,  3.2176E-11,  3.1566E-11,  3.1948E-11,  3.1793E-11,  3.2155E-11,  3.2003E-11,  3.1785E-11,  3.1502E-11,  3.1659E-11,  3.1387E-11,  3.1890E-11,  3.1756E-11,  3.2216E-11,  3.2082E-11,  3.2260E-11,  3.2250E-11,  3.2241E-11,  3.2115E-11,  3.2353E-11,  3.2287E-11,  3.2431E-11,  3.2420E-11,  3.2491E-11,  3.2467E-11,  3.2667E-11,  3.2602E-11,  3.2653E-11,  3.2577E-11,  3.2715E-11,  3.2874E-11,  3.2908E-11,  3.2821E-11,  3.2521E-11,  3.2345E-11,  3.3446E-11,  3.3267E-11,  3.3316E-11,  3.3143E-11,  3.3410E-11,  3.3023E-11,  3.3500E-11
  1.6000E+03,  4.2811E+02,  4.3102E+01,  2.0370E-01,  1.1674E-01,  3.1319E-01,  1.1792E+00,  2.9882E-01,  1.1649E+00,  2.2792E-02,  1.8246E-01,  3.4325E-02,  2.4671E-01,  4.0861E-02,  1.8761E-01,  7.2495E-03,  3.7072E-02,  7.5475E-03,  1.7073E-02,  1.1653E-02,  3.1856E-02,  5.4560E-03,  1.7247E-02,  8.6856E-03,  1.8624E-02,  1.3184E-02,  1.5219E-01,  9.5740E-04,  7.5831E-03,  7.4005E-06,  7.3998E-06,  7.4052E-06,  7.4067E-06,  7.4068E-06,  7.4107E-06,  7.4077E-06,  7.4110E-06,  7.4098E-06,  7.4094E-06,  7.4075E-06,  7.4075E-06,  7.4065E-06,  7.4078E-06,  7.4057E-06,  7.4087E-06,  7.4080E-06,  7.4099E-06,  7.4087E-06,  7.4119E-06,  7.4120E-06,  7.4141E-06,  7.4151E-06,  7.4192E-06,  7.4155E-06,  7.4179E-06,  7.4169E-06,  7.4191E-06,  7.4182E-06,  7.4168E-06,  7.4151E-06,  7.4161E-06,  7.4143E-06,  7.4175E-06,  7.4167E-06,  7.4195E-06,  7.4187E-06,  7.4198E-06,  7.4197E-06,  7.4196E-06,  7.4189E-06,  7.4203E-06,  7.4199E-06,  7.4208E-06,  7.4207E-06,  7.4212E-06,  7.4210E-06,  7.4222E-06,  7.4218E-06,  7.4221E-06,  7.4217E-06,  7.4225E-06,  7.4234E-06,  7.4236E-06,  7.4231E-06,  7.4213E-06,  7.4203E-06,  7.4267E-06,  7.4257E-06,  7.4260E-06,  7.4250E-06,  7.4265E-06,  7.4243E-06,  7.4270E-06,  9.6576E-02,  1.6336E-02,  7.7525E-05,  4.8864E-05,  1.4253E-04,  4.4481E-04,  1.2396E-04,  4.2363E-04,  1.0324E-05,  6.9164E-05,  1.4654E-05,  9.0279E-05,  1.6256E-05,  6.5393E-05,  3.1110E-06,  1.3227E-05,  3.2992E-06,  7.1033E-06,  5.1261E-06,  1.1960E-05,  2.3322E-06,  7.6977E-06,  3.8128E-06,  7.8077E-06,  5.0099E-06,  5.2364E-05,  3.6037E-07,  2.5670E-06,  3.1744E-11,  3.1635E-11,  3.2402E-11,  3.2627E-11,  3.2638E-11,  3.3226E-11,  3.2783E-11,  3.3272E-11,  3.3088E-11,  3.3027E-11,  3.2746E-11,  3.2751E-11,  3.2596E-11,  3.2788E-11,  3.2484E-11,  3.2920E-11,  3.2824E-11,  3.3112E-11,  3.2924E-11,  3.3422E-11,  3.3435E-11,  3.3770E-11,  3.3922E-11,  3.4616E-11,  3.3987E-11,  3.4381E-11,  3.4221E-11,  3.4594E-11,  3.4437E-11,  3.4212E-11,  3.3921E-11,  3.4083E-11,  3.3802E-11,  3.4321E-11,  3.4182E-11,  3.4658E-11,  3.4519E-11,  3.4703E-11,  3.4693E-11,  3.4684E-11,  3.4553E-11,  3.4800E-11,  3.4731E-11,  3.4881E-11,  3.4870E-11,  3.4943E-11,  3.4917E-11,  3.5125E-11,  3.5057E-11,  3.5111E-11,  3.5032E-11,  3.5176E-11,  3.5342E-11,  3.5377E-11,  3.5286E-11,  3.4974E-11,  3.4791E-11,  3.5939E-11,  3.5752E-11,  3.5804E-11,  3.5622E-11,  3.5902E-11,  3.5497E-11,  3.5997E-11
  1.8000E+03,  4.0918E+02,  4.0007E+01,  1.8902E-01,  1.0751E-01,  2.8642E-01,  1.0949E+00,  2.7542E-01,  1.0845E+00,  2.0852E-02,  1.6936E-01,  3.1566E-02,  2.2958E-01,  3.7790E-02,  1.7517E-01,  6.6628E-03,  3.4557E-02,  6.9253E-03,  1.5730E-02,  1.0687E-02,  2.9588E-02,  5.0168E-03,  1.5801E-02,  7.9692E-03,  1.7153E-02,  1.2236E-02,  1.4223E-01,  8.8901E-04,  7.0943E-03,  7.3940E-06,  7.3932E-06,  7.3985E-06,  7.4000E-06,  7.4000E-06,  7.4038E-06,  7.4010E-06,  7.4041E-06,  7.4029E-06,  7.4025E-06,  7.4007E-06,  7.4008E-06,  7.3997E-06,  7.4010E-06,  7.3990E-06,  7.4019E-06,  7.4012E-06,  7.4031E-06,  7.4019E-06,  7.4050E-06,  7.4051E-06,  7.4071E-06,  7.4081E-06,  7.4121E-06,  7.4084E-06,  7.4107E-06,  7.4098E-06,  7.4120E-06,  7.4111E-06,  7.4098E-06,  7.4080E-06,  7.4090E-06,  7.4073E-06,  7.4104E-06,  7.4096E-06,  7.4123E-06,  7.4115E-06,  7.4126E-06,  7.4125E-06,  7.4125E-06,  7.4117E-06,  7.4131E-06,  7.4127E-06,  7.4136E-06,  7.4135E-06,  7.4139E-06,  7.4138E-06,  7.4149E-06,  7.4146E-06,  7.4149E-06,  7.4144E-06,  7.4152E-06,  7.4161E-06,  7.4163E-06,  7.4158E-06,  7.4141E-06,  7.4131E-06,  7.4193E-06,  7.4183E-06,  7.4186E-06,  7.4176E-06,  7.4191E-06,  7.4169E-06,  7.4196E-06,  9.2730E-02,  1.4607E-02,  6.9256E-05,  4.3468E-05,  1.2517E-04,  3.9817E-04,  1.1012E-04,  3.8046E-04,  9.0711E-06,  6.1852E-05,  1.2941E-05,  8.0982E-05,  1.4456E-05,  5.8982E-05,  2.7556E-06,  1.1930E-05,  2.9233E-06,  6.3241E-06,  4.5335E-06,  1.0718E-05,  2.0603E-06,  6.7640E-06,  3.3506E-06,  6.9000E-06,  4.4674E-06,  4.7217E-05,  3.2359E-07,  2.3211E-06,  3.3926E-11,  3.3814E-11,  3.4604E-11,  3.4837E-11,  3.4848E-11,  3.5458E-11,  3.4998E-11,  3.5506E-11,  3.5314E-11,  3.5252E-11,  3.4959E-11,  3.4965E-11,  3.4804E-11,  3.5003E-11,  3.4689E-11,  3.5140E-11,  3.5041E-11,  3.5340E-11,  3.5144E-11,  3.5663E-11,  3.5676E-11,  3.6025E-11,  3.6184E-11,  3.6913E-11,  3.6253E-11,  3.6666E-11,  3.6498E-11,  3.6890E-11,  3.6725E-11,  3.6489E-11,  3.6183E-11,  3.6353E-11,  3.6060E-11,  3.6603E-11,  3.6457E-11,  3.6957E-11,  3.6811E-11,  3.7004E-11,  3.6994E-11,  3.6984E-11,  3.6847E-11,  3.7107E-11,  3.7034E-11,  3.7193E-11,  3.7181E-11,  3.7259E-11,  3.7232E-11,  3.7451E-11,  3.7380E-11,  3.7437E-11,  3.7353E-11,  3.7505E-11,  3.7681E-11,  3.7718E-11,  3.7621E-11,  3.7291E-11,  3.7098E-11,  3.8316E-11,  3.8117E-11,  3.8171E-11,  3.7978E-11,  3.8276E-11,  3.7845E-11,  3.8377E-11
  2.0000E+03,  3.9104E+02,  3.7239E+01,  1.7589E-01,  9.9283E-02,  2.6288E-01,  1.0194E+00,  2.5461E-01,  1.0122E+00,  1.9146E-02,  1.5763E-01,  2.9125E-02,  2.1421E-01,  3.5056E-02,  1.6395E-01,  6.1428E-03,  3.2288E-02,  6.3736E-03,  1.4534E-02,  9.8325E-03,  2.7555E-02,  4.6282E-03,  1.4528E-02,  7.3383E-03,  1.5851E-02,  1.1389E-02,  1.3324E-01,  8.2755E-04,  6.6521E-03,  7.3870E-06,  7.3862E-06,  7.3913E-06,  7.3928E-06,  7.3928E-06,  7.3965E-06,  7.3938E-06,  7.3968E-06,  7.3956E-06,  7.3953E-06,  7.3935E-06,  7.3936E-06,  7.3926E-06,  7.3938E-06,  7.3919E-06,  7.3946E-06,  7.3940E-06,  7.3958E-06,  7.3946E-06,  7.3977E-06,  7.3977E-06,  7.3997E-06,  7.4006E-06,  7.4045E-06,  7.4010E-06,  7.4032E-06,  7.4023E-06,  7.4044E-06,  7.4035E-06,  7.4023E-06,  7.4006E-06,  7.4015E-06,  7.3999E-06,  7.4029E-06,  7.4021E-06,  7.4047E-06,  7.4040E-06,  7.4050E-06,  7.4049E-06,  7.4049E-06,  7.4041E-06,  7.4055E-06,  7.4051E-06,  7.4059E-06,  7.4059E-06,  7.4063E-06,  7.4061E-06,  7.4072E-06,  7.4069E-06,  7.4071E-06,  7.4067E-06,  7.4075E-06,  7.4083E-06,  7.4085E-06,  7.4081E-06,  7.4064E-06,  7.4054E-06,  7.4114E-06,  7.4104E-06,  7.4107E-06,  7.4098E-06,  7.4112E-06,  7.4091E-06,  7.4116E-06,  8.8706E-02,  1.3078E-02,  6.2064E-05,  3.8752E-05,  1.1030E-04,  3.5680E-04,  9.7933E-05,  3.4197E-04,  7.9951E-06,  5.5395E-05,  1.1462E-05,  7.2744E-05,  1.2888E-05,  5.3229E-05,  2.4451E-06,  1.0761E-05,  2.5933E-06,  5.6410E-06,  4.0147E-06,  9.6122E-06,  1.8260E-06,  5.9671E-06,  2.9581E-06,  6.1210E-06,  3.9979E-06,  4.2668E-05,  2.9100E-07,  2.1015E-06,  3.5984E-11,  3.5867E-11,  3.6693E-11,  3.6936E-11,  3.6948E-11,  3.7590E-11,  3.7105E-11,  3.7641E-11,  3.7439E-11,  3.7373E-11,  3.7065E-11,  3.7071E-11,  3.6902E-11,  3.7111E-11,  3.6782E-11,  3.7256E-11,  3.7151E-11,  3.7465E-11,  3.7259E-11,  3.7806E-11,  3.7820E-11,  3.8190E-11,  3.8359E-11,  3.9136E-11,  3.8431E-11,  3.8871E-11,  3.8692E-11,  3.9111E-11,  3.8935E-11,  3.8682E-11,  3.8358E-11,  3.8538E-11,  3.8226E-11,  3.8804E-11,  3.8649E-11,  3.9183E-11,  3.9027E-11,  3.9234E-11,  3.9223E-11,  3.9212E-11,  3.9065E-11,  3.9344E-11,  3.9265E-11,  3.9436E-11,  3.9423E-11,  3.9506E-11,  3.9477E-11,  3.9714E-11,  3.9636E-11,  3.9698E-11,  3.9608E-11,  3.9771E-11,  3.9961E-11,  4.0001E-11,  3.9897E-11,  3.9541E-11,  3.9334E-11,  4.0649E-11,  4.0433E-11,  4.0492E-11,  4.0283E-11,  4.0606E-11,  4.0139E-11,  4.0716E-11
  2.2000E+03,  3.7372E+02,  3.4756E+01,  1.6409E-01,  9.1942E-02,  2.4208E-01,  9.5165E-01,  2.3608E-01,  9.4720E-01,  1.7639E-02,  1.4712E-01,  2.6959E-02,  2.0038E-01,  3.2613E-02,  1.5381E-01,  5.6805E-03,  3.0239E-02,  5.8834E-03,  1.3465E-02,  9.0743E-03,  2.5729E-02,  4.2831E-03,  1.3402E-02,  6.7800E-03,  1.4693E-02,  1.0630E-02,  1.2511E-01,  7.7220E-04,  6.2511E-03,  7.3796E-06,  7.3789E-06,  7.3838E-06,  7.3852E-06,  7.3852E-06,  7.3888E-06,  7.3861E-06,  7.3890E-06,  7.3879E-06,  7.3876E-06,  7.3859E-06,  7.3859E-06,  7.3850E-06,  7.3862E-06,  7.3843E-06,  7.3870E-06,  7.3864E-06,  7.3881E-06,  7.3870E-06,  7.3899E-06,  7.3900E-06,  7.3919E-06,  7.3927E-06,  7.3964E-06,  7.3931E-06,  7.3952E-06,  7.3943E-06,  7.3963E-06,  7.3955E-06,  7.3943E-06,  7.3927E-06,  7.3936E-06,  7.3921E-06,  7.3949E-06,  7.3941E-06,  7.3967E-06,  7.3959E-06,  7.3969E-06,  7.3968E-06,  7.3968E-06,  7.3961E-06,  7.3974E-06,  7.3970E-06,  7.3978E-06,  7.3978E-06,  7.3981E-06,  7.3980E-06,  7.3991E-06,  7.3987E-06,  7.3990E-06,  7.3986E-06,  7.3993E-06,  7.4001E-06,  7.4003E-06,  7.3999E-06,  7.3983E-06,  7.3974E-06,  7.4030E-06,  7.4021E-06,  7.4024E-06,  7.4015E-06,  7.4028E-06,  7.4009E-06,  7.4033E-06,  8.4449E-02,  1.1750E-02,  5.5918E-05,  3.4664E-05,  9.7629E-05,  3.2078E-04,  8.7390E-05,  3.0836E-04,  7.0777E-06,  4.9784E-05,  1.0198E-05,  6.5562E-05,  1.1538E-05,  4.8171E-05,  2.1774E-06,  9.7298E-06,  2.3082E-06,  5.0472E-06,  3.5680E-06,  8.6477E-06,  1.6250E-06,  5.2889E-06,  2.6251E-06,  5.4542E-06,  3.5930E-06,  3.8676E-05,  2.6242E-07,  1.9084E-06,  3.7968E-11,  3.7844E-11,  3.8717E-11,  3.8976E-11,  3.8988E-11,  3.9674E-11,  3.9156E-11,  3.9728E-11,  3.9512E-11,  3.9441E-11,  3.9113E-11,  3.9119E-11,  3.8939E-11,  3.9162E-11,  3.8812E-11,  3.9316E-11,  3.9204E-11,  3.9540E-11,  3.9320E-11,  3.9905E-11,  3.9921E-11,  4.0318E-11,  4.0500E-11,  4.1344E-11,  4.0579E-11,  4.1055E-11,  4.0861E-11,  4.1317E-11,  4.1125E-11,  4.0850E-11,  4.0499E-11,  4.0694E-11,  4.0357E-11,  4.0982E-11,  4.0814E-11,  4.1395E-11,  4.1225E-11,  4.1451E-11,  4.1439E-11,  4.1427E-11,  4.1266E-11,  4.1572E-11,  4.1486E-11,  4.1672E-11,  4.1658E-11,  4.1750E-11,  4.1718E-11,  4.1978E-11,  4.1893E-11,  4.1960E-11,  4.1861E-11,  4.2041E-11,  4.2250E-11,  4.2295E-11,  4.2180E-11,  4.1788E-11,  4.1561E-11,  4.3019E-11,  4.2776E-11,  4.2842E-11,  4.2608E-11,  4.2971E-11,  4.2448E-11,  4.3094E-11
  2.5000E+03,  3.4934E+02,  3.1481E+01,  1.4846E-01,  8.2298E-02,  2.1511E-01,  8.6221E-01,  2.1184E-01,  8.6106E-01,  1.5684E-02,  1.3324E-01,  2.4134E-02,  1.8207E-01,  2.9404E-02,  1.4032E-01,  5.0772E-03,  2.7517E-02,  5.2442E-03,  1.2061E-02,  8.0871E-03,  2.3317E-02,  3.8325E-03,  1.1939E-02,  6.0530E-03,  1.3179E-02,  9.6271E-03,  1.1425E-01,  6.9883E-04,  5.7154E-03,  7.3678E-06,  7.3671E-06,  7.3717E-06,  7.3730E-06,  7.3731E-06,  7.3764E-06,  7.3739E-06,  7.3766E-06,  7.3756E-06,  7.3753E-06,  7.3737E-06,  7.3737E-06,  7.3729E-06,  7.3739E-06,  7.3722E-06,  7.3747E-06,  7.3742E-06,  7.3758E-06,  7.3747E-06,  7.3774E-06,  7.3775E-06,  7.3793E-06,  7.3801E-06,  7.3835E-06,  7.3804E-06,  7.3824E-06,  7.3816E-06,  7.3834E-06,  7.3827E-06,  7.3815E-06,  7.3801E-06,  7.3809E-06,  7.3795E-06,  7.3821E-06,  7.3814E-06,  7.3837E-06,  7.3830E-06,  7.3839E-06,  7.3839E-06,  7.3838E-06,  7.3832E-06,  7.3844E-06,  7.3841E-06,  7.3848E-06,  7.3847E-06,  7.3851E-06,  7.3849E-06,  7.3859E-06,  7.3856E-06,  7.3858E-06,  7.3855E-06,  7.3861E-06,  7.3869E-06,  7.3870E-06,  7.3866E-06,  7.3852E-06,  7.3844E-06,  7.3895E-06,  7.3887E-06,  7.3889E-06,  7.3881E-06,  7.3893E-06,  7.3876E-06,  7.3897E-06,  7.8074E-02,  1.0082E-02,  4.8337E-05,  2.9625E-05,  8.2220E-05,  2.7547E-04,  7.4230E-05,  2.6591E-04,  5.9556E-06,  4.2739E-05,  8.6391E-06,  5.6517E-05,  9.8569E-06,  4.1748E-05,  1.8447E-06,  8.4173E-06,  1.9532E-06,  4.3133E-06,  3.0131E-06,  7.4322E-06,  1.3790E-06,  4.4651E-06,  2.2218E-06,  4.6399E-06,  3.0947E-06,  3.3679E-05,  2.2673E-07,  1.6628E-06,  4.0893E-11,  4.0756E-11,  4.1732E-11,  4.2025E-11,  4.2039E-11,  4.2823E-11,  4.2229E-11,  4.2886E-11,  4.2637E-11,  4.2555E-11,  4.2181E-11,  4.2188E-11,  4.1983E-11,  4.2236E-11,  4.1839E-11,  4.2412E-11,  4.2285E-11,  4.2669E-11,  4.2417E-11,  4.3092E-11,  4.3109E-11,  4.3576E-11,  4.3792E-11,  4.4818E-11,  4.3885E-11,  4.4461E-11,  4.4225E-11,  4.4785E-11,  4.4546E-11,  4.4211E-11,  4.3790E-11,  4.4023E-11,  4.3622E-11,  4.4372E-11,  4.4168E-11,  4.4883E-11,  4.4670E-11,  4.4953E-11,  4.4938E-11,  4.4923E-11,  4.4722E-11,  4.5106E-11,  4.4996E-11,  4.5235E-11,  4.5217E-11,  4.5336E-11,  4.5294E-11,  4.5642E-11,  4.5527E-11,  4.5618E-11,  4.5484E-11,  4.5730E-11,  4.6021E-11,  4.6083E-11,  4.5922E-11,  4.5387E-11,  4.5092E-11,  4.7108E-11,  4.6767E-11,  4.6861E-11,  4.6527E-11,  4.7041E-11,  4.6299E-11,  4.7211E-11
  2.8000E+03,  3.2686E+02,  2.8657E+01,  1.3483E-01,  7.4001E-02,  1.9224E-01,  7.8501E-01,  1.9113E-01,  7.8641E-01,  1.4028E-02,  1.2126E-01,  2.1725E-02,  1.6620E-01,  2.6646E-02,  1.2857E-01,  4.5632E-03,  2.5151E-02,  4.7003E-03,  1.0854E-02,  7.2488E-03,  2.1234E-02,  3.4477E-03,  1.0696E-02,  5.4332E-03,  1.1883E-02,  8.7575E-03,  1.0475E-01,  6.3508E-04,  5.2462E-03,  7.3550E-06,  7.3544E-06,  7.3587E-06,  7.3599E-06,  7.3600E-06,  7.3630E-06,  7.3608E-06,  7.3632E-06,  7.3623E-06,  7.3620E-06,  7.3606E-06,  7.3606E-06,  7.3598E-06,  7.3608E-06,  7.3592E-06,  7.3615E-06,  7.3610E-06,  7.3624E-06,  7.3615E-06,  7.3640E-06,  7.3640E-06,  7.3656E-06,  7.3663E-06,  7.3695E-06,  7.3666E-06,  7.3684E-06,  7.3677E-06,  7.3694E-06,  7.3687E-06,  7.3677E-06,  7.3663E-06,  7.3671E-06,  7.3658E-06,  7.3682E-06,  7.3675E-06,  7.3696E-06,  7.3690E-06,  7.3698E-06,  7.3698E-06,  7.3697E-06,  7.3692E-06,  7.3702E-06,  7.3699E-06,  7.3706E-06,  7.3705E-06,  7.3708E-06,  7.3707E-06,  7.3716E-06,  7.3713E-06,  7.3715E-06,  7.3712E-06,  7.3718E-06,  7.3725E-06,  7.3726E-06,  7.3722E-06,  7.3710E-06,  7.3702E-06,  7.3747E-06,  7.3741E-06,  7.3742E-06,  7.3736E-06,  7.3746E-06,  7.3731E-06,  7.3750E-06,  7.1818E-02,  8.7486E-03,  4.2529E-05,  2.5693E-05,  7.0227E-05,  2.3919E-04,  6.3786E-05,  2.3179E-04,  5.0805E-06,  3.7111E-05,  7.4166E-06,  4.9262E-05,  8.5275E-06,  3.6555E-05,  1.5820E-06,  7.3553E-06,  1.6729E-06,  3.7362E-06,  2.5755E-06,  6.4574E-06,  1.1859E-06,  3.8254E-06,  1.9103E-06,  4.0027E-06,  2.7029E-06,  2.9669E-05,  1.9828E-07,  1.4649E-06,  4.3906E-11,  4.3745E-11,  4.4918E-11,  4.5287E-11,  4.5305E-11,  4.6369E-11,  4.5554E-11,  4.6457E-11,  4.6109E-11,  4.5997E-11,  4.5490E-11,  4.5499E-11,  4.5234E-11,  4.5564E-11,  4.5051E-11,  4.5801E-11,  4.5628E-11,  4.6155E-11,  4.5807E-11,  4.6745E-11,  4.6769E-11,  4.7403E-11,  4.7685E-11,  4.8922E-11,  4.7804E-11,  4.8511E-11,  4.8227E-11,  4.8884E-11,  4.8610E-11,  4.8211E-11,  4.7683E-11,  4.7978E-11,  4.7464E-11,  4.8405E-11,  4.8157E-11,  4.8994E-11,  4.8753E-11,  4.9071E-11,  4.9055E-11,  4.9038E-11,  4.8812E-11,  4.9238E-11,  4.9119E-11,  4.9375E-11,  4.9356E-11,  4.9480E-11,  4.9437E-11,  4.9783E-11,  4.9671E-11,  4.9760E-11,  4.9629E-11,  4.9867E-11,  5.0136E-11,  5.0192E-11,  5.0045E-11,  4.9532E-11,  4.9223E-11,  5.1071E-11,  5.0784E-11,  5.0863E-11,  5.0581E-11,  5.1014E-11,  5.0384E-11,  5.1158E-11
  3.2000E+03,  2.9975E+02,  2.5430E+01,  1.1900E-01,  6.4494E-02,  1.6644E-01,  6.9677E-01,  1.6774E-01,  7.0071E-01,  1.2165E-02,  1.0756E-01,  1.8999E-02,  1.4798E-01,  2.3499E-02,  1.1502E-01,  3.9827E-03,  2.2428E-02,  4.0865E-03,  9.4708E-03,  6.3061E-03,  1.8851E-02,  3.0105E-03,  9.2875E-03,  4.7286E-03,  1.0404E-02,  7.7516E-03,  9.3664E-02,  5.6128E-04,  4.6997E-03,  7.3365E-06,  7.3360E-06,  7.3398E-06,  7.3408E-06,  7.3409E-06,  7.3435E-06,  7.3415E-06,  7.3437E-06,  7.3429E-06,  7.3426E-06,  7.3414E-06,  7.3414E-06,  7.3407E-06,  7.3416E-06,  7.3402E-06,  7.3422E-06,  7.3417E-06,  7.3430E-06,  7.3422E-06,  7.3443E-06,  7.3444E-06,  7.3458E-06,  7.3464E-06,  7.3490E-06,  7.3466E-06,  7.3481E-06,  7.3475E-06,  7.3489E-06,  7.3484E-06,  7.3475E-06,  7.3464E-06,  7.3470E-06,  7.3459E-06,  7.3479E-06,  7.3474E-06,  7.3492E-06,  7.3487E-06,  7.3493E-06,  7.3493E-06,  7.3493E-06,  7.3488E-06,  7.3497E-06,  7.3494E-06,  7.3500E-06,  7.3499E-06,  7.3502E-06,  7.3501E-06,  7.3509E-06,  7.3506E-06,  7.3508E-06,  7.3505E-06,  7.3510E-06,  7.3516E-06,  7.3517E-06,  7.3514E-06,  7.3503E-06,  7.3497E-06,  7.3535E-06,  7.3529E-06,  7.3531E-06,  7.3525E-06,  7.3534E-06,  7.3521E-06,  7.3537E-06,  6.3737E-02,  7.3846E-03,  3.6583E-05,  2.1842E-05,  5.8764E-05,  2.0203E-04,  5.3172E-05,  1.9671E-04,  4.2326E-06,  3.1373E-05,  6.2172E-06,  4.1858E-05,  7.2067E-06,  3.1190E-05,  1.3206E-06,  6.2573E-06,  1.3963E-06,  3.1772E-06,  2.1382E-06,  5.4573E-06,  1.0002E-06,  3.2150E-06,  1.6126E-06,  3.3927E-06,  2.3266E-06,  2.5772E-05,  1.7071E-07,  1.2676E-06,  4.8654E-11,  4.8455E-11,  4.9818E-11,  5.0201E-11,  5.0218E-11,  5.1180E-11,  5.0459E-11,  5.1253E-11,  5.0958E-11,  5.0861E-11,  5.0398E-11,  5.0407E-11,  5.0147E-11,  5.0468E-11,  4.9959E-11,  5.0686E-11,  5.0528E-11,  5.0997E-11,  5.0692E-11,  5.1491E-11,  5.1511E-11,  5.2029E-11,  5.2258E-11,  5.3250E-11,  5.2355E-11,  5.2923E-11,  5.2696E-11,  5.3220E-11,  5.3003E-11,  5.2684E-11,  5.2257E-11,  5.2496E-11,  5.2078E-11,  5.2839E-11,  5.2641E-11,  5.3306E-11,  5.3116E-11,  5.3368E-11,  5.3354E-11,  5.3342E-11,  5.3163E-11,  5.3499E-11,  5.3405E-11,  5.3606E-11,  5.3591E-11,  5.3689E-11,  5.3655E-11,  5.3930E-11,  5.3840E-11,  5.3911E-11,  5.3807E-11,  5.3996E-11,  5.4212E-11,  5.4257E-11,  5.4139E-11,  5.3730E-11,  5.3487E-11,  5.4973E-11,  5.4738E-11,  5.4802E-11,  5.4572E-11,  5.4926E-11,  5.4412E-11,  5.5044E-11
  3.5000E+03,  2.8147E+02,  2.3326E+01,  1.0866E-01,  5.8335E-02,  1.4989E-01,  6.3919E-01,  1.5265E-01,  6.4456E-01,  1.0971E-02,  9.8620E-02,  1.7237E-02,  1.3603E-01,  2.1450E-02,  1.0611E-01,  3.6084E-03,  2.0641E-02,  3.6915E-03,  8.5739E-03,  5.7008E-03,  1.7295E-02,  2.7277E-03,  8.3813E-03,  4.2741E-03,  9.4443E-03,  7.0913E-03,  8.6308E-02,  5.1281E-04,  4.3370E-03,  7.3215E-06,  7.3210E-06,  7.3244E-06,  7.3253E-06,  7.3254E-06,  7.3277E-06,  7.3260E-06,  7.3279E-06,  7.3272E-06,  7.3270E-06,  7.3258E-06,  7.3259E-06,  7.3252E-06,  7.3260E-06,  7.3248E-06,  7.3265E-06,  7.3262E-06,  7.3273E-06,  7.3266E-06,  7.3285E-06,  7.3285E-06,  7.3298E-06,  7.3303E-06,  7.3327E-06,  7.3305E-06,  7.3319E-06,  7.3313E-06,  7.3326E-06,  7.3321E-06,  7.3313E-06,  7.3303E-06,  7.3309E-06,  7.3299E-06,  7.3317E-06,  7.3312E-06,  7.3328E-06,  7.3324E-06,  7.3330E-06,  7.3329E-06,  7.3329E-06,  7.3325E-06,  7.3333E-06,  7.3331E-06,  7.3335E-06,  7.3335E-06,  7.3337E-06,  7.3337E-06,  7.3343E-06,  7.3341E-06,  7.3343E-06,  7.3340E-06,  7.3345E-06,  7.3350E-06,  7.3351E-06,  7.3348E-06,  7.3338E-06,  7.3333E-06,  7.3367E-06,  7.3362E-06,  7.3363E-06,  7.3358E-06,  7.3366E-06,  7.3354E-06,  7.3369E-06,  5.8146E-02,  6.6443E-03,  3.2408E-05,  1.9215E-05,  5.1592E-05,  1.8183E-04,  4.7413E-05,  1.7764E-04,  3.7322E-06,  2.8253E-05,  5.5263E-06,  3.7823E-05,  6.4563E-06,  2.8270E-05,  1.1742E-06,  5.6583E-06,  1.2370E-06,  2.8027E-06,  1.8969E-06,  4.9135E-06,  8.8512E-07,  2.8259E-06,  1.4170E-06,  3.0037E-06,  2.0754E-06,  2.3268E-05,  1.5244E-07,  1.1504E-06,  5.1747E-11,  5.1573E-11,  5.2754E-11,  5.3079E-11,  5.3094E-11,  5.3908E-11,  5.3298E-11,  5.3970E-11,  5.3720E-11,  5.3637E-11,  5.3246E-11,  5.3254E-11,  5.3033E-11,  5.3306E-11,  5.2874E-11,  5.3490E-11,  5.3357E-11,  5.3753E-11,  5.3494E-11,  5.4173E-11,  5.4190E-11,  5.4635E-11,  5.4835E-11,  5.5723E-11,  5.4919E-11,  5.5426E-11,  5.5222E-11,  5.5696E-11,  5.5498E-11,  5.5210E-11,  5.4833E-11,  5.5044E-11,  5.4678E-11,  5.5350E-11,  5.5172E-11,  5.5775E-11,  5.5601E-11,  5.5832E-11,  5.5819E-11,  5.5808E-11,  5.5644E-11,  5.5953E-11,  5.5866E-11,  5.6052E-11,  5.6038E-11,  5.6129E-11,  5.6097E-11,  5.6351E-11,  5.6268E-11,  5.6334E-11,  5.6238E-11,  5.6412E-11,  5.6610E-11,  5.6651E-11,  5.6543E-11,  5.6167E-11,  5.5942E-11,  5.7304E-11,  5.7091E-11,  5.7149E-11,  5.6940E-11,  5.7262E-11,  5.6794E-11,  5.7368E-11
  4.0000E+03,  2.5446E+02,  2.0277E+01,  9.3939E-02,  4.9665E-02,  1.2667E-01,  5.5573E-01,  1.3103E-01,  5.6282E-01,  9.2877E-03,  8.5668E-02,  1.4732E-02,  1.1865E-01,  1.8507E-02,  9.3066E-02,  3.0761E-03,  1.8035E-02,  3.1322E-03,  7.3077E-03,  4.8419E-03,  1.5039E-02,  2.3273E-03,  7.1081E-03,  3.6354E-03,  8.0845E-03,  6.1463E-03,  7.5636E-02,  4.4340E-04,  3.8079E-03,  7.2946E-06,  7.2942E-06,  7.2971E-06,  7.2979E-06,  7.2979E-06,  7.2999E-06,  7.2984E-06,  7.3000E-06,  7.2994E-06,  7.2992E-06,  7.2983E-06,  7.2983E-06,  7.2978E-06,  7.2984E-06,  7.2974E-06,  7.2989E-06,  7.2986E-06,  7.2995E-06,  7.2989E-06,  7.3005E-06,  7.3005E-06,  7.3016E-06,  7.3020E-06,  7.3040E-06,  7.3022E-06,  7.3033E-06,  7.3029E-06,  7.3039E-06,  7.3035E-06,  7.3029E-06,  7.3020E-06,  7.3025E-06,  7.3017E-06,  7.3032E-06,  7.3028E-06,  7.3041E-06,  7.3037E-06,  7.3042E-06,  7.3042E-06,  7.3042E-06,  7.3038E-06,  7.3045E-06,  7.3043E-06,  7.3047E-06,  7.3047E-06,  7.3049E-06,  7.3048E-06,  7.3053E-06,  7.3052E-06,  7.3053E-06,  7.3051E-06,  7.3055E-06,  7.3059E-06,  7.3060E-06,  7.3058E-06,  7.3050E-06,  7.3045E-06,  7.3073E-06,  7.3069E-06,  7.3070E-06,  7.3066E-06,  7.3072E-06,  7.3063E-06,  7.3075E-06,  4.9888E-02,  5.5524E-03,  2.6459E-05,  1.5467E-05,  4.1279E-05,  1.5202E-04,  3.9070E-05,  1.4928E-04,  3.0000E-06,  2.3555E-05,  4.4944E-06,  3.1673E-05,  5.3139E-06,  2.3890E-05,  9.5511E-07,  4.7636E-06,  1.0001E-06,  2.2619E-06,  1.5387E-06,  4.1098E-06,  7.1638E-07,  2.2668E-06,  1.1379E-06,  2.4356E-06,  1.7043E-06,  1.9422E-05,  1.2521E-07,  9.6592E-07,  5.5641E-11,  5.5498E-11,  5.6484E-11,  5.6764E-11,  5.6777E-11,  5.7487E-11,  5.6955E-11,  5.7541E-11,  5.7323E-11,  5.7251E-11,  5.6909E-11,  5.6916E-11,  5.6725E-11,  5.6961E-11,  5.6587E-11,  5.7122E-11,  5.7006E-11,  5.7352E-11,  5.7126E-11,  5.7716E-11,  5.7731E-11,  5.8112E-11,  5.8281E-11,  5.9013E-11,  5.8352E-11,  5.8773E-11,  5.8605E-11,  5.8992E-11,  5.8831E-11,  5.8595E-11,  5.8280E-11,  5.8456E-11,  5.8149E-11,  5.8710E-11,  5.8563E-11,  5.9055E-11,  5.8915E-11,  5.9100E-11,  5.9090E-11,  5.9081E-11,  5.8950E-11,  5.9195E-11,  5.9127E-11,  5.9272E-11,  5.9261E-11,  5.9330E-11,  5.9306E-11,  5.9496E-11,  5.9435E-11,  5.9483E-11,  5.9412E-11,  5.9541E-11,  5.9685E-11,  5.9715E-11,  5.9637E-11,  5.9358E-11,  5.9186E-11,  6.0178E-11,  6.0026E-11,  6.0068E-11,  5.9919E-11,  6.0148E-11,  5.9816E-11,  6.0224E-11
  4.5000E+03,  2.3125E+02,  1.7735E+01,  8.1901E-02,  4.2667E-02,  1.0805E-01,  4.8614E-01,  1.1325E-01,  4.9434E-01,  7.9325E-03,  7.4892E-02,  1.2693E-02,  1.0413E-01,  1.6085E-02,  8.2081E-02,  2.6431E-03,  1.5849E-02,  2.6797E-03,  6.2834E-03,  4.1454E-03,  1.3158E-02,  2.0026E-03,  6.0840E-03,  3.1209E-03,  6.9793E-03,  5.3688E-03,  6.6721E-02,  3.8630E-04,  3.3639E-03,  7.2661E-06,  7.2657E-06,  7.2681E-06,  7.2688E-06,  7.2688E-06,  7.2705E-06,  7.2693E-06,  7.2706E-06,  7.2701E-06,  7.2700E-06,  7.2692E-06,  7.2692E-06,  7.2687E-06,  7.2693E-06,  7.2684E-06,  7.2697E-06,  7.2694E-06,  7.2702E-06,  7.2697E-06,  7.2710E-06,  7.2710E-06,  7.2719E-06,  7.2723E-06,  7.2739E-06,  7.2724E-06,  7.2734E-06,  7.2730E-06,  7.2739E-06,  7.2735E-06,  7.2730E-06,  7.2723E-06,  7.2727E-06,  7.2720E-06,  7.2732E-06,  7.2729E-06,  7.2740E-06,  7.2737E-06,  7.2741E-06,  7.2741E-06,  7.2741E-06,  7.2738E-06,  7.2744E-06,  7.2742E-06,  7.2745E-06,  7.2745E-06,  7.2747E-06,  7.2746E-06,  7.2751E-06,  7.2749E-06,  7.2750E-06,  7.2749E-06,  7.2752E-06,  7.2755E-06,  7.2756E-06,  7.2754E-06,  7.2747E-06,  7.2743E-06,  7.2767E-06,  7.2764E-06,  7.2765E-06,  7.2761E-06,  7.2767E-06,  7.2759E-06,  7.2768E-06,  4.2921E-02,  4.6136E-03,  2.1692E-05,  1.2523E-05,  3.3218E-05,  1.2636E-04,  3.2043E-05,  1.2466E-04,  2.4205E-06,  1.9549E-05,  3.6622E-06,  2.6401E-05,  4.3742E-06,  2.0049E-05,  7.7703E-07,  3.9830E-06,  8.0982E-07,  1.8355E-06,  1.2473E-06,  3.4170E-06,  5.8233E-07,  1.8296E-06,  9.2000E-07,  1.9849E-06,  1.4059E-06,  1.6238E-05,  1.0320E-07,  8.1019E-07,  5.8640E-11,  5.8520E-11,  5.9323E-11,  5.9536E-11,  5.9545E-11,  6.0062E-11,  5.9677E-11,  6.0102E-11,  5.9944E-11,  5.9892E-11,  5.9644E-11,  5.9649E-11,  5.9506E-11,  5.9682E-11,  5.9402E-11,  5.9799E-11,  5.9714E-11,  5.9965E-11,  5.9802E-11,  6.0229E-11,  6.0240E-11,  6.0522E-11,  6.0648E-11,  6.1212E-11,  6.0702E-11,  6.1023E-11,  6.0893E-11,  6.1195E-11,  6.1068E-11,  6.0886E-11,  6.0647E-11,  6.0780E-11,  6.0549E-11,  6.0974E-11,  6.0861E-11,  6.1245E-11,  6.1134E-11,  6.1281E-11,  6.1273E-11,  6.1266E-11,  6.1161E-11,  6.1358E-11,  6.1303E-11,  6.1422E-11,  6.1413E-11,  6.1471E-11,  6.1451E-11,  6.1613E-11,  6.1560E-11,  6.1602E-11,  6.1540E-11,  6.1652E-11,  6.1779E-11,  6.1806E-11,  6.1736E-11,  6.1495E-11,  6.1351E-11,  6.2227E-11,  6.2089E-11,  6.2127E-11,  6.1991E-11,  6.2200E-11,  6.1897E-11,  6.2269E-11
  5.0000E+03,  2.1123E+02,  1.5619E+01,  7.2006E-02,  3.6991E-02,  9.3026E-02,  4.2817E-01,  9.8636E-02,  4.3703E-01,  6.8365E-03,  6.5929E-02,  1.1027E-02,  9.2006E-02,  1.4087E-02,  7.2846E-02,  2.2899E-03,  1.4017E-02,  2.3124E-03,  5.4508E-03,  3.5792E-03,  1.1590E-02,  1.7382E-03,  5.2558E-03,  2.7041E-03,  6.0771E-03,  4.7266E-03,  5.9261E-02,  3.3918E-04,  2.9910E-03,  7.2362E-06,  7.2359E-06,  7.2380E-06,  7.2386E-06,  7.2386E-06,  7.2400E-06,  7.2389E-06,  7.2401E-06,  7.2397E-06,  7.2395E-06,  7.2389E-06,  7.2389E-06,  7.2385E-06,  7.2390E-06,  7.2382E-06,  7.2393E-06,  7.2390E-06,  7.2397E-06,  7.2393E-06,  7.2404E-06,  7.2405E-06,  7.2412E-06,  7.2415E-06,  7.2429E-06,  7.2416E-06,  7.2424E-06,  7.2421E-06,  7.2428E-06,  7.2425E-06,  7.2421E-06,  7.2415E-06,  7.2418E-06,  7.2413E-06,  7.2423E-06,  7.2420E-06,  7.2430E-06,  7.2427E-06,  7.2431E-06,  7.2430E-06,  7.2430E-06,  7.2428E-06,  7.2432E-06,  7.2431E-06,  7.2434E-06,  7.2434E-06,  7.2435E-06,  7.2435E-06,  7.2438E-06,  7.2437E-06,  7.2438E-06,  7.2437E-06,  7.2439E-06,  7.2442E-06,  7.2443E-06,  7.2441E-06,  7.2436E-06,  7.2432E-06,  7.2452E-06,  7.2449E-06,  7.2450E-06,  7.2447E-06,  7.2451E-06,  7.2445E-06,  7.2453E-06,  3.7170E-02,  3.8523E-03,  1.7886E-05,  1.0182E-05,  2.6860E-05,  1.0553E-04,  2.6434E-05,  1.0456E-04,  1.9637E-06,  1.6306E-05,  3.0000E-06,  2.2109E-05,  3.6182E-06,  1.6893E-05,  6.3577E-07,  3.3442E-06,  6.5932E-07,  1.4948E-06,  1.0176E-06,  2.8546E-06,  4.7535E-07,  1.4833E-06,  7.4717E-07,  1.6239E-06,  1.1629E-06,  1.3600E-05,  8.5256E-08,  6.8137E-07,  6.0726E-11,  6.0633E-11,  6.1276E-11,  6.1459E-11,  6.1468E-11,  6.1938E-11,  6.1585E-11,  6.1974E-11,  6.1829E-11,  6.1781E-11,  6.1555E-11,  6.1560E-11,  6.1433E-11,  6.1589E-11,  6.1343E-11,  6.1696E-11,  6.1619E-11,  6.1848E-11,  6.1698E-11,  6.2092E-11,  6.2102E-11,  6.2359E-11,  6.2474E-11,  6.2985E-11,  6.2523E-11,  6.2815E-11,  6.2697E-11,  6.2970E-11,  6.2856E-11,  6.2690E-11,  6.2473E-11,  6.2594E-11,  6.2384E-11,  6.2771E-11,  6.2668E-11,  6.3015E-11,  6.2915E-11,  6.3047E-11,  6.3040E-11,  6.3034E-11,  6.2940E-11,  6.3117E-11,  6.3067E-11,  6.3174E-11,  6.3166E-11,  6.3218E-11,  6.3200E-11,  6.3345E-11,  6.3298E-11,  6.3335E-11,  6.3280E-11,  6.3380E-11,  6.3493E-11,  6.3516E-11,  6.3455E-11,  6.3239E-11,  6.3111E-11,  6.3888E-11,  6.3767E-11,  6.3800E-11,  6.3681E-11,  6.3864E-11,  6.3597E-11,  6.3925E-11
  5.5000E+03,  1.9383E+02,  1.3849E+01,  6.3805E-02,  3.2351E-02,  8.0826E-02,  3.7969E-01,  8.6556E-02,  3.8892E-01,  5.9442E-03,  5.8442E-02,  9.6590E-03,  8.1839E-02,  1.2431E-02,  6.5057E-02,  2.0002E-03,  1.2478E-02,  2.0126E-03,  4.7694E-03,  3.1162E-03,  1.0278E-02,  1.5215E-03,  4.5811E-03,  2.3639E-03,  5.3358E-03,  4.1930E-03,  5.2993E-02,  3.0010E-04,  2.6768E-03,  7.2054E-06,  7.2052E-06,  7.2069E-06,  7.2074E-06,  7.2075E-06,  7.2086E-06,  7.2078E-06,  7.2087E-06,  7.2084E-06,  7.2083E-06,  7.2077E-06,  7.2077E-06,  7.2074E-06,  7.2078E-06,  7.2071E-06,  7.2080E-06,  7.2078E-06,  7.2084E-06,  7.2080E-06,  7.2090E-06,  7.2090E-06,  7.2096E-06,  7.2099E-06,  7.2110E-06,  7.2100E-06,  7.2107E-06,  7.2104E-06,  7.2110E-06,  7.2108E-06,  7.2104E-06,  7.2099E-06,  7.2102E-06,  7.2097E-06,  7.2106E-06,  7.2103E-06,  7.2111E-06,  7.2109E-06,  7.2112E-06,  7.2112E-06,  7.2111E-06,  7.2109E-06,  7.2113E-06,  7.2112E-06,  7.2114E-06,  7.2114E-06,  7.2115E-06,  7.2115E-06,  7.2118E-06,  7.2117E-06,  7.2118E-06,  7.2117E-06,  7.2119E-06,  7.2121E-06,  7.2122E-06,  7.2120E-06,  7.2116E-06,  7.2113E-06,  7.2129E-06,  7.2127E-06,  7.2128E-06,  7.2125E-06,  7.2129E-06,  7.2123E-06,  7.2130E-06,  3.2440E-02,  3.2253E-03,  1.4918E-05,  8.3792E-06,  2.1941E-05,  8.8374E-05,  2.1883E-05,  8.7909E-05,  1.6056E-06,  1.3639E-05,  2.4726E-06,  1.8560E-05,  3.0069E-06,  1.4261E-05,  5.2282E-07,  2.8136E-06,  5.4010E-07,  1.2310E-06,  8.3407E-07,  2.3909E-06,  3.9146E-07,  1.2156E-06,  6.1398E-07,  1.3413E-06,  9.7144E-07,  1.1470E-05,  7.1083E-08,  5.7540E-07,  6.2398E-11,  6.2312E-11,  6.2900E-11,  6.3067E-11,  6.3074E-11,  6.3498E-11,  6.3180E-11,  6.3530E-11,  6.3400E-11,  6.3357E-11,  6.3153E-11,  6.3158E-11,  6.3043E-11,  6.3184E-11,  6.2961E-11,  6.3280E-11,  6.3211E-11,  6.3417E-11,  6.3283E-11,  6.3635E-11,  6.3644E-11,  6.3872E-11,  6.3974E-11,  6.4419E-11,  6.4017E-11,  6.4271E-11,  6.4169E-11,  6.4405E-11,  6.4307E-11,  6.4164E-11,  6.3973E-11,  6.4080E-11,  6.3894E-11,  6.4233E-11,  6.4144E-11,  6.4444E-11,  6.4358E-11,  6.4472E-11,  6.4466E-11,  6.4460E-11,  6.4380E-11,  6.4531E-11,  6.4489E-11,  6.4580E-11,  6.4573E-11,  6.4617E-11,  6.4602E-11,  6.4724E-11,  6.4684E-11,  6.4716E-11,  6.4669E-11,  6.4753E-11,  6.4847E-11,  6.4866E-11,  6.4815E-11,  6.4635E-11,  6.4526E-11,  6.5163E-11,  6.5069E-11,  6.5095E-11,  6.5000E-11,  6.5145E-11,  6.4933E-11,  6.5191E-11
  6.3000E+03,  1.7023E+02,  1.1571E+01,  5.3291E-02,  2.6493E-02,  6.5553E-02,  3.1727E-01,  7.1212E-02,  3.2667E-01,  4.8258E-03,  4.8812E-02,  7.9280E-03,  6.8702E-02,  1.0315E-02,  5.4933E-02,  1.6348E-03,  1.0485E-02,  1.6360E-03,  3.9084E-03,  2.5345E-03,  8.5894E-03,  1.2477E-03,  3.7333E-03,  1.9349E-03,  4.3956E-03,  3.5073E-03,  4.4848E-02,  2.4999E-04,  2.2678E-03,  7.1547E-06,  7.1545E-06,  7.1558E-06,  7.1562E-06,  7.1562E-06,  7.1571E-06,  7.1564E-06,  7.1572E-06,  7.1569E-06,  7.1568E-06,  7.1564E-06,  7.1564E-06,  7.1561E-06,  7.1564E-06,  7.1560E-06,  7.1566E-06,  7.1565E-06,  7.1569E-06,  7.1567E-06,  7.1574E-06,  7.1574E-06,  7.1578E-06,  7.1580E-06,  7.1589E-06,  7.1581E-06,  7.1586E-06,  7.1584E-06,  7.1589E-06,  7.1587E-06,  7.1584E-06,  7.1580E-06,  7.1582E-06,  7.1579E-06,  7.1585E-06,  7.1584E-06,  7.1589E-06,  7.1588E-06,  7.1590E-06,  7.1590E-06,  7.1590E-06,  7.1588E-06,  7.1591E-06,  7.1590E-06,  7.1592E-06,  7.1592E-06,  7.1593E-06,  7.1592E-06,  7.1595E-06,  7.1594E-06,  7.1595E-06,  7.1594E-06,  7.1595E-06,  7.1597E-06,  7.1597E-06,  7.1596E-06,  7.1593E-06,  7.1591E-06,  7.1603E-06,  7.1601E-06,  7.1602E-06,  7.1600E-06,  7.1603E-06,  7.1599E-06,  7.1603E-06,  2.6566E-02,  2.4692E-03,  1.1369E-05,  6.2641E-06,  1.6242E-05,  6.7672E-05,  1.6477E-05,  6.7702E-05,  1.1904E-06,  1.0436E-05,  1.8549E-06,  1.4281E-05,  2.2830E-06,  1.1049E-05,  3.9073E-07,  2.1688E-06,  4.0138E-07,  9.2146E-07,  6.2025E-07,  1.8312E-06,  2.9324E-07,  9.0398E-07,  4.5842E-07,  1.0092E-06,  7.4283E-07,  8.8946E-06,  5.4180E-08,  4.4711E-07,  6.4507E-11,  6.4437E-11,  6.4906E-11,  6.5034E-11,  6.5039E-11,  6.5341E-11,  6.5118E-11,  6.5362E-11,  6.5274E-11,  6.5245E-11,  6.5098E-11,  6.5101E-11,  6.5016E-11,  6.5121E-11,  6.4953E-11,  6.5191E-11,  6.5140E-11,  6.5286E-11,  6.5192E-11,  6.5431E-11,  6.5437E-11,  6.5583E-11,  6.5648E-11,  6.5935E-11,  6.5675E-11,  6.5839E-11,  6.5773E-11,  6.5926E-11,  6.5862E-11,  6.5769E-11,  6.5647E-11,  6.5715E-11,  6.5597E-11,  6.5814E-11,  6.5757E-11,  6.5951E-11,  6.5895E-11,  6.5970E-11,  6.5966E-11,  6.5962E-11,  6.5909E-11,  6.6009E-11,  6.5981E-11,  6.6041E-11,  6.6036E-11,  6.6065E-11,  6.6055E-11,  6.6136E-11,  6.6110E-11,  6.6131E-11,  6.6100E-11,  6.6156E-11,  6.6219E-11,  6.6232E-11,  6.6198E-11,  6.6077E-11,  6.6005E-11,  6.6440E-11,  6.6372E-11,  6.6391E-11,  6.6324E-11,  6.6427E-11,  6.6278E-11,  6.6461E-11
  7.1000E+03,  1.5070E+02,  9.8122E+00,  4.5214E-02,  2.2078E-02,  5.4143E-02,  2.6905E-01,  5.9549E-02,  2.7832E-01,  3.9888E-03,  4.1378E-02,  6.6175E-03,  5.8507E-02,  8.6941E-03,  4.7024E-02,  1.3591E-03,  8.9352E-03,  1.3535E-03,  3.2585E-03,  2.0977E-03,  7.2845E-03,  1.0407E-03,  3.0971E-03,  1.6119E-03,  3.6821E-03,  2.9789E-03,  3.8484E-02,  2.1151E-04,  1.9476E-03,  7.1025E-06,  7.1024E-06,  7.1034E-06,  7.1037E-06,  7.1037E-06,  7.1044E-06,  7.1039E-06,  7.1044E-06,  7.1042E-06,  7.1042E-06,  7.1038E-06,  7.1038E-06,  7.1037E-06,  7.1039E-06,  7.1035E-06,  7.1040E-06,  7.1039E-06,  7.1043E-06,  7.1040E-06,  7.1046E-06,  7.1046E-06,  7.1050E-06,  7.1051E-06,  7.1057E-06,  7.1052E-06,  7.1055E-06,  7.1054E-06,  7.1057E-06,  7.1056E-06,  7.1054E-06,  7.1051E-06,  7.1053E-06,  7.1050E-06,  7.1055E-06,  7.1054E-06,  7.1058E-06,  7.1057E-06,  7.1058E-06,  7.1058E-06,  7.1058E-06,  7.1057E-06,  7.1059E-06,  7.1058E-06,  7.1060E-06,  7.1060E-06,  7.1060E-06,  7.1060E-06,  7.1062E-06,  7.1061E-06,  7.1062E-06,  7.1061E-06,  7.1062E-06,  7.1063E-06,  7.1064E-06,  7.1063E-06,  7.1061E-06,  7.1059E-06,  7.1068E-06,  7.1067E-06,  7.1067E-06,  7.1066E-06,  7.1068E-06,  7.1065E-06,  7.1068E-06,  2.2260E-02,  1.9291E-03,  8.8216E-06,  4.7740E-06,  1.2282E-05,  5.2877E-05,  1.2682E-05,  5.3175E-05,  9.0219E-07,  8.1482E-06,  1.4215E-06,  1.1206E-05,  1.7689E-06,  8.7248E-06,  2.9847E-07,  1.7046E-06,  3.0491E-07,  7.0315E-07,  4.7173E-07,  1.4311E-06,  2.2420E-07,  6.8635E-07,  3.4920E-07,  7.7449E-07,  5.7817E-07,  7.0146E-06,  4.2040E-08,  3.5355E-07,  6.5858E-11,  6.5811E-11,  6.6130E-11,  6.6220E-11,  6.6225E-11,  6.6452E-11,  6.6282E-11,  6.6470E-11,  6.6400E-11,  6.6377E-11,  6.6267E-11,  6.6269E-11,  6.6208E-11,  6.6284E-11,  6.6163E-11,  6.6335E-11,  6.6298E-11,  6.6409E-11,  6.6337E-11,  6.6526E-11,  6.6530E-11,  6.6652E-11,  6.6706E-11,  6.6940E-11,  6.6729E-11,  6.6863E-11,  6.6809E-11,  6.6933E-11,  6.6881E-11,  6.6806E-11,  6.6705E-11,  6.6762E-11,  6.6664E-11,  6.6843E-11,  6.6796E-11,  6.6953E-11,  6.6908E-11,  6.6967E-11,  6.6964E-11,  6.6961E-11,  6.6919E-11,  6.6998E-11,  6.6976E-11,  6.7023E-11,  6.7020E-11,  6.7042E-11,  6.7034E-11,  6.7097E-11,  6.7077E-11,  6.7093E-11,  6.7069E-11,  6.7112E-11,  6.7159E-11,  6.7169E-11,  6.7143E-11,  6.7052E-11,  6.6995E-11,  6.7313E-11,  6.7267E-11,  6.7280E-11,  6.7234E-11,  6.7304E-11,  6.7202E-11,  6.7327E-11
  8.0000E+03,  1.3218E+02,  8.2749E+00,  3.8190E-02,  1.8308E-02,  4.4484E-02,  2.2691E-01,  4.9510E-02,  2.3585E-01,  3.2790E-03,  3.4887E-02,  5.4939E-03,  4.9561E-02,  7.2894E-03,  4.0038E-02,  1.1236E-03,  7.5733E-03,  1.1134E-03,  2.7031E-03,  1.7263E-03,  6.1440E-03,  8.6354E-04,  2.5563E-03,  1.3362E-03,  3.0690E-03,  2.5182E-03,  3.2865E-02,  1.7806E-04,  1.6642E-03,  7.0428E-06,  7.0427E-06,  7.0435E-06,  7.0437E-06,  7.0437E-06,  7.0442E-06,  7.0438E-06,  7.0442E-06,  7.0441E-06,  7.0440E-06,  7.0438E-06,  7.0438E-06,  7.0436E-06,  7.0438E-06,  7.0435E-06,  7.0439E-06,  7.0438E-06,  7.0441E-06,  7.0439E-06,  7.0443E-06,  7.0443E-06,  7.0446E-06,  7.0447E-06,  7.0452E-06,  7.0448E-06,  7.0450E-06,  7.0449E-06,  7.0452E-06,  7.0451E-06,  7.0449E-06,  7.0447E-06,  7.0448E-06,  7.0446E-06,  7.0450E-06,  7.0449E-06,  7.0452E-06,  7.0451E-06,  7.0452E-06,  7.0452E-06,  7.0452E-06,  7.0451E-06,  7.0453E-06,  7.0453E-06,  7.0453E-06,  7.0453E-06,  7.0454E-06,  7.0454E-06,  7.0455E-06,  7.0455E-06,  7.0455E-06,  7.0454E-06,  7.0455E-06,  7.0456E-06,  7.0456E-06,  7.0456E-06,  7.0454E-06,  7.0453E-06,  7.0459E-06,  7.0458E-06,  7.0459E-06,  7.0458E-06,  7.0459E-06,  7.0457E-06,  7.0460E-06,  1.8888E-02,  1.4870E-03,  6.7869E-06,  3.6043E-06,  9.1837E-06,  4.0763E-05,  9.6260E-06,  4.1209E-05,  6.7516E-07,  6.2761E-06,  1.0752E-06,  8.6751E-06,  1.3526E-06,  6.7977E-06,  2.2488E-07,  1.3217E-06,  2.2851E-07,  5.3126E-07,  3.5376E-07,  1.1034E-06,  1.6944E-07,  5.1560E-07,  2.6345E-07,  5.8800E-07,  4.4566E-07,  5.4716E-06,  3.2283E-08,  2.7610E-07,  6.6886E-11,  6.6849E-11,  6.7100E-11,  6.7167E-11,  6.7170E-11,  6.7327E-11,  6.7211E-11,  6.7339E-11,  6.7293E-11,  6.7277E-11,  6.7201E-11,  6.7203E-11,  6.7158E-11,  6.7213E-11,  6.7125E-11,  6.7249E-11,  6.7223E-11,  6.7299E-11,  6.7250E-11,  6.7375E-11,  6.7378E-11,  6.7457E-11,  6.7493E-11,  6.7649E-11,  6.7508E-11,  6.7597E-11,  6.7561E-11,  6.7644E-11,  6.7609E-11,  6.7559E-11,  6.7492E-11,  6.7530E-11,  6.7465E-11,  6.7583E-11,  6.7552E-11,  6.7658E-11,  6.7627E-11,  6.7667E-11,  6.7665E-11,  6.7663E-11,  6.7635E-11,  6.7688E-11,  6.7673E-11,  6.7706E-11,  6.7703E-11,  6.7719E-11,  6.7713E-11,  6.7757E-11,  6.7743E-11,  6.7754E-11,  6.7738E-11,  6.7768E-11,  6.7802E-11,  6.7809E-11,  6.7790E-11,  6.7725E-11,  6.7687E-11,  6.7920E-11,  6.7883E-11,  6.7893E-11,  6.7858E-11,  6.7912E-11,  6.7833E-11,  6.7930E-11
  9.0000E+03,  1.1489E+02,  6.9614E+00,  3.2199E-02,  1.5153E-02,  3.6476E-02,  1.9090E-01,  4.1064E-02,  1.9936E-01,  2.6899E-03,  2.9344E-02,  4.5515E-03,  4.1882E-02,  6.0983E-03,  3.4006E-02,  9.2684E-04,  6.4029E-03,  9.1396E-04,  2.2379E-03,  1.4173E-03,  5.1692E-03,  7.1510E-04,  2.1058E-03,  1.1056E-03,  2.5529E-03,  2.1245E-03,  2.8006E-02,  1.4959E-04,  1.4189E-03,  6.9755E-06,  6.9755E-06,  6.9760E-06,  6.9762E-06,  6.9762E-06,  6.9766E-06,  6.9763E-06,  6.9766E-06,  6.9765E-06,  6.9764E-06,  6.9763E-06,  6.9763E-06,  6.9762E-06,  6.9763E-06,  6.9761E-06,  6.9764E-06,  6.9763E-06,  6.9765E-06,  6.9764E-06,  6.9767E-06,  6.9767E-06,  6.9769E-06,  6.9769E-06,  6.9773E-06,  6.9770E-06,  6.9772E-06,  6.9771E-06,  6.9773E-06,  6.9772E-06,  6.9771E-06,  6.9769E-06,  6.9770E-06,  6.9769E-06,  6.9771E-06,  6.9771E-06,  6.9773E-06,  6.9772E-06,  6.9773E-06,  6.9773E-06,  6.9773E-06,  6.9772E-06,  6.9773E-06,  6.9773E-06,  6.9774E-06,  6.9774E-06,  6.9774E-06,  6.9774E-06,  6.9775E-06,  6.9775E-06,  6.9775E-06,  6.9774E-06,  6.9775E-06,  6.9776E-06,  6.9776E-06,  6.9775E-06,  6.9774E-06,  6.9773E-06,  6.9778E-06,  6.9777E-06,  6.9777E-06,  6.9777E-06,  6.9778E-06,  6.9776E-06,  6.9778E-06,  1.5693E-02,  1.1401E-03,  5.1958E-06,  2.7062E-06,  6.8316E-06,  3.1256E-05,  7.2671E-06,  3.1764E-05,  5.0290E-07,  4.8101E-06,  8.0963E-07,  6.6829E-06,  1.0297E-06,  5.2680E-06,  1.6865E-07,  1.0192E-06,  1.7044E-07,  3.9916E-07,  2.6405E-07,  8.4616E-07,  1.2743E-07,  3.8534E-07,  1.9771E-07,  4.4414E-07,  3.4172E-07,  4.2465E-06,  2.4656E-08,  2.1460E-07,  6.7611E-11,  6.7585E-11,  6.7757E-11,  6.7806E-11,  6.7808E-11,  6.7929E-11,  6.7839E-11,  6.7939E-11,  6.7902E-11,  6.7889E-11,  6.7831E-11,  6.7832E-11,  6.7799E-11,  6.7840E-11,  6.7775E-11,  6.7867E-11,  6.7847E-11,  6.7907E-11,  6.7868E-11,  6.7968E-11,  6.7971E-11,  6.8035E-11,  6.8063E-11,  6.8186E-11,  6.8075E-11,  6.8146E-11,  6.8117E-11,  6.8182E-11,  6.8155E-11,  6.8116E-11,  6.8063E-11,  6.8093E-11,  6.8041E-11,  6.8135E-11,  6.8111E-11,  6.8193E-11,  6.8169E-11,  6.8200E-11,  6.8198E-11,  6.8197E-11,  6.8175E-11,  6.8216E-11,  6.8205E-11,  6.8229E-11,  6.8227E-11,  6.8239E-11,  6.8235E-11,  6.8267E-11,  6.8257E-11,  6.8265E-11,  6.8253E-11,  6.8275E-11,  6.8300E-11,  6.8305E-11,  6.8292E-11,  6.8244E-11,  6.8215E-11,  6.8381E-11,  6.8357E-11,  6.8363E-11,  6.8339E-11,  6.8376E-11,  6.8322E-11,  6.8388E-11
  1.0000E+04,  1.0053E+02,  5.9454E+00,  2.7567E-02,  1.2758E-02,  3.0457E-02,  1.6305E-01,  3.4627E-02,  1.7099E-01,  2.2467E-03,  2.5058E-02,  3.8350E-03,  3.5915E-02,  5.1831E-03,  2.9291E-02,  7.7783E-04,  5.4926E-03,  7.6369E-04,  1.8847E-03,  1.1845E-03,  4.4151E-03,  6.0234E-04,  1.7656E-03,  9.3072E-04,  2.1592E-03,  1.8197E-03,  2.4201E-02,  1.2764E-04,  1.2265E-03,  6.9077E-06,  6.9076E-06,  6.9080E-06,  6.9081E-06,  6.9082E-06,  6.9084E-06,  6.9082E-06,  6.9084E-06,  6.9084E-06,  6.9083E-06,  6.9082E-06,  6.9082E-06,  6.9081E-06,  6.9082E-06,  6.9081E-06,  6.9083E-06,  6.9082E-06,  6.9084E-06,  6.9083E-06,  6.9085E-06,  6.9085E-06,  6.9086E-06,  6.9087E-06,  6.9089E-06,  6.9087E-06,  6.9088E-06,  6.9088E-06,  6.9089E-06,  6.9089E-06,  6.9088E-06,  6.9087E-06,  6.9087E-06,  6.9086E-06,  6.9088E-06,  6.9088E-06,  6.9089E-06,  6.9089E-06,  6.9089E-06,  6.9089E-06,  6.9089E-06,  6.9089E-06,  6.9090E-06,  6.9090E-06,  6.9090E-06,  6.9090E-06,  6.9090E-06,  6.9090E-06,  6.9091E-06,  6.9091E-06,  6.9091E-06,  6.9091E-06,  6.9091E-06,  6.9091E-06,  6.9091E-06,  6.9091E-06,  6.9090E-06,  6.9090E-06,  6.9093E-06,  6.9093E-06,  6.9093E-06,  6.9092E-06,  6.9093E-06,  6.9092E-06,  6.9093E-06,  1.3017E-02,  8.9187E-04,  4.0691E-06,  2.0818E-06,  5.2080E-06,  2.4454E-05,  5.6059E-06,  2.4971E-05,  3.8356E-07,  3.7616E-06,  6.2347E-07,  5.2505E-06,  8.0063E-07,  4.1613E-06,  1.2935E-07,  8.0147E-07,  1.3010E-07,  3.0719E-07,  2.0161E-07,  6.6206E-07,  9.8082E-08,  2.9505E-07,  1.5202E-07,  3.4335E-07,  2.6787E-07,  3.3634E-06,  1.9253E-08,  1.7008E-07,  6.8109E-11,  6.8089E-11,  6.8225E-11,  6.8262E-11,  6.8264E-11,  6.8352E-11,  6.8286E-11,  6.8358E-11,  6.8332E-11,  6.8323E-11,  6.8281E-11,  6.8281E-11,  6.8257E-11,  6.8287E-11,  6.8239E-11,  6.8307E-11,  6.8293E-11,  6.8336E-11,  6.8308E-11,  6.8378E-11,  6.8380E-11,  6.8419E-11,  6.8435E-11,  6.8497E-11,  6.8442E-11,  6.8477E-11,  6.8463E-11,  6.8495E-11,  6.8482E-11,  6.8463E-11,  6.8435E-11,  6.8451E-11,  6.8423E-11,  6.8472E-11,  6.8460E-11,  6.8500E-11,  6.8489E-11,  6.8504E-11,  6.8503E-11,  6.8502E-11,  6.8491E-11,  6.8512E-11,  6.8506E-11,  6.8518E-11,  6.8517E-11,  6.8523E-11,  6.8521E-11,  6.8538E-11,  6.8532E-11,  6.8536E-11,  6.8530E-11,  6.8542E-11,  6.8554E-11,  6.8557E-11,  6.8550E-11,  6.8526E-11,  6.8511E-11,  6.8599E-11,  6.8585E-11,  6.8589E-11,  6.8576E-11,  6.8596E-11,  6.8566E-11,  6.8603E-11
  1.1000E+04,  8.8596E+01,  5.1439E+00,  2.3909E-02,  1.0901E-02,  2.5825E-02,  1.4107E-01,  2.9618E-02,  1.4851E-01,  1.9055E-03,  2.1678E-02,  3.2781E-03,  3.1188E-02,  4.4653E-03,  2.5537E-02,  6.6250E-04,  4.7708E-03,  6.4791E-04,  1.6105E-03,  1.0051E-03,  3.8201E-03,  5.1477E-04,  1.5027E-03,  7.9507E-04,  1.8521E-03,  1.5788E-03,  2.1163E-02,  1.1035E-04,  1.0729E-03,  6.8394E-06,  6.8394E-06,  6.8397E-06,  6.8398E-06,  6.8398E-06,  6.8400E-06,  6.8398E-06,  6.8400E-06,  6.8399E-06,  6.8399E-06,  6.8398E-06,  6.8398E-06,  6.8397E-06,  6.8398E-06,  6.8397E-06,  6.8399E-06,  6.8398E-06,  6.8399E-06,  6.8399E-06,  6.8400E-06,  6.8400E-06,  6.8401E-06,  6.8402E-06,  6.8403E-06,  6.8402E-06,  6.8403E-06,  6.8402E-06,  6.8403E-06,  6.8403E-06,  6.8402E-06,  6.8402E-06,  6.8402E-06,  6.8401E-06,  6.8403E-06,  6.8402E-06,  6.8403E-06,  6.8403E-06,  6.8404E-06,  6.8404E-06,  6.8404E-06,  6.8403E-06,  6.8404E-06,  6.8404E-06,  6.8404E-06,  6.8404E-06,  6.8404E-06,  6.8404E-06,  6.8405E-06,  6.8404E-06,  6.8405E-06,  6.8404E-06,  6.8405E-06,  6.8405E-06,  6.8405E-06,  6.8405E-06,  6.8404E-06,  6.8404E-06,  6.8406E-06,  6.8406E-06,  6.8406E-06,  6.8406E-06,  6.8406E-06,  6.8405E-06,  6.8406E-06,  1.0860E-02,  7.1114E-04,  3.2455E-06,  1.6337E-06,  4.0559E-06,  1.9500E-05,  4.4127E-06,  1.9998E-05,  2.9890E-07,  2.9989E-06,  4.9017E-07,  4.2038E-06,  6.3508E-07,  3.3474E-06,  1.0132E-07,  6.4202E-07,  1.0145E-07,  2.4121E-07,  1.5726E-07,  5.2796E-07,  7.7069E-08,  2.3069E-07,  1.1929E-07,  2.7083E-07,  2.1397E-07,  2.7127E-06,  1.5323E-08,  1.3728E-07,  6.8439E-11,  6.8427E-11,  6.8498E-11,  6.8517E-11,  6.8518E-11,  6.8565E-11,  6.8530E-11,  6.8569E-11,  6.8555E-11,  6.8550E-11,  6.8527E-11,  6.8527E-11,  6.8514E-11,  6.8530E-11,  6.8505E-11,  6.8541E-11,  6.8533E-11,  6.8556E-11,  6.8541E-11,  6.8581E-11,  6.8582E-11,  6.8607E-11,  6.8619E-11,  6.8668E-11,  6.8623E-11,  6.8652E-11,  6.8640E-11,  6.8666E-11,  6.8656E-11,  6.8640E-11,  6.8618E-11,  6.8630E-11,  6.8610E-11,  6.8647E-11,  6.8638E-11,  6.8671E-11,  6.8661E-11,  6.8674E-11,  6.8673E-11,  6.8673E-11,  6.8664E-11,  6.8681E-11,  6.8676E-11,  6.8686E-11,  6.8685E-11,  6.8690E-11,  6.8688E-11,  6.8702E-11,  6.8698E-11,  6.8701E-11,  6.8696E-11,  6.8705E-11,  6.8716E-11,  6.8718E-11,  6.8713E-11,  6.8692E-11,  6.8680E-11,  6.8753E-11,  6.8742E-11,  6.8745E-11,  6.8734E-11,  6.8751E-11,  6.8726E-11,  6.8756E-11
  1.2000E+04,  7.8622E+01,  4.5001E+00,  2.0970E-02,  9.4312E-03,  2.2189E-02,  1.2342E-01,  2.5644E-02,  1.3037E-01,  1.6375E-03,  1.8964E-02,  2.8371E-03,  2.7376E-02,  3.8917E-03,  2.2495E-02,  5.7147E-04,  4.1885E-03,  5.5693E-04,  1.3935E-03,  8.6401E-04,  3.3421E-03,  4.4544E-04,  1.2956E-03,  6.8779E-04,  1.6081E-03,  1.3849E-03,  1.8696E-02,  9.6489E-05,  9.4799E-04,  6.7709E-06,  6.7708E-06,  6.7711E-06,  6.7712E-06,  6.7712E-06,  6.7713E-06,  6.7712E-06,  6.7713E-06,  6.7713E-06,  6.7713E-06,  6.7712E-06,  6.7712E-06,  6.7712E-06,  6.7712E-06,  6.7711E-06,  6.7712E-06,  6.7712E-06,  6.7713E-06,  6.7712E-06,  6.7714E-06,  6.7714E-06,  6.7714E-06,  6.7715E-06,  6.7716E-06,  6.7715E-06,  6.7716E-06,  6.7715E-06,  6.7716E-06,  6.7716E-06,  6.7715E-06,  6.7715E-06,  6.7715E-06,  6.7714E-06,  6.7716E-06,  6.7715E-06,  6.7716E-06,  6.7716E-06,  6.7716E-06,  6.7716E-06,  6.7716E-06,  6.7716E-06,  6.7716E-06,  6.7716E-06,  6.7717E-06,  6.7717E-06,  6.7717E-06,  6.7717E-06,  6.7717E-06,  6.7717E-06,  6.7717E-06,  6.7717E-06,  6.7717E-06,  6.7717E-06,  6.7717E-06,  6.7717E-06,  6.7717E-06,  6.7716E-06,  6.7718E-06,  6.7718E-06,  6.7718E-06,  6.7718E-06,  6.7718E-06,  6.7718E-06,  6.7718E-06,  9.0894E-03,  5.7643E-04,  2.6331E-06,  1.3052E-06,  3.2152E-06,  1.5807E-05,  3.5347E-06,  1.6275E-05,  2.3707E-07,  2.4301E-06,  3.9198E-07,  3.4198E-06,  5.1205E-07,  2.7354E-06,  8.0744E-08,  5.2260E-07,  8.0522E-08,  1.9273E-07,  1.2488E-07,  4.2798E-07,  6.1592E-08,  1.8356E-07,  9.5268E-08,  2.1724E-07,  1.7365E-07,  2.2206E-06,  1.2393E-08,  1.1246E-07,  6.8608E-11,  6.8599E-11,  6.8656E-11,  6.8672E-11,  6.8673E-11,  6.8713E-11,  6.8683E-11,  6.8716E-11,  6.8704E-11,  6.8700E-11,  6.8681E-11,  6.8681E-11,  6.8670E-11,  6.8684E-11,  6.8662E-11,  6.8693E-11,  6.8686E-11,  6.8706E-11,  6.8693E-11,  6.8726E-11,  6.8727E-11,  6.8748E-11,  6.8758E-11,  6.8799E-11,  6.8762E-11,  6.8785E-11,  6.8776E-11,  6.8798E-11,  6.8789E-11,  6.8775E-11,  6.8758E-11,  6.8768E-11,  6.8750E-11,  6.8782E-11,  6.8774E-11,  6.8801E-11,  6.8793E-11,  6.8804E-11,  6.8803E-11,  6.8803E-11,  6.8795E-11,  6.8809E-11,  6.8805E-11,  6.8814E-11,  6.8813E-11,  6.8817E-11,  6.8816E-11,  6.8827E-11,  6.8823E-11,  6.8826E-11,  6.8822E-11,  6.8830E-11,  6.8838E-11,  6.8840E-11,  6.8836E-11,  6.8819E-11,  6.8809E-11,  6.8868E-11,  6.8859E-11,  6.8862E-11,  6.8853E-11,  6.8867E-11,  6.8846E-11,  6.8871E-11
  1.4000E+04,  6.2994E+01,  3.5298E+00,  1.6530E-02,  7.2547E-03,  1.6858E-02,  9.6809E-02,  1.9745E-02,  1.0290E-01,  1.2443E-03,  1.4874E-02,  2.1833E-03,  2.1603E-02,  3.0327E-03,  1.7864E-02,  4.3715E-04,  3.3061E-03,  4.2335E-04,  1.0721E-03,  6.5683E-04,  2.6216E-03,  3.4272E-04,  9.9039E-04,  5.2896E-04,  1.2448E-03,  1.0920E-03,  1.4928E-02,  7.5639E-05,  7.5711E-04,  6.6334E-06,  6.6334E-06,  6.6336E-06,  6.6336E-06,  6.6336E-06,  6.6337E-06,  6.6336E-06,  6.6337E-06,  6.6337E-06,  6.6337E-06,  6.6336E-06,  6.6336E-06,  6.6336E-06,  6.6336E-06,  6.6336E-06,  6.6336E-06,  6.6336E-06,  6.6337E-06,  6.6336E-06,  6.6337E-06,  6.6337E-06,  6.6338E-06,  6.6338E-06,  6.6338E-06,  6.6338E-06,  6.6338E-06,  6.6338E-06,  6.6338E-06,  6.6338E-06,  6.6338E-06,  6.6338E-06,  6.6338E-06,  6.6338E-06,  6.6338E-06,  6.6338E-06,  6.6338E-06,  6.6338E-06,  6.6338E-06,  6.6338E-06,  6.6338E-06,  6.6338E-06,  6.6339E-06,  6.6338E-06,  6.6339E-06,  6.6339E-06,  6.6339E-06,  6.6339E-06,  6.6339E-06,  6.6339E-06,  6.6339E-06,  6.6339E-06,  6.6339E-06,  6.6339E-06,  6.6339E-06,  6.6339E-06,  6.6339E-06,  6.6338E-06,  6.6339E-06,  6.6339E-06,  6.6339E-06,  6.6339E-06,  6.6339E-06,  6.6339E-06,  6.6339E-06,  6.5380E-03,  3.9388E-04,  1.8074E-06,  8.7130E-07,  2.1162E-06,  1.0802E-05,  2.3644E-06,  1.1202E-05,  1.5610E-07,  1.6602E-06,  2.6182E-07,  2.3530E-06,  3.4700E-07,  1.8963E-06,  5.3578E-08,  3.5978E-07,  5.3054E-08,  1.2869E-07,  8.2299E-08,  2.9248E-07,  4.1127E-08,  1.2165E-07,  6.3564E-08,  1.4605E-07,  1.1925E-07,  1.5479E-06,  8.4564E-09,  7.8426E-08,  6.8842E-11,  6.8836E-11,  6.8877E-11,  6.8888E-11,  6.8888E-11,  6.8916E-11,  6.8895E-11,  6.8918E-11,  6.8910E-11,  6.8907E-11,  6.8893E-11,  6.8894E-11,  6.8886E-11,  6.8895E-11,  6.8881E-11,  6.8902E-11,  6.8897E-11,  6.8911E-11,  6.8902E-11,  6.8925E-11,  6.8925E-11,  6.8940E-11,  6.8946E-11,  6.8973E-11,  6.8949E-11,  6.8964E-11,  6.8958E-11,  6.8972E-11,  6.8966E-11,  6.8957E-11,  6.8946E-11,  6.8952E-11,  6.8941E-11,  6.8962E-11,  6.8956E-11,  6.8974E-11,  6.8969E-11,  6.8976E-11,  6.8976E-11,  6.8975E-11,  6.8970E-11,  6.8979E-11,  6.8977E-11,  6.8982E-11,  6.8982E-11,  6.8985E-11,  6.8984E-11,  6.8991E-11,  6.8988E-11,  6.8990E-11,  6.8988E-11,  6.8992E-11,  6.8998E-11,  6.8999E-11,  6.8996E-11,  6.8986E-11,  6.8979E-11,  6.9016E-11,  6.9011E-11,  6.9012E-11,  6.9007E-11,  6.9015E-11,  6.9003E-11,  6.9018E-11
  1.6000E+04,  5.1616E+01,  2.8543E+00,  1.3424E-02,  5.7725E-03,  1.3276E-02,  7.8283E-02,  1.5721E-02,  8.3635E-02,  9.8008E-04,  1.2026E-02,  1.7378E-03,  1.7558E-02,  2.4391E-03,  1.4594E-02,  3.4620E-04,  2.6874E-03,  3.3352E-04,  8.5313E-04,  5.1750E-04,  2.1200E-03,  2.7275E-04,  7.8397E-04,  4.2084E-04,  9.9569E-04,  8.8705E-04,  1.2253E-02,  6.1139E-05,  6.2155E-04,  6.4956E-06,  6.4956E-06,  6.4957E-06,  6.4957E-06,  6.4957E-06,  6.4957E-06,  6.4957E-06,  6.4957E-06,  6.4957E-06,  6.4957E-06,  6.4957E-06,  6.4957E-06,  6.4957E-06,  6.4957E-06,  6.4957E-06,  6.4957E-06,  6.4957E-06,  6.4957E-06,  6.4957E-06,  6.4957E-06,  6.4957E-06,  6.4958E-06,  6.4958E-06,  6.4958E-06,  6.4958E-06,  6.4958E-06,  6.4958E-06,  6.4958E-06,  6.4958E-06,  6.4958E-06,  6.4958E-06,  6.4958E-06,  6.4958E-06,  6.4958E-06,  6.4958E-06,  6.4958E-06,  6.4958E-06,  6.4958E-06,  6.4958E-06,  6.4958E-06,  6.4958E-06,  6.4958E-06,  6.4958E-06,  6.4958E-06,  6.4958E-06,  6.4958E-06,  6.4958E-06,  6.4958E-06,  6.4958E-06,  6.4958E-06,  6.4958E-06,  6.4958E-06,  6.4958E-06,  6.4958E-06,  6.4958E-06,  6.4958E-06,  6.4958E-06,  6.4958E-06,  6.4958E-06,  6.4958E-06,  6.4958E-06,  6.4958E-06,  6.4958E-06,  6.4958E-06,  4.8402E-03,  2.8163E-04,  1.2986E-06,  6.1091E-07,  1.4656E-06,  7.7236E-06,  1.6593E-06,  8.0598E-06,  1.0814E-07,  1.1869E-06,  1.8368E-07,  1.6927E-06,  2.4653E-07,  1.3731E-06,  3.7368E-08,  2.5892E-07,  3.6771E-08,  9.0253E-08,  5.7038E-08,  2.0915E-07,  2.8845E-08,  8.4766E-08,  4.4556E-08,  1.0305E-07,  8.5731E-08,  1.1273E-06,  6.0438E-09,  5.7137E-08,  6.8984E-11,  6.8980E-11,  6.9007E-11,  6.9014E-11,  6.9014E-11,  6.9032E-11,  6.9019E-11,  6.9033E-11,  6.9028E-11,  6.9026E-11,  6.9018E-11,  6.9018E-11,  6.9013E-11,  6.9019E-11,  6.9010E-11,  6.9023E-11,  6.9020E-11,  6.9029E-11,  6.9023E-11,  6.9037E-11,  6.9037E-11,  6.9046E-11,  6.9050E-11,  6.9065E-11,  6.9051E-11,  6.9060E-11,  6.9057E-11,  6.9065E-11,  6.9061E-11,  6.9056E-11,  6.9050E-11,  6.9054E-11,  6.9047E-11,  6.9059E-11,  6.9056E-11,  6.9066E-11,  6.9063E-11,  6.9067E-11,  6.9067E-11,  6.9066E-11,  6.9064E-11,  6.9069E-11,  6.9067E-11,  6.9070E-11,  6.9070E-11,  6.9071E-11,  6.9071E-11,  6.9075E-11,  6.9073E-11,  6.9074E-11,  6.9073E-11,  6.9075E-11,  6.9078E-11,  6.9079E-11,  6.9077E-11,  6.9072E-11,  6.9068E-11,  6.9087E-11,  6.9084E-11,  6.9085E-11,  6.9083E-11,  6.9086E-11,  6.9081E-11,  6.9088E-11
  1.8000E+04,  4.3107E+01,  2.3638E+00,  1.1158E-02,  4.7165E-03,  1.0754E-02,  6.4832E-02,  1.2852E-02,  6.9564E-02,  7.9399E-04,  9.9594E-03,  1.4202E-03,  1.4603E-02,  2.0109E-03,  1.2191E-02,  2.8174E-04,  2.2354E-03,  2.7024E-04,  6.9711E-04,  4.1932E-04,  1.7557E-03,  2.2288E-04,  6.3778E-04,  3.4382E-04,  8.1712E-04,  7.3745E-04,  1.0276E-02,  5.0616E-05,  5.2134E-04,  6.3576E-06,  6.3576E-06,  6.3576E-06,  6.3576E-06,  6.3576E-06,  6.3576E-06,  6.3576E-06,  6.3576E-06,  6.3576E-06,  6.3576E-06,  6.3576E-06,  6.3576E-06,  6.3576E-06,  6.3576E-06,  6.3576E-06,  6.3576E-06,  6.3576E-06,  6.3576E-06,  6.3576E-06,  6.3576E-06,  6.3576E-06,  6.3576E-06,  6.3576E-06,  6.3576E-06,  6.3576E-06,  6.3576E-06,  6.3576E-06,  6.3576E-06,  6.3576E-06,  6.3576E-06,  6.3576E-06,  6.3576E-06,  6.3576E-06,  6.3576E-06,  6.3576E-06,  6.3576E-06,  6.3576E-06,  6.3576E-06,  6.3576E-06,  6.3576E-06,  6.3576E-06,  6.3576E-06,  6.3576E-06,  6.3576E-06,  6.3576E-06,  6.3576E-06,  6.3576E-06,  6.3576E-06,  6.3576E-06,  6.3576E-06,  6.3576E-06,  6.3576E-06,  6.3576E-06,  6.3576E-06,  6.3576E-06,  6.3576E-06,  6.3576E-06,  6.3576E-06,  6.3576E-06,  6.3576E-06,  6.3576E-06,  6.3576E-06,  6.3576E-06,  6.3576E-06,  3.6690E-03,  2.0887E-04,  9.6701E-07,  4.4511E-07,  1.0563E-06,  5.7282E-06,  1.2103E-06,  6.0112E-06,  7.7955E-08,  8.8019E-07,  1.3390E-07,  1.2623E-06,  1.8174E-07,  1.0298E-06,  2.7097E-08,  1.9312E-07,  2.6517E-08,  6.5769E-08,  4.1136E-08,  1.5512E-07,  2.1023E-08,  6.1422E-08,  3.2458E-08,  7.5510E-08,  6.3865E-08,  8.4945E-07,  4.4790E-09,  4.3070E-08,  6.9064E-11,  6.9062E-11,  6.9077E-11,  6.9081E-11,  6.9081E-11,  6.9089E-11,  6.9083E-11,  6.9090E-11,  6.9087E-11,  6.9087E-11,  6.9082E-11,  6.9082E-11,  6.9080E-11,  6.9083E-11,  6.9078E-11,  6.9085E-11,  6.9084E-11,  6.9088E-11,  6.9085E-11,  6.9092E-11,  6.9092E-11,  6.9095E-11,  6.9097E-11,  6.9102E-11,  6.9098E-11,  6.9101E-11,  6.9099E-11,  6.9102E-11,  6.9101E-11,  6.9099E-11,  6.9097E-11,  6.9098E-11,  6.9096E-11,  6.9100E-11,  6.9099E-11,  6.9102E-11,  6.9101E-11,  6.9102E-11,  6.9102E-11,  6.9102E-11,  6.9102E-11,  6.9103E-11,  6.9103E-11,  6.9103E-11,  6.9103E-11,  6.9103E-11,  6.9103E-11,  6.9104E-11,  6.9104E-11,  6.9104E-11,  6.9104E-11,  6.9104E-11,  6.9104E-11,  6.9104E-11,  6.9104E-11,  6.9104E-11,  6.9103E-11,  6.9105E-11,  6.9105E-11,  6.9105E-11,  6.9105E-11,  6.9105E-11,  6.9105E-11,  6.9105E-11
  2.0000E+04,  3.6592E+01,  1.9955E+00,  9.4500E-03,  3.9370E-03,  8.9117E-03,  5.4730E-02,  1.0731E-02,  5.8940E-02,  6.5802E-04,  8.4073E-03,  1.1856E-03,  1.2372E-02,  1.6911E-03,  1.0367E-02,  2.3437E-04,  1.8941E-03,  2.2398E-04,  5.8192E-04,  3.4756E-04,  1.4822E-03,  1.8606E-04,  5.3043E-04,  2.8698E-04,  6.8459E-04,  6.2463E-04,  8.7686E-03,  4.2720E-05,  4.4490E-04,  6.2194E-06,  6.2194E-06,  6.2194E-06,  6.2194E-06,  6.2194E-06,  6.2194E-06,  6.2194E-06,  6.2194E-06,  6.2194E-06,  6.2194E-06,  6.2194E-06,  6.2194E-06,  6.2194E-06,  6.2194E-06,  6.2194E-06,  6.2194E-06,  6.2194E-06,  6.2194E-06,  6.2194E-06,  6.2194E-06,  6.2194E-06,  6.2194E-06,  6.2194E-06,  6.2194E-06,  6.2194E-06,  6.2194E-06,  6.2194E-06,  6.2194E-06,  6.2194E-06,  6.2194E-06,  6.2194E-06,  6.2194E-06,  6.2194E-06,  6.2194E-06,  6.2194E-06,  6.2194E-06,  6.2194E-06,  6.2194E-06,  6.2194E-06,  6.2194E-06,  6.2194E-06,  6.2194E-06,  6.2194E-06,  6.2194E-06,  6.2194E-06,  6.2194E-06,  6.2194E-06,  6.2194E-06,  6.2194E-06,  6.2194E-06,  6.2194E-06,  6.2194E-06,  6.2194E-06,  6.2194E-06,  6.2194E-06,  6.2194E-06,  6.2194E-06,  6.2194E-06,  6.2194E-06,  6.2194E-06,  6.2194E-06,  6.2194E-06,  6.2194E-06,  6.2194E-06,  2.8453E-03,  1.5945E-04,  7.4098E-07,  3.3443E-07,  7.8588E-07,  4.3731E-06,  9.1027E-07,  4.6122E-06,  5.8012E-08,  6.7188E-07,  1.0065E-07,  9.6837E-07,  1.3800E-07,  7.9410E-07,  2.0272E-08,  1.4819E-07,  1.9738E-08,  4.9423E-08,  3.0623E-08,  1.1843E-07,  1.5800E-08,  4.5923E-08,  2.4385E-08,  5.7027E-08,  4.8955E-08,  6.5790E-07,  3.4171E-09,  3.3366E-08,  6.9100E-11,  6.9099E-11,  6.9104E-11,  6.9104E-11,  6.9104E-11,  6.9105E-11,  6.9104E-11,  6.9105E-11,  6.9105E-11,  6.9105E-11,  6.9104E-11,  6.9104E-11,  6.9104E-11,  6.9104E-11,  6.9104E-11,  6.9105E-11,  6.9105E-11,  6.9105E-11,  6.9105E-11,  6.9105E-11,  6.9105E-11,  6.9105E-11,  6.9105E-11,  6.9105E-11,  6.9105E-11,  6.9105E-11,  6.9105E-11,  6.9105E-11,  6.9105E-11,  6.9105E-11,  6.9105E-11,  6.9105E-11,  6.9105E-11,  6.9105E-11,  6.9105E-11,  6.9105E-11,  6.9105E-11,  6.9105E-11,  6.9105E-11,  6.9105E-11,  6.9105E-11,  6.9105E-11,  6.9105E-11,  6.9105E-11,  6.9105E-11,  6.9105E-11,  6.9105E-11,  6.9105E-11,  6.9105E-11,  6.9105E-11,  6.9105E-11,  6.9105E-11,  6.9105E-11,  6.9105E-11,  6.9105E-11,  6.9105E-11,  6.9105E-11,  6.9105E-11,  6.9105E-11,  6.9105E-11,  6.9105E-11,  6.9105E-11,  6.9105E-11,  6.9105E-11
  3.0000E+04,  1.7248E+01,  9.2132E-01,  4.4360E-03,  1.7179E-03,  3.7460E-03,  2.5270E-02,  4.6884E-03,  2.7711E-02,  2.7666E-04,  3.8812E-03,  5.1764E-04,  5.8158E-03,  7.6626E-04,  4.9629E-03,  1.0046E-04,  8.9063E-04,  9.4210E-05,  2.5397E-04,  1.4621E-04,  6.8437E-04,  8.1209E-05,  2.2717E-04,  1.2520E-04,  3.0435E-04,  2.9332E-04,  4.2692E-03,  1.9708E-05,  2.1668E-04,  5.5284E-06,  5.5284E-06,  5.5284E-06,  5.5284E-06,  5.5284E-06,  5.5284E-06,  5.5284E-06,  5.5284E-06,  5.5284E-06,  5.5284E-06,  5.5284E-06,  5.5284E-06,  5.5284E-06,  5.5284E-06,  5.5284E-06,  5.5284E-06,  5.5284E-06,  5.5284E-06,  5.5284E-06,  5.5284E-06,  5.5284E-06,  5.5284E-06,  5.5284E-06,  5.5284E-06,  5.5284E-06,  5.5284E-06,  5.5284E-06,  5.5284E-06,  5.5284E-06,  5.5284E-06,  5.5284E-06,  5.5284E-06,  5.5284E-06,  5.5284E-06,  5.5284E-06,  5.5284E-06,  5.5284E-06,  5.5284E-06,  5.5284E-06,  5.5284E-06,  5.5284E-06,  5.5284E-06,  5.5284E-06,  5.5284E-06,  5.5284E-06,  5.5284E-06,  5.5284E-06,  5.5284E-06,  5.5284E-06,  5.5284E-06,  5.5284E-06,  5.5284E-06,  5.5284E-06,  5.5284E-06,  5.5284E-06,  5.5284E-06,  5.5284E-06,  5.5284E-06,  5.5284E-06,  5.5284E-06,  5.5284E-06,  5.5284E-06,  5.5284E-06,  5.5284E-06,  1.0235E-03,  5.5384E-05,  2.6182E-07,  1.0938E-07,  2.4727E-07,  1.5190E-06,  2.9825E-07,  1.6336E-06,  1.8260E-08,  2.3333E-07,  3.2944E-08,  3.4289E-07,  4.6971E-08,  2.8682E-07,  6.5101E-09,  5.2500E-08,  6.2163E-09,  1.6168E-08,  9.6467E-09,  4.1138E-08,  5.1693E-09,  1.4729E-08,  7.9721E-09,  1.9019E-08,  1.7307E-08,  2.4197E-07,  1.1854E-09,  1.2278E-08,  6.9105E-11,  6.9105E-11,  6.9105E-11,  6.9105E-11,  6.9105E-11,  6.9105E-11,  6.9105E-11,  6.9105E-11,  6.9105E-11,  6.9105E-11,  6.9105E-11,  6.9105E-11,  6.9105E-11,  6.9105E-11,  6.9105E-11,  6.9105E-11,  6.9105E-11,  6.9105E-11,  6.9105E-11,  6.9105E-11,  6.9105E-11,  6.9105E-11,  6.9105E-11,  6.9105E-11,  6.9105E-11,  6.9105E-11,  6.9105E-11,  6.9105E-11,  6.9105E-11,  6.9105E-11,  6.9105E-11,  6.9105E-11,  6.9105E-11,  6.9105E-11,  6.9105E-11,  6.9105E-11,  6.9105E-11,  6.9105E-11,  6.9105E-11,  6.9105E-11,  6.9105E-11,  6.9105E-11,  6.9105E-11,  6.9105E-11,  6.9105E-11,  6.9105E-11,  6.9105E-11,  6.9105E-11,  6.9105E-11,  6.9105E-11,  6.9105E-11,  6.9105E-11,  6.9105E-11,  6.9105E-11,  6.9105E-11,  6.9105E-11,  6.9105E-11,  6.9105E-11,  6.9105E-11,  6.9105E-11,  6.9105E-11,  6.9105E-11,  6.9105E-11,  6.9105E-11
  4.0000E+04,  9.7117E+00,  5.1516E-01,  2.5079E-03,  9.2642E-04,  1.9719E-03,  1.4130E-02,  2.5297E-03,  1.5677E-02,  1.4565E-04,  2.1701E-03,  2.7922E-04,  3.2900E-03,  4.2335E-04,  2.8404E-03,  5.3543E-05,  5.0388E-04,  4.9604E-05,  1.3697E-04,  7.6989E-05,  3.8268E-04,  4.3801E-05,  1.2104E-04,  6.7513E-05,  1.6613E-04,  1.6586E-04,  2.4707E-03,  1.1016E-05,  1.2542E-04,  4.8373E-06,  4.8373E-06,  4.8373E-06,  4.8373E-06,  4.8373E-06,  4.8373E-06,  4.8373E-06,  4.8373E-06,  4.8373E-06,  4.8373E-06,  4.8373E-06,  4.8373E-06,  4.8373E-06,  4.8373E-06,  4.8373E-06,  4.8373E-06,  4.8373E-06,  4.8373E-06,  4.8373E-06,  4.8373E-06,  4.8373E-06,  4.8373E-06,  4.8373E-06,  4.8373E-06,  4.8373E-06,  4.8373E-06,  4.8373E-06,  4.8373E-06,  4.8373E-06,  4.8373E-06,  4.8373E-06,  4.8373E-06,  4.8373E-06,  4.8373E-06,  4.8373E-06,  4.8373E-06,  4.8373E-06,  4.8373E-06,  4.8373E-06,  4.8373E-06,  4.8373E-06,  4.8373E-06,  4.8373E-06,  4.8373E-06,  4.8373E-06,  4.8373E-06,  4.8373E-06,  4.8373E-06,  4.8373E-06,  4.8373E-06,  4.8373E-06,  4.8373E-06,  4.8373E-06,  4.8373E-06,  4.8373E-06,  4.8373E-06,  4.8373E-06,  4.8373E-06,  4.8373E-06,  4.8373E-06,  4.8373E-06,  4.8373E-06,  4.8373E-06,  4.8373E-06,  4.8376E-04,  2.5849E-05,  1.2380E-07,  4.8917E-08,  1.0755E-07,  7.0898E-07,  1.3349E-07,  7.7322E-07,  7.9432E-09,  1.0890E-07,  1.4739E-08,  1.6228E-07,  2.1612E-08,  1.3767E-07,  2.8727E-09,  2.4851E-08,  2.7048E-09,  7.2318E-09,  4.1978E-09,  1.9201E-08,  2.3123E-09,  6.4964E-09,  3.5650E-09,  8.6266E-09,  8.1856E-09,  1.1772E-07,  5.5299E-10,  5.9746E-09,  6.9105E-11,  6.9105E-11,  6.9105E-11,  6.9105E-11,  6.9105E-11,  6.9105E-11,  6.9105E-11,  6.9105E-11,  6.9105E-11,  6.9105E-11,  6.9105E-11,  6.9105E-11,  6.9105E-11,  6.9105E-11,  6.9105E-11,  6.9105E-11,  6.9105E-11,  6.9105E-11,  6.9105E-11,  6.9105E-11,  6.9105E-11,  6.9105E-11,  6.9105E-11,  6.9105E-11,  6.9105E-11,  6.9105E-11,  6.9105E-11,  6.9105E-11,  6.9105E-11,  6.9105E-11,  6.9105E-11,  6.9105E-11,  6.9105E-11,  6.9105E-11,  6.9105E-11,  6.9105E-11,  6.9105E-11,  6.9105E-11,  6.9105E-11,  6.9105E-11,  6.9105E-11,  6.9105E-11,  6.9105E-11,  6.9105E-11,  6.9105E-11,  6.9105E-11,  6.9105E-11,  6.9105E-11,  6.9105E-11,  6.9105E-11,  6.9105E-11,  6.9105E-11,  6.9105E-11,  6.9105E-11,  6.9105E-11,  6.9105E-11,  6.9105E-11,  6.9105E-11,  6.9105E-11,  6.9105E-11,  6.9105E-11,  6.9105E-11,  6.9105E-11,  6.9105E-11
  5.0000E+04,  5.9526E+00,  3.1471E-01,  1.5444E-03,  5.5149E-04,  1.1537E-03,  8.6318E-03,  1.5064E-03,  9.6577E-03,  8.5222E-05,  1.3256E-03,  1.6625E-04,  2.0266E-03,  2.5641E-04,  1.7644E-03,  3.1606E-05,  3.1041E-04,  2.9026E-05,  8.1539E-05,  4.5052E-05,  2.3378E-04,  2.6077E-05,  7.1437E-05,  4.0189E-05,  9.9752E-05,  1.0215E-04,  1.5471E-03,  6.7278E-06,  7.8539E-05,  4.1463E-06,  4.1463E-06,  4.1463E-06,  4.1463E-06,  4.1463E-06,  4.1463E-06,  4.1463E-06,  4.1463E-06,  4.1463E-06,  4.1463E-06,  4.1463E-06,  4.1463E-06,  4.1463E-06,  4.1463E-06,  4.1463E-06,  4.1463E-06,  4.1463E-06,  4.1463E-06,  4.1463E-06,  4.1463E-06,  4.1463E-06,  4.1463E-06,  4.1463E-06,  4.1463E-06,  4.1463E-06,  4.1463E-06,  4.1463E-06,  4.1463E-06,  4.1463E-06,  4.1463E-06,  4.1463E-06,  4.1463E-06,  4.1463E-06,  4.1463E-06,  4.1463E-06,  4.1463E-06,  4.1463E-06,  4.1463E-06,  4.1463E-06,  4.1463E-06,  4.1463E-06,  4.1463E-06,  4.1463E-06,  4.1463E-06,  4.1463E-06,  4.1463E-06,  4.1463E-06,  4.1463E-06,  4.1463E-06,  4.1463E-06,  4.1463E-06,  4.1463E-06,  4.1463E-06,  4.1463E-06,  4.1463E-06,  4.1463E-06,  4.1463E-06,  4.1463E-06,  4.1463E-06,  4.1463E-06,  4.1463E-06,  4.1463E-06,  4.1463E-06,  4.1463E-06,  2.6806E-04,  1.4241E-05,  6.8912E-08,  2.6069E-08,  5.6083E-08,  3.9061E-07,  7.1174E-08,  4.3067E-07,  4.1425E-09,  5.9991E-08,  7.8564E-09,  9.0381E-08,  1.1775E-08,  7.7527E-08,  1.5148E-09,  1.3842E-08,  1.4108E-09,  3.8541E-09,  2.1896E-09,  1.0579E-08,  1.2325E-09,  3.4246E-09,  1.8997E-09,  4.6481E-09,  4.5572E-09,  6.6997E-08,  3.0456E-10,  3.4006E-09,  6.9105E-11,  6.9105E-11,  6.9105E-11,  6.9105E-11,  6.9105E-11,  6.9105E-11,  6.9105E-11,  6.9105E-11,  6.9105E-11,  6.9105E-11,  6.9105E-11,  6.9105E-11,  6.9105E-11,  6.9105E-11,  6.9105E-11,  6.9105E-11,  6.9105E-11,  6.9105E-11,  6.9105E-11,  6.9105E-11,  6.9105E-11,  6.9105E-11,  6.9105E-11,  6.9105E-11,  6.9105E-11,  6.9105E-11,  6.9105E-11,  6.9105E-11,  6.9105E-11,  6.9105E-11,  6.9105E-11,  6.9105E-11,  6.9105E-11,  6.9105E-11,  6.9105E-11,  6.9105E-11,  6.9105E-11,  6.9105E-11,  6.9105E-11,  6.9105E-11,  6.9105E-11,  6.9105E-11,  6.9105E-11,  6.9105E-11,  6.9105E-11,  6.9105E-11,  6.9105E-11,  6.9105E-11,  6.9105E-11,  6.9105E-11,  6.9105E-11,  6.9105E-11,  6.9105E-11,  6.9105E-11,  6.9105E-11,  6.9105E-11,  6.9105E-11,  6.9105E-11,  6.9105E-11,  6.9105E-11,  6.9105E-11,  6.9105E-11,  6.9105E-11,  6.9105E-11
  6.0000E+04,  3.7882E+00,  1.9986E-01,  9.8684E-04,  3.4341E-04,  7.0900E-04,  5.4819E-03,  9.3823E-04,  6.1728E-03,  5.2376E-05,  8.4188E-04,  1.0353E-04,  1.2953E-03,  1.6178E-04,  1.1349E-03,  1.9555E-05,  1.9840E-04,  1.7840E-05,  5.0776E-05,  2.7690E-05,  1.4847E-04,  1.6239E-05,  4.4193E-05,  2.5026E-05,  6.2526E-05,  6.5277E-05,  1.0013E-03,  4.2721E-06,  5.0834E-05,  3.4552E-06,  3.4552E-06,  3.4552E-06,  3.4552E-06,  3.4552E-06,  3.4552E-06,  3.4552E-06,  3.4552E-06,  3.4552E-06,  3.4552E-06,  3.4552E-06,  3.4552E-06,  3.4552E-06,  3.4552E-06,  3.4552E-06,  3.4552E-06,  3.4552E-06,  3.4552E-06,  3.4552E-06,  3.4552E-06,  3.4552E-06,  3.4552E-06,  3.4552E-06,  3.4552E-06,  3.4552E-06,  3.4552E-06,  3.4552E-06,  3.4552E-06,  3.4552E-06,  3.4552E-06,  3.4552E-06,  3.4552E-06,  3.4552E-06,  3.4552E-06,  3.4552E-06,  3.4552E-06,  3.4552E-06,  3.4552E-06,  3.4552E-06,  3.4552E-06,  3.4552E-06,  3.4552E-06,  3.4552E-06,  3.4552E-06,  3.4552E-06,  3.4552E-06,  3.4552E-06,  3.4552E-06,  3.4552E-06,  3.4552E-06,  3.4552E-06,  3.4552E-06,  3.4552E-06,  3.4552E-06,  3.4552E-06,  3.4552E-06,  3.4552E-06,  3.4552E-06,  3.4552E-06,  3.4552E-06,  3.4552E-06,  3.4552E-06,  3.4552E-06,  3.4552E-06,  1.6483E-04,  8.7271E-06,  4.2591E-08,  1.5546E-08,  3.2853E-08,  2.3936E-07,  4.2458E-08,  2.6630E-07,  2.4268E-09,  3.6761E-08,  4.6860E-09,  5.5883E-08,  7.1502E-09,  4.8368E-08,  8.9549E-10,  8.5590E-09,  8.2656E-10,  2.2985E-09,  1.2829E-09,  6.4827E-09,  7.3508E-10,  2.0241E-09,  1.1329E-09,  2.7970E-09,  2.8169E-09,  4.2166E-08,  1.8659E-10,  2.1404E-09,  6.9105E-11,  6.9105E-11,  6.9105E-11,  6.9105E-11,  6.9105E-11,  6.9105E-11,  6.9105E-11,  6.9105E-11,  6.9105E-11,  6.9105E-11,  6.9105E-11,  6.9105E-11,  6.9105E-11,  6.9105E-11,  6.9105E-11,  6.9105E-11,  6.9105E-11,  6.9105E-11,  6.9105E-11,  6.9105E-11,  6.9105E-11,  6.9105E-11,  6.9105E-11,  6.9105E-11,  6.9105E-11,  6.9105E-11,  6.9105E-11,  6.9105E-11,  6.9105E-11,  6.9105E-11,  6.9105E-11,  6.9105E-11,  6.9105E-11,  6.9105E-11,  6.9105E-11,  6.9105E-11,  6.9105E-11,  6.9105E-11,  6.9105E-11,  6.9105E-11,  6.9105E-11,  6.9105E-11,  6.9105E-11,  6.9105E-11,  6.9105E-11,  6.9105E-11,  6.9105E-11,  6.9105E-11,  6.9105E-11,  6.9105E-11,  6.9105E-11,  6.9105E-11,  6.9105E-11,  6.9105E-11,  6.9105E-11,  6.9105E-11,  6.9105E-11,  6.9105E-11,  6.9105E-11,  6.9105E-11,  6.9105E-11,  6.9105E-11,  6.9105E-11,  6.9105E-11
  7.0000E+04,  2.4187E+00,  1.2743E-01,  6.3228E-04,  2.1554E-04,  4.4036E-04,  3.4950E-03,  5.8897E-04,  3.9557E-03,  3.2532E-05,  5.3674E-04,  6.4988E-05,  8.3006E-04,  1.0261E-04,  7.3098E-04,  1.2211E-05,  1.2714E-04,  1.1081E-05,  3.1870E-05,  1.7200E-05,  9.4658E-05,  1.0193E-05,  2.7593E-05,  1.5708E-05,  3.9451E-05,  4.1826E-05,  6.4814E-04,  2.7235E-06,  3.2905E-05,  2.7642E-06,  2.7642E-06,  2.7642E-06,  2.7642E-06,  2.7642E-06,  2.7642E-06,  2.7642E-06,  2.7642E-06,  2.7642E-06,  2.7642E-06,  2.7642E-06,  2.7642E-06,  2.7642E-06,  2.7642E-06,  2.7642E-06,  2.7642E-06,  2.7642E-06,  2.7642E-06,  2.7642E-06,  2.7642E-06,  2.7642E-06,  2.7642E-06,  2.7642E-06,  2.7642E-06,  2.7642E-06,  2.7642E-06,  2.7642E-06,  2.7642E-06,  2.7642E-06,  2.7642E-06,  2.7642E-06,  2.7642E-06,  2.7642E-06,  2.7642E-06,  2.7642E-06,  2.7642E-06,  2.7642E-06,  2.7642E-06,  2.7642E-06,  2.7642E-06,  2.7642E-06,  2.7642E-06,  2.7642E-06,  2.7642E-06,  2.7642E-06,  2.7642E-06,  2.7642E-06,  2.7642E-06,  2.7642E-06,  2.7642E-06,  2.7642E-06,  2.7642E-06,  2.7642E-06,  2.7642E-06,  2.7642E-06,  2.7642E-06,  2.7642E-06,  2.7642E-06,  2.7642E-06,  2.7642E-06,  2.7642E-06,  2.7642E-06,  2.7642E-06,  2.7642E-06,  1.0907E-04,  5.7606E-06,  2.8320E-08,  1.0028E-08,  2.0875E-08,  1.5800E-07,  2.7395E-08,  1.7712E-07,  1.5421E-09,  2.4266E-08,  3.0232E-09,  3.7169E-08,  4.6839E-09,  3.2417E-08,  5.7339E-10,  5.6930E-09,  5.2524E-10,  1.4828E-09,  8.1523E-10,  4.2793E-09,  4.7421E-10,  1.2959E-09,  7.3083E-10,  1.8181E-09,  1.8732E-09,  2.8471E-08,  1.2315E-10,  1.4453E-09,  6.9105E-11,  6.9105E-11,  6.9105E-11,  6.9105E-11,  6.9105E-11,  6.9105E-11,  6.9105E-11,  6.9105E-11,  6.9105E-11,  6.9105E-11,  6.9105E-11,  6.9105E-11,  6.9105E-11,  6.9105E-11,  6.9105E-11,  6.9105E-11,  6.9105E-11,  6.9105E-11,  6.9105E-11,  6.9105E-11,  6.9105E-11,  6.9105E-11,  6.9105E-11,  6.9105E-11,  6.9105E-11,  6.9105E-11,  6.9105E-11,  6.9105E-11,  6.9105E-11,  6.9105E-11,  6.9105E-11,  6.9105E-11,  6.9105E-11,  6.9105E-11,  6.9105E-11,  6.9105E-11,  6.9105E-11,  6.9105E-11,  6.9105E-11,  6.9105E-11,  6.9105E-11,  6.9105E-11,  6.9105E-11,  6.9105E-11,  6.9105E-11,  6.9105E-11,  6.9105E-11,  6.9105E-11,  6.9105E-11,  6.9105E-11,  6.9105E-11,  6.9105E-11,  6.9105E-11,  6.9105E-11,  6.9105E-11,  6.9105E-11,  6.9105E-11,  6.9105E-11,  6.9105E-11,  6.9105E-11,  6.9105E-11,  6.9105E-11,  6.9105E-11,  6.9105E-11
  8.0000E+04,  1.4924E+00,  7.8543E-02,  3.9134E-04,  1.3114E-04,  2.6560E-04,  2.1543E-03,  3.5837E-04,  2.4487E-03,  1.9621E-05,  3.3084E-04,  3.9541E-05,  5.1381E-04,  6.2977E-05,  4.5441E-04,  7.3973E-06,  7.8705E-05,  6.6835E-06,  1.9390E-05,  1.0374E-05,  5.8346E-05,  6.2017E-06,  1.6715E-05,  9.5566E-06,  2.4107E-05,  2.5889E-05,  4.0458E-04,  1.6786E-06,  2.0541E-05,  2.0731E-06,  2.0731E-06,  2.0731E-06,  2.0731E-06,  2.0731E-06,  2.0731E-06,  2.0731E-06,  2.0731E-06,  2.0731E-06,  2.0731E-06,  2.0731E-06,  2.0731E-06,  2.0731E-06,  2.0731E-06,  2.0731E-06,  2.0731E-06,  2.0731E-06,  2.0731E-06,  2.0731E-06,  2.0731E-06,  2.0731E-06,  2.0731E-06,  2.0731E-06,  2.0731E-06,  2.0731E-06,  2.0731E-06,  2.0731E-06,  2.0731E-06,  2.0731E-06,  2.0731E-06,  2.0731E-06,  2.0731E-06,  2.0731E-06,  2.0731E-06,  2.0731E-06,  2.0731E-06,  2.0731E-06,  2.0731E-06,  2.0731E-06,  2.0731E-06,  2.0731E-06,  2.0731E-06,  2.0731E-06,  2.0731E-06,  2.0731E-06,  2.0731E-06,  2.0731E-06,  2.0731E-06,  2.0731E-06,  2.0731E-06,  2.0731E-06,  2.0731E-06,  2.0731E-06,  2.0731E-06,  2.0731E-06,  2.0731E-06,  2.0731E-06,  2.0731E-06,  2.0731E-06,  2.0731E-06,  2.0731E-06,  2.0731E-06,  2.0731E-06,  2.0731E-06,  7.6175E-05,  4.0158E-06,  1.9868E-08,  6.8527E-09,  1.4078E-08,  1.1015E-07,  1.8724E-08,  1.2429E-07,  1.0400E-09,  1.6916E-08,  2.0661E-09,  2.6081E-08,  3.2435E-09,  2.2898E-08,  3.8929E-10,  3.9949E-09,  3.5425E-10,  1.0132E-09,  5.4986E-10,  2.9831E-09,  3.2406E-10,  8.7973E-10,  4.9938E-10,  1.2507E-09,  1.3143E-09,  2.0241E-08,  8.5831E-11,  1.0276E-09,  6.9105E-11,  6.9105E-11,  6.9105E-11,  6.9105E-11,  6.9105E-11,  6.9105E-11,  6.9105E-11,  6.9105E-11,  6.9105E-11,  6.9105E-11,  6.9105E-11,  6.9105E-11,  6.9105E-11,  6.9105E-11,  6.9105E-11,  6.9105E-11,  6.9105E-11,  6.9105E-11,  6.9105E-11,  6.9105E-11,  6.9105E-11,  6.9105E-11,  6.9105E-11,  6.9105E-11,  6.9105E-11,  6.9105E-11,  6.9105E-11,  6.9105E-11,  6.9105E-11,  6.9105E-11,  6.9105E-11,  6.9105E-11,  6.9105E-11,  6.9105E-11,  6.9105E-11,  6.9105E-11,  6.9105E-11,  6.9105E-11,  6.9105E-11,  6.9105E-11,  6.9105E-11,  6.9105E-11,  6.9105E-11,  6.9105E-11,  6.9105E-11,  6.9105E-11,  6.9105E-11,  6.9105E-11,  6.9105E-11,  6.9105E-11,  6.9105E-11,  6.9105E-11,  6.9105E-11,  6.9105E-11,  6.9105E-11,  6.9105E-11,  6.9105E-11,  6.9105E-11,  6.9105E-11,  6.9105E-11,  6.9105E-11,  6.9105E-11,  6.9105E-11,  6.9105E-11
  9.0000E+04,  8.3429E-01,  4.3868E-02,  2.1938E-04,  7.2400E-05,  1.4551E-04,  1.2032E-03,  1.9787E-04,  1.3728E-03,  1.0749E-05,  1.8477E-04,  2.1832E-05,  2.8806E-04,  3.5039E-05,  2.5572E-04,  4.0685E-06,  4.4125E-05,  3.6616E-06,  1.0705E-05,  5.6836E-06,  3.2587E-05,  3.4240E-06,  9.1929E-06,  5.2761E-06,  1.3361E-05,  1.4513E-05,  2.2852E-04,  9.3745E-07,  1.1602E-05,  1.3821E-06,  1.3821E-06,  1.3821E-06,  1.3821E-06,  1.3821E-06,  1.3821E-06,  1.3821E-06,  1.3821E-06,  1.3821E-06,  1.3821E-06,  1.3821E-06,  1.3821E-06,  1.3821E-06,  1.3821E-06,  1.3821E-06,  1.3821E-06,  1.3821E-06,  1.3821E-06,  1.3821E-06,  1.3821E-06,  1.3821E-06,  1.3821E-06,  1.3821E-06,  1.3821E-06,  1.3821E-06,  1.3821E-06,  1.3821E-06,  1.3821E-06,  1.3821E-06,  1.3821E-06,  1.3821E-06,  1.3821E-06,  1.3821E-06,  1.3821E-06,  1.3821E-06,  1.3821E-06,  1.3821E-06,  1.3821E-06,  1.3821E-06,  1.3821E-06,  1.3821E-06,  1.3821E-06,  1.3821E-06,  1.3821E-06,  1.3821E-06,  1.3821E-06,  1.3821E-06,  1.3821E-06,  1.3821E-06,  1.3821E-06,  1.3821E-06,  1.3821E-06,  1.3821E-06,  1.3821E-06,  1.3821E-06,  1.3821E-06,  1.3821E-06,  1.3821E-06,  1.3821E-06,  1.3821E-06,  1.3821E-06,  1.3821E-06,  1.3821E-06,  1.3821E-06,  5.5456E-05,  2.9193E-06,  1.4525E-08,  4.8947E-09,  9.9400E-09,  8.0070E-08,  1.3376E-08,  9.0884E-08,  7.3434E-10,  1.2297E-08,  1.4759E-09,  1.9070E-08,  2.3441E-09,  1.6841E-08,  2.7647E-10,  2.9212E-09,  2.5013E-10,  7.2374E-10,  3.8825E-10,  2.1686E-09,  2.3148E-10,  6.2475E-10,  3.5670E-10,  8.9856E-10,  9.6088E-10,  1.4972E-08,  6.2391E-11,  7.6014E-10,  6.9105E-11,  6.9105E-11,  6.9105E-11,  6.9105E-11,  6.9105E-11,  6.9105E-11,  6.9105E-11,  6.9105E-11,  6.9105E-11,  6.9105E-11,  6.9105E-11,  6.9105E-11,  6.9105E-11,  6.9105E-11,  6.9105E-11,  6.9105E-11,  6.9105E-11,  6.9105E-11,  6.9105E-11,  6.9105E-11,  6.9105E-11,  6.9105E-11,  6.9105E-11,  6.9105E-11,  6.9105E-11,  6.9105E-11,  6.9105E-11,  6.9105E-11,  6.9105E-11,  6.9105E-11,  6.9105E-11,  6.9105E-11,  6.9105E-11,  6.9105E-11,  6.9105E-11,  6.9105E-11,  6.9105E-11,  6.9105E-11,  6.9105E-11,  6.9105E-11,  6.9105E-11,  6.9105E-11,  6.9105E-11,  6.9105E-11,  6.9105E-11,  6.9105E-11,  6.9105E-11,  6.9105E-11,  6.9105E-11,  6.9105E-11,  6.9105E-11,  6.9105E-11,  6.9105E-11,  6.9105E-11,  6.9105E-11,  6.9105E-11,  6.9105E-11,  6.9105E-11,  6.9105E-11,  6.9105E-11,  6.9105E-11,  6.9105E-11,  6.9105E-11,  6.9105E-11
  1.0000E+05,  3.4843E-01,  1.8304E-02,  9.1909E-05,  2.9826E-05,  5.9430E-05,  5.0207E-04,  8.1527E-05,  5.7519E-04,  4.3903E-06,  7.7095E-05,  8.9943E-06,  1.2069E-04,  1.4559E-05,  1.0758E-04,  1.6690E-06,  1.8488E-05,  1.4956E-06,  4.4103E-06,  2.3214E-06,  1.3597E-05,  1.4106E-06,  3.7709E-06,  2.1736E-06,  5.5277E-06,  6.0806E-06,  9.6525E-05,  3.9113E-07,  4.9008E-06,  6.9105E-07,  6.9105E-07,  6.9105E-07,  6.9105E-07,  6.9105E-07,  6.9105E-07,  6.9105E-07,  6.9105E-07,  6.9105E-07,  6.9105E-07,  6.9105E-07,  6.9105E-07,  6.9105E-07,  6.9105E-07,  6.9105E-07,  6.9105E-07,  6.9105E-07,  6.9105E-07,  6.9105E-07,  6.9105E-07,  6.9105E-07,  6.9105E-07,  6.9105E-07,  6.9105E-07,  6.9105E-07,  6.9105E-07,  6.9105E-07,  6.9105E-07,  6.9105E-07,  6.9105E-07,  6.9105E-07,  6.9105E-07,  6.9105E-07,  6.9105E-07,  6.9105E-07,  6.9105E-07,  6.9105E-07,  6.9105E-07,  6.9105E-07,  6.9105E-07,  6.9105E-07,  6.9105E-07,  6.9105E-07,  6.9105E-07,  6.9105E-07,  6.9105E-07,  6.9105E-07,  6.9105E-07,  6.9105E-07,  6.9105E-07,  6.9105E-07,  6.9105E-07,  6.9105E-07,  6.9105E-07,  6.9105E-07,  6.9105E-07,  6.9105E-07,  6.9105E-07,  6.9105E-07,  6.9105E-07,  6.9105E-07,  6.9105E-07,  6.9105E-07,  6.9105E-07,  4.1714E-05,  2.1934E-06,  1.0969E-08,  3.6200E-09,  7.2753E-09,  6.0161E-08,  9.8937E-09,  6.8640E-08,  5.3747E-10,  9.2386E-09,  1.0916E-09,  1.4403E-08,  1.7519E-09,  1.2786E-08,  2.0342E-10,  2.2062E-09,  1.8308E-10,  5.3526E-10,  2.8418E-10,  1.6294E-09,  1.7120E-10,  4.5964E-10,  2.6381E-10,  6.6804E-10,  7.2567E-10,  1.1426E-08,  4.6872E-11,  5.8010E-10,  6.9105E-11,  6.9105E-11,  6.9105E-11,  6.9105E-11,  6.9105E-11,  6.9105E-11,  6.9105E-11,  6.9105E-11,  6.9105E-11,  6.9105E-11,  6.9105E-11,  6.9105E-11,  6.9105E-11,  6.9105E-11,  6.9105E-11,  6.9105E-11,  6.9105E-11,  6.9105E-11,  6.9105E-11,  6.9105E-11,  6.9105E-11,  6.9105E-11,  6.9105E-11,  6.9105E-11,  6.9105E-11,  6.9105E-11,  6.9105E-11,  6.9105E-11,  6.9105E-11,  6.9105E-11,  6.9105E-11,  6.9105E-11,  6.9105E-11,  6.9105E-11,  6.9105E-11,  6.9105E-11,  6.9105E-11,  6.9105E-11,  6.9105E-11,  6.9105E-11,  6.9105E-11,  6.9105E-11,  6.9105E-11,  6.9105E-11,  6.9105E-11,  6.9105E-11,  6.9105E-11,  6.9105E-11,  6.9105E-11,  6.9105E-11,  6.9105E-11,  6.9105E-11,  6.9105E-11,  6.9105E-11,  6.9105E-11,  6.9105E-11,  6.9105E-11,  6.9105E-11,  6.9105E-11,  6.9105E-11,  6.9105E-11,  6.9105E-11,  6.9105E-11,  6.9105E-11
'End of File'
