'*',    54,     1,    25,    22,     5,     5,    75,     1
'SPENVIS 4.6.13.3554          - 18-Sep-2025 21:14:26'
'PRJ_DEF', -1,'RADFX2'
'PRJ_HDR', -1,'IU ME RADFX Unit 2 HW2 P1'
'MOD_ABB', -1,'SEP'
'MIS_PLA',  1,    3,' '
'MIS_NTR',  1,    1,' '
'MIS_STA',  1,  27759.00000000,' '
'MIS_END',  1,  28489.00000000,' '
'MIS_DUR',  1, 7.300000E+02,'days'
'SEP_IEL',  1,  1,' '
'SEP_JEL',  1, 92,' '
'SEP_MOD', -1,'ESP-PSYCHIC total fluence'
'SEP_TMI',  1,  0.0,'years'
'SEP_TMA',  1,  2.0,'years'
'SEP_DUR',  1,  2.0,'years'
'SEP_NCY',  1,  1,' '
'SEP_NOR',  1,  0,' '
'SEP_NAL',  1,  0,' '
'SEP_PRB',  1,  95.0,'%'
'SEP_OMN',  1, 1, ' '
'SEP_ABS', -1,'Energy'
'SEP_IGC',  1,  1,' '
'SEP_IGV',  1,  1,' '
'SEP_IST',  1,  0,' '
'PLT_HDR', -1,'ESP-PSYCHIC total fluence: solar protons'
'SPECIES', -1,'proton'
'PS Annotation',  8,  1
'Mission start: 01/01/2026 00:00:00'
 0.05, 0.00, 0.00
'Mission end: 01/01/2028 00:00:00'
 0.95, 0.00, 1.00
'Nr. of segments:   1'
 0.05, 1.50, 0.00
'Duration: 730.00 days'
 0.95, 0.00, 1.00
'PS Annotation', 12,  0
'Solar particle model: ESP-PSYCHIC total fluence'
 0.05, 2.00, 0.00
'Mission duration: 2.00 years, spanning 1 solar cycles'
 0.10, 1.50, 0.00
'2.00 years in solar maximum'
 0.15, 1.50, 0.00
'0.00 years in solar minimum'
 0.15, 1.50, 0.00
'Confidence level: 95.000%'
 0.10, 1.50, 0.00
'Magnetic shielding:    quiet magnetosphere'
 0.10, 1.50, 0.00
'Energy','MeV', 1,'Energy'
'IFlux','cm!u-2!n', 1,'Integral Fluence'
'DFlux','cm!u-2!n MeV!u-1!n', 1,'Differential Fluence'
'Attenuation',' ', 1,'Orbit Averaged Proton Attenuation Factor'
'Exposure','hrs', 1,'Proton Exposure Time'
  1.0000E-01,  1.0882E+10,  6.7517E+10, 0.0061, 1.5411E+02
  1.1000E-01,  1.0251E+10,  5.8766E+10, 0.0061, 1.5411E+02
  1.2000E-01,  9.7011E+09,  5.1137E+10, 0.0061, 1.5411E+02
  1.4000E-01,  8.7902E+09,  3.9951E+10, 0.0061, 1.5411E+02
  1.6000E-01,  8.0707E+09,  3.1995E+10, 0.0061, 1.5411E+02
  1.8000E-01,  7.4876E+09,  2.6322E+10, 0.0061, 1.5411E+02
  2.0000E-01,  7.0032E+09,  2.2114E+10, 0.0061, 1.5411E+02
  2.2000E-01,  6.5926E+09,  1.8946E+10, 0.0061, 1.5411E+02
  2.5000E-01,  6.0775E+09,  1.5397E+10, 0.0061, 1.5411E+02
  2.8000E-01,  5.6546E+09,  1.2794E+10, 0.0061, 1.5411E+02
  3.2000E-01,  5.1935E+09,  1.0261E+10, 0.0061, 1.5411E+02
  3.5000E-01,  4.9067E+09,  8.8586E+09, 0.0061, 1.5411E+02
  4.0000E-01,  4.5067E+09,  7.1400E+09, 0.0061, 1.5411E+02
  4.5000E-01,  4.1814E+09,  5.8739E+09, 0.0061, 1.5411E+02
  5.0000E-01,  3.9112E+09,  4.9350E+09, 0.0061, 1.5411E+02
  5.5000E-01,  3.6820E+09,  4.2301E+09, 0.0061, 1.5411E+02
  6.3000E-01,  3.3770E+09,  3.3957E+09, 0.0061, 1.5411E+02
  7.1000E-01,  3.1297E+09,  2.7881E+09, 0.0061, 1.5411E+02
  8.0000E-01,  2.9010E+09,  2.2930E+09, 0.0061, 1.5411E+02
  9.0000E-01,  2.6919E+09,  1.8887E+09, 0.0061, 1.5411E+02
  1.0000E+00,  2.5181E+09,  1.5868E+09, 0.0061, 1.5411E+02
  1.1000E+00,  2.3710E+09,  1.3559E+09, 0.0061, 1.5411E+02
  1.2000E+00,  2.2442E+09,  1.1799E+09, 0.0061, 1.5411E+02
  1.4000E+00,  2.0340E+09,  9.2180E+08, 0.0061, 1.5411E+02
  1.6000E+00,  1.8680E+09,  7.3822E+08, 0.0061, 1.5411E+02
  1.8000E+00,  1.7335E+09,  6.0732E+08, 0.0061, 1.5411E+02
  2.0000E+00,  1.6217E+09,  5.1024E+08, 0.0061, 1.5411E+02
  2.2000E+00,  1.5270E+09,  4.3714E+08, 0.0061, 1.5411E+02
  2.5000E+00,  1.4081E+09,  3.5525E+08, 0.0061, 1.5411E+02
  2.8000E+00,  1.3086E+09,  3.0860E+08, 0.0061, 1.5411E+02
  3.2000E+00,  1.1909E+09,  2.7972E+08, 0.0061, 1.5411E+02
  3.5000E+00,  1.1112E+09,  2.5133E+08, 0.0061, 1.5411E+02
  4.0000E+00,  9.9884E+08,  1.9825E+08, 0.0061, 1.5411E+02
  4.5000E+00,  9.0931E+08,  1.5989E+08, 0.0061, 1.5411E+02
  5.0000E+00,  8.3414E+08,  1.4079E+08, 0.0061, 1.5411E+02
  5.5000E+00,  7.6716E+08,  1.2713E+08, 0.0061, 1.5411E+02
  6.3000E+00,  6.7678E+08,  9.8804E+07, 0.0061, 1.5411E+02
  7.1000E+00,  6.0442E+08,  8.2113E+07, 0.0061, 1.5411E+02
  8.0000E+00,  5.3667E+08,  6.8442E+07, 0.0061, 1.5411E+02
  9.0000E+00,  4.7557E+08,  5.3751E+07, 0.0061, 1.5411E+02
  1.0000E+01,  4.2579E+08,  4.5803E+07, 0.0061, 1.5411E+02
  1.1000E+01,  3.8290E+08,  3.9976E+07, 0.0061, 1.5411E+02
  1.2000E+01,  3.4630E+08,  3.3239E+07, 0.0061, 1.5411E+02
  1.4000E+01,  2.8854E+08,  2.4519E+07, 0.0061, 1.5411E+02
  1.6000E+01,  2.4485E+08,  1.9165E+07, 0.0061, 1.5411E+02
  1.8000E+01,  2.1065E+08,  1.5040E+07, 0.0061, 1.5411E+02
  2.0000E+01,  1.8347E+08,  1.2142E+07, 0.0061, 1.5411E+02
  2.2000E+01,  1.6120E+08,  1.0122E+07, 0.0061, 1.5411E+02
  2.5000E+01,  1.3455E+08,  7.6455E+06, 0.0061, 1.5411E+02
  2.8000E+01,  1.1402E+08,  6.0387E+06, 0.0061, 1.5411E+02
  3.2000E+01,  9.3150E+07,  4.3976E+06, 0.0061, 1.5411E+02
  3.5000E+01,  8.1206E+07,  3.5652E+06, 0.0061, 1.5411E+02
  4.0000E+01,  6.5729E+07,  2.6258E+06, 0.0061, 1.5411E+02
  4.5000E+01,  5.4261E+07,  1.9614E+06, 0.0061, 1.5411E+02
  5.0000E+01,  4.5612E+07,  1.4980E+06, 0.0061, 1.5411E+02
  5.5000E+01,  3.8918E+07,  1.1798E+06, 0.0061, 1.5411E+02
  6.3000E+01,  3.0893E+07,  8.2639E+05, 0.0061, 1.5411E+02
  7.1000E+01,  2.5222E+07,  5.9132E+05, 0.0061, 1.5411E+02
  8.0000E+01,  2.0652E+07,  4.2432E+05, 0.0061, 1.5411E+02
  9.0000E+01,  1.7024E+07,  3.0133E+05, 0.0061, 1.5411E+02
  1.0000E+02,  1.4436E+07,  2.1627E+05, 0.0061, 1.5411E+02
  1.1000E+02,  1.2569E+07,  1.5713E+05, 0.0061, 1.5411E+02
  1.2000E+02,  1.1181E+07,  1.2044E+05, 0.0061, 1.5411E+02
  1.4000E+02,  9.2138E+06,  7.6275E+04, 0.0061, 1.5411E+02
  1.6000E+02,  7.9227E+06,  5.2836E+04, 0.0066, 2.0075E+02
  1.8000E+02,  6.9468E+06,  4.4747E+04, 0.0083, 2.5793E+02
  2.0000E+02,  6.1132E+06,  3.8617E+04, 0.0102, 3.0498E+02
  2.2000E+02,  5.3976E+06,  3.2938E+04, 0.0119, 3.5081E+02
  2.5000E+02,  4.5071E+06,  2.6429E+04, 0.0146, 4.5747E+02
  2.8000E+02,  3.7733E+06,  2.2496E+04, 0.0183, 5.7873E+02
  3.2000E+02,  2.9721E+06,  1.7563E+04, 0.0237, 7.2757E+02
  3.5000E+02,  2.4910E+06,  1.4509E+04, 0.0275, 8.2977E+02
  4.0000E+02,  1.8590E+06,  1.0772E+04, 0.0334, 9.8834E+02
  4.5000E+02,  1.3907E+06,  7.9596E+03, 0.0388, 1.1481E+03
  5.0000E+02,  1.0594E+06,  5.2916E+03, 0.0441, 1.2998E+03
'End of Block'
'*',    52,     1,    25,    22,     3,   185,    75,     0
'SPENVIS 4.6.13.3554          - 18-Sep-2025 21:14:26'
'PRJ_DEF', -1,'RADFX2'
'PRJ_HDR', -1,'IU ME RADFX Unit 2 HW2 P1'
'MOD_ABB', -1,'SEP'
'MIS_PLA',  1,    3,' '
'MIS_NTR',  1,    1,' '
'MIS_STA',  1,  27759.00000000,' '
'MIS_END',  1,  28489.00000000,' '
'MIS_DUR',  1, 7.300000E+02,'days'
'SEP_IEL',  1,  1,' '
'SEP_JEL',  1, 92,' '
'SEP_MOD', -1,'ESP-PSYCHIC total fluence'
'SEP_TMI',  1,  0.0,'years'
'SEP_TMA',  1,  2.0,'years'
'SEP_DUR',  1,  2.0,'years'
'SEP_NCY',  1,  1,' '
'SEP_NOR',  1,  0,' '
'SEP_NAL',  1,  0,' '
'SEP_PRB',  1,  95.0,'%'
'SEP_OMN',  1, 1, ' '
'SEP_ABS', -1,'Energy'
'SEP_IGC',  1,  1,' '
'SEP_IGV',  1,  1,' '
'SEP_IST',  1,  0,' '
'PLT_HDR', -1,'ESP-PSYCHIC total fluence: solar ions'
'SPECIES',-92,'H ','He','Li','Be','B ','C ','N ','O ','F ','Ne','Na','Mg','Al','Si','P ','S ','Cl','Ar','K ','Ca','Sc','Ti','V ','Cr','Mn','Fe','Co','Ni','Cu','Zn','Ga','Ge','As','Se','Br','Kr','Rb','Sr','Y ','Zr','Nb','Mo','Tc','Ru','Rh','Pd','Ag','Cd','In','Sn','Sb','Te','I ','Xe','Cs','Ba','La','Ce','Pr','Nd','Pm','Sm','Eu','Gd','Tb','Dy','Ho','Er','Tm','Yb','Lu','Hf','Ta','W ','Re','Os','Ir','Pt','Au','Hg','Tl','Pb','Bi','Po','At','Rn','Fr','Ra','Ac','Th','Pa','U '
'PS Annotation',  8,  1
'Mission start: 01/01/2026 00:00:00'
 0.05, 0.00, 0.00
'Mission end: 01/01/2028 00:00:00'
 0.95, 0.00, 1.00
'Nr. of segments:   1'
 0.05, 1.50, 0.00
'Duration: 730.00 days'
 0.95, 0.00, 1.00
'PS Annotation', 12,  0
'Solar particle model: ESP-PSYCHIC total fluence'
 0.05, 2.00, 0.00
'Mission duration: 2.00 years, spanning 1 solar cycles'
 0.10, 1.50, 0.00
'2.00 years in solar maximum'
 0.15, 1.50, 0.00
'0.00 years in solar minimum'
 0.15, 1.50, 0.00
'Confidence level: 95.000%'
 0.10, 1.50, 0.00
'Magnetic shielding:    quiet magnetosphere'
 0.10, 1.50, 0.00
'Energy','MeV/n', 1,'Energy'
'IFlux','cm!u-2!n', 92,'Integral Fluence of ','SPECIES'
'DFlux','cm!u-2!n (MeV/n)!u-1!n', 92,'Differential Fluence of ','SPECIES'
  1.0000E-01,  1.0882E+10,  7.6282E+08,  3.3849E-01,  4.3079E-01,  1.0736E+01,  3.6536E+06,  1.3555E+06,  1.3303E+07,  5.6573E+02,  1.8685E+06,  1.4660E+05,  2.7646E+06,  2.5042E+05,  2.4291E+06,  9.4543E+03,  4.7159E+05,  3.5660E+03,  4.9114E+04,  8.0246E+03,  1.5727E+05,  2.3823E+02,  1.2859E+04,  1.6229E+03,  8.0933E+04,  3.9009E+04,  5.0639E+06,  1.3001E+04,  2.4293E+05,  2.5987E+03,  4.1540E+03,  1.1889E+02,  4.1085E+02,  2.0194E+01,  2.2449E+02,  2.2720E+01,  1.0825E+02,  6.3800E+01,  1.5133E+02,  2.8126E+01,  6.3799E+01,  4.2125E+00,  1.2954E+01,  0.0000E+00,  1.0825E+01,  2.0533E+00,  7.0293E+00,  1.4065E+00,  6.7271E+00,  7.3272E+00,  1.6231E+01,  1.3163E+00,  1.9942E+01,  2.1965E+00,  7.9325E+00,  2.1601E+00,  2.1602E+01,  2.3771E+00,  6.0801E+00,  8.1874E-01,  5.0646E+00,  0.0000E+00,  1.6231E+00,  5.2073E-01,  2.0536E+00,  1.2955E-01,  2.1602E+00,  2.9191E-01,  1.4066E+00,  1.6231E-01,  1.9489E+00,  1.8361E-01,  1.1891E+00,  1.1891E-01,  2.0536E+00,  3.0261E-01,  3.6042E+00,  2.4497E+00,  7.1901E+00,  1.0615E+00,  9.2059E-01,  1.2955E+00,  1.4067E+01,  8.1881E-01,  0.0000E+00,  0.0000E+00,  0.0000E+00,  0.0000E+00,  0.0000E+00,  0.0000E+00,  1.9491E-01,  0.0000E+00,  5.0652E-02,  6.7517E+10,  2.8582E+09,  1.2678E+00,  1.6129E+00,  3.4926E+01,  1.1894E+07,  4.4479E+06,  4.4347E+07,  1.9409E+03,  6.4134E+06,  5.0943E+05,  9.6128E+06,  8.7819E+05,  8.5301E+06,  3.3392E+04,  1.6620E+06,  1.2579E+04,  1.7327E+05,  2.8316E+04,  5.5508E+05,  7.7880E+02,  4.2090E+04,  5.3111E+03,  2.6476E+05,  1.2765E+05,  1.6587E+07,  4.2503E+04,  7.9421E+05,  8.5022E+03,  1.3588E+04,  3.8880E+02,  1.3434E+03,  6.6040E+01,  7.3445E+02,  7.4272E+01,  3.5396E+02,  2.0910E+02,  4.9464E+02,  9.1976E+01,  2.0910E+02,  1.3783E+01,  4.2364E+01,  0.0000E+00,  3.5396E+01,  6.7168E+00,  2.2992E+01,  4.5988E+00,  2.2018E+01,  2.3969E+01,  5.3111E+01,  4.3064E+00,  6.5213E+01,  7.1753E+00,  2.5916E+01,  7.0664E+00,  7.0664E+01,  7.7768E+00,  1.9932E+01,  2.6754E+00,  1.6587E+01,  0.0000E+00,  5.3111E+00,  1.6997E+00,  6.7168E+00,  4.2364E-01,  7.0664E+00,  9.5471E-01,  4.5988E+00,  5.3111E-01,  6.3672E+00,  6.0064E-01,  3.8880E+00,  3.8880E-01,  6.7168E+00,  9.8929E-01,  1.1791E+01,  8.0136E+00,  2.3556E+01,  3.4697E+00,  3.0100E+00,  4.2364E+00,  4.5988E+01,  2.6754E+00,  0.0000E+00,  0.0000E+00,  0.0000E+00,  0.0000E+00,  0.0000E+00,  0.0000E+00,  6.3672E-01,  0.0000E+00,  1.6587E-01
  1.1000E-01,  1.0251E+10,  7.3464E+08,  3.2599E-01,  4.1489E-01,  1.0391E+01,  3.5363E+06,  1.3117E+06,  1.2866E+07,  5.4659E+02,  1.8052E+06,  1.4158E+05,  2.6698E+06,  2.4176E+05,  2.3449E+06,  9.1250E+03,  4.5520E+05,  3.4419E+03,  4.7405E+04,  7.7454E+03,  1.5179E+05,  2.3055E+02,  1.2443E+04,  1.5705E+03,  7.8320E+04,  3.7750E+04,  4.9002E+06,  1.2581E+04,  2.3509E+05,  2.5149E+03,  4.0200E+03,  1.1506E+02,  3.9760E+02,  1.9543E+01,  2.1724E+02,  2.1987E+01,  1.0476E+02,  6.1737E+01,  1.4645E+02,  2.7219E+01,  6.1736E+01,  4.0765E+00,  1.2536E+01,  0.0000E+00,  1.0476E+01,  1.9871E+00,  6.8025E+00,  1.3611E+00,  6.5099E+00,  7.0907E+00,  1.5706E+01,  1.2738E+00,  1.9299E+01,  2.1257E+00,  7.6768E+00,  2.0904E+00,  2.0905E+01,  2.3004E+00,  5.8834E+00,  7.9234E-01,  4.9009E+00,  0.0000E+00,  1.5707E+00,  5.0396E-01,  1.9873E+00,  1.2537E-01,  2.0905E+00,  2.8249E-01,  1.3613E+00,  1.5707E-01,  1.8861E+00,  1.7769E-01,  1.1507E+00,  1.1507E-01,  1.9873E+00,  2.9285E-01,  3.4879E+00,  2.3706E+00,  6.9577E+00,  1.0273E+00,  8.9089E-01,  1.2537E+00,  1.3613E+01,  7.9241E-01,  0.0000E+00,  0.0000E+00,  0.0000E+00,  0.0000E+00,  0.0000E+00,  0.0000E+00,  1.8863E-01,  0.0000E+00,  4.9016E-02,  5.8766E+10,  2.7773E+09,  1.2319E+00,  1.5673E+00,  3.3971E+01,  1.1569E+07,  4.3261E+06,  4.3132E+07,  1.8873E+03,  6.2361E+06,  4.9532E+05,  9.3463E+06,  8.5385E+05,  8.2935E+06,  3.2462E+04,  1.6158E+06,  1.2229E+04,  1.6845E+05,  2.7528E+04,  5.3964E+05,  7.5808E+02,  4.0969E+04,  5.1694E+03,  2.5771E+05,  1.2425E+05,  1.6145E+07,  4.1371E+04,  7.7307E+05,  8.2756E+03,  1.3226E+04,  3.7845E+02,  1.3076E+03,  6.4283E+01,  7.1488E+02,  7.2294E+01,  3.4453E+02,  2.0352E+02,  4.8148E+02,  8.9526E+01,  2.0352E+02,  1.3416E+01,  4.1236E+01,  0.0000E+00,  3.4453E+01,  6.5379E+00,  2.2380E+01,  4.4763E+00,  2.1432E+01,  2.3331E+01,  5.1694E+01,  4.1916E+00,  6.3477E+01,  6.9844E+00,  2.5226E+01,  6.8781E+00,  6.8781E+01,  7.5696E+00,  1.9401E+01,  2.6042E+00,  1.6145E+01,  0.0000E+00,  5.1694E+00,  1.6545E+00,  6.5379E+00,  4.1236E-01,  6.8781E+00,  9.2927E-01,  4.4763E+00,  5.1694E-01,  6.1978E+00,  5.8464E-01,  3.7845E+00,  3.7845E-01,  6.5379E+00,  9.6295E-01,  1.1477E+01,  7.8001E+00,  2.2928E+01,  3.3773E+00,  2.9298E+00,  4.1236E+00,  4.4763E+01,  2.6042E+00,  0.0000E+00,  0.0000E+00,  0.0000E+00,  0.0000E+00,  0.0000E+00,  0.0000E+00,  6.1978E-01,  0.0000E+00,  1.6145E-01
  1.2000E-01,  9.7011E+09,  7.0728E+08,  3.1385E-01,  3.9945E-01,  1.0056E+01,  3.4223E+06,  1.2690E+06,  1.2440E+07,  5.2799E+02,  1.7437E+06,  1.3670E+05,  2.5777E+06,  2.3334E+05,  2.2632E+06,  8.8051E+03,  4.3927E+05,  3.3214E+03,  4.5745E+04,  7.4740E+03,  1.4647E+05,  2.2307E+02,  1.2039E+04,  1.5195E+03,  7.5779E+04,  3.6524E+04,  4.7410E+06,  1.2173E+04,  2.2747E+05,  2.4332E+03,  3.8895E+03,  1.1133E+02,  3.8470E+02,  1.8909E+01,  2.1019E+02,  2.1274E+01,  1.0136E+02,  5.9729E+01,  1.4170E+02,  2.6336E+01,  5.9728E+01,  3.9442E+00,  1.2129E+01,  0.0000E+00,  1.0136E+01,  1.9226E+00,  6.5817E+00,  1.3170E+00,  6.2985E+00,  6.8606E+00,  1.5197E+01,  1.2325E+00,  1.8673E+01,  2.0568E+00,  7.4280E+00,  2.0226E+00,  2.0226E+01,  2.2257E+00,  5.6921E+00,  7.6665E-01,  4.7417E+00,  0.0000E+00,  1.5197E+00,  4.8764E-01,  1.9228E+00,  1.2130E-01,  2.0226E+00,  2.7332E-01,  1.3171E+00,  1.5197E-01,  1.8250E+00,  1.7192E-01,  1.1134E+00,  1.1134E-01,  1.9228E+00,  2.8336E-01,  3.3747E+00,  2.2937E+00,  6.7315E+00,  9.9396E-01,  8.6200E-01,  1.2131E+00,  1.3172E+01,  7.6673E-01,  0.0000E+00,  0.0000E+00,  0.0000E+00,  0.0000E+00,  0.0000E+00,  0.0000E+00,  1.8251E-01,  0.0000E+00,  4.7423E-02,  5.1137E+10,  2.6964E+09,  1.1960E+00,  1.5217E+00,  3.3016E+01,  1.1243E+07,  4.2042E+06,  4.1916E+07,  1.8336E+03,  6.0588E+06,  4.8120E+05,  9.0798E+06,  8.2951E+05,  8.0569E+06,  3.1532E+04,  1.5696E+06,  1.1879E+04,  1.6363E+05,  2.6740E+04,  5.2419E+05,  7.3736E+02,  3.9847E+04,  5.0278E+03,  2.5066E+05,  1.2085E+05,  1.5703E+07,  4.0239E+04,  7.5193E+05,  8.0490E+03,  1.2864E+04,  3.6809E+02,  1.2718E+03,  6.2525E+01,  6.9532E+02,  7.0317E+01,  3.3510E+02,  1.9795E+02,  4.6831E+02,  8.7076E+01,  1.9795E+02,  1.3049E+01,  4.0108E+01,  0.0000E+00,  3.3510E+01,  6.3590E+00,  2.1768E+01,  4.3538E+00,  2.0846E+01,  2.2692E+01,  5.0278E+01,  4.0769E+00,  6.1741E+01,  6.7934E+00,  2.4537E+01,  6.6897E+00,  6.6897E+01,  7.3624E+00,  1.8870E+01,  2.5330E+00,  1.5703E+01,  0.0000E+00,  5.0278E+00,  1.6092E+00,  6.3590E+00,  4.0108E-01,  6.6897E+00,  9.0383E-01,  4.3538E+00,  5.0278E-01,  6.0283E+00,  5.6864E-01,  3.6809E+00,  3.6809E-01,  6.3590E+00,  9.3662E-01,  1.1163E+01,  7.5866E+00,  2.2300E+01,  3.2849E+00,  2.8497E+00,  4.0108E+00,  4.3538E+01,  2.5330E+00,  0.0000E+00,  0.0000E+00,  0.0000E+00,  0.0000E+00,  0.0000E+00,  0.0000E+00,  6.0283E-01,  0.0000E+00,  1.5703E-01
  1.4000E-01,  8.7902E+09,  6.5497E+08,  2.9065E-01,  3.6993E-01,  9.4153E+00,  3.2039E+06,  1.1874E+06,  1.1626E+07,  4.9239E+02,  1.6261E+06,  1.2735E+05,  2.4015E+06,  2.1724E+05,  2.1068E+06,  8.1930E+03,  4.0881E+05,  3.0908E+03,  4.2569E+04,  6.9550E+03,  1.3630E+05,  2.0874E+02,  1.1265E+04,  1.4218E+03,  7.0906E+04,  3.4175E+04,  4.4358E+06,  1.1391E+04,  2.1285E+05,  2.2768E+03,  3.6395E+03,  1.0417E+02,  3.5998E+02,  1.7693E+01,  1.9667E+02,  1.9907E+01,  9.4849E+01,  5.5882E+01,  1.3260E+02,  2.4643E+01,  5.5881E+01,  3.6905E+00,  1.1349E+01,  0.0000E+00,  9.4847E+00,  1.7990E+00,  6.1586E+00,  1.2323E+00,  5.8933E+00,  6.4195E+00,  1.4219E+01,  1.1533E+00,  1.7472E+01,  1.9248E+00,  6.9511E+00,  1.8926E+00,  1.8926E+01,  2.0826E+00,  5.3253E+00,  7.1742E-01,  4.4364E+00,  0.0000E+00,  1.4220E+00,  4.5636E-01,  1.7992E+00,  1.1350E-01,  1.8926E+00,  2.5575E-01,  1.2325E+00,  1.4220E-01,  1.7078E+00,  1.6087E-01,  1.0419E+00,  1.0419E-01,  1.7992E+00,  2.6515E-01,  3.1577E+00,  2.1462E+00,  6.2981E+00,  9.3011E-01,  8.0661E-01,  1.1351E+00,  1.2325E+01,  7.1749E-01,  0.0000E+00,  0.0000E+00,  0.0000E+00,  0.0000E+00,  0.0000E+00,  0.0000E+00,  1.7079E-01,  0.0000E+00,  4.4371E-02,  3.9951E+10,  2.5346E+09,  1.1243E+00,  1.4304E+00,  3.1105E+01,  1.0593E+07,  3.9606E+06,  3.9485E+07,  1.7263E+03,  5.7042E+06,  4.5297E+05,  8.5468E+06,  7.8083E+05,  7.5837E+06,  2.9673E+04,  1.4772E+06,  1.1180E+04,  1.5399E+05,  2.5165E+04,  4.9329E+05,  6.9592E+02,  3.7604E+04,  4.7445E+03,  2.3656E+05,  1.1405E+05,  1.4818E+07,  3.7975E+04,  7.0965E+05,  7.5957E+03,  1.2140E+04,  3.4738E+02,  1.2003E+03,  5.9011E+01,  6.5618E+02,  6.6361E+01,  3.1625E+02,  1.8679E+02,  4.4198E+02,  8.2176E+01,  1.8679E+02,  1.2314E+01,  3.7851E+01,  0.0000E+00,  3.1625E+01,  6.0013E+00,  2.0543E+01,  4.1088E+00,  1.9673E+01,  2.1416E+01,  4.7445E+01,  3.8474E+00,  5.8268E+01,  6.4115E+00,  2.3157E+01,  6.3131E+00,  6.3131E+01,  6.9479E+00,  1.7807E+01,  2.3905E+00,  1.4818E+01,  0.0000E+00,  4.7445E+00,  1.5188E+00,  6.0013E+00,  3.7851E-01,  6.3131E+00,  8.5294E-01,  4.1088E+00,  4.7445E-01,  5.6895E+00,  5.3664E-01,  3.4738E+00,  3.4738E-01,  6.0013E+00,  8.8395E-01,  1.0534E+01,  7.1595E+00,  2.1044E+01,  3.1001E+00,  2.6893E+00,  3.7851E+00,  4.1088E+01,  2.3905E+00,  0.0000E+00,  0.0000E+00,  0.0000E+00,  0.0000E+00,  0.0000E+00,  0.0000E+00,  5.6895E-01,  0.0000E+00,  1.4818E-01
  1.6000E-01,  8.0707E+09,  6.0589E+08,  2.6888E-01,  3.4223E-01,  8.8123E+00,  2.9985E+06,  1.1106E+06,  1.0861E+07,  4.5893E+02,  1.5156E+06,  1.1858E+05,  2.2358E+06,  2.0211E+05,  1.9598E+06,  7.6181E+03,  3.8019E+05,  2.8742E+03,  3.9585E+04,  6.4675E+03,  1.2674E+05,  1.9523E+02,  1.0535E+04,  1.3297E+03,  6.6316E+04,  3.1962E+04,  4.1483E+06,  1.0654E+04,  1.9908E+05,  2.1294E+03,  3.4039E+03,  9.7430E+01,  3.3669E+02,  1.6548E+01,  1.8394E+02,  1.8619E+01,  8.8713E+01,  5.2258E+01,  1.2402E+02,  2.3049E+01,  5.2256E+01,  3.4516E+00,  1.0615E+01,  0.0000E+00,  8.8711E+00,  1.6825E+00,  5.7600E+00,  1.1526E+00,  5.5116E+00,  6.0040E+00,  1.3299E+01,  1.0786E+00,  1.6342E+01,  1.8003E+00,  6.5017E+00,  1.7701E+00,  1.7701E+01,  1.9478E+00,  4.9798E+00,  6.7104E-01,  4.1489E+00,  0.0000E+00,  1.3299E+00,  4.2689E-01,  1.6827E+00,  1.0616E-01,  1.7701E+00,  2.3920E-01,  1.1528E+00,  1.3300E-01,  1.5974E+00,  1.5046E-01,  9.7446E-01,  9.7446E-02,  1.6828E+00,  2.4800E-01,  2.9533E+00,  2.0073E+00,  5.8898E+00,  8.6996E-01,  7.5442E-01,  1.0617E+00,  1.1528E+01,  6.7111E-01,  0.0000E+00,  0.0000E+00,  0.0000E+00,  0.0000E+00,  0.0000E+00,  0.0000E+00,  1.5975E-01,  0.0000E+00,  4.1496E-02,  3.1995E+10,  2.3728E+09,  1.0525E+00,  1.3391E+00,  2.9195E+01,  9.9425E+06,  3.7170E+06,  3.7054E+07,  1.6190E+03,  5.3496E+06,  4.2473E+05,  8.0138E+06,  7.3215E+05,  7.1106E+06,  2.7814E+04,  1.3848E+06,  1.0480E+04,  1.4435E+05,  2.3589E+04,  4.6239E+05,  6.5447E+02,  3.5361E+04,  4.4613E+03,  2.2246E+05,  1.0725E+05,  1.3934E+07,  3.5711E+04,  6.6737E+05,  7.1425E+03,  1.1416E+04,  3.2667E+02,  1.1287E+03,  5.5496E+01,  6.1705E+02,  6.2406E+01,  2.9740E+02,  1.7564E+02,  4.1564E+02,  7.7277E+01,  1.7564E+02,  1.1580E+01,  3.5594E+01,  0.0000E+00,  2.9740E+01,  5.6435E+00,  1.9319E+01,  3.8638E+00,  1.8500E+01,  2.0139E+01,  4.4613E+01,  3.6180E+00,  5.4795E+01,  6.0297E+00,  2.1777E+01,  5.9364E+00,  5.9364E+01,  6.5335E+00,  1.6744E+01,  2.2480E+00,  1.3934E+01,  0.0000E+00,  4.4613E+00,  1.4284E+00,  5.6435E+00,  3.5594E-01,  5.9364E+00,  8.0206E-01,  3.8638E+00,  4.4613E-01,  5.3506E+00,  5.0464E-01,  3.2667E+00,  3.2667E-01,  5.6435E+00,  8.3128E-01,  9.9057E+00,  6.7325E+00,  1.9788E+01,  2.9154E+00,  2.5290E+00,  3.5594E+00,  3.8638E+01,  2.2480E+00,  0.0000E+00,  0.0000E+00,  0.0000E+00,  0.0000E+00,  0.0000E+00,  0.0000E+00,  5.3506E-01,  0.0000E+00,  1.3934E-01
  1.8000E-01,  7.4876E+09,  5.6005E+08,  2.4854E-01,  3.1636E-01,  8.2475E+00,  2.8062E+06,  1.0387E+06,  1.0144E+07,  4.2763E+02,  1.4121E+06,  1.1037E+05,  2.0809E+06,  1.8796E+05,  1.8224E+06,  7.0804E+03,  3.5342E+05,  2.6716E+03,  3.6795E+04,  6.0114E+03,  1.1780E+05,  1.8256E+02,  9.8503E+03,  1.2434E+03,  6.2008E+04,  2.9885E+04,  3.8784E+06,  9.9625E+03,  1.8616E+05,  1.9911E+03,  3.1828E+03,  9.1104E+01,  3.1483E+02,  1.5473E+01,  1.7199E+02,  1.7411E+01,  8.2953E+01,  4.8856E+01,  1.1598E+02,  2.1552E+01,  4.8855E+01,  3.2273E+00,  9.9254E+00,  0.0000E+00,  8.2952E+00,  1.5732E+00,  5.3859E+00,  1.0778E+00,  5.1533E+00,  5.6140E+00,  1.2435E+01,  1.0085E+00,  1.5281E+01,  1.6836E+00,  6.0800E+00,  1.6551E+00,  1.6551E+01,  1.8213E+00,  4.6555E+00,  6.2750E-01,  3.8791E+00,  0.0000E+00,  1.2435E+00,  3.9923E-01,  1.5735E+00,  9.9267E-02,  1.6552E+00,  2.2367E-01,  1.0779E+00,  1.2436E-01,  1.4938E+00,  1.4068E-01,  9.1120E-01,  9.1120E-02,  1.5735E+00,  2.3190E-01,  2.7615E+00,  1.8769E+00,  5.5065E+00,  8.1350E-01,  7.0545E-01,  9.9274E-01,  1.0780E+01,  6.2757E-01,  0.0000E+00,  0.0000E+00,  0.0000E+00,  0.0000E+00,  0.0000E+00,  0.0000E+00,  1.4939E-01,  0.0000E+00,  3.8797E-02,  2.6322E+10,  2.2110E+09,  9.8074E-01,  1.2478E+00,  2.7284E+01,  9.2920E+06,  3.4734E+06,  3.4624E+07,  1.5116E+03,  4.9950E+06,  3.9650E+05,  7.4809E+06,  6.8347E+05,  6.6374E+06,  2.5955E+04,  1.2923E+06,  9.7799E+03,  1.3471E+05,  2.2013E+04,  4.3149E+05,  6.1303E+02,  3.3118E+04,  4.1780E+03,  2.0836E+05,  1.0045E+05,  1.3049E+07,  3.3447E+04,  6.2509E+05,  6.6893E+03,  1.0692E+04,  3.0596E+02,  1.0571E+03,  5.1981E+01,  5.7792E+02,  5.8451E+01,  2.7854E+02,  1.6449E+02,  3.8931E+02,  7.2377E+01,  1.6449E+02,  1.0846E+01,  3.3337E+01,  0.0000E+00,  2.7854E+01,  5.2857E+00,  1.8094E+01,  3.6189E+00,  1.7327E+01,  1.8862E+01,  4.1780E+01,  3.3885E+00,  5.1322E+01,  5.6478E+00,  2.0398E+01,  5.5598E+00,  5.5598E+01,  6.1191E+00,  1.5681E+01,  2.1055E+00,  1.3049E+01,  0.0000E+00,  4.1780E+00,  1.3379E+00,  5.2857E+00,  3.3337E-01,  5.5598E+00,  7.5118E-01,  3.6189E+00,  4.1780E-01,  5.0117E+00,  4.7264E-01,  3.0596E+00,  3.0596E-01,  5.2857E+00,  7.7862E-01,  9.2773E+00,  6.3055E+00,  1.8532E+01,  2.7306E+00,  2.3687E+00,  3.3337E+00,  3.6189E+01,  2.1055E+00,  0.0000E+00,  0.0000E+00,  0.0000E+00,  0.0000E+00,  0.0000E+00,  0.0000E+00,  5.0117E-01,  0.0000E+00,  1.3049E-01
  2.0000E-01,  7.0032E+09,  5.1745E+08,  2.2965E-01,  2.9232E-01,  7.7209E+00,  2.6269E+06,  9.7165E+05,  9.4760E+06,  3.9847E+02,  1.3158E+06,  1.0272E+05,  1.9366E+06,  1.7477E+05,  1.6943E+06,  6.5799E+03,  3.2849E+05,  2.4830E+03,  3.4197E+04,  5.5870E+03,  1.0948E+05,  1.7071E+02,  9.2104E+03,  1.1626E+03,  5.7982E+04,  2.7944E+04,  3.6263E+06,  9.3162E+03,  1.7408E+05,  1.8618E+03,  2.9762E+03,  8.5192E+01,  2.9440E+02,  1.4469E+01,  1.6082E+02,  1.6281E+01,  7.7571E+01,  4.5678E+01,  1.0845E+02,  2.0154E+01,  4.5677E+01,  3.0178E+00,  9.2813E+00,  0.0000E+00,  7.7569E+00,  1.4711E+00,  5.0362E+00,  1.0079E+00,  4.8185E+00,  5.2495E+00,  1.1628E+01,  9.4306E-01,  1.4289E+01,  1.5744E+00,  5.6858E+00,  1.5477E+00,  1.5477E+01,  1.7030E+00,  4.3525E+00,  5.8681E-01,  3.6269E+00,  0.0000E+00,  1.1628E+00,  3.7337E-01,  1.4713E+00,  9.2825E-02,  1.5477E+00,  2.0916E-01,  1.0080E+00,  1.1628E-01,  1.3969E+00,  1.3155E-01,  8.5208E-01,  8.5207E-02,  1.4714E+00,  2.1685E-01,  2.5822E+00,  1.7551E+00,  5.1485E+00,  7.6073E-01,  6.5967E-01,  9.2832E-01,  1.0081E+01,  5.8688E-01,  0.0000E+00,  0.0000E+00,  0.0000E+00,  0.0000E+00,  0.0000E+00,  0.0000E+00,  1.3971E-01,  0.0000E+00,  3.6276E-02,  2.2114E+10,  2.0493E+09,  9.0897E-01,  1.1565E+00,  2.5374E+01,  8.6415E+06,  3.2298E+06,  3.2193E+07,  1.4043E+03,  4.6403E+06,  3.6827E+05,  6.9479E+06,  6.3479E+05,  6.1642E+06,  2.4096E+04,  1.1999E+06,  9.0802E+03,  1.2506E+05,  2.0437E+04,  4.0059E+05,  5.7159E+02,  3.0874E+04,  3.8947E+03,  1.9426E+05,  9.3653E+04,  1.2165E+07,  3.1183E+04,  5.8281E+05,  6.2360E+03,  9.9681E+03,  2.8525E+02,  9.8560E+02,  4.8467E+01,  5.3878E+02,  5.4495E+01,  2.5969E+02,  1.5333E+02,  3.6297E+02,  6.7478E+01,  1.5333E+02,  1.0111E+01,  3.1081E+01,  0.0000E+00,  2.5969E+01,  4.9280E+00,  1.6870E+01,  3.3739E+00,  1.6154E+01,  1.7585E+01,  3.8947E+01,  3.1591E+00,  4.7850E+01,  5.2659E+00,  1.9018E+01,  5.1831E+00,  5.1831E+01,  5.7047E+00,  1.4618E+01,  1.9631E+00,  1.2165E+01,  0.0000E+00,  3.8947E+00,  1.2475E+00,  4.9280E+00,  3.1081E-01,  5.1831E+00,  7.0029E-01,  3.3739E+00,  3.8947E-01,  4.6728E+00,  4.4064E-01,  2.8525E+00,  2.8525E-01,  4.9280E+00,  7.2595E-01,  8.6488E+00,  5.8785E+00,  1.7277E+01,  2.5459E+00,  2.2084E+00,  3.1081E+00,  3.3739E+01,  1.9631E+00,  0.0000E+00,  0.0000E+00,  0.0000E+00,  0.0000E+00,  0.0000E+00,  0.0000E+00,  4.6728E-01,  0.0000E+00,  1.2165E-01
  2.2000E-01,  6.5926E+09,  4.7808E+08,  2.1219E-01,  2.7010E-01,  7.2325E+00,  2.4605E+06,  9.0949E+05,  8.8565E+06,  3.7146E+02,  1.2265E+06,  9.5635E+04,  1.8030E+06,  1.6256E+05,  1.5758E+06,  6.1166E+03,  3.0542E+05,  2.3084E+03,  3.1792E+04,  5.1940E+03,  1.0178E+05,  1.5969E+02,  8.6153E+03,  1.0876E+03,  5.4238E+04,  2.6139E+04,  3.3918E+06,  8.7152E+03,  1.6285E+05,  1.7416E+03,  2.7841E+03,  7.9694E+01,  2.7541E+02,  1.3535E+01,  1.5044E+02,  1.5231E+01,  7.2566E+01,  4.2723E+01,  1.0146E+02,  1.8853E+01,  4.2722E+01,  2.8229E+00,  8.6822E+00,  0.0000E+00,  7.2564E+00,  1.3761E+00,  4.7111E+00,  9.4283E-01,  4.5072E+00,  4.9106E+00,  1.0877E+01,  8.8217E-01,  1.3367E+01,  1.4729E+00,  5.3192E+00,  1.4478E+00,  1.4478E+01,  1.5931E+00,  4.0708E+00,  5.4898E-01,  3.3925E+00,  0.0000E+00,  1.0878E+00,  3.4933E-01,  1.3763E+00,  8.6834E-02,  1.4478E+00,  1.9566E-01,  9.4297E-01,  1.0878E-01,  1.3069E+00,  1.2306E-01,  7.9710E-01,  7.9710E-02,  1.3764E+00,  2.0286E-01,  2.4155E+00,  1.6418E+00,  4.8155E+00,  7.1166E-01,  6.1711E-01,  8.6841E-01,  9.4304E+00,  5.4905E-01,  0.0000E+00,  0.0000E+00,  0.0000E+00,  0.0000E+00,  0.0000E+00,  0.0000E+00,  1.3070E-01,  0.0000E+00,  3.3931E-02,  1.8946E+10,  1.8875E+09,  8.3721E-01,  1.0653E+00,  2.3463E+01,  7.9911E+06,  2.9862E+06,  2.9762E+07,  1.2970E+03,  4.2857E+06,  3.4004E+05,  6.4149E+06,  5.8611E+05,  5.6910E+06,  2.2237E+04,  1.1075E+06,  8.3804E+03,  1.1542E+05,  1.8861E+04,  3.6970E+05,  5.3015E+02,  2.8631E+04,  3.6114E+03,  1.8016E+05,  8.6854E+04,  1.1281E+07,  2.8919E+04,  5.4052E+05,  5.7828E+03,  9.2442E+03,  2.6454E+02,  9.1404E+02,  4.4952E+01,  4.9965E+02,  5.0540E+01,  2.4084E+02,  1.4218E+02,  3.3664E+02,  6.2578E+01,  1.4218E+02,  9.3767E+00,  2.8824E+01,  0.0000E+00,  2.4084E+01,  4.5702E+00,  1.5646E+01,  3.1289E+00,  1.4981E+01,  1.6308E+01,  3.6114E+01,  2.9296E+00,  4.4377E+01,  4.8840E+00,  1.7638E+01,  4.8065E+00,  4.8065E+01,  5.2903E+00,  1.3556E+01,  1.8206E+00,  1.1281E+01,  0.0000E+00,  3.6114E+00,  1.1570E+00,  4.5702E+00,  2.8824E-01,  4.8065E+00,  6.4941E-01,  3.1289E+00,  3.6114E-01,  4.3339E+00,  4.0864E-01,  2.6454E+00,  2.6454E-01,  4.5702E+00,  6.7328E-01,  8.0204E+00,  5.4515E+00,  1.6021E+01,  2.3611E+00,  2.0481E+00,  2.8824E+00,  3.1289E+01,  1.8206E+00,  0.0000E+00,  0.0000E+00,  0.0000E+00,  0.0000E+00,  0.0000E+00,  0.0000E+00,  4.3339E-01,  0.0000E+00,  1.1281E-01
  2.5000E-01,  6.0775E+09,  4.2510E+08,  1.8868E-01,  2.4020E-01,  6.5716E+00,  2.2354E+06,  8.2538E+05,  8.0183E+06,  3.3496E+02,  1.1059E+06,  8.6069E+04,  1.6225E+06,  1.4608E+05,  1.4157E+06,  5.4913E+03,  2.7428E+05,  2.0727E+03,  2.8546E+04,  4.6636E+03,  9.1385E+04,  1.4472E+02,  7.8069E+03,  9.8559E+02,  4.9150E+04,  2.3687E+04,  3.0733E+06,  7.8986E+03,  1.4758E+05,  1.5784E+03,  2.5231E+03,  7.2224E+01,  2.4959E+02,  1.2265E+01,  1.3633E+02,  1.3804E+01,  6.5765E+01,  3.8708E+01,  9.1950E+01,  1.7086E+01,  3.8707E+01,  2.5581E+00,  7.8683E+00,  0.0000E+00,  6.5763E+00,  1.2471E+00,  4.2693E+00,  8.5448E-01,  4.0841E+00,  4.4501E+00,  9.8573E+00,  7.9945E-01,  1.2114E+01,  1.3350E+00,  4.8211E+00,  1.3121E+00,  1.3121E+01,  1.4437E+00,  3.6880E+00,  4.9757E-01,  3.0740E+00,  0.0000E+00,  9.8578E-01,  3.1665E-01,  1.2473E+00,  7.8695E-02,  1.3121E+00,  1.7732E-01,  8.5462E-01,  9.8581E-02,  1.1845E+00,  1.1152E-01,  7.2240E-01,  7.2239E-02,  1.2473E+00,  1.8385E-01,  2.1891E+00,  1.4878E+00,  4.3631E+00,  6.4498E-01,  5.5927E-01,  7.8702E-01,  8.5468E+00,  4.9764E-01,  0.0000E+00,  0.0000E+00,  0.0000E+00,  0.0000E+00,  0.0000E+00,  0.0000E+00,  1.1846E-01,  0.0000E+00,  3.0746E-02,  1.5397E+10,  1.6448E+09,  7.2957E-01,  9.2835E-01,  2.0597E+01,  7.0153E+06,  2.6207E+06,  2.6115E+07,  1.1360E+03,  3.7538E+06,  2.9769E+05,  5.6154E+06,  5.1308E+05,  4.9813E+06,  1.9448E+04,  9.6881E+05,  7.3307E+03,  1.0096E+05,  1.6497E+04,  3.2335E+05,  4.6798E+02,  2.5267E+04,  3.1865E+03,  1.5901E+05,  7.6656E+04,  9.9539E+06,  2.5523E+04,  4.7710E+05,  5.1029E+03,  8.1583E+03,  2.3347E+02,  8.0671E+02,  3.9680E+01,  4.4095E+02,  4.4607E+01,  2.1256E+02,  1.2545E+02,  2.9714E+02,  5.5229E+01,  1.2545E+02,  8.2751E+00,  2.5439E+01,  0.0000E+00,  2.1256E+01,  4.0336E+00,  1.3809E+01,  2.7614E+00,  1.3221E+01,  1.4393E+01,  3.1865E+01,  2.5855E+00,  3.9168E+01,  4.3111E+00,  1.5569E+01,  4.2415E+00,  4.2415E+01,  4.6686E+00,  1.1961E+01,  1.6069E+00,  9.9539E+00,  0.0000E+00,  3.1865E+00,  1.0214E+00,  4.0336E+00,  2.5439E-01,  4.2415E+00,  5.7308E-01,  2.7614E+00,  3.1865E-01,  3.8256E+00,  3.6064E-01,  2.3347E+00,  2.3347E-01,  4.0336E+00,  5.9428E-01,  7.0777E+00,  4.8110E+00,  1.4137E+01,  2.0840E+00,  1.8076E+00,  2.5439E+00,  2.7614E+01,  1.6069E+00,  0.0000E+00,  0.0000E+00,  0.0000E+00,  0.0000E+00,  0.0000E+00,  0.0000E+00,  3.8256E-01,  0.0000E+00,  9.9539E-02
  2.8000E-01,  5.6546E+09,  3.7939E+08,  1.6841E-01,  2.1440E-01,  5.9967E+00,  2.0396E+06,  7.5224E+05,  7.2896E+06,  3.0330E+02,  1.0013E+06,  7.7773E+04,  1.4661E+06,  1.3178E+05,  1.2769E+06,  4.9497E+03,  2.4729E+05,  1.8686E+03,  2.5735E+04,  4.2041E+03,  8.2380E+04,  1.3162E+02,  7.0993E+03,  8.9637E+02,  4.4697E+04,  2.1540E+04,  2.7946E+06,  7.1839E+03,  1.3422E+05,  1.4355E+03,  2.2946E+03,  6.5685E+01,  2.2700E+02,  1.1154E+01,  1.2398E+02,  1.2555E+01,  5.9812E+01,  3.5196E+01,  8.3628E+01,  1.5540E+01,  3.5195E+01,  2.3264E+00,  7.1559E+00,  0.0000E+00,  5.9811E+00,  1.1341E+00,  3.8825E+00,  7.7715E-01,  3.7139E+00,  4.0470E+00,  8.9651E+00,  7.2705E-01,  1.1017E+01,  1.2143E+00,  4.3851E+00,  1.1933E+00,  1.1933E+01,  1.3130E+00,  3.3531E+00,  4.5257E-01,  2.7953E+00,  0.0000E+00,  8.9656E-01,  2.8804E-01,  1.1343E+00,  7.1571E-02,  1.1933E+00,  1.6128E-01,  7.7729E-01,  8.9658E-02,  1.0773E+00,  1.0142E-01,  6.5701E-01,  6.5701E-02,  1.1344E+00,  1.6720E-01,  1.9909E+00,  1.3531E+00,  3.9673E+00,  5.8662E-01,  5.0865E-01,  7.1578E-01,  7.7735E+00,  4.5264E-01,  0.0000E+00,  0.0000E+00,  0.0000E+00,  0.0000E+00,  0.0000E+00,  0.0000E+00,  1.0775E-01,  0.0000E+00,  2.7959E-02,  1.2794E+10,  1.4021E+09,  6.2192E-01,  7.9144E-01,  1.7732E+01,  6.0396E+06,  2.2553E+06,  2.2469E+07,  9.7498E+02,  3.2219E+06,  2.5534E+05,  4.8160E+06,  4.4006E+05,  4.2715E+06,  1.6659E+04,  8.3017E+05,  6.2810E+03,  8.6497E+04,  1.4134E+04,  2.7700E+05,  4.0582E+02,  2.1902E+04,  2.7616E+03,  1.3786E+05,  6.6458E+04,  8.6272E+06,  2.2127E+04,  4.1368E+05,  4.4231E+03,  7.0724E+03,  2.0241E+02,  6.9938E+02,  3.4408E+01,  3.8225E+02,  3.8674E+01,  1.8428E+02,  1.0872E+02,  2.5764E+02,  4.7879E+01,  1.0872E+02,  7.1735E+00,  2.2054E+01,  0.0000E+00,  1.8428E+01,  3.4969E+00,  1.1973E+01,  2.3940E+00,  1.1462E+01,  1.2478E+01,  2.7616E+01,  2.2413E+00,  3.3959E+01,  3.7383E+00,  1.3499E+01,  3.6765E+00,  3.6765E+01,  4.0470E+00,  1.0367E+01,  1.3932E+00,  8.6272E+00,  0.0000E+00,  2.7616E+00,  8.8574E-01,  3.4969E+00,  2.2054E-01,  3.6765E+00,  4.9675E-01,  2.3940E+00,  2.7616E-01,  3.3173E+00,  3.1265E-01,  2.0241E+00,  2.0241E-01,  3.4969E+00,  5.1528E-01,  6.1350E+00,  4.1705E+00,  1.2253E+01,  1.8068E+00,  1.5672E+00,  2.2054E+00,  2.3940E+01,  1.3932E+00,  0.0000E+00,  0.0000E+00,  0.0000E+00,  0.0000E+00,  0.0000E+00,  0.0000E+00,  3.3173E-01,  0.0000E+00,  8.6272E-02
  3.2000E-01,  5.1935E+09,  3.2978E+08,  1.4641E-01,  1.8639E-01,  5.3638E+00,  1.8240E+06,  6.7178E+05,  6.4881E+06,  2.6859E+02,  8.8659E+05,  6.8689E+04,  1.2947E+06,  1.1612E+05,  1.1250E+06,  4.3577E+03,  2.1778E+05,  1.6453E+03,  2.2660E+04,  3.7018E+03,  7.2536E+04,  1.1704E+02,  6.3130E+03,  7.9724E+02,  3.9747E+04,  1.9154E+04,  2.4849E+06,  6.3894E+03,  1.1937E+05,  1.2767E+03,  2.0407E+03,  5.8418E+01,  2.0189E+02,  9.9183E+00,  1.1026E+02,  1.1166E+01,  5.3196E+01,  3.1293E+01,  7.4376E+01,  1.3820E+01,  3.1292E+01,  2.0688E+00,  6.3640E+00,  0.0000E+00,  5.3194E+00,  1.0085E+00,  3.4526E+00,  6.9119E-01,  3.3023E+00,  3.5990E+00,  7.9738E+00,  6.4657E-01,  9.7972E+00,  1.0800E+00,  3.9003E+00,  1.0613E+00,  1.0613E+01,  1.1676E+00,  2.9809E+00,  4.0254E-01,  2.4855E+00,  0.0000E+00,  7.9743E-01,  2.5623E-01,  1.0088E+00,  6.3652E-02,  1.0614E+00,  1.4344E-01,  6.9133E-01,  7.9745E-02,  9.5818E-01,  9.0192E-02,  5.8434E-01,  5.8433E-02,  1.0088E+00,  1.4870E-01,  1.7706E+00,  1.2034E+00,  3.5274E+00,  5.2174E-01,  4.5238E-01,  6.3659E-01,  6.9139E+00,  4.0261E-01,  0.0000E+00,  0.0000E+00,  0.0000E+00,  0.0000E+00,  0.0000E+00,  0.0000E+00,  9.5834E-02,  0.0000E+00,  2.4862E-02,  1.0261E+10,  1.0786E+09,  4.7840E-01,  6.0888E-01,  1.3911E+01,  4.7387E+06,  1.7681E+06,  1.7607E+07,  7.6032E+02,  2.5126E+06,  1.9887E+05,  3.7500E+06,  3.4270E+05,  3.3252E+06,  1.2941E+04,  6.4530E+05,  4.8814E+03,  6.7213E+04,  1.0982E+04,  2.1521E+05,  3.2294E+02,  1.7416E+04,  2.1951E+03,  1.0965E+05,  5.2861E+04,  6.8583E+06,  1.7598E+04,  3.2912E+05,  3.5166E+03,  5.6246E+03,  1.6098E+02,  5.5628E+02,  2.7378E+01,  3.0398E+02,  3.0763E+01,  1.4657E+02,  8.6419E+01,  2.0497E+02,  3.8080E+01,  8.6419E+01,  5.7046E+00,  1.7540E+01,  0.0000E+00,  1.4657E+01,  2.7814E+00,  9.5238E+00,  1.9040E+00,  9.1159E+00,  9.9241E+00,  2.1951E+01,  1.7824E+00,  2.7013E+01,  2.9745E+00,  1.0740E+01,  2.9232E+00,  2.9232E+01,  3.2182E+00,  8.2417E+00,  1.1082E+00,  6.8583E+00,  0.0000E+00,  2.1951E+00,  7.0486E-01,  2.7814E+00,  1.7540E-01,  2.9232E+00,  3.9498E-01,  1.9040E+00,  2.1951E-01,  2.6395E+00,  2.4865E-01,  1.6098E+00,  1.6098E-01,  2.7814E+00,  4.0994E-01,  4.8781E+00,  3.3165E+00,  9.7415E+00,  1.4373E+00,  1.2465E+00,  1.7540E+00,  1.9040E+01,  1.1082E+00,  0.0000E+00,  0.0000E+00,  0.0000E+00,  0.0000E+00,  0.0000E+00,  0.0000E+00,  2.6395E-01,  0.0000E+00,  6.8583E-02
  3.5000E-01,  4.9067E+09,  3.0106E+08,  1.3367E-01,  1.7018E-01,  4.9895E+00,  1.6965E+06,  6.2421E+05,  6.0145E+06,  2.4820E+02,  8.1919E+05,  6.3358E+04,  1.1942E+06,  1.0694E+05,  1.0359E+06,  4.0113E+03,  2.0050E+05,  1.5146E+03,  2.0861E+04,  3.4078E+03,  6.6775E+04,  1.0828E+02,  5.8410E+03,  7.3776E+02,  3.6775E+04,  1.7721E+04,  2.2990E+06,  5.9124E+03,  1.1044E+05,  1.1814E+03,  1.8882E+03,  5.4054E+01,  1.8681E+02,  9.1760E+00,  1.0202E+02,  1.0332E+01,  4.9223E+01,  2.8951E+01,  6.8819E+01,  1.2788E+01,  2.8950E+01,  1.9142E+00,  5.8886E+00,  0.0000E+00,  4.9221E+00,  9.3316E-01,  3.1944E+00,  6.3958E-01,  3.0553E+00,  3.3300E+00,  7.3790E+00,  5.9826E-01,  9.0649E+00,  9.9937E-01,  3.6092E+00,  9.8207E-01,  9.8212E+00,  1.0804E+00,  2.7576E+00,  3.7250E-01,  2.2997E+00,  0.0000E+00,  7.3795E-01,  2.3712E-01,  9.3336E-01,  5.8898E-02,  9.8213E-01,  1.3274E-01,  6.3972E-01,  7.3797E-02,  8.8662E-01,  8.3453E-02,  5.4070E-01,  5.4070E-02,  9.3340E-01,  1.3759E-01,  1.6384E+00,  1.1135E+00,  3.2634E+00,  4.8278E-01,  4.1859E-01,  5.8905E-01,  6.3978E+00,  3.7257E-01,  0.0000E+00,  0.0000E+00,  0.0000E+00,  0.0000E+00,  0.0000E+00,  0.0000E+00,  8.8677E-02,  0.0000E+00,  2.3003E-02,  8.8586E+09,  8.3590E+08,  3.7075E-01,  4.7197E-01,  1.1045E+01,  3.7629E+06,  1.4027E+06,  1.3961E+07,  5.9933E+02,  1.9807E+06,  1.5652E+05,  2.9506E+06,  2.6968E+05,  2.6154E+06,  1.0153E+04,  5.0666E+05,  3.8317E+03,  5.2750E+04,  8.6182E+03,  1.6886E+05,  2.6078E+02,  1.4051E+04,  1.7701E+03,  8.8503E+04,  4.2663E+04,  5.5317E+06,  1.4202E+04,  2.6570E+05,  2.8367E+03,  4.5387E+03,  1.2992E+02,  4.4895E+02,  2.2106E+01,  2.4528E+02,  2.4830E+01,  1.1829E+02,  6.9690E+01,  1.6547E+02,  3.0731E+01,  6.9690E+01,  4.6030E+00,  1.4155E+01,  0.0000E+00,  1.1829E+01,  2.2447E+00,  7.6873E+00,  1.5365E+00,  7.3564E+00,  8.0088E+00,  1.7701E+01,  1.4382E+00,  2.1804E+01,  2.4016E+00,  8.6706E+00,  2.3583E+00,  2.3583E+01,  2.5965E+00,  6.6475E+00,  8.9449E-01,  5.5317E+00,  0.0000E+00,  1.7702E+00,  5.6920E-01,  2.2447E+00,  1.4155E-01,  2.3583E+00,  3.1866E-01,  1.5365E+00,  1.7701E-01,  2.1312E+00,  2.0065E-01,  1.2992E+00,  1.2992E-01,  2.2447E+00,  3.3094E-01,  3.9355E+00,  2.6759E+00,  7.8578E+00,  1.1602E+00,  1.0061E+00,  1.4155E+00,  1.5365E+01,  8.9449E-01,  0.0000E+00,  0.0000E+00,  0.0000E+00,  0.0000E+00,  0.0000E+00,  0.0000E+00,  2.1312E-01,  0.0000E+00,  5.5317E-02
  4.0000E-01,  4.5067E+09,  2.6720E+08,  1.1865E-01,  1.5106E-01,  4.5316E+00,  1.5405E+06,  5.6611E+05,  5.4365E+06,  2.2352E+02,  7.3763E+05,  5.6923E+04,  1.0729E+06,  9.5853E+04,  9.2840E+05,  3.5952E+03,  1.7972E+05,  1.3575E+03,  1.8698E+04,  3.0545E+03,  5.9852E+04,  9.7306E+01,  5.2499E+03,  6.6332E+02,  3.3050E+04,  1.5925E+04,  2.0664E+06,  5.3147E+03,  9.9260E+04,  1.0620E+03,  1.6973E+03,  4.8587E+01,  1.6792E+02,  8.2454E+00,  9.1699E+01,  9.2870E+00,  4.4245E+01,  2.6021E+01,  6.1855E+01,  1.1495E+01,  2.6019E+01,  1.7205E+00,  5.2930E+00,  0.0000E+00,  4.4243E+00,  8.3870E-01,  2.8709E+00,  5.7493E-01,  2.7457E+00,  2.9930E+00,  6.6346E+00,  5.3775E-01,  8.1473E+00,  8.9827E-01,  3.2442E+00,  8.8286E-01,  8.8291E+00,  9.7119E-01,  2.4780E+00,  3.3485E-01,  2.0670E+00,  0.0000E+00,  6.6351E-01,  2.1316E-01,  8.3890E-01,  5.2942E-02,  8.8293E-01,  1.1933E-01,  5.7507E-01,  6.6353E-02,  7.9691E-01,  7.5011E-02,  4.8603E-01,  4.8603E-02,  8.3894E-01,  1.2366E-01,  1.4728E+00,  1.0009E+00,  2.9329E+00,  4.3395E-01,  3.7625E-01,  5.2949E-01,  5.7513E+00,  3.3492E-01,  0.0000E+00,  0.0000E+00,  0.0000E+00,  0.0000E+00,  0.0000E+00,  0.0000E+00,  7.9706E-02,  0.0000E+00,  2.0677E-02,  7.1400E+09,  5.1845E+08,  2.2993E-01,  2.9285E-01,  7.2717E+00,  2.4784E+06,  9.2164E+05,  9.1610E+06,  3.8774E+02,  1.2815E+06,  1.0089E+05,  1.9006E+06,  1.7374E+05,  1.6832E+06,  6.4925E+03,  3.2462E+05,  2.4538E+03,  3.3767E+04,  5.5156E+03,  1.0803E+05,  1.7836E+02,  9.5931E+03,  1.2075E+03,  6.0473E+04,  2.9146E+04,  3.7744E+06,  9.7025E+03,  1.8163E+05,  1.9362E+03,  3.0998E+03,  8.8757E+01,  3.0675E+02,  1.5117E+01,  1.6751E+02,  1.6967E+01,  8.0818E+01,  4.7534E+01,  1.1311E+02,  2.0993E+01,  4.7534E+01,  3.1432E+00,  9.6696E+00,  0.0000E+00,  8.0818E+00,  1.5336E+00,  5.2535E+00,  1.0496E+00,  5.0248E+00,  5.4709E+00,  1.2075E+01,  9.8218E-01,  1.4901E+01,  1.6423E+00,  5.9281E+00,  1.6098E+00,  1.6098E+01,  1.7730E+00,  4.5353E+00,  6.1133E-01,  3.7744E+00,  0.0000E+00,  1.2075E+00,  3.8936E-01,  1.5336E+00,  9.6696E-02,  1.6098E+00,  2.1754E-01,  1.0496E+00,  1.2075E-01,  1.4574E+00,  1.3705E-01,  8.8757E-01,  8.8757E-02,  1.5336E+00,  2.2624E-01,  2.6867E+00,  1.8273E+00,  5.3622E+00,  7.9289E-01,  6.8742E-01,  9.6696E-01,  1.0496E+01,  6.1133E-01,  0.0000E+00,  0.0000E+00,  0.0000E+00,  0.0000E+00,  0.0000E+00,  0.0000E+00,  1.4574E-01,  0.0000E+00,  3.7744E-02
  4.5000E-01,  4.1814E+09,  2.4303E+08,  1.0793E-01,  1.3740E-01,  4.1909E+00,  1.4244E+06,  5.2294E+05,  5.0075E+06,  2.0539E+02,  6.7770E+05,  5.2205E+04,  9.8406E+05,  8.7731E+04,  8.4971E+05,  3.2917E+03,  1.6455E+05,  1.2428E+03,  1.7120E+04,  2.7967E+03,  5.4803E+04,  8.8940E+01,  4.7998E+03,  6.0665E+02,  3.0213E+04,  1.4558E+04,  1.8893E+06,  4.8595E+03,  9.0740E+04,  9.7120E+02,  1.5519E+03,  4.4423E+01,  1.5353E+02,  7.5364E+00,  8.3841E+01,  8.4911E+00,  4.0453E+01,  2.3790E+01,  5.6549E+01,  1.0510E+01,  2.3789E+01,  1.5731E+00,  4.8393E+00,  0.0000E+00,  4.0451E+00,  7.6675E-01,  2.6245E+00,  5.2568E-01,  2.5100E+00,  2.7364E+00,  6.0679E+00,  4.9168E-01,  7.4483E+00,  8.2124E-01,  2.9661E+00,  8.0733E-01,  8.0738E+00,  8.8801E-01,  2.2653E+00,  3.0617E-01,  1.8900E+00,  0.0000E+00,  6.0684E-01,  1.9489E-01,  7.6696E-01,  4.8406E-02,  8.0740E-01,  1.0913E-01,  5.2582E-01,  6.0687E-02,  7.2855E-01,  6.8581E-02,  4.4439E-01,  4.4439E-02,  7.6700E-01,  1.1304E-01,  1.3468E+00,  9.1517E-01,  2.6813E+00,  3.9676E-01,  3.4400E-01,  4.8413E-01,  5.2589E+00,  3.0624E-01,  0.0000E+00,  0.0000E+00,  0.0000E+00,  0.0000E+00,  0.0000E+00,  0.0000E+00,  7.2870E-02,  0.0000E+00,  1.8906E-02,  5.8739E+09,  4.4863E+08,  1.9894E-01,  2.5342E-01,  6.3545E+00,  2.1662E+06,  8.0500E+05,  7.9973E+06,  3.3764E+02,  1.1156E+06,  8.7834E+04,  1.6548E+06,  1.5112E+05,  1.4644E+06,  5.6437E+03,  2.8218E+05,  2.1334E+03,  2.9359E+04,  4.7955E+03,  9.3932E+04,  1.5627E+02,  8.4076E+03,  1.0591E+03,  5.2998E+04,  2.5532E+04,  3.3089E+06,  8.5060E+03,  1.5915E+05,  1.6977E+03,  2.7164E+03,  7.7805E+01,  2.6897E+02,  1.3244E+01,  1.4683E+02,  1.4870E+01,  7.0852E+01,  4.1675E+01,  9.9122E+01,  1.8403E+01,  4.1675E+01,  2.7544E+00,  8.4758E+00,  0.0000E+00,  7.0852E+00,  1.3441E+00,  4.6045E+00,  9.2013E-01,  4.4033E+00,  4.7946E+00,  1.0591E+01,  8.6088E-01,  1.3058E+01,  1.4391E+00,  5.1971E+00,  1.4113E+00,  1.4113E+01,  1.5542E+00,  3.9740E+00,  5.3603E-01,  3.3089E+00,  0.0000E+00,  1.0591E+00,  3.4117E-01,  1.3441E+00,  8.4758E-02,  1.4113E+00,  1.9071E-01,  9.2013E-01,  1.0591E-01,  1.2769E+00,  1.2013E-01,  7.7805E-01,  7.7805E-02,  1.3441E+00,  1.9831E-01,  2.3554E+00,  1.6017E+00,  4.6996E+00,  6.9487E-01,  6.0254E-01,  8.4758E-01,  9.2013E+00,  5.3603E-01,  0.0000E+00,  0.0000E+00,  0.0000E+00,  0.0000E+00,  0.0000E+00,  0.0000E+00,  1.2769E-01,  0.0000E+00,  3.3089E-02
  5.0000E-01,  3.9112E+09,  2.2234E+08,  9.8757E-02,  1.2572E-01,  3.8962E+00,  1.3239E+06,  4.8561E+05,  4.6368E+06,  1.8976E+02,  6.2607E+05,  4.8140E+04,  9.0747E+05,  8.0741E+04,  7.8196E+05,  3.0308E+03,  1.5150E+05,  1.1441E+03,  1.5762E+04,  2.5749E+03,  5.0459E+04,  8.1679E+01,  4.4091E+03,  5.5741E+02,  2.7750E+04,  1.3372E+04,  1.7355E+06,  4.4641E+03,  8.3345E+04,  8.9228E+02,  1.4256E+03,  4.0807E+01,  1.4102E+02,  6.9210E+00,  7.7016E+01,  7.8000E+00,  3.7160E+01,  2.1853E+01,  5.1943E+01,  9.6548E+00,  2.1852E+01,  1.4451E+00,  4.4454E+00,  0.0000E+00,  3.7158E+00,  7.0428E-01,  2.4105E+00,  4.8291E-01,  2.3054E+00,  2.5135E+00,  5.5754E+00,  4.5167E-01,  6.8415E+00,  7.5436E-01,  2.7245E+00,  7.4173E-01,  7.4178E+00,  8.1577E-01,  2.0806E+00,  2.8125E-01,  1.7361E+00,  0.0000E+00,  5.5760E-01,  1.7904E-01,  7.0449E-01,  4.4466E-02,  7.4179E-01,  1.0026E-01,  4.8305E-01,  5.5762E-02,  6.6921E-01,  6.2998E-02,  4.0823E-01,  4.0823E-02,  7.0453E-01,  1.0383E-01,  1.2373E+00,  8.4072E-01,  2.4629E+00,  3.6446E-01,  3.1600E-01,  4.4473E-01,  4.8312E+00,  2.8132E-01,  0.0000E+00,  0.0000E+00,  0.0000E+00,  0.0000E+00,  0.0000E+00,  0.0000E+00,  6.6937E-02,  0.0000E+00,  1.7368E-02,  4.9350E+09,  3.7881E+08,  1.6794E-01,  2.1400E-01,  5.4372E+00,  1.8541E+06,  6.8836E+05,  6.8337E+06,  2.8753E+02,  9.4968E+05,  7.4773E+04,  1.4089E+06,  1.2850E+05,  1.2456E+06,  4.7949E+03,  2.3974E+05,  1.8131E+03,  2.4950E+04,  4.0754E+03,  7.9831E+04,  1.3417E+02,  7.2220E+03,  9.1070E+02,  4.5524E+04,  2.1918E+04,  2.8435E+06,  7.3095E+03,  1.3667E+05,  1.4593E+03,  2.3331E+03,  6.6853E+01,  2.3118E+02,  1.1372E+01,  1.2616E+02,  1.2773E+01,  6.0885E+01,  3.5816E+01,  8.5130E+01,  1.5812E+01,  3.5816E+01,  2.3656E+00,  7.2820E+00,  0.0000E+00,  6.0885E+00,  1.1547E+00,  3.9556E+00,  7.9062E-01,  3.7818E+00,  4.1183E+00,  9.1070E+00,  7.3958E-01,  1.1215E+01,  1.2360E+00,  4.4660E+00,  1.2128E+00,  1.2128E+01,  1.3354E+00,  3.4127E+00,  4.6073E-01,  2.8435E+00,  0.0000E+00,  9.1070E-01,  2.9298E-01,  1.1547E+00,  7.2820E-02,  1.2128E+00,  1.6388E-01,  7.9062E-01,  9.1070E-02,  1.0965E+00,  1.0321E-01,  6.6853E-01,  6.6853E-02,  1.1547E+00,  1.7038E-01,  2.0241E+00,  1.3761E+00,  4.0369E+00,  5.9685E-01,  5.1766E-01,  7.2820E-01,  7.9062E+00,  4.6073E-01,  0.0000E+00,  0.0000E+00,  0.0000E+00,  0.0000E+00,  0.0000E+00,  0.0000E+00,  1.0965E-01,  0.0000E+00,  2.8435E-02
  5.5000E-01,  3.6820E+09,  2.0515E+08,  9.1135E-02,  1.1600E-01,  3.6472E+00,  1.2390E+06,  4.5411E+05,  4.3242E+06,  1.7663E+02,  5.8274E+05,  4.4727E+04,  8.4317E+05,  7.4881E+04,  7.2515E+05,  2.8123E+03,  1.4058E+05,  1.0615E+03,  1.4625E+04,  2.3892E+03,  4.6820E+04,  7.5523E+01,  4.0776E+03,  5.1558E+02,  2.5661E+04,  1.2367E+04,  1.6049E+06,  4.1286E+03,  7.7073E+04,  8.2527E+02,  1.3185E+03,  3.7738E+01,  1.3041E+02,  6.3992E+00,  7.1225E+01,  7.2138E+00,  3.4365E+01,  2.0209E+01,  4.8036E+01,  8.9290E+00,  2.0208E+01,  1.3365E+00,  4.1111E+00,  0.0000E+00,  3.4363E+00,  6.5129E-01,  2.2289E+00,  4.4662E-01,  2.1319E+00,  2.3245E+00,  5.1572E+00,  4.1772E-01,  6.3268E+00,  6.9764E-01,  2.5195E+00,  6.8605E-01,  6.8610E+00,  7.5447E-01,  1.9240E+00,  2.6010E-01,  1.6056E+00,  0.0000E+00,  5.1577E-01,  1.6560E-01,  6.5149E-01,  4.1124E-02,  6.8612E-01,  9.2737E-02,  4.4676E-01,  5.1580E-02,  6.1890E-01,  5.8260E-02,  3.7754E-01,  3.7754E-02,  6.5153E-01,  9.6004E-02,  1.1444E+00,  7.7756E-01,  2.2776E+00,  3.3707E-01,  2.9224E-01,  4.1131E-01,  4.4682E+00,  2.6017E-01,  0.0000E+00,  0.0000E+00,  0.0000E+00,  0.0000E+00,  0.0000E+00,  0.0000E+00,  6.1905E-02,  0.0000E+00,  1.6063E-02,  4.2301E+09,  3.0899E+08,  1.3695E-01,  1.7457E-01,  4.5200E+00,  1.5420E+06,  5.7172E+05,  5.6700E+06,  2.3742E+02,  7.8375E+05,  6.1713E+04,  1.1630E+06,  1.0589E+05,  1.0268E+06,  3.9461E+03,  1.9730E+05,  1.4927E+03,  2.0542E+04,  3.3553E+03,  6.5730E+04,  1.1207E+02,  6.0364E+03,  7.6230E+02,  3.8049E+04,  1.8303E+04,  2.3780E+06,  6.1129E+03,  1.1419E+05,  1.2208E+03,  1.9498E+03,  5.5900E+01,  1.9339E+02,  9.4988E+00,  1.0549E+02,  1.0675E+01,  5.0919E+01,  2.9956E+01,  7.1139E+01,  1.3222E+01,  2.9956E+01,  1.9768E+00,  6.0882E+00,  0.0000E+00,  5.0919E+00,  9.6519E-01,  3.3067E+00,  6.6111E-01,  3.1602E+00,  3.4420E+00,  7.6230E+00,  6.1829E-01,  9.3724E+00,  1.0328E+00,  3.7349E+00,  1.0143E+00,  1.0143E+01,  1.1167E+00,  2.8514E+00,  3.8544E-01,  2.3780E+00,  0.0000E+00,  7.6230E-01,  2.4479E-01,  9.6519E-01,  6.0882E-02,  1.0143E+00,  1.3705E-01,  6.6111E-01,  7.6230E-02,  9.1606E-01,  8.6285E-02,  5.5900E-01,  5.5900E-02,  9.6519E-01,  1.4246E-01,  1.6928E+00,  1.1505E+00,  3.3743E+00,  4.9883E-01,  4.3278E-01,  6.0882E-01,  6.6111E+00,  3.8544E-01,  0.0000E+00,  0.0000E+00,  0.0000E+00,  0.0000E+00,  0.0000E+00,  0.0000E+00,  9.1606E-02,  0.0000E+00,  2.3780E-02
  6.3000E-01,  3.3770E+09,  1.8350E+08,  8.1541E-02,  1.0377E-01,  3.3265E+00,  1.1296E+06,  4.1358E+05,  3.9225E+06,  1.5986E+02,  5.2739E+05,  4.0371E+04,  7.6106E+05,  6.7413E+04,  6.5272E+05,  2.5341E+03,  1.2667E+05,  9.5628E+02,  1.3177E+04,  2.1527E+03,  4.2187E+04,  6.7553E+01,  3.6482E+03,  4.6131E+02,  2.2955E+04,  1.1065E+04,  1.4357E+06,  3.6936E+03,  6.8951E+04,  7.3839E+02,  1.1798E+03,  3.3761E+01,  1.1665E+02,  5.7238E+00,  6.3719E+01,  6.4544E+00,  3.0742E+01,  1.8077E+01,  4.2976E+01,  7.9882E+00,  1.8076E+01,  1.1959E+00,  3.6780E+00,  0.0000E+00,  3.0740E+00,  5.8263E-01,  1.9937E+00,  3.9958E-01,  1.9071E+00,  2.0797E+00,  4.6145E+00,  3.7373E-01,  5.6602E+00,  6.2418E-01,  2.2537E+00,  6.1387E-01,  6.1392E+00,  6.7502E-01,  1.7212E+00,  2.3267E-01,  1.4364E+00,  0.0000E+00,  4.6150E-01,  1.4818E-01,  5.8283E-01,  3.6792E-02,  6.1394E-01,  8.2985E-02,  3.9972E-01,  4.6152E-02,  5.5375E-01,  5.2122E-02,  3.3777E-01,  3.3776E-02,  5.8287E-01,  8.5870E-02,  1.0239E+00,  6.9571E-01,  2.0376E+00,  3.0159E-01,  2.6145E-01,  3.6799E-01,  3.9978E+00,  2.3274E-01,  0.0000E+00,  0.0000E+00,  0.0000E+00,  0.0000E+00,  0.0000E+00,  0.0000E+00,  5.5390E-02,  0.0000E+00,  1.4371E-02,  3.3957E+09,  2.3223E+08,  1.0290E-01,  1.3123E-01,  3.4970E+00,  1.1931E+06,  4.4153E+05,  4.3721E+06,  1.8179E+02,  5.9980E+05,  4.7207E+04,  8.8995E+05,  8.0813E+04,  7.8405E+05,  3.0068E+03,  1.5032E+05,  1.1376E+03,  1.5655E+04,  2.5571E+03,  5.0107E+04,  8.7175E+01,  4.6992E+03,  5.9446E+02,  2.9611E+04,  1.4237E+04,  1.8522E+06,  4.7614E+03,  8.8849E+04,  9.5132E+02,  1.5177E+03,  4.3531E+01,  1.5067E+02,  7.3876E+00,  8.2152E+01,  8.3093E+00,  3.9656E+01,  2.3328E+01,  5.5364E+01,  1.0298E+01,  2.3328E+01,  1.5386E+00,  4.7406E+00,  0.0000E+00,  3.9656E+00,  7.5136E-01,  2.5736E+00,  5.1489E-01,  2.4588E+00,  2.6789E+00,  5.9446E+00,  4.8140E-01,  7.2935E+00,  8.0366E-01,  2.9084E+00,  7.9011E-01,  7.9011E+00,  8.6968E-01,  2.2180E+00,  3.0025E-01,  1.8522E+00,  0.0000E+00,  5.9446E-01,  1.9056E-01,  7.5136E-01,  4.7406E-02,  7.9011E-01,  1.0676E-01,  5.1489E-01,  5.9446E-02,  7.1261E-01,  6.7179E-02,  4.3531E-01,  4.3531E-02,  7.5136E-01,  1.1090E-01,  1.3185E+00,  8.9583E-01,  2.6262E+00,  3.8828E-01,  3.3693E-01,  4.7406E-01,  5.1489E+00,  3.0025E-01,  0.0000E+00,  0.0000E+00,  0.0000E+00,  0.0000E+00,  0.0000E+00,  0.0000E+00,  7.1261E-02,  0.0000E+00,  1.8522E-02
  7.1000E-01,  3.1297E+09,  1.6644E+08,  7.3983E-02,  9.4135E-02,  3.0680E+00,  1.0414E+06,  3.8097E+05,  3.5997E+06,  1.4646E+02,  4.8316E+05,  3.6892E+04,  6.9546E+05,  6.1460E+04,  5.9496E+05,  2.3127E+03,  1.1560E+05,  8.7251E+02,  1.2024E+04,  1.9644E+03,  3.8496E+04,  6.1113E+01,  3.3010E+03,  4.1739E+02,  2.0768E+04,  1.0013E+04,  1.2989E+06,  3.3419E+03,  6.2387E+04,  6.6811E+02,  1.0677E+03,  3.0545E+01,  1.0552E+02,  5.1781E+00,  5.7650E+01,  5.8406E+00,  2.7813E+01,  1.6355E+01,  3.8885E+01,  7.2274E+00,  1.6354E+01,  1.0822E+00,  3.3278E+00,  0.0000E+00,  2.7811E+00,  5.2712E-01,  1.8036E+00,  3.6154E-01,  1.7255E+00,  1.8818E+00,  4.1753E+00,  3.3817E-01,  5.1214E+00,  5.6481E-01,  2.0390E+00,  5.5550E-01,  5.5555E+00,  6.1076E-01,  1.5574E+00,  2.1050E-01,  1.2996E+00,  0.0000E+00,  4.1758E-01,  1.3409E-01,  5.2733E-01,  3.3290E-02,  5.5557E-01,  7.5097E-02,  3.6168E-01,  4.1760E-02,  5.0111E-01,  4.7160E-02,  3.0561E-01,  3.0561E-02,  5.2737E-01,  7.7680E-02,  9.2652E-01,  6.2952E-01,  1.8436E+00,  2.7290E-01,  2.3656E-01,  3.3297E-01,  3.6175E+00,  2.1057E-01,  0.0000E+00,  0.0000E+00,  0.0000E+00,  0.0000E+00,  0.0000E+00,  0.0000E+00,  5.0127E-02,  0.0000E+00,  1.3002E-02,  2.7881E+09,  1.9411E+08,  8.6042E-02,  1.0971E-01,  2.9655E+00,  1.0105E+06,  3.7371E+05,  3.6976E+06,  1.5327E+02,  5.0596E+05,  3.9766E+04,  7.4992E+05,  6.8020E+04,  6.5979E+05,  2.5302E+03,  1.2646E+05,  9.5654E+02,  1.3162E+04,  2.1502E+03,  4.2152E+04,  7.3832E+01,  3.9808E+03,  5.0355E+02,  2.5065E+04,  1.2067E+04,  1.5685E+06,  4.0319E+03,  7.5250E+04,  8.0580E+02,  1.2861E+03,  3.6860E+01,  1.2754E+02,  6.2549E+00,  6.9579E+01,  7.0373E+00,  3.3571E+01,  1.9735E+01,  4.6896E+01,  8.7215E+00,  1.9735E+01,  1.3037E+00,  4.0149E+00,  0.0000E+00,  3.3571E+00,  6.3626E-01,  2.1777E+00,  4.3608E-01,  2.0812E+00,  2.2683E+00,  5.0355E+00,  4.0772E-01,  6.1755E+00,  6.8049E-01,  2.4612E+00,  6.6914E-01,  6.6914E+00,  7.3662E-01,  1.8771E+00,  2.5406E-01,  1.5685E+00,  0.0000E+00,  5.0355E-01,  1.6160E-01,  6.3626E-01,  4.0149E-02,  6.6914E-01,  9.0445E-02,  4.3608E-01,  5.0355E-02,  6.0337E-01,  5.6878E-02,  3.6860E-01,  3.6860E-02,  6.3626E-01,  9.3854E-02,  1.1166E+00,  7.5873E-01,  2.2230E+00,  3.2890E-01,  2.8524E-01,  4.0149E-01,  4.3608E+00,  2.5406E-01,  0.0000E+00,  0.0000E+00,  0.0000E+00,  0.0000E+00,  0.0000E+00,  0.0000E+00,  6.0337E-02,  0.0000E+00,  1.5685E-02
  8.0000E-01,  2.9010E+09,  1.5090E+08,  6.7093E-02,  8.5350E-02,  2.8281E+00,  9.5971E+05,  3.5076E+05,  3.3010E+06,  1.3411E+02,  4.4238E+05,  3.3689E+04,  6.3506E+05,  5.5986E+04,  5.4187E+05,  2.1091E+03,  1.0543E+05,  7.9559E+02,  1.0966E+04,  1.7914E+03,  3.5105E+04,  5.5143E+01,  2.9791E+03,  3.7668E+02,  1.8742E+04,  9.0368E+03,  1.1721E+06,  3.0159E+03,  5.6303E+04,  6.0295E+02,  9.6367E+02,  2.7565E+01,  9.5210E+01,  4.6725E+00,  5.2024E+01,  5.2716E+00,  2.5099E+01,  1.4761E+01,  3.5093E+01,  6.5223E+00,  1.4760E+01,  9.7679E-01,  3.0032E+00,  0.0000E+00,  2.5097E+00,  4.7568E-01,  1.6277E+00,  3.2629E-01,  1.5573E+00,  1.6984E+00,  3.7681E+00,  3.0520E-01,  4.6222E+00,  5.0981E-01,  1.8401E+00,  5.0141E-01,  5.0146E+00,  5.5120E-01,  1.4058E+00,  1.8997E-01,  1.1728E+00,  0.0000E+00,  3.7686E-01,  1.2102E-01,  4.7589E-01,  3.0044E-02,  5.0147E-01,  6.7783E-02,  3.2642E-01,  3.7689E-02,  4.5234E-01,  4.2562E-02,  2.7581E-01,  2.7581E-02,  4.7593E-01,  7.0096E-02,  8.3626E-01,  5.6818E-01,  1.6640E+00,  2.4631E-01,  2.1351E-01,  3.0051E-01,  3.2649E+00,  1.9004E-01,  0.0000E+00,  0.0000E+00,  0.0000E+00,  0.0000E+00,  0.0000E+00,  0.0000E+00,  4.5249E-02,  0.0000E+00,  1.1734E-02,  2.2930E+09,  1.5122E+08,  6.7072E-02,  8.5503E-02,  2.3676E+00,  8.0514E+05,  2.9742E+05,  2.9388E+06,  1.2118E+02,  4.0039E+05,  3.1394E+04,  5.9239E+05,  5.3628E+04,  5.1999E+05,  1.9941E+03,  9.9610E+04,  7.5282E+02,  1.0358E+04,  1.6925E+03,  3.3203E+04,  5.8821E+01,  3.1725E+03,  4.0128E+02,  1.9952E+04,  9.6253E+03,  1.2493E+06,  3.2112E+03,  5.9950E+04,  6.4208E+02,  1.0254E+03,  2.9355E+01,  1.0152E+02,  4.9806E+00,  5.5434E+01,  5.6063E+00,  2.6726E+01,  1.5694E+01,  3.7370E+01,  6.9482E+00,  1.5694E+01,  1.0393E+00,  3.1983E+00,  0.0000E+00,  2.6726E+00,  5.0677E-01,  1.7323E+00,  3.4741E-01,  1.6565E+00,  1.8064E+00,  4.0128E+00,  3.2483E-01,  4.9177E+00,  5.4193E-01,  1.9581E+00,  5.3305E-01,  5.3305E+00,  5.8692E-01,  1.4936E+00,  2.0210E-01,  1.2493E+00,  0.0000E+00,  4.0128E-01,  1.2902E-01,  5.0677E-01,  3.1983E-02,  5.3305E-01,  7.2094E-02,  3.4741E-01,  4.0128E-02,  4.8048E-01,  4.5290E-02,  2.9355E-01,  2.9355E-02,  5.0677E-01,  7.4678E-02,  8.8934E-01,  6.0450E-01,  1.7694E+00,  2.6209E-01,  2.2710E-01,  3.1983E-01,  3.4741E+00,  2.0210E-01,  0.0000E+00,  0.0000E+00,  0.0000E+00,  0.0000E+00,  0.0000E+00,  0.0000E+00,  4.8048E-02,  0.0000E+00,  1.2493E-02
  9.0000E-01,  2.6919E+09,  1.3701E+08,  6.0929E-02,  7.7493E-02,  2.6088E+00,  8.8520E+05,  3.2325E+05,  3.0293E+06,  1.2293E+02,  4.0541E+05,  3.0793E+04,  5.8040E+05,  5.1041E+04,  4.9393E+05,  1.9252E+03,  9.6244E+04,  7.2621E+02,  1.0011E+04,  1.6354E+03,  3.2044E+04,  4.9706E+01,  2.6858E+03,  3.3958E+02,  1.6898E+04,  8.1468E+03,  1.0566E+06,  2.7191E+03,  5.0761E+04,  5.4359E+02,  8.6886E+02,  2.4852E+01,  8.5828E+01,  4.2121E+00,  4.6900E+01,  4.7533E+00,  2.2629E+01,  1.3310E+01,  3.1639E+01,  5.8800E+00,  1.3309E+01,  8.8070E-01,  2.7075E+00,  0.0000E+00,  2.2627E+00,  4.2884E-01,  1.4676E+00,  2.9417E-01,  1.4042E+00,  1.5315E+00,  3.3971E+00,  2.7517E-01,  4.1677E+00,  4.5971E-01,  1.6591E+00,  4.5213E-01,  4.5218E+00,  4.9695E-01,  1.2677E+00,  1.7129E-01,  1.0573E+00,  0.0000E+00,  3.3977E-01,  1.0908E-01,  4.2905E-01,  2.7087E-02,  4.5219E-01,  6.1117E-02,  2.9431E-01,  3.3979E-02,  4.0793E-01,  3.8376E-02,  2.4868E-01,  2.4868E-02,  4.2909E-01,  6.3195E-02,  7.5405E-01,  5.1229E-01,  1.5005E+00,  2.2208E-01,  1.9252E-01,  2.7095E-01,  2.9437E+00,  1.7136E-01,  0.0000E+00,  0.0000E+00,  0.0000E+00,  0.0000E+00,  0.0000E+00,  0.0000E+00,  4.0808E-02,  0.0000E+00,  1.0579E-02,  1.8887E+09,  1.2668E+08,  5.6209E-02,  7.1639E-02,  2.0167E+00,  6.8507E+05,  2.5281E+05,  2.4954E+06,  1.0254E+02,  3.3893E+05,  2.6531E+04,  5.0078E+05,  4.5271E+04,  4.3883E+05,  1.6830E+03,  8.4051E+04,  6.3486E+02,  8.7349E+03,  1.4275E+03,  2.8016E+04,  4.9926E+01,  2.6934E+03,  3.4066E+02,  1.6928E+04,  8.1757E+03,  1.0603E+06,  2.7254E+03,  5.0889E+04,  5.4507E+02,  8.7085E+02,  2.4912E+01,  8.6122E+01,  4.2263E+00,  4.7053E+01,  4.7591E+00,  2.2676E+01,  1.3309E+01,  3.1725E+01,  5.8977E+00,  1.3309E+01,  8.8257E-01,  2.7147E+00,  0.0000E+00,  2.2676E+00,  4.3009E-01,  1.4692E+00,  2.9489E-01,  1.4053E+00,  1.5331E+00,  3.4066E+00,  2.7573E-01,  4.1733E+00,  4.5994E-01,  1.6608E+00,  4.5248E-01,  4.5248E+00,  4.9821E-01,  1.2670E+00,  1.7141E-01,  1.0603E+00,  0.0000E+00,  3.4066E-01,  1.0964E-01,  4.3009E-01,  2.7147E-02,  4.5248E-01,  6.1216E-02,  2.9489E-01,  3.4066E-02,  4.0778E-01,  3.8433E-02,  2.4912E-01,  2.4912E-02,  4.3009E-01,  6.3342E-02,  7.5482E-01,  5.1314E-01,  1.5011E+00,  2.2250E-01,  1.9270E-01,  2.7147E-01,  2.9489E+00,  1.7141E-01,  0.0000E+00,  0.0000E+00,  0.0000E+00,  0.0000E+00,  0.0000E+00,  0.0000E+00,  4.0778E-02,  0.0000E+00,  1.0603E-02
  1.0000E+00,  2.5181E+09,  1.2489E+08,  5.5551E-02,  7.0640E-02,  2.4155E+00,  8.1952E+05,  2.9902E+05,  2.7902E+06,  1.1310E+02,  3.7295E+05,  2.8253E+04,  5.3245E+05,  4.6707E+04,  4.5193E+05,  1.7641E+03,  8.8197E+04,  6.6544E+02,  9.1749E+03,  1.4988E+03,  2.9362E+04,  4.4930E+01,  2.4281E+03,  3.0699E+02,  1.5278E+04,  7.3646E+03,  9.5518E+05,  2.4584E+03,  4.5893E+04,  4.9144E+02,  7.8554E+02,  2.2469E+01,  7.7588E+01,  3.8078E+00,  4.2398E+01,  4.2980E+00,  2.0460E+01,  1.2037E+01,  2.8603E+01,  5.3157E+00,  1.2036E+01,  7.9626E-01,  2.4478E+00,  0.0000E+00,  2.0458E+00,  3.8769E-01,  1.3271E+00,  2.6596E-01,  1.2697E+00,  1.3848E+00,  3.0712E+00,  2.4879E-01,  3.7684E+00,  4.1570E-01,  1.5002E+00,  4.0884E-01,  4.0889E+00,  4.4928E-01,  1.1465E+00,  1.5489E-01,  9.5584E-01,  0.0000E+00,  3.0717E-01,  9.8595E-02,  3.8790E-01,  2.4490E-02,  4.0890E-01,  5.5260E-02,  2.6609E-01,  3.0720E-02,  3.6891E-01,  3.4699E-02,  2.2485E-01,  2.2484E-02,  3.8794E-01,  5.7135E-02,  6.8183E-01,  4.6320E-01,  1.3568E+00,  2.0079E-01,  1.7408E-01,  2.4497E-01,  2.6616E+00,  1.5496E-01,  0.0000E+00,  0.0000E+00,  0.0000E+00,  0.0000E+00,  0.0000E+00,  0.0000E+00,  3.6906E-02,  0.0000E+00,  9.5650E-03,  1.5868E+09,  1.1570E+08,  5.1344E-02,  6.5429E-02,  1.8500E+00,  6.2850E+05,  2.3178E+05,  2.2867E+06,  9.3876E+01,  3.1027E+05,  2.4275E+04,  4.5816E+05,  4.1400E+04,  4.0125E+05,  1.5391E+03,  7.6873E+04,  5.8055E+02,  7.9882E+03,  1.3055E+03,  2.5621E+04,  4.5601E+01,  2.4605E+03,  3.1118E+02,  1.5464E+04,  7.4680E+03,  9.6853E+05,  2.4897E+03,  4.6489E+04,  4.9793E+02,  7.9555E+02,  2.2757E+01,  7.8668E+01,  3.8605E+00,  4.2980E+01,  4.3480E+00,  2.0715E+01,  1.2160E+01,  2.8980E+01,  5.3873E+00,  1.2160E+01,  8.0626E-01,  2.4799E+00,  0.0000E+00,  2.0715E+00,  3.9288E-01,  1.3422E+00,  2.6939E-01,  1.2839E+00,  1.4006E+00,  3.1118E+00,  2.5188E-01,  3.8125E+00,  4.2021E-01,  1.5173E+00,  4.1338E-01,  4.1338E+00,  4.5510E-01,  1.1576E+00,  1.5660E-01,  9.6853E-01,  0.0000E+00,  3.1118E-01,  1.0014E-01,  3.9288E-01,  2.4799E-02,  4.1338E-01,  5.5923E-02,  2.6939E-01,  3.1118E-02,  3.7258E-01,  3.5110E-02,  2.2757E-01,  2.2757E-02,  3.9288E-01,  5.7861E-02,  6.8958E-01,  4.6876E-01,  1.3714E+00,  2.0325E-01,  1.7604E-01,  2.4799E-01,  2.6939E+00,  1.5660E-01,  0.0000E+00,  0.0000E+00,  0.0000E+00,  0.0000E+00,  0.0000E+00,  0.0000E+00,  3.7258E-02,  0.0000E+00,  9.6853E-03
  1.1000E+00,  2.3710E+09,  1.1387E+08,  5.0660E-02,  6.4407E-02,  2.2388E+00,  7.5950E+05,  2.7690E+05,  2.5720E+06,  1.0415E+02,  3.4336E+05,  2.5938E+04,  4.8877E+05,  4.2761E+04,  4.1368E+05,  1.6174E+03,  8.0869E+04,  6.1010E+02,  8.4134E+03,  1.3743E+03,  2.6920E+04,  4.0586E+01,  2.1937E+03,  2.7734E+02,  1.3805E+04,  6.6532E+03,  8.6291E+05,  2.2212E+03,  4.1464E+04,  4.4401E+02,  7.0975E+02,  2.0301E+01,  7.0094E+01,  3.4400E+00,  3.8304E+01,  3.8837E+00,  1.8486E+01,  1.0878E+01,  2.5843E+01,  4.8025E+00,  1.0877E+01,  7.1945E-01,  2.2116E+00,  0.0000E+00,  1.8484E+00,  3.5027E-01,  1.1992E+00,  2.4029E-01,  1.1474E+00,  1.2514E+00,  2.7748E+00,  2.2480E-01,  3.4052E+00,  3.7567E-01,  1.3557E+00,  3.6945E-01,  3.6950E+00,  4.0593E-01,  1.0362E+00,  1.3997E-01,  8.6357E-01,  0.0000E+00,  2.7753E-01,  8.9056E-02,  3.5047E-01,  2.2128E-02,  3.6952E-01,  4.9933E-02,  2.4043E-01,  2.7755E-02,  3.3341E-01,  3.1354E-02,  2.0317E-01,  2.0316E-02,  3.5051E-01,  5.1623E-02,  6.1613E-01,  4.1854E-01,  1.2262E+00,  1.8143E-01,  1.5731E-01,  2.2135E-01,  2.4050E+00,  1.4004E-01,  0.0000E+00,  0.0000E+00,  0.0000E+00,  0.0000E+00,  0.0000E+00,  0.0000E+00,  3.3356E-02,  0.0000E+00,  8.6423E-03,  1.3559E+09,  1.0473E+08,  4.6479E-02,  5.9219E-02,  1.6833E+00,  5.7193E+05,  2.1074E+05,  2.0781E+06,  8.5215E+01,  2.8161E+05,  2.2018E+04,  4.1554E+05,  3.7528E+04,  3.6366E+05,  1.3952E+03,  6.9695E+04,  5.2624E+02,  7.2415E+03,  1.1836E+03,  2.3226E+04,  4.1277E+01,  2.2276E+03,  2.8170E+02,  1.4001E+04,  6.7602E+03,  8.7676E+05,  2.2540E+03,  4.2089E+04,  4.5079E+02,  7.2025E+02,  2.0602E+01,  7.1213E+01,  3.4946E+00,  3.8907E+01,  3.9369E+00,  1.8754E+01,  1.1011E+01,  2.6236E+01,  4.8769E+00,  1.1011E+01,  7.2995E-01,  2.2450E+00,  0.0000E+00,  1.8754E+00,  3.5567E-01,  1.2153E+00,  2.4388E-01,  1.1625E+00,  1.2681E+00,  2.8170E+00,  2.2804E-01,  3.4517E+00,  3.8049E-01,  1.3737E+00,  3.7428E-01,  3.7428E+00,  4.1198E-01,  1.0483E+00,  1.4179E-01,  8.7676E-01,  0.0000E+00,  2.8170E-01,  9.0633E-02,  3.5567E-01,  2.2450E-02,  3.7428E-01,  5.0631E-02,  2.4388E-01,  2.8170E-02,  3.3738E-01,  3.1788E-02,  2.0602E-01,  2.0602E-02,  3.5567E-01,  5.2380E-02,  6.2433E-01,  4.2439E-01,  1.2417E+00,  1.8401E-01,  1.5938E-01,  2.2450E-01,  2.4388E+00,  1.4179E-01,  0.0000E+00,  0.0000E+00,  0.0000E+00,  0.0000E+00,  0.0000E+00,  0.0000E+00,  3.3738E-02,  0.0000E+00,  8.7676E-03
  1.2000E+00,  2.2442E+09,  1.0394E+08,  4.6255E-02,  5.8796E-02,  2.0788E+00,  7.0513E+05,  2.5688E+05,  2.3746E+06,  9.6062E+01,  3.1663E+05,  2.3849E+04,  4.4934E+05,  3.9202E+04,  3.7920E+05,  1.4851E+03,  7.4258E+04,  5.6019E+02,  7.7266E+03,  1.2621E+03,  2.4717E+04,  3.6674E+01,  1.9826E+03,  2.5065E+02,  1.2478E+04,  6.0126E+03,  7.7983E+05,  2.0076E+03,  3.7475E+04,  4.0128E+02,  6.4149E+02,  1.8348E+01,  6.3346E+01,  3.1089E+00,  3.4617E+01,  3.5106E+00,  1.6709E+01,  9.8348E+00,  2.3356E+01,  4.3403E+00,  9.8338E+00,  6.5027E-01,  1.9988E+00,  0.0000E+00,  1.6707E+00,  3.1656E-01,  1.0840E+00,  2.1718E-01,  1.0373E+00,  1.1312E+00,  2.5078E+00,  2.0319E-01,  3.0780E+00,  3.3961E-01,  1.2255E+00,  3.3398E-01,  3.3403E+00,  3.6689E-01,  9.3685E-01,  1.2653E-01,  7.8049E-01,  0.0000E+00,  2.5083E-01,  8.0468E-02,  3.1677E-01,  2.0000E-02,  3.3404E-01,  4.5134E-02,  2.1732E-01,  2.5086E-02,  3.0143E-01,  2.8341E-02,  1.8364E-01,  1.8364E-02,  3.1681E-01,  4.6659E-02,  5.5696E-01,  3.7832E-01,  1.1085E+00,  1.6399E-01,  1.4220E-01,  2.0007E-01,  2.1738E+00,  1.2660E-01,  0.0000E+00,  0.0000E+00,  0.0000E+00,  0.0000E+00,  0.0000E+00,  0.0000E+00,  3.0158E-02,  0.0000E+00,  7.8114E-03,  1.1799E+09,  9.3752E+07,  4.1613E-02,  5.3008E-02,  1.5166E+00,  5.1536E+05,  1.8971E+05,  1.8694E+06,  7.6553E+01,  2.5294E+05,  1.9762E+04,  3.7293E+05,  3.3656E+04,  3.2607E+05,  1.2512E+03,  6.2517E+04,  4.7194E+02,  6.4947E+03,  1.0616E+03,  2.0831E+04,  3.6952E+01,  1.9946E+03,  2.5222E+02,  1.2538E+04,  6.0525E+03,  7.8499E+05,  2.0182E+03,  3.7689E+04,  4.0365E+02,  6.4495E+02,  1.8447E+01,  6.3758E+01,  3.1288E+00,  3.4834E+01,  3.5258E+00,  1.6793E+01,  9.8617E+00,  2.3492E+01,  4.3665E+00,  9.8617E+00,  6.5365E-01,  2.0102E+00,  0.0000E+00,  1.6793E+00,  3.1846E-01,  1.0883E+00,  2.1837E-01,  1.0410E+00,  1.1356E+00,  2.5222E+00,  2.0419E-01,  3.0909E+00,  3.4076E-01,  1.2301E+00,  3.3519E-01,  3.3519E+00,  3.6886E-01,  9.3889E-01,  1.2698E-01,  7.8499E-01,  0.0000E+00,  2.5222E-01,  8.1130E-02,  3.1846E-01,  2.0102E-02,  3.3519E-01,  4.5338E-02,  2.1837E-01,  2.5222E-02,  3.0218E-01,  2.8465E-02,  1.8447E-01,  1.8447E-02,  3.1846E-01,  4.6899E-02,  5.5909E-01,  3.8001E-01,  1.1119E+00,  1.6476E-01,  1.4273E-01,  2.0102E-01,  2.1837E+00,  1.2698E-01,  0.0000E+00,  0.0000E+00,  0.0000E+00,  0.0000E+00,  0.0000E+00,  0.0000E+00,  3.0218E-02,  0.0000E+00,  7.8499E-03
  1.4000E+00,  2.0340E+09,  8.7389E+07,  3.8906E-02,  4.9436E-02,  1.8089E+00,  6.1337E+05,  2.2314E+05,  2.0425E+06,  8.2483E+01,  2.7177E+05,  2.0348E+04,  3.8328E+05,  3.3245E+04,  3.2150E+05,  1.2636E+03,  6.3191E+04,  4.7666E+02,  6.5770E+03,  1.0741E+03,  2.1030E+04,  3.0149E+01,  1.6303E+03,  2.0610E+02,  1.0263E+04,  4.9436E+03,  6.4118E+05,  1.6511E+03,  3.0817E+04,  3.2998E+02,  5.2756E+02,  1.5090E+01,  5.2085E+01,  2.5563E+00,  2.8465E+01,  2.8876E+00,  1.3743E+01,  8.0923E+00,  1.9207E+01,  3.5691E+00,  8.0913E+00,  5.3480E-01,  1.6437E+00,  0.0000E+00,  1.3741E+00,  2.6031E-01,  8.9173E-01,  1.7861E-01,  8.5333E-01,  9.3055E-01,  2.0623E+00,  1.6712E-01,  2.5320E+00,  2.7940E-01,  1.0082E+00,  2.7476E-01,  2.7481E+00,  3.0174E-01,  7.7095E-01,  1.0410E-01,  6.4184E-01,  0.0000E+00,  2.0629E-01,  6.6143E-02,  2.6052E-01,  1.6449E-02,  2.7483E-01,  3.7125E-02,  1.7875E-01,  2.0631E-02,  2.4803E-01,  2.3313E-02,  1.5106E-01,  1.5105E-02,  2.6056E-01,  3.8375E-02,  4.5819E-01,  3.1120E-01,  9.1206E-01,  1.3488E-01,  1.1699E-01,  1.6456E-01,  1.7881E+00,  1.0417E-01,  0.0000E+00,  0.0000E+00,  0.0000E+00,  0.0000E+00,  0.0000E+00,  0.0000E+00,  2.4819E-02,  0.0000E+00,  6.4250E-03,  9.2180E+08,  7.1803E+07,  3.1883E-02,  4.0588E-02,  1.1832E+00,  4.0222E+05,  1.4765E+05,  1.4520E+06,  5.9230E+01,  1.9562E+05,  1.5249E+04,  2.8770E+05,  2.5912E+04,  2.5089E+05,  9.6334E+02,  4.8161E+04,  3.6332E+02,  5.0013E+03,  8.1777E+02,  1.6042E+04,  2.8303E+01,  1.5287E+03,  1.9326E+02,  9.6111E+03,  4.6369E+03,  6.0145E+05,  1.5468E+03,  2.8889E+04,  3.0937E+02,  4.9435E+02,  1.4138E+01,  4.8849E+01,  2.3972E+00,  2.6688E+01,  2.7037E+00,  1.2870E+01,  7.5637E+00,  1.8003E+01,  3.3457E+00,  7.5637E+00,  5.0103E-01,  1.5406E+00,  0.0000E+00,  1.2870E+00,  2.4404E-01,  8.3436E-01,  1.6736E-01,  7.9815E-01,  8.7058E-01,  1.9326E+00,  1.5649E-01,  2.3694E+00,  2.6131E-01,  9.4301E-01,  2.5700E-01,  2.5700E+00,  2.8262E-01,  7.2015E-01,  9.7366E-02,  6.0145E-01,  0.0000E+00,  1.9326E-01,  6.2122E-02,  2.4404E-01,  1.5406E-02,  2.5700E-01,  3.4753E-02,  1.6736E-01,  1.9326E-02,  2.3179E-01,  2.1820E-02,  1.4138E-01,  1.4138E-02,  2.4404E-01,  3.5937E-02,  4.2860E-01,  2.9126E-01,  8.5247E-01,  1.2627E-01,  1.0941E-01,  1.5406E-01,  1.6736E+00,  9.7366E-02,  0.0000E+00,  0.0000E+00,  0.0000E+00,  0.0000E+00,  0.0000E+00,  0.0000E+00,  2.3179E-02,  0.0000E+00,  6.0145E-03
  1.6000E+00,  1.8680E+09,  7.5223E+07,  3.3502E-02,  4.2561E-02,  1.6055E+00,  5.4424E+05,  1.9782E+05,  1.7938E+06,  7.2369E+01,  2.3838E+05,  1.7750E+04,  3.3427E+05,  2.8837E+04,  2.7884E+05,  1.0997E+03,  5.4994E+04,  4.1486E+02,  5.7261E+03,  9.3497E+02,  1.8300E+04,  2.5353E+01,  1.3711E+03,  1.7334E+02,  8.6336E+03,  4.1578E+03,  5.3924E+05,  1.3888E+03,  2.5919E+04,  2.7754E+02,  4.4375E+02,  1.2693E+01,  4.3806E+01,  2.1500E+00,  2.3942E+01,  2.4291E+00,  1.1561E+01,  6.8094E+00,  1.6155E+01,  3.0020E+00,  6.8083E+00,  4.4986E-01,  1.3826E+00,  0.0000E+00,  1.1559E+00,  2.1895E-01,  7.5025E-01,  1.5024E-01,  7.1799E-01,  7.8294E-01,  1.7348E+00,  1.4059E-01,  2.1303E+00,  2.3508E-01,  8.4830E-01,  2.3118E-01,  2.3123E+00,  2.5384E-01,  6.4879E-01,  8.7587E-02,  5.3990E-01,  0.0000E+00,  1.7353E-01,  5.5619E-02,  2.1915E-01,  1.3838E-02,  2.3125E-01,  3.1233E-02,  1.5038E-01,  1.7355E-02,  2.0872E-01,  1.9613E-02,  1.2709E-01,  1.2709E-02,  2.1919E-01,  3.2284E-02,  3.8552E-01,  2.6182E-01,  7.6751E-01,  1.1348E-01,  9.8438E-02,  1.3845E-01,  1.5044E+00,  8.7658E-02,  0.0000E+00,  0.0000E+00,  0.0000E+00,  0.0000E+00,  0.0000E+00,  0.0000E+00,  2.0887E-02,  0.0000E+00,  5.4056E-03,  7.3822E+08,  4.9854E+07,  2.2153E-02,  2.8168E-02,  8.4985E-01,  2.8908E+05,  1.0559E+05,  1.0347E+06,  4.1907E+01,  1.3830E+05,  1.0736E+04,  2.0246E+05,  1.8168E+04,  1.7572E+05,  6.7546E+02,  3.3804E+04,  2.5471E+02,  3.5078E+03,  5.7389E+02,  1.1252E+04,  1.9654E+01,  1.0628E+03,  1.3431E+02,  6.6846E+03,  3.2214E+03,  4.1791E+05,  1.0754E+03,  2.0089E+04,  2.1508E+02,  3.4374E+02,  9.8286E+00,  3.3939E+01,  1.6655E+00,  1.8542E+01,  1.8815E+00,  8.9483E+00,  5.2657E+00,  1.2515E+01,  2.3250E+00,  5.2657E+00,  3.4842E-01,  1.0709E+00,  0.0000E+00,  8.9483E-01,  1.6962E-01,  5.8042E-01,  1.1634E-01,  5.5527E-01,  6.0558E-01,  1.3431E+00,  1.0880E-01,  1.6478E+00,  1.8186E-01,  6.5588E-01,  1.7880E-01,  1.7880E+00,  1.9638E-01,  5.0141E-01,  6.7748E-02,  4.1791E-01,  0.0000E+00,  1.3431E-01,  4.3114E-02,  1.6962E-01,  1.0709E-02,  1.7880E-01,  2.4168E-02,  1.1634E-01,  1.3431E-02,  1.6139E-01,  1.5175E-02,  9.8286E-02,  9.8286E-03,  1.6962E-01,  2.4975E-02,  2.9811E-01,  2.0251E-01,  5.9300E-01,  8.7774E-02,  7.6100E-02,  1.0709E-01,  1.1634E+00,  6.7748E-02,  0.0000E+00,  0.0000E+00,  0.0000E+00,  0.0000E+00,  0.0000E+00,  0.0000E+00,  1.6139E-02,  0.0000E+00,  4.1791E-03
  1.8000E+00,  1.7335E+09,  6.6774E+07,  2.9746E-02,  3.7788E-02,  1.4588E+00,  4.9431E+05,  1.7963E+05,  1.6159E+06,  6.5191E+01,  2.1470E+05,  1.5916E+04,  2.9969E+05,  2.5740E+04,  2.4891E+05,  9.8460E+02,  4.9229E+04,  3.7144E+02,  5.1281E+03,  8.3710E+02,  1.6382E+04,  2.2023E+01,  1.1909E+03,  1.5057E+02,  7.4999E+03,  3.6118E+03,  4.6841E+05,  1.2065E+03,  2.2513E+04,  2.4107E+02,  3.8546E+02,  1.1026E+01,  3.8054E+01,  1.8677E+00,  2.0799E+01,  2.1099E+00,  1.0043E+01,  5.9159E+00,  1.4033E+01,  2.6079E+00,  5.9149E+00,  3.9077E-01,  1.2010E+00,  0.0000E+00,  1.0042E+00,  1.9019E-01,  6.5181E-01,  1.3051E-01,  6.2381E-01,  6.8023E-01,  1.5071E+00,  1.2214E-01,  1.8509E+00,  2.0423E-01,  7.3707E-01,  2.0085E-01,  2.0090E+00,  2.2055E-01,  5.6371E-01,  7.6095E-02,  4.6907E-01,  0.0000E+00,  1.5076E-01,  4.8316E-02,  1.9040E-01,  1.2022E-02,  2.0092E-01,  2.7134E-02,  1.3065E-01,  1.5078E-02,  1.8133E-01,  1.7040E-02,  1.1042E-01,  1.1042E-02,  1.9044E-01,  2.8050E-02,  3.3496E-01,  2.2748E-01,  6.6694E-01,  9.8599E-02,  8.5532E-02,  1.2029E-01,  1.3071E+00,  7.6166E-02,  0.0000E+00,  0.0000E+00,  0.0000E+00,  0.0000E+00,  0.0000E+00,  0.0000E+00,  1.8148E-02,  0.0000E+00,  4.6973E-03,  6.0732E+08,  3.4636E+07,  1.5406E-02,  1.9558E-02,  6.1773E-01,  2.1029E+05,  7.6314E+04,  7.4435E+05,  2.9879E+01,  9.8504E+04,  7.6046E+03,  1.4334E+05,  1.2798E+04,  1.2361E+05,  4.7594E+02,  2.3851E+04,  1.7944E+02,  2.4727E+03,  4.0482E+02,  7.9322E+03,  1.3650E+01,  7.3926E+02,  9.3365E+01,  4.6518E+03,  2.2386E+03,  2.9047E+05,  7.4802E+02,  1.3977E+04,  1.4960E+02,  2.3914E+02,  6.8358E+00,  2.3587E+01,  1.1575E+00,  1.2885E+01,  1.3103E+00,  6.2243E+00,  3.6690E+00,  8.7030E+00,  1.6161E+00,  3.6690E+00,  2.4242E-01,  7.4472E-01,  0.0000E+00,  6.2243E-01,  1.1793E-01,  4.0403E-01,  8.0916E-02,  3.8656E-01,  4.2151E-01,  9.3365E-01,  7.5674E-02,  1.1466E+00,  1.2667E-01,  4.5645E-01,  1.2448E-01,  1.2448E+00,  1.3650E-01,  3.4943E-01,  4.7173E-02,  2.9047E-01,  0.0000E+00,  9.3365E-02,  2.9920E-02,  1.1793E-01,  7.4472E-03,  1.2448E-01,  1.6816E-02,  8.0916E-02,  9.3365E-03,  1.1247E-01,  1.0559E-02,  6.8358E-02,  6.8358E-03,  1.1793E-01,  1.7363E-02,  2.0747E-01,  1.4087E-01,  4.1277E-01,  6.1042E-02,  5.2961E-02,  7.4472E-02,  8.0916E-01,  4.7173E-02,  0.0000E+00,  0.0000E+00,  0.0000E+00,  0.0000E+00,  0.0000E+00,  0.0000E+00,  1.1247E-02,  0.0000E+00,  2.9047E-03
  2.0000E+00,  1.6217E+09,  6.0119E+07,  2.6786E-02,  3.4030E-02,  1.3396E+00,  4.5375E+05,  1.6491E+05,  1.4725E+06,  5.9434E+01,  1.9572E+05,  1.4451E+04,  2.7208E+05,  2.3277E+04,  2.2511E+05,  8.9296E+02,  4.4636E+04,  3.3689E+02,  4.6519E+03,  7.5915E+02,  1.4855E+04,  1.9402E+01,  1.0490E+03,  1.3265E+02,  6.6068E+03,  3.1820E+03,  4.1264E+05,  1.0629E+03,  1.9829E+04,  2.1235E+02,  3.3955E+02,  9.7140E+00,  3.3525E+01,  1.6455E+00,  1.8325E+01,  1.8584E+00,  8.8484E+00,  5.2115E+00,  1.2362E+01,  2.2976E+00,  5.2105E+00,  3.4423E-01,  1.0580E+00,  0.0000E+00,  8.8466E-01,  1.6755E-01,  5.7424E-01,  1.1498E-01,  5.4959E-01,  5.9931E-01,  1.3278E+00,  1.0761E-01,  1.6307E+00,  1.7991E-01,  6.4943E-01,  1.7695E-01,  1.7700E+00,  1.9434E-01,  4.9662E-01,  6.7039E-02,  4.1330E-01,  0.0000E+00,  1.3284E-01,  4.2571E-02,  1.6776E-01,  1.0593E-02,  1.7702E-01,  2.3906E-02,  1.1511E-01,  1.3286E-02,  1.5974E-01,  1.5013E-02,  9.7300E-02,  9.7299E-03,  1.6779E-01,  2.4717E-02,  2.9513E-01,  2.0044E-01,  5.8769E-01,  8.6880E-02,  7.5364E-02,  1.0600E-01,  1.1518E+00,  6.7109E-02,  0.0000E+00,  0.0000E+00,  0.0000E+00,  0.0000E+00,  0.0000E+00,  0.0000E+00,  1.5989E-02,  0.0000E+00,  4.1396E-03,  5.1024E+08,  3.1921E+07,  1.4197E-02,  1.8024E-02,  5.7366E-01,  1.9527E+05,  7.0796E+04,  6.9000E+05,  2.7686E+01,  9.1276E+04,  7.0401E+03,  1.3270E+05,  1.1839E+04,  1.1435E+05,  4.4053E+02,  2.2075E+04,  1.6609E+02,  2.2888E+03,  3.7470E+02,  7.3415E+03,  1.2557E+01,  6.7998E+02,  8.5884E+01,  4.2791E+03,  2.0593E+03,  2.6720E+05,  6.8811E+02,  1.2857E+04,  1.3761E+02,  2.1997E+02,  6.2882E+00,  2.1697E+01,  1.0648E+00,  1.1853E+01,  1.2052E+00,  5.7255E+00,  3.3749E+00,  8.0053E+00,  1.4867E+00,  3.3749E+00,  2.2299E-01,  6.8503E-01,  0.0000E+00,  5.7255E-01,  1.0848E-01,  3.7165E-01,  7.4432E-02,  3.5559E-01,  3.8773E-01,  8.5884E-01,  6.9610E-02,  1.0547E+00,  1.1651E-01,  4.1987E-01,  1.1451E-01,  1.1451E+00,  1.2557E-01,  3.2142E-01,  4.3392E-02,  2.6720E-01,  0.0000E+00,  8.5884E-02,  2.7523E-02,  1.0848E-01,  6.8503E-03,  1.1451E-01,  1.5468E-02,  7.4432E-02,  8.5884E-03,  1.0345E-01,  9.7126E-03,  6.2882E-02,  6.2882E-03,  1.0848E-01,  1.5971E-02,  1.9085E-01,  1.2958E-01,  3.7970E-01,  5.6151E-02,  4.8716E-02,  6.8503E-02,  7.4432E-01,  4.3392E-02,  0.0000E+00,  0.0000E+00,  0.0000E+00,  0.0000E+00,  0.0000E+00,  0.0000E+00,  1.0345E-02,  0.0000E+00,  2.6720E-03
  2.2000E+00,  1.5270E+09,  5.4006E+07,  2.4067E-02,  3.0579E-02,  1.2293E+00,  4.1620E+05,  1.5131E+05,  1.3399E+06,  5.4117E+01,  1.7819E+05,  1.3100E+04,  2.4661E+05,  2.1005E+04,  2.0317E+05,  8.0839E+02,  4.0399E+04,  3.0501E+02,  4.2125E+03,  6.8722E+02,  1.3445E+04,  1.7000E+01,  9.1893E+02,  1.1622E+02,  5.7883E+03,  2.7881E+03,  3.6153E+05,  9.3124E+02,  1.7370E+04,  1.8603E+02,  2.9747E+02,  8.5112E+00,  2.9375E+01,  1.4418E+00,  1.6058E+01,  1.6279E+00,  7.7532E+00,  4.5659E+00,  1.0831E+01,  2.0133E+00,  4.5649E+00,  3.0158E-01,  9.2700E-01,  0.0000E+00,  7.7513E-01,  1.4680E-01,  5.0314E-01,  1.0074E-01,  4.8157E-01,  5.2514E-01,  1.1636E+00,  9.4298E-02,  1.4290E+00,  1.5762E-01,  5.6912E-01,  1.5505E-01,  1.5510E+00,  1.7032E-01,  4.3514E-01,  5.8738E-02,  3.6219E-01,  0.0000E+00,  1.1641E-01,  3.7307E-02,  1.4701E-01,  9.2822E-03,  1.5511E-01,  2.0947E-02,  1.0088E-01,  1.1643E-02,  1.3995E-01,  1.3155E-02,  8.5272E-02,  8.5271E-03,  1.4704E-01,  2.1662E-02,  2.5862E-01,  1.7565E-01,  5.1506E-01,  7.6139E-02,  6.6046E-02,  9.2892E-02,  1.0094E+00,  5.8809E-02,  0.0000E+00,  0.0000E+00,  0.0000E+00,  0.0000E+00,  0.0000E+00,  0.0000E+00,  1.4010E-02,  0.0000E+00,  3.6285E-03,  4.3714E+08,  2.9206E+07,  1.2988E-02,  1.6490E-02,  5.2960E-01,  1.8026E+05,  6.5277E+04,  6.3566E+05,  2.5492E+01,  8.4047E+04,  6.4757E+03,  1.2206E+05,  1.0879E+04,  1.0508E+05,  4.0512E+02,  2.0299E+04,  1.5275E+02,  2.1049E+03,  3.4458E+02,  6.7508E+03,  1.1463E+01,  6.2070E+02,  7.8404E+01,  3.9063E+03,  1.8800E+03,  2.4393E+05,  6.2820E+02,  1.1736E+04,  1.2562E+02,  2.0081E+02,  5.7405E+00,  1.9808E+01,  9.7201E-01,  1.0821E+01,  1.1001E+00,  5.2267E+00,  3.0809E+00,  7.3076E+00,  1.3572E+00,  3.0809E+00,  2.0356E-01,  6.2533E-01,  0.0000E+00,  5.2267E-01,  9.9027E-02,  3.3928E-01,  6.7948E-02,  3.2462E-01,  3.5396E-01,  7.8404E-01,  6.3546E-02,  9.6276E-01,  1.0636E-01,  3.8330E-01,  1.0453E-01,  1.0453E+00,  1.1463E-01,  2.9340E-01,  3.9611E-02,  2.4393E-01,  0.0000E+00,  7.8404E-02,  2.5126E-02,  9.9027E-02,  6.2533E-03,  1.0453E-01,  1.4120E-02,  6.7948E-02,  7.8404E-03,  9.4425E-02,  8.8659E-03,  5.7405E-02,  5.7405E-03,  9.9027E-02,  1.4580E-02,  1.7422E-01,  1.1829E-01,  3.4663E-01,  5.1259E-02,  4.4471E-02,  6.2533E-02,  6.7948E-01,  3.9611E-02,  0.0000E+00,  0.0000E+00,  0.0000E+00,  0.0000E+00,  0.0000E+00,  0.0000E+00,  9.4425E-03,  0.0000E+00,  2.4393E-03
  2.5000E+00,  1.4081E+09,  4.5855E+07,  2.0443E-02,  2.5977E-02,  1.0804E+00,  3.6550E+05,  1.3297E+05,  1.1614E+06,  4.6963E+01,  1.5460E+05,  1.1284E+04,  2.1238E+05,  1.7957E+04,  1.7373E+05,  6.9482E+02,  3.4709E+04,  2.6219E+02,  3.6225E+03,  5.9062E+02,  1.1553E+04,  1.3807E+01,  7.4606E+02,  9.4381E+01,  4.7003E+03,  2.2644E+03,  2.9358E+05,  7.5626E+02,  1.4101E+04,  1.5104E+02,  2.4154E+02,  6.9122E+00,  2.3857E+01,  1.1711E+00,  1.3044E+01,  1.3215E+00,  6.2974E+00,  3.7078E+00,  8.7957E+00,  1.6352E+00,  3.7068E+00,  2.4488E-01,  7.5283E-01,  0.0000E+00,  6.2955E-01,  1.1922E-01,  4.0865E-01,  8.1814E-02,  3.9116E-01,  4.2655E-01,  9.4518E-01,  7.6599E-02,  1.1608E+00,  1.2800E-01,  4.6235E-01,  1.2594E-01,  1.2599E+00,  1.3839E-01,  3.5342E-01,  4.7706E-02,  2.9424E-01,  0.0000E+00,  9.4569E-02,  3.0308E-02,  1.1942E-01,  7.5405E-03,  1.2600E-01,  1.7015E-02,  8.1951E-02,  9.4593E-03,  1.1365E-01,  1.0685E-02,  6.9282E-02,  6.9281E-03,  1.1946E-01,  1.7601E-02,  2.1010E-01,  1.4271E-01,  4.1851E-01,  6.1861E-02,  5.3660E-02,  7.5475E-02,  8.2017E-01,  4.7776E-02,  0.0000E+00,  0.0000E+00,  0.0000E+00,  0.0000E+00,  0.0000E+00,  0.0000E+00,  1.1381E-02,  0.0000E+00,  2.9490E-03,  3.5525E+08,  2.5133E+07,  1.1175E-02,  1.4189E-02,  4.6350E-01,  1.5774E+05,  5.6999E+04,  5.5414E+05,  2.2201E+01,  7.3204E+04,  5.6290E+03,  1.0610E+05,  9.4385E+03,  9.1188E+04,  3.5201E+02,  1.7634E+04,  1.3273E+02,  1.8290E+03,  2.9940E+02,  5.8648E+03,  9.8236E+00,  5.3178E+02,  6.7183E+01,  3.3471E+03,  1.6110E+03,  2.0902E+05,  5.3834E+02,  1.0055E+04,  1.0763E+02,  1.7205E+02,  4.9190E+00,  1.6974E+01,  8.3289E-01,  9.2721E+00,  9.4239E-01,  4.4786E+00,  2.6397E+00,  6.2610E+00,  1.1630E+00,  2.6397E+00,  1.7441E-01,  5.3578E-01,  0.0000E+00,  4.4786E-01,  8.4847E-02,  2.9071E-01,  5.8222E-02,  2.7816E-01,  3.0330E-01,  6.7183E-01,  5.4450E-02,  8.2489E-01,  9.1122E-02,  3.2844E-01,  8.9563E-02,  8.9563E-01,  9.8236E-02,  2.5139E-01,  3.3939E-02,  2.0902E-01,  0.0000E+00,  6.7183E-02,  2.1530E-02,  8.4847E-02,  5.3578E-03,  8.9563E-02,  1.2098E-02,  5.8222E-02,  6.7183E-03,  8.0891E-02,  7.5959E-03,  4.9190E-02,  4.9190E-03,  8.4847E-02,  1.2493E-02,  1.4927E-01,  1.0135E-01,  2.9703E-01,  4.3923E-02,  3.8103E-02,  5.3578E-02,  5.8222E-01,  3.3939E-02,  0.0000E+00,  0.0000E+00,  0.0000E+00,  0.0000E+00,  0.0000E+00,  0.0000E+00,  8.0891E-03,  0.0000E+00,  2.0902E-03
  2.8000E+00,  1.3086E+09,  3.8926E+07,  1.7362E-02,  2.2065E-02,  9.5122E-01,  3.2155E+05,  1.1711E+05,  1.0074E+06,  4.0796E+01,  1.3427E+05,  9.7223E+03,  1.8294E+05,  1.5342E+04,  1.4845E+05,  5.9719E+02,  2.9818E+04,  2.2537E+02,  3.1151E+03,  5.0758E+02,  9.9266E+03,  1.1106E+01,  5.9986E+02,  7.5910E+01,  3.7800E+03,  1.8214E+03,  2.3611E+05,  6.0824E+02,  1.1337E+04,  1.2145E+02,  1.9424E+02,  5.5598E+00,  1.9191E+01,  9.4206E-01,  1.0494E+01,  1.0624E+00,  5.0661E+00,  2.9821E+00,  7.0744E+00,  1.3154E+00,  2.9810E+00,  1.9693E-01,  6.0553E-01,  0.0000E+00,  5.0642E-01,  9.5890E-02,  3.2872E-01,  6.5806E-02,  3.1468E-01,  3.4316E-01,  7.6046E-01,  6.1628E-02,  9.3406E-01,  1.0295E-01,  3.7205E-01,  1.0131E-01,  1.0136E+00,  1.1138E-01,  2.8431E-01,  3.8375E-02,  2.3677E-01,  0.0000E+00,  7.6098E-02,  2.4389E-02,  9.6097E-02,  6.0675E-03,  1.0138E-01,  1.3689E-02,  6.5943E-02,  7.6121E-03,  9.1418E-02,  8.5972E-03,  5.5758E-02,  5.5757E-03,  9.6135E-02,  1.4166E-02,  1.6906E-01,  1.1484E-01,  3.3684E-01,  4.9785E-02,  4.3184E-02,  6.0745E-02,  6.6009E-01,  3.8445E-02,  0.0000E+00,  0.0000E+00,  0.0000E+00,  0.0000E+00,  0.0000E+00,  0.0000E+00,  9.1570E-03,  0.0000E+00,  2.3743E-03,  3.0860E+08,  2.1060E+07,  9.3625E-03,  1.1888E-02,  3.9740E-01,  1.3522E+05,  4.8721E+04,  4.7262E+05,  1.8910E+01,  6.2361E+04,  4.7823E+03,  9.0145E+04,  7.9986E+03,  7.7291E+04,  2.9889E+02,  1.4970E+04,  1.1271E+02,  1.5531E+03,  2.5421E+02,  4.9788E+03,  8.1838E+00,  4.4287E+02,  5.5962E+01,  2.7880E+03,  1.3421E+03,  1.7412E+05,  4.4848E+02,  8.3746E+03,  8.9640E+01,  1.4330E+02,  4.0975E+00,  1.4139E+01,  6.9377E-01,  7.7235E+00,  7.8470E-01,  3.7304E+00,  2.1986E+00,  5.2145E+00,  9.6881E-01,  2.1986E+00,  1.4527E-01,  4.4624E-01,  0.0000E+00,  3.7304E-01,  7.0668E-02,  2.4215E-01,  4.8497E-02,  2.3171E-01,  2.5264E-01,  5.5962E-01,  4.5353E-02,  6.8703E-01,  7.5888E-02,  2.7358E-01,  7.4597E-02,  7.4597E-01,  8.1838E-02,  2.0937E-01,  2.8267E-02,  1.7412E-01,  0.0000E+00,  5.5962E-02,  1.7934E-02,  7.0668E-02,  4.4624E-03,  7.4597E-02,  1.0075E-02,  4.8497E-02,  5.5962E-03,  6.7356E-02,  6.3259E-03,  4.0975E-02,  4.0975E-03,  7.0668E-02,  1.0407E-02,  1.2433E-01,  8.4420E-02,  2.4742E-01,  3.6586E-02,  3.1736E-02,  4.4624E-02,  4.8497E-01,  2.8267E-02,  0.0000E+00,  0.0000E+00,  0.0000E+00,  0.0000E+00,  0.0000E+00,  0.0000E+00,  6.7356E-03,  0.0000E+00,  1.7412E-03
  3.2000E+00,  1.1909E+09,  3.1588E+07,  1.4100E-02,  1.7923E-02,  8.0989E-01,  2.7347E+05,  9.9826E+04,  8.4011E+05,  3.4109E+01,  1.1222E+05,  8.0352E+03,  1.5114E+05,  1.2526E+04,  1.2124E+05,  4.9179E+02,  2.4541E+04,  1.8563E+02,  2.5675E+03,  4.1795E+02,  8.1713E+03,  8.2695E+00,  4.4642E+02,  5.6517E+01,  2.8139E+03,  1.3563E+03,  1.7578E+05,  4.5281E+02,  8.4350E+03,  9.0391E+01,  1.4459E+02,  4.1398E+00,  1.4291E+01,  7.0165E-01,  7.8179E+00,  7.9059E-01,  3.7734E+00,  2.2203E+00,  5.2677E+00,  9.7971E-01,  2.2192E+00,  1.4660E-01,  4.5091E-01,  0.0000E+00,  3.7715E-01,  7.1404E-02,  2.4481E-01,  4.9001E-02,  2.3438E-01,  2.5561E-01,  5.6653E-01,  4.5913E-02,  6.9600E-01,  7.6657E-02,  2.7725E-01,  7.5463E-02,  7.5513E-01,  8.3021E-02,  2.1177E-01,  2.8580E-02,  1.7644E-01,  0.0000E+00,  5.6705E-02,  1.8174E-02,  7.1611E-02,  4.5213E-03,  7.5528E-02,  1.0198E-02,  4.9138E-02,  5.6729E-03,  6.8084E-02,  6.4055E-03,  4.1558E-02,  4.1557E-03,  7.1649E-02,  1.0560E-02,  1.2598E-01,  8.5587E-02,  2.5110E-01,  3.7107E-02,  3.2187E-02,  4.5284E-02,  4.9204E-01,  2.8651E-02,  0.0000E+00,  0.0000E+00,  0.0000E+00,  0.0000E+00,  0.0000E+00,  0.0000E+00,  6.8237E-03,  0.0000E+00,  1.7709E-03,  2.7972E+08,  1.5630E+07,  6.9453E-03,  8.8206E-03,  3.0927E-01,  1.0519E+05,  3.7684E+04,  3.6392E+05,  1.4523E+01,  4.7903E+04,  3.6534E+03,  6.8868E+04,  6.0786E+03,  5.8763E+04,  2.2808E+02,  1.1417E+04,  8.6019E+01,  1.1853E+03,  1.9397E+02,  3.7974E+03,  5.9973E+00,  3.2431E+02,  4.1001E+01,  2.0425E+03,  9.8347E+02,  1.2758E+05,  3.2867E+02,  6.1336E+03,  6.5656E+01,  1.0496E+02,  3.0022E+00,  1.0360E+01,  5.0828E-01,  5.6588E+00,  5.7445E-01,  2.7329E+00,  1.6105E+00,  3.8191E+00,  7.0988E-01,  1.6105E+00,  1.0640E-01,  3.2684E-01,  0.0000E+00,  2.7329E-01,  5.1762E-02,  1.7739E-01,  3.5529E-02,  1.6976E-01,  1.8510E-01,  4.1001E-01,  3.3225E-02,  5.0322E-01,  5.5576E-02,  2.0043E-01,  5.4642E-02,  5.4642E-01,  5.9973E-02,  1.5334E-01,  2.0705E-02,  1.2758E-01,  0.0000E+00,  4.1001E-02,  1.3139E-02,  5.1762E-02,  3.2684E-03,  5.4642E-02,  7.3790E-03,  3.5529E-02,  4.1001E-03,  4.9311E-02,  4.6325E-03,  3.0022E-02,  3.0022E-03,  5.1762E-02,  7.6242E-03,  9.1070E-02,  6.1842E-02,  1.8128E-01,  2.6803E-02,  2.3246E-02,  3.2684E-02,  3.5529E-01,  2.0705E-02,  0.0000E+00,  0.0000E+00,  0.0000E+00,  0.0000E+00,  0.0000E+00,  0.0000E+00,  4.9311E-03,  0.0000E+00,  1.2758E-03
  3.5000E+00,  1.1112E+09,  2.7510E+07,  1.2289E-02,  1.5622E-02,  7.2702E-01,  2.4529E+05,  8.9763E+04,  7.4316E+05,  3.0246E+01,  9.9473E+04,  7.0662E+03,  1.3288E+05,  1.0919E+04,  1.0570E+05,  4.3134E+02,  2.1515E+04,  1.6282E+02,  2.2533E+03,  3.6653E+02,  7.1650E+03,  6.7162E+00,  3.6247E+02,  4.5900E+01,  2.2851E+03,  1.1016E+03,  1.4274E+05,  3.6769E+02,  6.8470E+03,  7.3392E+01,  1.1741E+02,  3.3624E+00,  1.1608E+01,  5.7003E-01,  6.3526E+00,  6.4190E-01,  3.0658E+00,  1.8033E+00,  4.2789E+00,  7.9588E-01,  1.8023E+00,  1.1905E-01,  3.6629E-01,  0.0000E+00,  3.0639E-01,  5.8002E-02,  1.9888E-01,  3.9801E-02,  1.9042E-01,  2.0768E-01,  4.6036E-01,  3.7310E-02,  5.6572E-01,  6.2269E-02,  2.2535E-01,  6.1316E-02,  6.1365E-01,  6.7488E-02,  1.7207E-01,  2.3220E-02,  1.4340E-01,  0.0000E+00,  4.6088E-02,  1.4772E-02,  5.8210E-02,  3.6751E-03,  6.1380E-02,  8.2873E-03,  3.9939E-02,  4.6111E-03,  5.5321E-02,  5.2063E-03,  3.3784E-02,  3.3783E-03,  5.8248E-02,  8.5853E-03,  1.0240E-01,  6.9575E-02,  2.0415E-01,  3.0167E-02,  2.6169E-02,  3.6822E-02,  4.0004E-01,  2.3290E-02,  0.0000E+00,  0.0000E+00,  0.0000E+00,  0.0000E+00,  0.0000E+00,  0.0000E+00,  5.5474E-03,  0.0000E+00,  1.4406E-03,  2.5133E+08,  1.1557E+07,  5.1323E-03,  6.5198E-03,  2.4318E-01,  8.2670E+04,  2.9406E+04,  2.8240E+05,  1.1232E+01,  3.7060E+04,  2.8067E+03,  5.2910E+04,  4.6386E+03,  4.4867E+04,  1.7496E+02,  8.7531E+03,  6.6001E+01,  9.0941E+02,  1.4879E+02,  2.9114E+03,  4.3575E+00,  2.3540E+02,  2.9780E+01,  1.4833E+03,  7.1452E+02,  9.2670E+04,  2.3881E+02,  4.4529E+03,  4.7668E+01,  7.6212E+01,  2.1807E+00,  7.5258E+00,  3.6916E-01,  4.1102E+00,  4.1676E-01,  1.9847E+00,  1.1693E+00,  2.7726E+00,  5.1567E-01,  1.1693E+00,  7.7258E-02,  2.3729E-01,  0.0000E+00,  1.9847E-01,  3.7583E-02,  1.2883E-01,  2.5803E-02,  1.2331E-01,  1.3444E-01,  2.9780E-01,  2.4129E-02,  3.6536E-01,  4.0342E-02,  1.4557E-01,  3.9676E-02,  3.9676E-01,  4.3575E-02,  1.1132E-01,  1.5033E-02,  9.2670E-02,  0.0000E+00,  2.9780E-02,  9.5429E-03,  3.7583E-02,  2.3729E-03,  3.9676E-02,  5.3568E-03,  2.5803E-02,  2.9780E-03,  3.5776E-02,  3.3625E-03,  2.1807E-02,  2.1807E-03,  3.7583E-02,  5.5374E-03,  6.6126E-02,  4.4908E-02,  1.3168E-01,  1.9467E-02,  1.6879E-02,  2.3729E-02,  2.5803E-01,  1.5033E-02,  0.0000E+00,  0.0000E+00,  0.0000E+00,  0.0000E+00,  0.0000E+00,  0.0000E+00,  3.5776E-03,  0.0000E+00,  9.2670E-04
  4.0000E+00,  9.9884E+08,  2.3043E+07,  1.0306E-02,  1.3103E-02,  6.2716E-01,  2.1136E+05,  7.7778E+04,  6.2870E+05,  2.5708E+01,  8.4495E+04,  5.9398E+03,  1.1164E+05,  9.0699E+03,  8.7806E+04,  3.6122E+02,  1.8009E+04,  1.3637E+02,  1.8888E+03,  3.0691E+02,  5.9990E+03,  5.0692E+00,  2.7359E+02,  3.4647E+01,  1.7247E+03,  8.3158E+02,  1.0772E+05,  2.7742E+02,  5.1654E+03,  5.5388E+01,  8.8624E+01,  2.5384E+00,  8.7638E+00,  4.3055E-01,  4.7995E+00,  4.8462E-01,  2.3159E+00,  1.3616E+00,  3.2319E+00,  6.0100E-01,  1.3606E+00,  8.9865E-02,  2.7667E-01,  0.0000E+00,  2.3141E-01,  4.3807E-02,  1.5021E-01,  3.0052E-02,  1.4383E-01,  1.5688E-01,  3.4784E-01,  2.8194E-02,  4.2772E-01,  4.7035E-02,  1.7035E-01,  4.6329E-02,  4.6379E-01,  5.1018E-02,  1.3003E-01,  1.7542E-02,  1.0838E-01,  0.0000E+00,  3.4836E-02,  1.1166E-02,  4.4014E-02,  2.7789E-03,  4.6394E-02,  6.2644E-03,  3.0190E-02,  3.4859E-03,  4.1819E-02,  3.9366E-03,  2.5544E-02,  2.5543E-03,  4.4052E-02,  6.4931E-03,  7.7424E-02,  5.2609E-02,  1.5440E-01,  2.2812E-02,  1.9793E-02,  2.7859E-02,  3.0255E-01,  1.7612E-02,  0.0000E+00,  0.0000E+00,  0.0000E+00,  0.0000E+00,  0.0000E+00,  0.0000E+00,  4.1971E-03,  0.0000E+00,  1.0904E-03,  1.9825E+08,  6.3115E+06,  2.7974E-03,  3.5569E-03,  1.5627E-01,  5.3066E+04,  1.8535E+04,  1.7543E+05,  6.9207E+00,  2.2853E+04,  1.6988E+03,  3.2026E+04,  2.7566E+03,  2.6703E+04,  1.0550E+02,  5.2692E+03,  3.9817E+01,  5.4859E+02,  8.9697E+01,  1.7529E+03,  2.2309E+00,  1.2013E+02,  1.5230E+01,  7.5830E+02,  3.6572E+02,  4.7405E+04,  1.2226E+02,  2.2738E+03,  2.4347E+01,  3.8935E+01,  1.1154E+00,  3.8500E+00,  1.8877E-01,  2.1022E+00,  2.1237E-01,  1.0146E+00,  5.9739E-01,  1.4158E+00,  2.6384E-01,  5.9739E-01,  3.9468E-02,  1.2120E-01,  0.0000E+00,  1.0146E-01,  1.9199E-02,  6.5853E-02,  1.3192E-02,  6.3062E-02,  6.8748E-02,  1.5230E-01,  1.2334E-02,  1.8663E-01,  2.0592E-02,  7.4435E-02,  2.0270E-02,  2.0270E-01,  2.2308E-02,  5.6843E-02,  7.6791E-03,  4.7405E-02,  0.0000E+00,  1.5230E-02,  4.8800E-03,  1.9199E-02,  1.2120E-03,  2.0270E-02,  2.7349E-03,  1.3192E-02,  1.5230E-03,  1.8234E-02,  1.7162E-03,  1.1154E-02,  1.1154E-03,  1.9199E-02,  2.8316E-03,  3.3784E-02,  2.2952E-02,  6.7353E-02,  9.9529E-03,  8.6235E-03,  1.2120E-02,  1.3192E-01,  7.6791E-03,  0.0000E+00,  0.0000E+00,  0.0000E+00,  0.0000E+00,  0.0000E+00,  0.0000E+00,  1.8234E-03,  0.0000E+00,  4.7405E-04
  4.5000E+00,  9.0931E+08,  2.0101E+07,  9.0028E-03,  1.1445E-02,  5.5421E-01,  1.8659E+05,  6.9146E+04,  5.4717E+05,  2.2491E+01,  7.3871E+04,  5.1516E+03,  9.6785E+04,  7.7936E+03,  7.5441E+04,  3.1228E+02,  1.5565E+04,  1.1790E+02,  1.6342E+03,  2.6530E+02,  5.1857E+03,  4.0539E+00,  2.1891E+02,  2.7716E+01,  1.3795E+03,  6.6515E+02,  8.6147E+04,  2.2179E+02,  4.1305E+03,  4.4307E+01,  7.0902E+01,  2.0308E+00,  7.0120E+00,  3.4463E-01,  3.8427E+00,  3.8796E-01,  1.8541E+00,  1.0897E+00,  2.5875E+00,  4.8093E-01,  1.0887E+00,  7.1904E-02,  2.2150E-01,  0.0000E+00,  1.8522E-01,  3.5068E-02,  1.2024E-01,  2.4049E-02,  1.1513E-01,  1.2559E-01,  2.7853E-01,  2.2581E-02,  3.4278E-01,  3.7664E-02,  1.3647E-01,  3.7104E-02,  3.7154E-01,  4.0866E-02,  1.0416E-01,  1.4047E-02,  8.6807E-02,  0.0000E+00,  2.7905E-02,  8.9452E-03,  3.5276E-02,  2.2272E-03,  3.7169E-02,  5.0198E-03,  2.4187E-02,  2.7928E-03,  3.3520E-02,  3.1555E-03,  2.0468E-02,  2.0467E-03,  3.5314E-02,  5.2043E-03,  6.2050E-02,  4.2164E-02,  1.2375E-01,  1.8283E-02,  1.5868E-02,  2.2343E-02,  2.4252E-01,  1.4118E-02,  0.0000E+00,  0.0000E+00,  0.0000E+00,  0.0000E+00,  0.0000E+00,  0.0000E+00,  3.3673E-03,  0.0000E+00,  8.7465E-04,  1.5989E+08,  5.4572E+06,  2.4168E-03,  3.0750E-03,  1.3554E-01,  4.6029E+04,  1.5992E+04,  1.5071E+05,  5.9487E+00,  1.9644E+04,  1.4541E+03,  2.7399E+04,  2.3486E+03,  2.2760E+04,  9.0272E+01,  4.5080E+03,  3.4067E+01,  4.6946E+02,  7.6746E+01,  1.5002E+03,  1.8303E+00,  9.8581E+01,  1.2494E+01,  6.2222E+02,  3.0001E+02,  3.8890E+04,  1.0027E+02,  1.8655E+03,  1.9977E+01,  3.1953E+01,  9.1497E-01,  3.1573E+00,  1.5490E-01,  1.7249E+00,  1.7429E-01,  8.3256E-01,  4.9005E-01,  1.1617E+00,  2.1644E-01,  4.9005E-01,  3.2376E-02,  9.9462E-02,  0.0000E+00,  8.3256E-02,  1.5755E-02,  5.4024E-02,  1.0820E-02,  5.1726E-02,  5.6400E-02,  1.2494E-01,  1.0119E-02,  1.5314E-01,  1.6893E-02,  6.1073E-02,  1.6629E-02,  1.6629E-01,  1.8299E-02,  4.6630E-02,  6.2991E-03,  3.8890E-02,  0.0000E+00,  1.2494E-02,  4.0039E-03,  1.5755E-02,  9.9462E-04,  1.6629E-02,  2.2437E-03,  1.0820E-02,  1.2494E-03,  1.4962E-02,  1.4084E-03,  9.1497E-03,  9.1497E-04,  1.5755E-02,  2.3234E-03,  2.7714E-02,  1.8832E-02,  5.5251E-02,  8.1650E-03,  7.0765E-03,  9.9462E-03,  1.0820E-01,  6.2991E-03,  0.0000E+00,  0.0000E+00,  0.0000E+00,  0.0000E+00,  0.0000E+00,  0.0000E+00,  1.4962E-03,  0.0000E+00,  3.8890E-04
  5.0000E+00,  8.3414E+08,  1.7586E+07,  7.8896E-03,  1.0028E-02,  4.9162E-01,  1.6533E+05,  6.1786E+04,  4.7799E+05,  1.9759E+01,  6.4851E+04,  4.4857E+03,  8.4242E+04,  6.7213E+03,  6.5046E+04,  2.7095E+02,  1.3501E+04,  1.0230E+02,  1.4193E+03,  2.3017E+02,  4.4988E+03,  3.2389E+00,  1.7500E+02,  2.2153E+01,  1.1024E+03,  5.3157E+02,  6.8831E+04,  1.7715E+02,  3.2998E+03,  3.5411E+01,  5.6671E+01,  1.6234E+00,  5.6065E+00,  2.7565E-01,  3.0746E+00,  3.1033E-01,  1.4834E+00,  8.7156E-01,  2.0702E+00,  3.8455E-01,  8.7053E-01,  5.7489E-02,  1.7721E-01,  0.0000E+00,  1.4815E-01,  2.8052E-02,  9.6184E-02,  1.9232E-02,  9.2103E-02,  1.0048E-01,  2.2289E-01,  1.8075E-02,  2.7458E-01,  3.0142E-02,  1.0927E-01,  2.9700E-02,  2.9750E-01,  3.2718E-02,  8.3398E-02,  1.1243E-02,  6.9491E-02,  0.0000E+00,  2.2341E-02,  7.1624E-03,  2.8260E-02,  1.7843E-03,  2.9765E-02,  4.0207E-03,  1.9370E-02,  2.2364E-03,  2.6857E-02,  2.5282E-03,  1.6394E-02,  1.6393E-03,  2.8297E-02,  4.1697E-03,  4.9711E-02,  3.3778E-02,  9.9146E-02,  1.4647E-02,  1.2716E-02,  1.7913E-02,  1.9435E-01,  1.1313E-02,  0.0000E+00,  0.0000E+00,  0.0000E+00,  0.0000E+00,  0.0000E+00,  0.0000E+00,  2.7010E-03,  0.0000E+00,  7.0149E-04,  1.4079E+08,  4.6029E+06,  2.0362E-03,  2.5931E-03,  1.1481E-01,  3.8992E+04,  1.3448E+04,  1.2598E+05,  4.9767E+00,  1.6435E+04,  1.2093E+03,  2.2771E+04,  1.9406E+03,  1.8818E+04,  7.5049E+01,  3.7468E+03,  2.8317E+01,  3.9033E+02,  6.3795E+01,  1.2475E+03,  1.4297E+00,  7.7032E+01,  9.7592E+00,  4.8614E+02,  2.3430E+02,  3.0374E+04,  7.8287E+01,  1.4573E+03,  1.5607E+01,  2.4971E+01,  7.1455E-01,  2.4646E+00,  1.2103E-01,  1.3476E+00,  1.3620E-01,  6.5048E-01,  3.8272E-01,  9.0759E-01,  1.6905E-01,  3.8272E-01,  2.5285E-02,  7.7722E-02,  0.0000E+00,  6.5048E-02,  1.2310E-02,  4.2196E-02,  8.4492E-03,  4.0391E-02,  4.4051E-02,  9.7592E-02,  7.9039E-03,  1.1965E-01,  1.3194E-02,  4.7711E-02,  1.2987E-02,  1.2987E-01,  1.4291E-02,  3.6417E-02,  4.9191E-03,  3.0374E-02,  0.0000E+00,  9.7592E-03,  3.1277E-03,  1.2310E-02,  7.7722E-04,  1.2987E-02,  1.7525E-03,  8.4492E-03,  9.7592E-04,  1.1690E-02,  1.1006E-03,  7.1455E-03,  7.1455E-04,  1.2310E-02,  1.8152E-03,  2.1643E-02,  1.4711E-02,  4.3149E-02,  6.3770E-03,  5.5295E-03,  7.7722E-03,  8.4492E-02,  4.9191E-03,  0.0000E+00,  0.0000E+00,  0.0000E+00,  0.0000E+00,  0.0000E+00,  0.0000E+00,  1.1690E-03,  0.0000E+00,  3.0374E-04
  5.5000E+00,  7.6716E+08,  1.5498E+07,  6.9666E-03,  8.8520E-03,  4.3940E-01,  1.4759E+05,  5.5698E+04,  4.2118E+05,  1.7514E+01,  5.7436E+04,  3.9423E+03,  7.4013E+04,  5.8529E+03,  5.6623E+04,  2.3723E+02,  1.1818E+04,  8.9581E+01,  1.2439E+03,  2.0151E+02,  3.9382E+03,  2.6241E+00,  1.4188E+02,  1.7957E+01,  8.9340E+02,  4.3085E+02,  5.5772E+04,  1.4350E+02,  2.6732E+03,  2.8700E+01,  4.5931E+01,  1.3162E+00,  4.5474E+00,  2.2360E-01,  2.4951E+00,  2.5176E-01,  1.2036E+00,  7.0703E-01,  1.6799E+00,  3.1188E-01,  7.0600E-01,  4.6619E-02,  1.4378E-01,  0.0000E+00,  1.2018E-01,  2.2758E-02,  7.8043E-02,  1.5600E-02,  7.4741E-02,  8.1543E-02,  1.8094E-01,  1.4677E-02,  2.2312E-01,  2.4470E-02,  8.8760E-02,  2.4117E-02,  2.4167E-01,  2.6575E-02,  6.7743E-02,  9.1281E-03,  5.6432E-02,  0.0000E+00,  1.8145E-02,  5.8176E-03,  2.2966E-02,  1.4500E-03,  2.4182E-02,  3.2672E-03,  1.5738E-02,  1.8169E-03,  2.1830E-02,  2.0548E-03,  1.3322E-02,  1.3321E-03,  2.3004E-02,  3.3891E-03,  4.0407E-02,  2.7453E-02,  8.0597E-02,  1.1906E-02,  1.0338E-02,  1.4570E-02,  1.5803E-01,  9.1987E-03,  0.0000E+00,  0.0000E+00,  0.0000E+00,  0.0000E+00,  0.0000E+00,  0.0000E+00,  2.1983E-03,  0.0000E+00,  5.7091E-04,  1.2713E+08,  3.7486E+06,  1.6556E-03,  2.1112E-03,  9.4085E-02,  3.1955E+04,  1.0904E+04,  1.0126E+05,  4.0047E+00,  1.3226E+04,  9.6450E+02,  1.8144E+04,  1.5327E+03,  1.4875E+04,  5.9825E+01,  2.9856E+03,  2.2567E+01,  3.1120E+02,  5.0844E+01,  9.9474E+02,  1.0291E+00,  5.5484E+01,  7.0238E+00,  3.5006E+02,  1.6858E+02,  2.1859E+04,  5.6301E+01,  1.0490E+03,  1.1237E+01,  1.7989E+01,  5.1412E-01,  1.7719E+00,  8.7163E-02,  9.7029E-01,  9.8114E-02,  4.6840E-01,  2.7539E-01,  6.5350E-01,  1.2165E-01,  2.7539E-01,  1.8193E-02,  5.5981E-02,  0.0000E+00,  4.6840E-02,  8.8656E-03,  3.0367E-02,  6.0781E-03,  2.9055E-02,  3.1702E-02,  7.0238E-02,  5.6888E-03,  8.6167E-02,  9.4949E-03,  3.4350E-02,  9.3456E-03,  9.3456E-02,  1.0282E-02,  2.6204E-02,  3.5391E-03,  2.1859E-02,  0.0000E+00,  7.0238E-03,  2.2515E-03,  8.8656E-03,  5.5981E-04,  9.3456E-03,  1.2613E-03,  6.0781E-03,  7.0238E-04,  8.4176E-03,  7.9288E-04,  5.1412E-03,  5.1412E-04,  8.8656E-03,  1.3070E-03,  1.5573E-02,  1.0590E-02,  3.1046E-02,  4.5890E-03,  3.9825E-03,  5.5981E-03,  6.0781E-02,  3.5391E-03,  0.0000E+00,  0.0000E+00,  0.0000E+00,  0.0000E+00,  0.0000E+00,  0.0000E+00,  8.4176E-04,  0.0000E+00,  2.1859E-04
  6.3000E+00,  6.7678E+08,  1.2882E+07,  5.8121E-03,  7.3789E-03,  3.7354E-01,  1.2522E+05,  4.8096E+04,  3.5103E+05,  1.4736E+01,  4.8263E+04,  3.2776E+03,  6.1515E+04,  4.8040E+03,  4.6438E+04,  1.9601E+02,  9.7615E+03,  7.4034E+01,  1.0295E+03,  1.6648E+02,  3.2527E+03,  1.9632E+00,  1.0623E+02,  1.3447E+01,  6.6853E+02,  3.2261E+02,  4.1736E+04,  1.0737E+02,  1.9995E+03,  2.1483E+01,  3.4372E+01,  9.8614E-01,  3.4102E+00,  1.6760E-01,  1.8718E+00,  1.8872E-01,  9.0277E-01,  5.3021E-01,  1.2601E+00,  2.3377E-01,  5.2917E-01,  3.4937E-02,  1.0781E-01,  0.0000E+00,  9.0089E-02,  1.7063E-02,  5.8542E-02,  1.1698E-02,  5.6088E-02,  6.1186E-02,  1.3583E-01,  1.1023E-02,  1.6777E-01,  1.8373E-02,  6.6697E-02,  1.8116E-02,  1.8166E-01,  1.9973E-02,  5.0917E-02,  6.8559E-03,  4.2395E-02,  0.0000E+00,  1.3635E-02,  4.3715E-03,  1.7270E-02,  1.0903E-03,  1.8181E-02,  2.4572E-03,  1.1836E-02,  1.3658E-03,  1.6423E-02,  1.5454E-03,  1.0021E-02,  1.0020E-03,  1.7308E-02,  2.5496E-03,  3.0408E-02,  2.0652E-02,  6.0663E-02,  8.9588E-03,  7.7799E-03,  1.0974E-02,  1.1901E-01,  6.9265E-03,  0.0000E+00,  0.0000E+00,  0.0000E+00,  0.0000E+00,  0.0000E+00,  0.0000E+00,  1.6575E-03,  0.0000E+00,  4.3054E-04,  9.8804E+07,  2.7908E+06,  1.2307E-03,  1.5718E-03,  7.0562E-02,  2.3972E+04,  8.1007E+03,  7.4136E+04,  2.9392E+00,  9.7065E+03,  6.9724E+02,  1.3103E+04,  1.0897E+03,  1.0588E+04,  4.3224E+01,  2.1563E+03,  1.6299E+01,  2.2488E+02,  3.6726E+01,  7.1908E+02,  6.2317E-01,  3.3639E+01,  4.2526E+00,  2.1210E+02,  1.0203E+02,  1.3233E+04,  3.4036E+01,  6.3543E+02,  6.8072E+00,  1.0907E+01,  3.1111E-01,  1.0710E+00,  5.2827E-02,  5.8789E-01,  5.9488E-02,  2.8380E-01,  1.6667E-01,  3.9601E-01,  7.3637E-02,  1.6667E-01,  1.1011E-02,  3.3941E-02,  0.0000E+00,  2.8380E-02,  5.3733E-03,  1.8386E-02,  3.6771E-03,  1.7578E-02,  1.9191E-02,  4.2526E-02,  3.4450E-03,  5.2223E-02,  5.7469E-03,  2.0806E-02,  5.6563E-03,  5.6563E-02,  6.2223E-03,  1.5861E-02,  2.1416E-03,  1.3233E-02,  0.0000E+00,  4.2526E-03,  1.3637E-03,  5.3733E-03,  3.3941E-04,  5.6563E-03,  7.6372E-04,  3.6771E-03,  4.2526E-04,  5.1015E-03,  4.8073E-04,  3.1111E-03,  3.1111E-04,  5.3733E-03,  7.9184E-04,  9.4240E-03,  6.4129E-03,  1.8789E-02,  2.7779E-03,  2.4138E-03,  3.3941E-03,  3.6771E-02,  2.1416E-03,  0.0000E+00,  0.0000E+00,  0.0000E+00,  0.0000E+00,  0.0000E+00,  0.0000E+00,  5.1015E-04,  0.0000E+00,  1.3233E-04
  7.1000E+00,  6.0442E+08,  1.0852E+07,  4.9161E-03,  6.2348E-03,  3.2223E-01,  1.0779E+05,  4.2177E+04,  2.9707E+05,  1.2595E+01,  4.1192E+04,  2.7717E+03,  5.2005E+04,  4.0167E+03,  3.8789E+04,  1.6464E+02,  8.1965E+03,  6.2206E+01,  8.6630E+02,  1.3982E+02,  2.7308E+03,  1.5232E+00,  8.2468E+01,  1.0443E+01,  5.1876E+02,  2.5054E+02,  3.2389E+04,  8.3334E+01,  1.5506E+03,  1.6676E+01,  2.6672E+01,  7.6642E-01,  2.6535E+00,  1.3030E-01,  1.4566E+00,  1.4671E-01,  7.0239E-01,  4.1250E-01,  9.8038E-01,  1.8176E-01,  4.1147E-01,  2.7161E-02,  8.3841E-02,  0.0000E+00,  7.0051E-02,  1.3268E-02,  4.5556E-02,  9.1009E-03,  4.3672E-02,  4.7633E-02,  1.0580E-01,  8.5900E-03,  1.3089E-01,  1.4315E-02,  5.2005E-02,  1.4122E-02,  1.4172E-01,  1.5579E-02,  3.9713E-02,  5.3433E-03,  3.3049E-02,  0.0000E+00,  1.0632E-02,  3.4084E-03,  1.3476E-02,  8.5060E-04,  1.4187E-02,  1.9178E-03,  9.2385E-03,  1.0655E-03,  1.2819E-02,  1.2060E-03,  7.8242E-03,  7.8234E-04,  1.3514E-02,  1.9905E-03,  2.3753E-02,  1.6124E-02,  4.7392E-02,  6.9968E-03,  6.0755E-03,  8.5764E-03,  9.3039E-02,  5.4140E-03,  0.0000E+00,  0.0000E+00,  0.0000E+00,  0.0000E+00,  0.0000E+00,  0.0000E+00,  1.2972E-03,  0.0000E+00,  3.3708E-04,  8.2113E+07,  2.2849E+06,  1.0093E-03,  1.2884E-03,  5.7696E-02,  1.9610E+04,  6.6967E+03,  6.0756E+04,  2.4150E+00,  7.9726E+03,  5.6748E+02,  1.0672E+04,  8.7853E+02,  8.5350E+03,  3.5196E+01,  1.7564E+03,  1.3271E+01,  1.8309E+02,  2.9908E+01,  5.8565E+02,  4.7692E-01,  2.5758E+01,  3.2555E+00,  1.6232E+02,  7.8131E+01,  1.0132E+04,  2.6045E+01,  4.8660E+02,  5.2090E+00,  8.3448E+00,  2.3817E-01,  8.2068E-01,  4.0437E-02,  4.5006E-01,  4.5521E-02,  2.1716E-01,  1.2759E-01,  3.0327E-01,  5.6372E-02,  1.2759E-01,  8.4300E-03,  2.5987E-02,  0.0000E+00,  2.1716E-02,  4.1123E-03,  1.4078E-02,  2.8157E-03,  1.3461E-02,  1.4690E-02,  3.2555E-02,  2.6386E-03,  3.9980E-02,  4.3979E-03,  1.5924E-02,  4.3293E-03,  4.3293E-02,  4.7633E-03,  1.2148E-02,  1.6397E-03,  1.0132E-02,  0.0000E+00,  3.2555E-03,  1.0440E-03,  4.1123E-03,  2.5987E-04,  4.3293E-03,  5.8484E-04,  2.8157E-03,  3.2555E-04,  3.9065E-03,  3.6783E-04,  2.3817E-03,  2.3817E-04,  4.1123E-03,  6.0600E-04,  7.2136E-03,  4.9063E-03,  1.4387E-02,  2.1269E-03,  1.8471E-03,  2.5987E-03,  2.8157E-02,  1.6397E-03,  0.0000E+00,  0.0000E+00,  0.0000E+00,  0.0000E+00,  0.0000E+00,  0.0000E+00,  3.9065E-04,  0.0000E+00,  1.0132E-04
  8.0000E+00,  5.3667E+08,  9.0518E+06,  4.1198E-03,  5.2187E-03,  2.7682E-01,  9.2348E+04,  3.6861E+04,  2.4916E+05,  1.0687E+01,  3.4894E+04,  2.3266E+03,  4.3630E+04,  3.3330E+03,  3.2146E+04,  1.3703E+02,  6.8182E+03,  5.1795E+01,  7.2267E+02,  1.1636E+02,  2.2713E+03,  1.1680E+00,  6.3275E+01,  8.0182E+00,  3.9788E+02,  1.9232E+02,  2.4841E+04,  6.3939E+01,  1.1880E+03,  1.2797E+01,  2.0459E+01,  5.8900E-01,  2.0417E+00,  1.0017E-01,  1.1214E+00,  1.1281E-01,  5.4068E-01,  3.1745E-01,  7.5439E-01,  1.3977E-01,  3.1642E-01,  2.0881E-02,  6.4480E-02,  0.0000E+00,  5.3880E-02,  1.0206E-02,  3.5066E-02,  7.0029E-03,  3.3641E-02,  3.6691E-02,  8.1545E-02,  6.6236E-03,  1.0110E-01,  1.1040E-02,  4.0146E-02,  1.0898E-02,  1.0947E-01,  1.2030E-02,  3.0660E-02,  4.1216E-03,  2.5501E-02,  0.0000E+00,  8.2064E-03,  2.6306E-03,  1.0413E-02,  6.5699E-04,  1.0962E-02,  1.4820E-03,  7.1405E-03,  8.2297E-04,  9.9085E-03,  9.3208E-04,  6.0500E-03,  6.0491E-04,  1.0451E-02,  1.5392E-03,  1.8380E-02,  1.2471E-02,  3.6673E-02,  5.4122E-03,  4.7000E-03,  6.6403E-03,  7.2058E-02,  4.1923E-03,  0.0000E+00,  0.0000E+00,  0.0000E+00,  0.0000E+00,  0.0000E+00,  0.0000E+00,  1.0061E-03,  0.0000E+00,  2.6159E-04,  6.8442E+07,  1.7158E+06,  7.6025E-04,  9.6964E-04,  4.3221E-02,  1.4703E+04,  5.1173E+03,  4.5704E+04,  1.8253E+00,  6.0220E+03,  4.2149E+02,  7.9382E+03,  6.4099E+02,  6.2257E+03,  2.6165E+01,  1.3064E+03,  9.8648E+00,  1.3608E+02,  2.2238E+01,  4.3554E+02,  3.1237E-01,  1.6892E+01,  2.1338E+00,  1.0632E+02,  5.1243E+01,  6.6432E+03,  1.7055E+01,  3.1917E+02,  3.4110E+00,  5.4622E+00,  1.5610E-01,  5.3902E-01,  2.6499E-02,  2.9500E-01,  2.9810E-02,  1.4218E-01,  8.3633E-02,  1.9893E-01,  3.6948E-02,  8.3633E-02,  5.5268E-03,  1.7038E-02,  0.0000E+00,  1.4218E-02,  2.6937E-03,  9.2329E-03,  1.8466E-03,  8.8304E-03,  9.6258E-03,  2.1338E-02,  1.7313E-03,  2.6206E-02,  2.8803E-03,  1.0431E-02,  2.8365E-03,  2.8365E-02,  3.1220E-03,  7.9703E-03,  1.0752E-03,  6.6432E-03,  0.0000E+00,  2.1338E-03,  6.8444E-04,  2.6937E-03,  1.7038E-04,  2.8365E-03,  3.8359E-04,  1.8466E-03,  2.1338E-04,  2.5622E-03,  2.4081E-04,  1.5610E-03,  1.5610E-04,  2.6937E-03,  3.9692E-04,  4.7269E-03,  3.2114E-03,  9.4341E-03,  1.3945E-03,  1.2096E-03,  1.7038E-03,  1.8466E-02,  1.0752E-03,  0.0000E+00,  0.0000E+00,  0.0000E+00,  0.0000E+00,  0.0000E+00,  0.0000E+00,  2.5622E-04,  0.0000E+00,  6.6432E-05
  9.0000E+00,  4.7557E+08,  7.5244E+06,  3.4425E-03,  4.3551E-03,  2.3818E-01,  7.9201E+04,  3.2259E+04,  2.0842E+05,  9.0560E+00,  2.9515E+04,  1.9528E+03,  3.6585E+04,  2.7684E+03,  2.6663E+04,  1.1381E+02,  5.6585E+03,  4.3040E+01,  6.0191E+02,  9.6622E+01,  1.8847E+03,  9.0398E-01,  4.8994E+01,  6.2144E+00,  3.0802E+02,  1.4900E+02,  1.9224E+04,  4.9525E+01,  9.1817E+02,  9.9145E+00,  1.5843E+01,  4.5704E-01,  1.5857E+00,  7.7775E-02,  8.7196E-01,  8.7620E-02,  4.2052E-01,  2.4675E-01,  5.8618E-01,  1.0853E-01,  2.4572E-01,  1.6208E-02,  5.0076E-02,  0.0000E+00,  4.1864E-02,  7.9288E-03,  2.7260E-02,  5.4415E-03,  2.6174E-02,  2.8554E-02,  6.3507E-02,  5.1595E-03,  7.8950E-02,  8.6057E-03,  3.1330E-02,  8.5000E-03,  8.5498E-02,  9.3910E-03,  2.3919E-02,  3.2126E-03,  1.9884E-02,  0.0000E+00,  6.4026E-03,  2.0519E-03,  8.1363E-03,  5.1295E-04,  8.5646E-03,  1.1577E-03,  5.5792E-03,  6.4259E-04,  7.7421E-03,  7.2856E-04,  4.7304E-03,  4.7295E-04,  8.1742E-03,  1.2037E-03,  1.4384E-02,  9.7571E-03,  2.8696E-02,  4.2332E-03,  3.6778E-03,  5.1999E-03,  5.6445E-02,  3.2832E-03,  0.0000E+00,  0.0000E+00,  0.0000E+00,  0.0000E+00,  0.0000E+00,  0.0000E+00,  7.8948E-04,  0.0000E+00,  2.0542E-04,  5.3751E+07,  1.3391E+06,  5.9432E-04,  7.5752E-04,  3.4057E-02,  1.1590E+04,  4.0857E+03,  3.5786E+04,  1.4359E+00,  4.7363E+03,  3.2621E+02,  6.1513E+03,  4.8813E+02,  4.7407E+03,  2.0277E+01,  1.0129E+03,  7.6446E+00,  1.0545E+02,  1.7236E+01,  3.3763E+02,  2.1568E-01,  1.1672E+01,  1.4738E+00,  7.3400E+01,  3.5412E+01,  4.5903E+03,  1.1773E+01,  2.2057E+02,  2.3546E+00,  3.7693E+00,  1.0783E-01,  3.7300E-01,  1.8301E-02,  2.0378E-01,  2.0577E-02,  9.8141E-02,  5.7768E-02,  1.3748E-01,  2.5521E-02,  5.7768E-02,  3.8181E-03,  1.1771E-02,  0.0000E+00,  9.8141E-03,  1.8599E-03,  6.3803E-03,  1.2761E-03,  6.1029E-03,  6.6483E-03,  1.4738E-02,  1.1968E-03,  1.8101E-02,  1.9885E-03,  7.2013E-03,  1.9587E-03,  1.9587E-02,  2.1564E-03,  5.5106E-03,  7.4299E-04,  4.5903E-03,  0.0000E+00,  1.4738E-03,  4.7290E-04,  1.8599E-03,  1.1771E-04,  1.9587E-03,  2.6509E-04,  1.2761E-03,  1.4738E-04,  1.7705E-03,  1.6622E-04,  1.0783E-03,  1.0783E-04,  1.8599E-03,  2.7403E-04,  3.2646E-03,  2.2160E-03,  6.5190E-03,  9.6342E-04,  8.3484E-04,  1.1771E-03,  1.2761E-02,  7.4299E-04,  0.0000E+00,  0.0000E+00,  0.0000E+00,  0.0000E+00,  0.0000E+00,  0.0000E+00,  1.7705E-04,  0.0000E+00,  4.5903E-05
  1.0000E+01,  4.2579E+08,  6.2986E+06,  2.8986E-03,  3.6619E-03,  2.0667E-01,  6.8480E+04,  2.8477E+04,  1.7559E+05,  7.7368E+00,  2.5163E+04,  1.6546E+03,  3.0960E+04,  2.3241E+03,  2.2348E+04,  9.5260E+01,  4.7318E+03,  3.6046E+01,  5.0542E+02,  8.0853E+01,  1.5758E+03,  7.1136E-01,  3.8572E+01,  4.8984E+00,  2.4247E+02,  1.1737E+02,  1.5125E+04,  3.9011E+01,  7.2122E+02,  7.8117E+00,  1.2477E+01,  3.6074E-01,  1.2525E+00,  6.1431E-02,  6.8999E-01,  6.9244E-02,  3.3287E-01,  1.9517E-01,  4.6343E-01,  8.5744E-02,  1.9414E-01,  1.2799E-02,  3.9565E-02,  0.0000E+00,  3.3099E-02,  6.2678E-03,  2.1562E-02,  4.3021E-03,  2.0725E-02,  2.2616E-02,  5.0347E-02,  4.0910E-03,  6.2788E-02,  6.8298E-03,  2.4899E-02,  6.7509E-03,  6.8006E-02,  7.4653E-03,  1.8998E-02,  2.5490E-03,  1.5785E-02,  0.0000E+00,  5.0866E-03,  1.6296E-03,  6.4753E-03,  4.0784E-04,  6.8155E-03,  9.2097E-04,  4.4397E-03,  5.1099E-04,  6.1612E-03,  5.8010E-04,  3.7674E-03,  3.7665E-04,  6.5132E-03,  9.5897E-04,  1.1469E-02,  7.7780E-03,  2.2875E-02,  3.3730E-03,  2.9323E-03,  4.1488E-03,  4.5051E-02,  2.6196E-03,  0.0000E+00,  0.0000E+00,  0.0000E+00,  0.0000E+00,  0.0000E+00,  0.0000E+00,  6.3140E-04,  0.0000E+00,  1.6443E-04,  4.5803E+07,  1.1125E+06,  4.9350E-04,  6.2885E-04,  2.8957E-02,  9.8523E+03,  3.4790E+03,  2.9865E+04,  1.2026E+00,  3.9684E+03,  2.7023E+02,  5.0990E+03,  4.0049E+02,  3.8907E+03,  1.6824E+01,  8.4056E+02,  6.3432E+00,  8.7512E+01,  1.4302E+01,  2.8019E+02,  1.6958E-01,  9.1714E+00,  1.1581E+00,  5.7689E+01,  2.7829E+01,  3.6084E+03,  9.2550E+00,  1.7333E+02,  1.8510E+00,  2.9633E+00,  8.4764E-02,  2.9327E-01,  1.4385E-02,  1.6017E-01,  1.6174E-02,  7.7154E-02,  4.5398E-02,  1.0803E-01,  2.0058E-02,  4.5398E-02,  3.0003E-03,  9.2502E-03,  0.0000E+00,  7.7154E-03,  1.4622E-03,  5.0144E-03,  1.0029E-03,  4.7956E-03,  5.2267E-03,  1.1581E-02,  9.4031E-04,  1.4223E-02,  1.5632E-03,  5.6595E-03,  1.5396E-03,  1.5396E-02,  1.6948E-03,  4.3323E-03,  5.8413E-04,  3.6084E-03,  0.0000E+00,  1.1581E-03,  3.7178E-04,  1.4622E-03,  9.2502E-05,  1.5396E-03,  2.0831E-04,  1.0029E-03,  1.1581E-04,  1.3912E-03,  1.3069E-04,  8.4764E-04,  8.4764E-05,  1.4622E-03,  2.1541E-04,  2.5661E-03,  1.7421E-03,  5.1238E-03,  7.5707E-04,  6.5604E-04,  9.2502E-04,  1.0029E-02,  5.8413E-04,  0.0000E+00,  0.0000E+00,  0.0000E+00,  0.0000E+00,  0.0000E+00,  0.0000E+00,  1.3912E-04,  0.0000E+00,  3.6084E-05
  1.1000E+01,  3.8290E+08,  5.2993E+06,  2.4555E-03,  3.0974E-03,  1.8027E-01,  5.9497E+04,  2.5301E+04,  1.4869E+05,  6.6509E+00,  2.1578E+04,  1.4123E+03,  2.6387E+04,  1.9674E+03,  1.8882E+04,  8.0162E+01,  3.9774E+03,  3.0354E+01,  4.2688E+02,  6.8018E+01,  1.3243E+03,  5.6483E-01,  3.0651E+01,  3.8982E+00,  1.9264E+02,  9.3337E+01,  1.2007E+04,  3.1015E+01,  5.7152E+02,  6.2125E+00,  9.9163E+00,  2.8751E-01,  9.9913E-01,  4.9004E-02,  5.5163E-01,  5.5271E-02,  2.6621E-01,  1.5595E-01,  3.7013E-01,  6.8418E-02,  1.5492E-01,  1.0208E-02,  3.1575E-02,  0.0000E+00,  2.6433E-02,  5.0045E-03,  1.7231E-02,  3.4358E-03,  1.6583E-02,  1.8101E-02,  4.0344E-02,  3.2789E-03,  5.0504E-02,  5.4793E-03,  2.0010E-02,  5.4209E-03,  5.4707E-02,  6.0014E-03,  1.5255E-02,  2.0443E-03,  1.2667E-02,  0.0000E+00,  4.0863E-03,  1.3083E-03,  5.2120E-03,  3.2794E-04,  5.4855E-03,  7.4104E-04,  3.5734E-03,  4.1097E-04,  4.9597E-03,  4.6717E-04,  3.0351E-03,  3.0342E-04,  5.2499E-03,  7.7287E-04,  9.2519E-03,  6.2729E-03,  1.8449E-02,  2.7191E-03,  2.3657E-03,  3.3498E-03,  3.6388E-02,  2.1149E-03,  0.0000E+00,  0.0000E+00,  0.0000E+00,  0.0000E+00,  0.0000E+00,  0.0000E+00,  5.1124E-04,  0.0000E+00,  1.3326E-04,  3.9976E+07,  8.8595E+05,  3.9267E-04,  5.0017E-04,  2.3857E-02,  8.1142E+03,  2.8723E+03,  2.3944E+04,  9.6926E-01,  3.2004E+03,  2.1424E+02,  4.0468E+03,  3.1285E+02,  3.0407E+03,  1.3371E+01,  6.6821E+02,  5.0418E+00,  6.9573E+01,  1.1368E+01,  2.2274E+02,  1.2347E-01,  6.6712E+00,  8.4245E-01,  4.1978E+01,  2.0247E+01,  2.6265E+03,  6.7372E+00,  1.2608E+02,  1.3474E+00,  2.1572E+00,  6.1696E-02,  2.1354E-01,  1.0469E-02,  1.1655E-01,  1.1772E-02,  5.6168E-02,  3.3029E-02,  7.8569E-02,  1.4594E-02,  3.3029E-02,  2.1825E-03,  6.7295E-03,  0.0000E+00,  5.6168E-03,  1.0644E-03,  3.6485E-03,  7.2971E-04,  3.4884E-03,  3.8052E-03,  8.4245E-03,  6.8384E-04,  1.0345E-02,  1.1379E-03,  4.1178E-03,  1.1204E-03,  1.1204E-02,  1.2332E-03,  3.1540E-03,  4.2526E-04,  2.6265E-03,  0.0000E+00,  8.4245E-04,  2.7065E-04,  1.0644E-03,  6.7295E-05,  1.1204E-03,  1.5154E-04,  7.2971E-04,  8.4245E-05,  1.0120E-03,  9.5168E-05,  6.1696E-04,  6.1696E-05,  1.0644E-03,  1.5679E-04,  1.8676E-03,  1.2681E-03,  3.7286E-03,  5.5072E-04,  4.7725E-04,  6.7295E-04,  7.2971E-03,  4.2526E-04,  0.0000E+00,  0.0000E+00,  0.0000E+00,  0.0000E+00,  0.0000E+00,  0.0000E+00,  1.0120E-04,  0.0000E+00,  2.6265E-05
  1.2000E+01,  3.4630E+08,  4.5267E+06,  2.1132E-03,  2.6616E-03,  1.5896E-01,  5.2252E+04,  2.2733E+04,  1.2770E+05,  5.7983E+00,  1.8762E+04,  1.2261E+03,  2.2866E+04,  1.6984E+03,  1.6266E+04,  6.8518E+01,  3.3954E+03,  2.5963E+01,  3.6628E+02,  5.8117E+01,  1.1303E+03,  4.6442E-01,  2.5230E+01,  3.2135E+00,  1.5851E+02,  7.6881E+01,  9.8717E+03,  2.5537E+01,  4.6907E+02,  5.1168E+00,  8.1621E+00,  2.3735E-01,  8.2545E-01,  4.0493E-02,  4.5689E-01,  4.5701E-02,  2.2054E-01,  1.2911E-01,  3.0629E-01,  5.6556E-02,  1.2808E-01,  8.4341E-03,  2.6106E-02,  0.0000E+00,  2.1866E-02,  4.1389E-03,  1.4265E-02,  2.8427E-03,  1.3748E-02,  1.5006E-02,  3.3498E-02,  2.7233E-03,  4.2098E-02,  4.5540E-03,  1.6664E-02,  4.5101E-03,  4.5598E-02,  4.9990E-03,  1.2690E-02,  1.6985E-03,  1.0532E-02,  0.0000E+00,  3.4017E-03,  1.0883E-03,  4.3465E-03,  2.7325E-04,  4.5746E-03,  6.1789E-04,  2.9803E-03,  3.4250E-04,  4.1373E-03,  3.8977E-04,  2.5335E-03,  2.5326E-04,  4.3843E-03,  6.4539E-04,  7.7336E-03,  5.2418E-03,  1.5418E-02,  2.2715E-03,  1.9778E-03,  2.8029E-03,  3.0457E-02,  1.7691E-03,  0.0000E+00,  0.0000E+00,  0.0000E+00,  0.0000E+00,  0.0000E+00,  0.0000E+00,  4.2901E-04,  0.0000E+00,  1.1190E-04,  3.3239E+07,  6.5938E+05,  2.9184E-04,  3.7150E-04,  1.8757E-02,  6.3760E+03,  2.2655E+03,  1.8023E+04,  7.3594E-01,  2.4325E+03,  1.5826E+02,  2.9945E+03,  2.2521E+02,  2.1907E+03,  9.9184E+00,  4.9586E+02,  3.7404E+00,  5.1635E+01,  8.4338E+00,  1.6529E+02,  7.7363E-02,  4.1710E+00,  5.2677E-01,  2.6268E+01,  1.2664E+01,  1.6445E+03,  4.2194E+00,  7.8827E+01,  8.4388E-01,  1.3512E+00,  3.8628E-02,  1.3382E-01,  6.5534E-03,  7.2936E-02,  7.3692E-03,  3.5181E-02,  2.0660E-02,  4.9112E-02,  9.1306E-03,  2.0660E-02,  1.3647E-03,  4.2087E-03,  0.0000E+00,  3.5181E-03,  6.6667E-04,  2.2826E-03,  4.5653E-04,  2.1811E-03,  2.3836E-03,  5.2677E-03,  4.2737E-04,  6.4672E-03,  7.1260E-04,  2.5760E-03,  7.0126E-04,  7.0126E-03,  7.7151E-04,  1.9757E-03,  2.6640E-04,  1.6445E-03,  0.0000E+00,  5.2677E-04,  1.6953E-04,  6.6667E-04,  4.2087E-05,  7.0126E-04,  9.4765E-05,  4.5653E-04,  5.2677E-05,  6.3267E-04,  5.9643E-05,  3.8628E-04,  3.8628E-05,  6.6667E-04,  9.8165E-05,  1.1691E-03,  7.9417E-04,  2.3334E-03,  3.4437E-04,  2.9845E-04,  4.2087E-04,  4.5653E-03,  2.6640E-04,  0.0000E+00,  0.0000E+00,  0.0000E+00,  0.0000E+00,  0.0000E+00,  0.0000E+00,  6.3267E-05,  0.0000E+00,  1.6445E-05
  1.4000E+01,  2.8854E+08,  3.3832E+06,  1.6071E-03,  2.0172E-03,  1.2587E-01,  4.1004E+04,  1.8679E+04,  9.6285E+04,  4.5177E+00,  1.4529E+04,  9.5112E+02,  1.7662E+04,  1.3077E+03,  1.2466E+04,  5.1309E+01,  2.5348E+03,  1.9472E+01,  2.7670E+02,  4.3484E+01,  8.4350E+02,  3.3547E-01,  1.8279E+01,  2.3357E+00,  1.1474E+02,  5.5780E+01,  7.1312E+03,  1.8505E+01,  3.3771E+02,  3.7104E+00,  5.9106E+00,  1.7297E-01,  6.0244E-01,  2.9572E-02,  3.3535E-01,  3.3420E-02,  1.6191E-01,  9.4679E-02,  2.2445E-01,  4.1341E-02,  9.3648E-02,  6.1598E-03,  1.9092E-02,  0.0000E+00,  1.6003E-02,  3.0278E-03,  1.0461E-02,  2.0817E-03,  1.0114E-02,  1.1034E-02,  2.4719E-02,  2.0114E-03,  3.1322E-02,  3.3664E-03,  1.2371E-02,  3.3415E-03,  3.3913E-02,  3.7132E-03,  9.3979E-03,  1.2545E-03,  7.7912E-03,  0.0000E+00,  2.5238E-03,  8.0575E-04,  3.2353E-03,  2.0311E-04,  3.4061E-03,  4.6000E-04,  2.2194E-03,  2.5472E-04,  3.0834E-03,  2.9035E-04,  1.8897E-03,  1.8888E-04,  3.2732E-03,  4.8179E-04,  5.7850E-03,  3.9182E-03,  1.1529E-02,  1.6977E-03,  1.4805E-03,  2.1015E-03,  2.2847E-02,  1.3251E-03,  0.0000E+00,  0.0000E+00,  0.0000E+00,  0.0000E+00,  0.0000E+00,  0.0000E+00,  3.2361E-04,  0.0000E+00,  8.4497E-05,  2.4519E+07,  4.8411E+05,  2.1426E-04,  2.7286E-04,  1.4330E-02,  4.8714E+03,  1.7876E+03,  1.3396E+04,  5.4466E-01,  1.8003E+03,  1.1671E+02,  2.2096E+03,  1.6549E+02,  1.6098E+03,  7.2903E+00,  3.6471E+02,  2.7510E+00,  3.7944E+01,  6.1988E+00,  1.2151E+02,  5.1580E-02,  2.7794E+00,  3.5111E-01,  1.7507E+01,  8.4374E+00,  1.0959E+03,  2.8125E+00,  5.2538E+01,  5.6249E-01,  9.0033E-01,  2.5746E-02,  8.9188E-02,  4.3676E-03,  4.8602E-02,  4.9117E-03,  2.3448E-02,  1.3768E-02,  3.2721E-02,  6.0845E-03,  1.3768E-02,  9.0957E-04,  2.8052E-03,  0.0000E+00,  2.3448E-03,  4.4449E-04,  1.5213E-03,  3.0442E-04,  1.4537E-03,  1.5889E-03,  3.5111E-03,  2.8455E-04,  4.3088E-03,  4.7499E-04,  1.7169E-03,  4.6727E-04,  4.6727E-03,  5.1435E-04,  1.3165E-03,  1.7757E-04,  1.0959E-03,  0.0000E+00,  3.5111E-04,  1.1297E-04,  4.4449E-04,  2.8052E-05,  4.6727E-04,  6.3123E-05,  3.0442E-04,  3.5111E-05,  4.2131E-04,  3.9780E-05,  2.5746E-04,  2.5746E-05,  4.4449E-04,  6.5441E-05,  7.7942E-04,  5.2941E-04,  1.5551E-03,  2.2949E-04,  1.9890E-04,  2.8052E-04,  3.0442E-03,  1.7757E-04,  0.0000E+00,  0.0000E+00,  0.0000E+00,  0.0000E+00,  0.0000E+00,  0.0000E+00,  4.2131E-05,  0.0000E+00,  1.0959E-05
  1.6000E+01,  2.4485E+08,  2.5594E+06,  1.2424E-03,  1.5525E-03,  1.0100E-01,  3.2547E+04,  1.5500E+04,  7.3319E+04,  3.5890E+00,  1.1460E+04,  7.5142E+02,  1.3882E+04,  1.0236E+03,  9.7025E+03,  3.8881E+01,  1.9128E+03,  1.4780E+01,  2.1204E+02,  3.2918E+01,  6.3637E+02,  2.5071E-01,  1.3711E+01,  1.7585E+00,  8.5967E+01,  4.1916E+01,  5.3308E+03,  1.3884E+01,  2.5134E+02,  2.7862E+00,  4.4317E+00,  1.3067E-01,  4.5594E-01,  2.2395E-02,  2.5549E-01,  2.5349E-02,  1.2339E-01,  7.2051E-02,  1.7068E-01,  3.1342E-02,  7.1020E-02,  4.6646E-03,  1.4481E-02,  0.0000E+00,  1.2151E-02,  2.2973E-03,  7.9610E-03,  1.5812E-03,  7.7238E-03,  8.4227E-03,  1.8948E-02,  1.5440E-03,  2.4241E-02,  2.5859E-03,  9.5487E-03,  2.5738E-03,  2.6236E-02,  2.8676E-03,  7.2355E-03,  9.6276E-04,  5.9907E-03,  0.0000E+00,  1.9466E-03,  6.2017E-04,  2.5048E-03,  1.5700E-04,  2.6384E-03,  3.5629E-04,  1.7188E-03,  1.9700E-04,  2.3913E-03,  2.2496E-04,  1.4667E-03,  1.4658E-04,  2.5427E-03,  3.7424E-04,  4.5040E-03,  3.0482E-03,  8.9736E-03,  1.3205E-03,  1.1536E-03,  1.6404E-03,  1.7841E-02,  1.0334E-03,  0.0000E+00,  0.0000E+00,  0.0000E+00,  0.0000E+00,  0.0000E+00,  0.0000E+00,  2.5440E-04,  0.0000E+00,  6.6492E-05,  1.9165E+07,  3.3971E+05,  1.5047E-04,  1.9186E-04,  1.0544E-02,  3.5860E+03,  1.3914E+03,  9.5703E+03,  3.8398E-01,  1.2685E+03,  8.2989E+01,  1.5712E+03,  1.1860E+02,  1.1533E+03,  5.1376E+00,  2.5730E+02,  1.9410E+00,  2.6718E+01,  4.3674E+00,  8.5626E+01,  3.3178E-02,  1.7889E+00,  2.2608E-01,  1.1265E+01,  5.4261E+00,  7.0456E+02,  1.8087E+00,  3.3828E+01,  3.6174E-01,  5.7852E-01,  1.6558E-02,  5.7315E-02,  2.8092E-03,  3.1257E-02,  3.1596E-03,  1.5075E-02,  8.8598E-03,  2.1054E-02,  3.9142E-03,  8.8598E-03,  5.8556E-04,  1.8059E-03,  0.0000E+00,  1.5075E-03,  2.8600E-04,  9.7896E-04,  1.9613E-04,  9.3599E-04,  1.0219E-03,  2.2608E-03,  1.8285E-04,  2.7724E-03,  3.0550E-04,  1.1050E-03,  3.0042E-04,  3.0042E-03,  3.3121E-04,  8.4587E-04,  1.1418E-04,  7.0456E-04,  0.0000E+00,  2.2608E-04,  7.2604E-05,  2.8600E-04,  1.8059E-05,  3.0042E-04,  4.0583E-05,  1.9613E-04,  2.2608E-05,  2.7075E-04,  2.5604E-05,  1.6558E-04,  1.6558E-05,  2.8600E-04,  4.2109E-05,  5.0163E-04,  3.4055E-04,  1.0004E-03,  1.4769E-04,  1.2802E-04,  1.8059E-04,  1.9613E-03,  1.1418E-04,  0.0000E+00,  0.0000E+00,  0.0000E+00,  0.0000E+00,  0.0000E+00,  0.0000E+00,  2.7075E-05,  0.0000E+00,  7.0456E-06
  1.8000E+01,  2.1065E+08,  1.9915E+06,  9.9082E-04,  1.2315E-03,  8.2907E-02,  2.6392E+04,  1.3041E+04,  5.7163E+04,  2.9438E+00,  9.3297E+03,  6.1146E+02,  1.1232E+04,  8.2318E+02,  7.7540E+03,  3.0292E+01,  1.4824E+03,  1.1533E+01,  1.6738E+02,  2.5617E+01,  4.9321E+02,  1.9800E-01,  1.0868E+01,  1.3990E+00,  6.8065E+01,  3.3296E+01,  4.2116E+03,  1.1010E+01,  1.9756E+02,  2.2115E+00,  3.5132E+00,  1.0436E-01,  3.6493E-01,  1.7932E-02,  2.0583E-01,  2.0328E-02,  9.9443E-02,  5.7970E-02,  1.3722E-01,  2.5123E-02,  5.6939E-02,  3.7338E-03,  1.1611E-02,  0.0000E+00,  9.7562E-03,  1.8428E-03,  6.4052E-03,  1.2693E-03,  6.2358E-03,  6.7992E-03,  1.5353E-02,  1.2536E-03,  1.9835E-02,  2.1005E-03,  7.7924E-03,  2.0966E-03,  2.1464E-02,  2.3411E-03,  5.8924E-03,  7.8139E-04,  4.8715E-03,  0.0000E+00,  1.5872E-03,  5.0487E-04,  2.0503E-03,  1.2830E-04,  2.1612E-03,  2.9183E-04,  1.4069E-03,  1.6105E-04,  1.9613E-03,  1.8427E-04,  1.2036E-03,  1.2027E-04,  2.0882E-03,  3.0731E-04,  3.7067E-03,  2.5071E-03,  7.3840E-03,  1.0857E-03,  9.5007E-04,  1.3534E-03,  1.4723E-02,  8.5201E-04,  0.0000E+00,  0.0000E+00,  0.0000E+00,  0.0000E+00,  0.0000E+00,  0.0000E+00,  2.1141E-04,  0.0000E+00,  5.5301E-05,  1.5040E+07,  2.2813E+05,  1.0112E-04,  1.2910E-04,  7.5496E-03,  2.5686E+03,  1.0677E+03,  6.5860E+03,  2.6119E-01,  8.6207E+02,  5.6971E+01,  1.0783E+03,  8.1823E+01,  7.9522E+02,  3.4517E+00,  1.7308E+02,  1.3059E+00,  1.7934E+01,  2.9335E+00,  5.7528E+01,  1.9538E-02,  1.0543E+00,  1.3334E-01,  6.6370E+00,  3.1946E+00,  4.1457E+02,  1.0648E+00,  1.9948E+01,  2.1297E-01,  3.4006E-01,  9.7480E-03,  3.3700E-02,  1.6541E-03,  1.8401E-02,  1.8608E-03,  8.8692E-03,  5.2208E-03,  1.2405E-02,  2.3053E-03,  5.2208E-03,  3.4521E-04,  1.0646E-03,  0.0000E+00,  8.8692E-04,  1.6849E-04,  5.7680E-04,  1.1575E-04,  5.5201E-04,  6.0158E-04,  1.3334E-03,  1.0752E-04,  1.6333E-03,  1.7988E-04,  6.5131E-04,  1.7679E-04,  1.7679E-03,  1.9535E-04,  4.9729E-04,  6.7191E-05,  4.1457E-04,  0.0000E+00,  1.3334E-04,  4.2696E-05,  1.6849E-04,  1.0646E-05,  1.7679E-04,  2.3883E-05,  1.1575E-04,  1.3334E-05,  1.5923E-04,  1.5090E-05,  9.7480E-05,  9.7480E-06,  1.6849E-04,  2.4816E-05,  2.9564E-04,  2.0056E-04,  5.8919E-04,  8.7050E-05,  7.5463E-05,  1.0646E-04,  1.1575E-03,  6.7191E-05,  0.0000E+00,  0.0000E+00,  0.0000E+00,  0.0000E+00,  0.0000E+00,  0.0000E+00,  1.5923E-05,  0.0000E+00,  4.1457E-06
  2.0000E+01,  1.8347E+08,  1.5859E+06,  8.1113E-04,  1.0022E-03,  6.9330E-02,  2.1775E+04,  1.1095E+04,  4.5413E+04,  2.4738E+00,  7.7790E+03,  5.0923E+02,  9.2982E+03,  6.7754E+02,  6.3388E+03,  2.4207E+01,  1.1773E+03,  9.2313E+00,  1.3576E+02,  2.0446E+01,  3.9180E+02,  1.6372E-01,  9.0185E+00,  1.1652E+00,  5.6420E+01,  2.7690E+01,  3.4842E+03,  9.1424E+00,  1.6258E+02,  1.8378E+00,  2.9167E+00,  8.7261E-02,  3.0580E-01,  1.5029E-02,  1.7354E-01,  1.7064E-02,  8.3883E-02,  4.8810E-02,  1.1546E-01,  2.1078E-02,  4.7779E-02,  3.1284E-03,  9.7433E-03,  0.0000E+00,  8.2003E-03,  1.5472E-03,  5.3934E-03,  1.0663E-03,  5.2674E-03,  5.7440E-03,  1.3015E-02,  1.0649E-03,  1.6969E-02,  1.7849E-03,  6.6496E-03,  1.7864E-03,  1.8362E-02,  1.9984E-03,  5.0197E-03,  6.6352E-04,  4.1441E-03,  0.0000E+00,  1.3533E-03,  4.2995E-04,  1.7548E-03,  1.0962E-04,  1.8510E-03,  2.4992E-04,  1.2040E-03,  1.3767E-04,  1.6819E-03,  1.5780E-04,  1.0326E-03,  1.0317E-04,  1.7927E-03,  2.6375E-04,  3.1881E-03,  2.1552E-03,  6.3504E-03,  9.3300E-04,  8.1768E-04,  1.1667E-03,  1.2693E-02,  7.3414E-04,  0.0000E+00,  0.0000E+00,  0.0000E+00,  0.0000E+00,  0.0000E+00,  0.0000E+00,  1.8346E-04,  0.0000E+00,  4.8026E-05,  1.2142E+07,  1.7750E+05,  7.8576E-05,  1.0022E-04,  6.0264E-03,  2.0491E+03,  8.7887E+02,  5.1640E+03,  2.0880E-01,  6.8862E+02,  4.5261E+01,  8.5556E+02,  6.3817E+01,  6.2001E+02,  2.6328E+00,  1.3197E+02,  9.9549E-01,  1.3686E+01,  2.2379E+00,  4.3881E+01,  1.4739E-02,  7.9500E-01,  1.0054E-01,  5.0081E+00,  2.4110E+00,  3.1288E+02,  8.0326E-01,  1.5040E+01,  1.6071E-01,  2.5642E-01,  7.3531E-03,  2.5424E-02,  1.2482E-03,  1.3885E-02,  1.4038E-03,  6.6901E-03,  3.9397E-03,  9.3586E-03,  1.7391E-03,  3.9397E-03,  2.6025E-04,  8.0266E-04,  0.0000E+00,  6.6901E-04,  1.2706E-04,  4.3504E-04,  8.7220E-05,  4.1642E-04,  4.5366E-04,  1.0054E-03,  8.1151E-05,  1.2323E-03,  1.3572E-04,  4.9150E-04,  1.3342E-04,  1.3342E-03,  1.4727E-04,  3.7535E-04,  5.0682E-05,  3.1288E-04,  0.0000E+00,  1.0054E-04,  3.2219E-05,  1.2706E-04,  8.0266E-06,  1.3342E-04,  1.8028E-05,  8.7220E-05,  1.0054E-05,  1.2022E-04,  1.1374E-05,  7.3531E-05,  7.3531E-06,  1.2706E-04,  1.8741E-05,  2.2300E-04,  1.5134E-04,  4.4435E-04,  6.5699E-05,  5.6929E-05,  8.0266E-05,  8.7220E-04,  5.0682E-05,  0.0000E+00,  0.0000E+00,  0.0000E+00,  0.0000E+00,  0.0000E+00,  0.0000E+00,  1.2022E-05,  0.0000E+00,  3.1288E-06
  2.2000E+01,  1.6120E+08,  1.2815E+06,  6.7652E-04,  8.3067E-04,  5.8801E-02,  1.8196E+04,  9.5259E+03,  3.6507E+04,  2.1086E+00,  6.5752E+03,  4.3042E+02,  7.8098E+03,  5.6791E+02,  5.2739E+03,  1.9760E+01,  9.5454E+02,  7.5507E+00,  1.1264E+02,  1.6666E+01,  3.1769E+02,  1.3904E-01,  7.6878E+00,  9.9689E-01,  4.8032E+01,  2.3652E+01,  2.9601E+03,  7.7974E+00,  1.3741E+02,  1.5686E+00,  2.4875E+00,  7.4950E-02,  2.6323E-01,  1.2939E-02,  1.5029E-01,  1.4713E-02,  7.2682E-02,  4.2212E-02,  9.9786E-02,  1.8166E-02,  4.1181E-02,  2.6929E-03,  8.3999E-03,  0.0000E+00,  7.0802E-03,  1.3345E-03,  4.6651E-03,  9.2040E-04,  4.5701E-03,  4.9846E-03,  1.1332E-02,  9.2901E-04,  1.4906E-02,  1.5576E-03,  5.8264E-03,  1.5629E-03,  1.6127E-02,  1.7520E-03,  4.3910E-03,  5.7866E-04,  3.6200E-03,  0.0000E+00,  1.1850E-03,  3.7599E-04,  1.5421E-03,  9.6189E-05,  1.6275E-03,  2.1972E-04,  1.0581E-03,  1.2084E-04,  1.4804E-03,  1.3877E-04,  9.0948E-04,  9.0861E-05,  1.5800E-03,  2.3235E-04,  2.8147E-03,  1.9018E-03,  5.6066E-03,  8.2295E-04,  7.2235E-04,  1.0323E-03,  1.1234E-02,  6.4928E-04,  0.0000E+00,  0.0000E+00,  0.0000E+00,  0.0000E+00,  0.0000E+00,  0.0000E+00,  1.6332E-04,  0.0000E+00,  4.2786E-05,  1.0122E+07,  1.2688E+05,  5.6036E-05,  7.1336E-05,  4.5032E-03,  1.5296E+03,  6.9001E+02,  3.7420E+03,  1.5642E-01,  5.1517E+02,  3.3551E+01,  6.3280E+02,  4.5811E+01,  4.4479E+02,  1.8140E+00,  9.0847E+01,  6.8512E-01,  9.4376E+00,  1.5424E+00,  3.0233E+01,  9.9406E-03,  5.3570E-01,  6.7742E-02,  3.3793E+00,  1.6273E+00,  2.1118E+02,  5.4176E-01,  1.0131E+01,  1.0845E-01,  1.7277E-01,  4.9582E-03,  1.7147E-02,  8.4231E-04,  9.3678E-03,  9.4682E-04,  4.5109E-03,  2.6586E-03,  6.3121E-03,  1.1730E-03,  2.6586E-03,  1.7528E-04,  5.4072E-04,  0.0000E+00,  4.5109E-04,  8.5633E-05,  2.9329E-04,  5.8692E-05,  2.8083E-04,  3.0574E-04,  6.7742E-04,  5.4781E-05,  8.3123E-04,  9.1567E-05,  3.3170E-04,  9.0062E-05,  9.0062E-04,  9.9199E-05,  2.5340E-04,  3.4173E-05,  2.1118E-04,  0.0000E+00,  6.7742E-05,  2.1741E-05,  8.5633E-05,  5.4072E-06,  9.0062E-05,  1.2173E-05,  5.8692E-05,  6.7742E-06,  8.1219E-05,  7.6584E-06,  4.9582E-05,  4.9582E-06,  8.5633E-05,  1.2666E-05,  1.5036E-04,  1.0212E-04,  2.9952E-04,  4.4347E-05,  3.8395E-05,  5.4072E-05,  5.8692E-04,  3.4173E-05,  0.0000E+00,  0.0000E+00,  0.0000E+00,  0.0000E+00,  0.0000E+00,  0.0000E+00,  8.1219E-06,  0.0000E+00,  2.1118E-06
  2.5000E+01,  1.3455E+08,  9.5967E+05,  5.3435E-04,  6.4967E-04,  4.7176E-02,  1.4246E+04,  7.7113E+03,  2.6968E+04,  1.7043E+00,  5.2428E+03,  3.4396E+02,  6.1797E+03,  4.5103E+02,  4.1392E+03,  1.5198E+01,  7.2612E+02,  5.8275E+00,  8.8904E+01,  1.2787E+01,  2.4168E+02,  1.1413E-01,  6.3450E+00,  8.2706E-01,  3.9565E+01,  1.9572E+01,  2.4308E+03,  6.4388E+00,  1.1201E+02,  1.2968E+00,  2.0543E+00,  6.2518E-02,  2.2025E-01,  1.0828E-02,  1.2681E-01,  1.2340E-02,  6.1371E-02,  3.5548E-02,  8.3961E-02,  1.5226E-02,  3.4517E-02,  2.2534E-03,  7.0446E-03,  0.0000E+00,  5.9491E-03,  1.1199E-03,  3.9302E-03,  7.7329E-04,  3.8664E-03,  4.2185E-03,  9.6334E-03,  7.9167E-04,  1.2822E-02,  1.3282E-03,  4.9949E-03,  1.3372E-03,  1.3870E-02,  1.5034E-03,  3.7558E-03,  4.9300E-04,  3.0907E-03,  0.0000E+00,  1.0152E-03,  3.2150E-04,  1.3275E-03,  8.2635E-05,  1.4018E-03,  1.8920E-04,  9.1094E-04,  1.0386E-04,  1.2769E-03,  1.1957E-04,  7.8517E-04,  7.8430E-05,  1.3654E-03,  2.0061E-04,  2.4376E-03,  1.6457E-03,  4.8552E-03,  7.1179E-04,  6.2601E-04,  8.9638E-04,  9.7575E-03,  5.6342E-04,  0.0000E+00,  0.0000E+00,  0.0000E+00,  0.0000E+00,  0.0000E+00,  0.0000E+00,  1.4264E-04,  0.0000E+00,  3.7394E-05,  7.6455E+06,  8.7680E+04,  3.8743E-05,  4.9332E-05,  3.2470E-03,  1.1035E+03,  5.1972E+02,  2.6170E+03,  1.1313E-01,  3.7306E+02,  2.4087E+01,  4.5398E+02,  3.2111E+01,  3.1168E+02,  1.2276E+00,  6.1433E+01,  4.6368E-01,  6.3872E+00,  1.0437E+00,  2.0440E+01,  6.6692E-03,  3.5950E-01,  4.5479E-02,  2.2654E+00,  1.0923E+00,  1.4169E+02,  3.6395E-01,  6.7967E+00,  7.2785E-02,  1.1605E-01,  3.3292E-03,  1.1505E-02,  5.6499E-04,  6.2870E-03,  6.3535E-04,  3.0301E-03,  1.7836E-03,  4.2376E-03,  7.8713E-04,  1.7836E-03,  1.1772E-04,  3.6283E-04,  0.0000E+00,  3.0301E-04,  5.7441E-05,  1.9664E-04,  3.9386E-05,  1.8833E-04,  2.0494E-04,  4.5479E-04,  3.6781E-05,  5.5780E-04,  6.1429E-05,  2.2268E-04,  6.0432E-05,  6.0432E-04,  6.6526E-05,  1.7005E-04,  2.2933E-05,  1.4169E-04,  0.0000E+00,  4.5479E-05,  1.4590E-05,  5.7441E-05,  3.6283E-06,  6.0432E-05,  8.1703E-06,  3.9386E-05,  4.5479E-06,  5.4505E-05,  5.1406E-06,  3.3292E-05,  3.3292E-06,  5.7442E-05,  8.4909E-06,  1.0105E-04,  6.8574E-05,  2.0140E-04,  2.9760E-05,  2.5831E-05,  3.6561E-05,  3.9735E-04,  2.3067E-05,  0.0000E+00,  0.0000E+00,  0.0000E+00,  0.0000E+00,  0.0000E+00,  0.0000E+00,  5.6616E-06,  0.0000E+00,  1.4827E-06
  2.8000E+01,  1.1402E+08,  7.4167E+05,  4.3795E-04,  5.2685E-04,  3.8924E-02,  1.1440E+04,  6.3619E+03,  2.0426E+04,  1.4162E+00,  4.2920E+03,  2.8284E+02,  5.0275E+03,  3.7040E+02,  3.3566E+03,  1.2167E+01,  5.7449E+02,  4.6824E+00,  7.3137E+01,  1.0210E+01,  1.9124E+02,  9.7673E-02,  5.4576E+00,  7.1479E-01,  3.3979E+01,  1.6877E+01,  2.0813E+03,  5.5401E+00,  9.5242E+01,  1.1172E+00,  1.7676E+00,  5.4301E-02,  1.9187E-01,  9.4345E-03,  1.1130E-01,  1.0772E-02,  5.3889E-02,  3.1149E-02,  7.3501E-02,  1.3284E-02,  3.0118E-02,  1.9626E-03,  6.1491E-03,  0.0000E+00,  5.2009E-03,  9.7821E-04,  3.4452E-03,  6.7606E-04,  3.4019E-03,  3.7131E-03,  8.5086E-03,  7.0053E-04,  1.1415E-02,  1.1759E-03,  4.4374E-03,  1.1866E-03,  1.2346E-02,  1.3366E-03,  3.3321E-03,  4.3619E-04,  2.7388E-03,  0.0000E+00,  9.0152E-04,  2.8517E-04,  1.1823E-03,  7.3510E-05,  1.2488E-03,  1.6853E-04,  8.1126E-04,  9.2401E-05,  1.1383E-03,  1.0654E-04,  7.0022E-04,  6.9938E-05,  1.2184E-03,  1.7894E-04,  2.1771E-03,  1.4695E-03,  4.3360E-03,  6.3541E-04,  5.5928E-04,  8.0125E-04,  8.7220E-03,  5.0355E-04,  0.0000E+00,  0.0000E+00,  0.0000E+00,  0.0000E+00,  0.0000E+00,  0.0000E+00,  1.2761E-04,  0.0000E+00,  3.3445E-05,  6.0387E+06,  5.7653E+04,  2.5528E-05,  3.2547E-05,  2.2542E-03,  7.6710E+02,  3.7989E+02,  1.7445E+03,  7.8915E-02,  2.6085E+02,  1.6665E+01,  3.1415E+02,  2.1644E+01,  2.1011E+02,  7.9301E-01,  3.9650E+01,  2.9974E-01,  4.1240E+00,  6.7401E-01,  1.3183E+01,  4.2996E-03,  2.3207E-01,  2.9367E-02,  1.4585E+00,  7.0464E-01,  9.1322E+01,  2.3516E-01,  4.3853E+00,  4.6934E-02,  7.5035E-02,  2.1491E-03,  7.4191E-03,  3.6399E-04,  4.0549E-03,  4.0984E-04,  1.9578E-03,  1.1496E-03,  2.7356E-03,  5.0773E-04,  1.1496E-03,  7.6104E-05,  2.3418E-04,  0.0000E+00,  1.9578E-04,  3.7046E-05,  1.2668E-04,  2.5429E-05,  1.2135E-04,  1.3201E-04,  2.9507E-04,  2.3975E-05,  3.8052E-04,  4.0087E-05,  1.4895E-04,  3.9958E-05,  4.1123E-04,  4.4670E-05,  1.1238E-04,  1.4940E-05,  9.2918E-05,  0.0000E+00,  3.0314E-05,  9.6282E-06,  3.9337E-05,  2.4552E-06,  4.1551E-05,  5.6138E-06,  2.7070E-05,  3.0882E-06,  3.7838E-05,  3.5514E-06,  2.3346E-05,  2.3317E-06,  4.0519E-05,  5.9550E-06,  7.2624E-05,  4.8941E-05,  1.4476E-04,  2.1161E-05,  1.8657E-05,  2.6861E-05,  2.9303E-04,  1.6848E-05,  0.0000E+00,  0.0000E+00,  0.0000E+00,  0.0000E+00,  0.0000E+00,  0.0000E+00,  4.3610E-06,  0.0000E+00,  1.1500E-06
  3.2000E+01,  9.3150E+07,  5.5363E+05,  3.5258E-04,  4.1990E-04,  3.1434E-02,  8.8911E+03,  5.0758E+03,  1.4736E+04,  1.1530E+00,  3.4228E+03,  2.2747E+02,  3.9828E+03,  2.9909E+02,  2.6634E+03,  9.5878E+00,  4.4552E+02,  3.7079E+00,  5.9708E+01,  8.0169E+00,  1.4833E+02,  8.3618E-02,  4.6982E+00,  6.1876E-01,  2.9205E+01,  1.4572E+01,  1.7826E+03,  4.7719E+00,  8.0898E+01,  9.6378E-01,  1.5223E+00,  4.7233E-02,  1.6728E-01,  8.2283E-03,  9.7550E-02,  9.4066E-03,  4.7243E-02,  2.7272E-02,  6.4302E-02,  1.1595E-02,  2.6291E-02,  1.7107E-03,  5.3689E-03,  0.0000E+00,  4.5464E-03,  8.5456E-04,  3.0175E-03,  5.9107E-04,  2.9861E-03,  3.2603E-03,  7.4817E-03,  6.1627E-04,  1.0041E-02,  1.0347E-03,  3.9043E-03,  1.0444E-03,  1.0862E-02,  1.1762E-03,  2.9324E-03,  3.8375E-04,  2.4103E-03,  0.0000E+00,  7.9339E-04,  2.5097E-04,  1.0400E-03,  6.4671E-05,  1.0984E-03,  1.4822E-04,  7.1353E-04,  8.1292E-05,  1.0009E-03,  9.3679E-05,  6.1557E-04,  6.1486E-05,  1.0709E-03,  1.5730E-04,  1.9122E-03,  1.2910E-03,  3.8083E-03,  5.5838E-04,  4.9117E-04,  7.0308E-04,  7.6531E-03,  4.4202E-04,  0.0000E+00,  0.0000E+00,  0.0000E+00,  0.0000E+00,  0.0000E+00,  0.0000E+00,  1.1168E-04,  0.0000E+00,  2.9255E-05,  4.3976E+06,  3.6368E+04,  1.7157E-05,  2.0928E-05,  1.4908E-03,  5.0755E+02,  2.6314E+02,  1.1006E+03,  5.2691E-02,  1.7373E+02,  1.1016E+01,  2.0818E+02,  1.4010E+01,  1.3646E+02,  4.9664E-01,  2.4832E+01,  1.8748E-01,  2.5902E+00,  4.2255E-01,  8.2709E+00,  2.7279E-03,  1.4765E-01,  1.8648E-02,  9.2862E-01,  4.4785E-01,  5.8003E+01,  1.4895E-01,  2.7868E+00,  2.9780E-02,  4.7643E-02,  1.3849E-03,  4.8758E-03,  2.3910E-04,  2.8189E-03,  2.7301E-04,  1.3650E-03,  7.8875E-04,  1.8639E-03,  3.3682E-04,  7.6342E-04,  4.9878E-05,  1.5592E-04,  0.0000E+00,  1.3143E-04,  2.4775E-05,  8.7190E-05,  1.7068E-05,  8.6530E-05,  9.4406E-05,  2.1837E-04,  1.8158E-05,  3.0644E-04,  3.0478E-05,  1.1758E-04,  3.1140E-05,  3.3082E-04,  3.5515E-05,  8.7462E-05,  1.1284E-05,  7.1364E-05,  0.0000E+00,  2.3752E-05,  7.4698E-06,  3.1803E-05,  1.9644E-06,  3.3653E-05,  4.5401E-06,  2.1794E-05,  2.4665E-06,  3.0871E-05,  2.8769E-06,  1.8976E-05,  1.8944E-06,  3.3233E-05,  4.8674E-06,  5.9812E-05,  4.0280E-05,  1.1906E-04,  1.7354E-05,  1.5398E-05,  2.2224E-05,  2.4142E-04,  1.3916E-05,  0.0000E+00,  0.0000E+00,  0.0000E+00,  0.0000E+00,  0.0000E+00,  0.0000E+00,  3.6025E-06,  0.0000E+00,  9.4488E-07
  3.5000E+01,  8.1206E+07,  4.5858E+05,  3.0465E-04,  3.6243E-04,  2.7444E-02,  7.5483E+03,  4.3713E+03,  1.1865E+04,  1.0130E+00,  2.9617E+03,  1.9832E+02,  3.4320E+03,  2.6211E+02,  2.3033E+03,  8.2886E+00,  3.8061E+02,  3.2176E+00,  5.2686E+01,  6.9122E+00,  1.2670E+02,  7.6392E-02,  4.3025E+00,  5.6793E-01,  2.6727E+01,  1.3362E+01,  1.6288E+03,  4.3719E+00,  7.3565E+01,  8.8351E-01,  1.3945E+00,  4.3402E-02,  1.5369E-01,  7.5613E-03,  8.9563E-02,  8.6419E-03,  4.3370E-02,  2.5045E-02,  5.9049E-02,  1.0652E-02,  2.4156E-02,  1.5718E-03,  4.9323E-03,  0.0000E+00,  4.1769E-03,  7.8509E-04,  2.7711E-03,  5.4306E-04,  2.7399E-03,  2.9915E-03,  6.8576E-03,  5.6438E-04,  9.1704E-03,  9.4766E-04,  3.5692E-03,  9.5552E-04,  9.9218E-03,  1.0751E-03,  2.6828E-03,  3.5150E-04,  2.2064E-03,  0.0000E+00,  7.2561E-04,  2.2964E-04,  9.4967E-04,  5.9082E-05,  1.0029E-03,  1.3533E-04,  6.5161E-04,  7.4273E-05,  9.1333E-04,  8.5514E-05,  5.6177E-04,  5.6115E-05,  9.7680E-04,  1.4350E-04,  1.7431E-03,  1.1771E-03,  3.4718E-03,  5.0926E-04,  4.4767E-04,  6.4041E-04,  6.9722E-03,  4.0275E-04,  0.0000E+00,  0.0000E+00,  0.0000E+00,  0.0000E+00,  0.0000E+00,  0.0000E+00,  1.0157E-04,  0.0000E+00,  2.6608E-05,  3.5652E+06,  2.7001E+04,  1.4792E-05,  1.7385E-05,  1.1693E-03,  3.8761E+02,  2.0651E+02,  8.1317E+02,  4.0644E-02,  1.3368E+02,  8.4200E+00,  1.5905E+02,  1.0643E+01,  1.0359E+02,  3.6952E-01,  1.8447E+01,  1.3941E-01,  2.0913E+00,  3.1393E-01,  6.1510E+00,  2.0893E-03,  1.1615E-01,  1.5239E-02,  7.2367E-01,  3.5903E-01,  4.4535E+01,  1.1775E-01,  2.1016E+00,  2.3729E-02,  3.7561E-02,  1.1694E-03,  4.1834E-03,  2.0558E-04,  2.5054E-03,  2.3679E-04,  1.2169E-03,  6.9602E-04,  1.6383E-03,  2.9134E-04,  6.6039E-04,  4.2684E-05,  1.3515E-04,  0.0000E+00,  1.1491E-04,  2.1541E-05,  7.7064E-05,  1.4936E-05,  7.7631E-05,  8.4779E-05,  1.9771E-04,  1.6431E-05,  2.7398E-04,  2.7580E-05,  1.0584E-04,  2.8125E-05,  2.9612E-04,  3.1929E-05,  7.8998E-05,  1.0213E-05,  6.4546E-05,  0.0000E+00,  2.1434E-05,  6.7497E-06,  2.8439E-05,  1.7616E-06,  3.0038E-05,  4.0536E-06,  1.9487E-05,  2.2124E-06,  2.7526E-05,  2.5663E-06,  1.6892E-05,  1.6867E-06,  2.9513E-05,  4.3299E-06,  5.2928E-05,  3.5643E-05,  1.0529E-04,  1.5389E-05,  1.3603E-05,  1.9553E-05,  2.1250E-04,  1.2265E-05,  0.0000E+00,  0.0000E+00,  0.0000E+00,  0.0000E+00,  0.0000E+00,  0.0000E+00,  3.1361E-06,  0.0000E+00,  8.2029E-07
  4.0000E+01,  6.5729E+07,  3.4976E+05,  2.3873E-04,  2.8486E-04,  2.2243E-02,  5.9569E+03,  3.5091E+03,  8.6088E+03,  8.3574E-01,  2.4060E+03,  1.6222E+02,  2.7729E+03,  2.1698E+02,  1.8785E+03,  6.7523E+00,  3.0592E+02,  2.6310E+00,  4.3340E+01,  5.6177E+00,  1.0180E+02,  6.7186E-02,  3.7822E+00,  4.9882E-01,  2.3500E+01,  1.1742E+01,  1.4322E+03,  3.8432E+00,  6.4554E+01,  7.7668E-01,  1.2261E+00,  3.8067E-02,  1.3461E-01,  6.6231E-03,  7.8200E-02,  7.5629E-03,  3.7853E-02,  2.1882E-02,  5.1603E-02,  9.3251E-03,  2.1145E-02,  1.3772E-03,  4.3166E-03,  0.0000E+00,  3.6534E-03,  6.8695E-04,  2.4211E-03,  4.7500E-04,  2.3889E-03,  2.6084E-03,  5.9683E-03,  4.9074E-04,  7.9530E-03,  8.2401E-04,  3.0975E-03,  8.2992E-04,  8.6054E-03,  9.3289E-04,  2.3300E-03,  3.0568E-04,  1.9174E-03,  0.0000E+00,  6.2996E-04,  1.9948E-04,  8.2335E-04,  5.1246E-05,  8.6949E-04,  1.1734E-04,  5.6499E-04,  6.4428E-05,  7.9129E-04,  7.4126E-05,  4.8684E-04,  4.8631E-05,  8.4613E-04,  1.2430E-04,  1.5092E-03,  1.0196E-03,  3.0065E-03,  4.4114E-04,  3.8758E-04,  5.5417E-04,  6.0339E-03,  3.4860E-04,  0.0000E+00,  0.0000E+00,  0.0000E+00,  0.0000E+00,  0.0000E+00,  0.0000E+00,  8.7750E-05,  0.0000E+00,  2.2989E-05,  2.6258E+06,  1.6527E+04,  1.1577E-05,  1.3643E-05,  9.1098E-04,  2.4895E+02,  1.3839E+02,  4.8939E+02,  3.0269E-02,  8.8595E+01,  6.0183E+00,  1.0456E+02,  7.4089E+00,  6.6336E+01,  2.4498E-01,  1.1427E+01,  9.5236E-02,  1.6473E+00,  2.0386E-01,  3.8088E+00,  1.5934E-03,  9.1961E-02,  1.2405E-02,  5.6707E-01,  2.8885E-01,  3.4105E+01,  9.3723E-02,  1.5026E+00,  1.9005E-02,  2.9788E-02,  9.6424E-04,  3.4489E-03,  1.6970E-04,  2.0399E-03,  1.9481E-04,  9.9014E-04,  5.6917E-04,  1.3402E-03,  2.3955E-04,  5.4380E-04,  3.5182E-05,  1.1114E-04,  0.0000E+00,  9.4500E-05,  1.7716E-05,  6.2937E-05,  1.2291E-05,  6.2758E-05,  6.8468E-05,  1.5801E-04,  1.3027E-05,  2.1299E-04,  2.1881E-05,  8.2834E-05,  2.2115E-05,  2.3043E-04,  2.4940E-05,  6.2108E-05,  8.1164E-06,  5.1037E-05,  0.0000E+00,  1.6825E-05,  5.3176E-06,  2.2091E-05,  1.3725E-06,  2.3307E-05,  3.1408E-06,  1.5163E-05,  1.7259E-06,  2.1288E-05,  1.9890E-06,  1.3080E-05,  1.3065E-06,  2.2756E-05,  3.3499E-06,  4.0643E-05,  2.7390E-05,  8.0827E-05,  1.1862E-05,  1.0433E-05,  1.4943E-05,  1.6283E-04,  9.3946E-06,  0.0000E+00,  0.0000E+00,  0.0000E+00,  0.0000E+00,  0.0000E+00,  0.0000E+00,  2.3929E-06,  0.0000E+00,  6.2721E-07
  4.5000E+01,  5.4261E+07,  2.7819E+05,  1.8796E-04,  2.2468E-04,  1.8091E-02,  4.8594E+03,  2.8911E+03,  6.5138E+03,  6.9630E-01,  2.0085E+03,  1.3466E+02,  2.3042E+03,  1.8317E+02,  1.5851E+03,  5.6507E+00,  2.5589E+02,  2.2003E+00,  3.5955E+01,  4.7040E+00,  8.5138E+01,  5.9828E-02,  3.3601E+00,  4.4221E-01,  2.0891E+01,  1.0419E+01,  1.2749E+03,  3.4133E+00,  5.7625E+01,  6.8957E-01,  1.0893E+00,  3.3689E-02,  1.1900E-01,  5.8556E-03,  6.9023E-02,  6.6831E-03,  3.3403E-02,  1.9319E-02,  4.5565E-02,  8.2431E-03,  1.8688E-02,  1.2178E-03,  3.8145E-03,  0.0000E+00,  3.2271E-03,  6.0696E-04,  2.1377E-03,  4.1955E-04,  2.1071E-03,  2.3011E-03,  5.2612E-03,  4.3249E-04,  6.9981E-03,  7.2610E-04,  2.7268E-03,  7.3097E-04,  7.5726E-03,  8.2124E-04,  2.0522E-03,  2.6936E-04,  1.6891E-03,  0.0000E+00,  5.5469E-04,  1.7569E-04,  7.2434E-04,  4.5101E-05,  7.6495E-04,  1.0326E-04,  4.9701E-04,  5.6698E-05,  6.9585E-04,  6.5208E-05,  4.2808E-04,  4.2763E-05,  7.4385E-04,  1.0926E-04,  1.3261E-03,  8.9621E-04,  2.6424E-03,  3.8774E-04,  3.4054E-04,  4.8668E-04,  5.2981E-03,  3.0618E-04,  0.0000E+00,  0.0000E+00,  0.0000E+00,  0.0000E+00,  0.0000E+00,  0.0000E+00,  7.6887E-05,  0.0000E+00,  2.0136E-05,  1.9614E+06,  1.2100E+04,  8.7318E-06,  1.0429E-05,  7.4979E-04,  1.9005E+02,  1.0881E+02,  3.4860E+02,  2.5507E-02,  7.0410E+01,  5.0073E+00,  8.2927E+01,  6.1142E+00,  5.1023E+01,  1.9568E-01,  8.5835E+00,  7.7027E-02,  1.3065E+00,  1.6163E-01,  2.8569E+00,  1.3495E-03,  7.6889E-02,  1.0240E-02,  4.7644E-01,  2.4014E-01,  2.8836E+01,  7.8213E-02,  1.2693E+00,  1.5837E-02,  2.4915E-02,  7.8694E-04,  2.7960E-03,  1.3727E-04,  1.6308E-03,  1.5709E-04,  7.8991E-04,  4.5596E-04,  1.0750E-03,  1.9328E-04,  4.3908E-04,  2.8580E-05,  8.9666E-05,  0.0000E+00,  7.6029E-05,  1.4279E-05,  5.0422E-05,  9.8875E-06,  4.9961E-05,  5.4443E-05,  1.2484E-04,  1.0272E-05,  1.6894E-04,  1.7283E-05,  6.5452E-05,  1.7468E-05,  1.8268E-04,  1.9718E-05,  4.9013E-05,  6.4106E-06,  4.0277E-05,  0.0000E+00,  1.3285E-05,  4.1969E-06,  1.7512E-05,  1.0858E-06,  1.8511E-05,  2.4923E-06,  1.2029E-05,  1.3661E-06,  1.6887E-05,  1.5783E-06,  1.0422E-05,  1.0407E-06,  1.8154E-05,  2.6683E-06,  3.2565E-05,  2.1949E-05,  6.4821E-05,  9.4949E-06,  8.3825E-06,  1.2054E-05,  1.3149E-04,  7.5737E-06,  0.0000E+00,  0.0000E+00,  0.0000E+00,  0.0000E+00,  0.0000E+00,  0.0000E+00,  1.9523E-06,  0.0000E+00,  5.1402E-07
  5.0000E+01,  4.5612E+07,  2.2374E+05,  1.4974E-04,  1.7903E-04,  1.4731E-02,  3.9903E+03,  2.3879E+03,  4.9710E+03,  5.8026E-01,  1.6837E+03,  1.1189E+02,  1.9231E+03,  1.5524E+02,  1.3500E+03,  4.7637E+00,  2.1670E+02,  1.8521E+00,  3.0143E+01,  3.9689E+00,  7.2090E+01,  5.3656E-02,  3.0099E+00,  3.9573E-01,  1.8719E+01,  9.3284E+00,  1.1431E+03,  3.0570E+00,  5.1778E+01,  6.1752E-01,  9.7577E-01,  3.0125E-02,  1.0635E-01,  5.2346E-03,  6.1628E-02,  5.9723E-03,  2.9821E-02,  1.7256E-02,  4.0698E-02,  7.3680E-03,  1.6704E-02,  1.0885E-03,  3.4089E-03,  0.0000E+00,  2.8831E-03,  5.4237E-04,  1.9091E-03,  3.7480E-04,  1.8803E-03,  2.0536E-03,  4.6917E-03,  3.8553E-04,  6.2210E-03,  6.4709E-04,  2.4265E-03,  6.5088E-04,  6.7323E-03,  7.3066E-04,  1.8274E-03,  2.4008E-04,  1.5049E-03,  0.0000E+00,  4.9374E-04,  1.5647E-04,  6.4378E-04,  4.0111E-05,  6.7973E-04,  9.1775E-05,  4.4165E-04,  5.0418E-05,  6.1807E-04,  5.7942E-05,  3.8003E-04,  3.7965E-05,  6.6018E-04,  9.6972E-05,  1.1759E-03,  7.9493E-04,  2.3431E-03,  3.4396E-04,  3.0186E-04,  4.3098E-04,  4.6904E-03,  2.7121E-04,  0.0000E+00,  0.0000E+00,  0.0000E+00,  0.0000E+00,  0.0000E+00,  0.0000E+00,  6.7861E-05,  0.0000E+00,  1.7761E-05,  1.4980E+06,  9.6793E+03,  6.5577E-06,  7.8310E-06,  5.9432E-04,  1.5757E+02,  9.2477E+01,  2.6850E+02,  2.0911E-02,  5.9492E+01,  4.0982E+00,  6.9518E+01,  5.0568E+00,  4.3007E+01,  1.5912E-01,  7.0951E+00,  6.2260E-02,  1.0182E+00,  1.3238E-01,  2.3622E+00,  1.1194E-03,  6.3214E-02,  8.3487E-03,  3.9232E-01,  1.9625E-01,  2.3872E+01,  6.4313E-02,  1.0695E+00,  1.2985E-02,  2.0508E-02,  6.3866E-04,  2.2623E-03,  1.1115E-04,  1.3274E-03,  1.2723E-04,  6.4278E-04,  3.6931E-04,  8.7180E-04,  1.5676E-04,  3.5465E-04,  2.3140E-05,  7.2590E-05,  0.0000E+00,  6.1557E-05,  1.1556E-05,  4.0990E-05,  8.0117E-06,  4.0764E-05,  4.4548E-05,  1.0294E-04,  8.5120E-06,  1.4191E-04,  1.4320E-05,  5.4666E-05,  1.4566E-05,  1.5342E-04,  1.6515E-05,  4.0895E-05,  5.3012E-06,  3.3436E-05,  0.0000E+00,  1.1096E-05,  3.4908E-06,  1.4710E-05,  9.1038E-07,  1.5575E-05,  2.1011E-06,  1.0115E-05,  1.1459E-06,  1.4226E-05,  1.3281E-06,  8.8017E-06,  8.7875E-07,  1.5314E-05,  2.2466E-06,  2.7549E-05,  1.8561E-05,  5.4889E-05,  8.0173E-06,  7.0885E-06,  1.0225E-05,  1.1159E-04,  6.4143E-06,  0.0000E+00,  0.0000E+00,  0.0000E+00,  0.0000E+00,  0.0000E+00,  0.0000E+00,  1.6577E-06,  0.0000E+00,  4.3576E-07
  5.5000E+01,  3.8918E+07,  1.8053E+05,  1.2056E-04,  1.4433E-04,  1.2084E-02,  3.2781E+03,  1.9659E+03,  3.7973E+03,  4.8613E-01,  1.4129E+03,  9.3453E+01,  1.6077E+03,  1.3234E+02,  1.1535E+03,  4.0471E+00,  1.8448E+02,  1.5726E+00,  2.5579E+01,  3.3724E+00,  6.1371E+01,  4.8542E-02,  2.7211E+00,  3.5750E-01,  1.6929E+01,  8.4307E+00,  1.0341E+03,  2.7633E+00,  4.6878E+01,  5.5816E-01,  8.8213E-01,  2.7188E-02,  9.5927E-02,  4.7220E-03,  5.5475E-02,  5.3851E-03,  2.6839E-02,  1.5545E-02,  3.6664E-02,  6.6445E-03,  1.5066E-02,  9.8191E-04,  3.0736E-03,  0.0000E+00,  2.5984E-03,  4.8901E-04,  1.7194E-03,  3.3778E-04,  1.6912E-03,  1.8468E-03,  4.2129E-03,  3.4591E-04,  5.5599E-03,  5.8039E-04,  2.1719E-03,  5.8299E-04,  6.0173E-03,  6.5370E-04,  1.6368E-03,  2.1541E-04,  1.3491E-03,  0.0000E+00,  4.4202E-04,  1.4020E-04,  5.7527E-04,  3.5866E-05,  6.0717E-04,  8.1990E-05,  3.9455E-04,  4.5077E-05,  5.5183E-04,  5.1757E-05,  3.3905E-04,  3.3874E-05,  5.8894E-04,  8.6518E-05,  1.0478E-03,  7.0863E-04,  2.0878E-03,  3.0669E-04,  2.6893E-04,  3.8351E-04,  4.1729E-03,  2.4143E-04,  0.0000E+00,  0.0000E+00,  0.0000E+00,  0.0000E+00,  0.0000E+00,  0.0000E+00,  6.0198E-05,  0.0000E+00,  1.5748E-05,  1.1798E+06,  7.6054E+03,  5.1123E-06,  6.0488E-06,  4.6447E-04,  1.2734E+02,  7.6311E+01,  2.0099E+02,  1.6741E-02,  4.8860E+01,  3.2782E+00,  5.6648E+01,  4.1053E+00,  3.5600E+01,  1.2749E-01,  5.7931E+00,  4.9547E-02,  8.0753E-01,  1.0623E-01,  1.9255E+00,  9.2623E-04,  5.2270E-02,  6.9436E-03,  3.2367E-01,  1.6282E-01,  1.9749E+01,  5.3187E-02,  8.9041E-01,  1.0760E-02,  1.6949E-02,  5.3637E-04,  1.9072E-03,  9.3877E-05,  1.1339E-03,  1.0765E-04,  5.4994E-04,  3.1489E-04,  7.4184E-04,  1.3263E-04,  3.0032E-04,  1.9479E-05,  6.1543E-05,  0.0000E+00,  5.2317E-05,  9.7901E-06,  3.4929E-05,  6.7979E-06,  3.4879E-05,  3.8196E-05,  8.8579E-05,  7.3348E-06,  1.2254E-04,  1.2360E-05,  4.7188E-05,  1.2591E-05,  1.3258E-04,  1.4267E-05,  3.5368E-05,  4.5693E-06,  2.8884E-05,  0.0000E+00,  9.5916E-06,  3.0175E-06,  1.2697E-05,  7.8745E-07,  1.3450E-05,  1.8129E-06,  8.7249E-06,  9.9022E-07,  1.2271E-05,  1.1460E-06,  7.5872E-06,  7.5760E-07,  1.3182E-05,  1.9349E-06,  2.3674E-05,  1.5959E-05,  4.7223E-05,  6.8935E-06,  6.0824E-06,  8.7648E-06,  9.5413E-05,  5.4981E-06,  0.0000E+00,  0.0000E+00,  0.0000E+00,  0.0000E+00,  0.0000E+00,  0.0000E+00,  1.4079E-06,  0.0000E+00,  3.6973E-07
  6.3000E+01,  3.0893E+07,  1.2958E+05,  8.5537E-05,  1.0289E-04,  8.8832E-03,  2.4117E+03,  1.4433E+03,  2.4980E+03,  3.7006E-01,  1.0762E+03,  7.0860E+01,  1.2191E+03,  1.0388E+02,  9.0683E+02,  3.1704E+00,  1.4462E+02,  1.2313E+00,  1.9912E+01,  2.6425E+00,  4.8127E+01,  4.1884E-02,  2.3438E+00,  3.0711E-01,  1.4594E+01,  7.2526E+00,  8.9207E+02,  2.3795E+00,  4.0528E+01,  4.8032E-01,  7.5968E-01,  2.3289E-02,  8.2039E-02,  4.0381E-03,  4.7224E-02,  4.6014E-03,  2.2840E-02,  1.3251E-02,  3.1266E-02,  5.6783E-03,  1.2876E-02,  8.4006E-04,  2.6255E-03,  0.0000E+00,  2.2175E-03,  4.1768E-04,  1.4652E-03,  2.8832E-04,  1.4375E-03,  1.5693E-03,  3.5700E-03,  2.9279E-04,  4.6790E-03,  4.9095E-04,  1.8316E-03,  4.9210E-04,  5.0638E-03,  5.5095E-04,  1.3817E-03,  1.8230E-04,  1.1402E-03,  0.0000E+00,  3.7279E-04,  1.1841E-04,  4.8396E-04,  3.0200E-05,  5.1053E-04,  6.8956E-05,  3.3190E-04,  3.7946E-05,  4.6373E-04,  4.3518E-05,  2.8467E-04,  2.8443E-05,  4.9439E-04,  7.2634E-05,  8.7828E-04,  5.9433E-04,  1.7499E-03,  2.5727E-04,  2.2540E-04,  3.2094E-04,  3.4923E-03,  2.0213E-04,  0.0000E+00,  0.0000E+00,  0.0000E+00,  0.0000E+00,  0.0000E+00,  0.0000E+00,  5.0192E-05,  0.0000E+00,  1.3122E-05,  8.2639E+05,  5.1313E+03,  3.6438E-06,  4.3107E-06,  3.3566E-04,  8.9248E+01,  5.4345E+01,  1.2384E+02,  1.2275E-02,  3.5296E+01,  2.3701E+00,  4.0505E+01,  3.0087E+00,  2.6075E+01,  9.1694E-02,  4.1711E+00,  3.5765E-02,  6.0920E-01,  7.6242E-02,  1.3854E+00,  7.3825E-04,  4.2071E-02,  5.6539E-03,  2.6017E-01,  1.3170E-01,  1.5749E+01,  4.2752E-02,  6.9715E-01,  8.6986E-03,  1.3664E-02,  4.3831E-04,  1.5650E-03,  7.7096E-05,  9.2868E-04,  8.8291E-05,  4.4988E-04,  2.5874E-04,  6.0762E-04,  1.0893E-04,  2.4714E-04,  1.5984E-05,  5.0474E-05,  0.0000E+00,  4.2911E-05,  8.0425E-06,  2.8620E-05,  5.5667E-06,  2.8546E-05,  3.1170E-05,  7.2150E-05,  5.9449E-06,  9.7672E-05,  1.0001E-05,  3.7889E-05,  1.0130E-05,  1.0581E-04,  1.1421E-05,  2.8409E-05,  3.7061E-06,  2.3327E-05,  0.0000E+00,  7.7139E-06,  2.4304E-06,  1.0129E-05,  6.2898E-07,  1.0711E-05,  1.4454E-06,  6.9371E-06,  7.9247E-07,  9.7557E-06,  9.1371E-07,  6.0090E-06,  6.0016E-07,  1.0454E-05,  1.5360E-06,  1.8706E-05,  1.2618E-05,  3.7245E-05,  5.4597E-06,  4.8010E-06,  6.8783E-06,  7.4731E-05,  4.3268E-06,  0.0000E+00,  0.0000E+00,  0.0000E+00,  0.0000E+00,  0.0000E+00,  0.0000E+00,  1.0935E-06,  0.0000E+00,  2.8671E-07
  7.1000E+01,  2.5222E+07,  9.4390E+04,  6.0498E-05,  7.3161E-05,  6.5213E-03,  1.7915E+03,  1.0642E+03,  1.6819E+03,  2.8261E-01,  8.2712E+02,  5.4034E+01,  9.3366E+02,  8.2339E+01,  7.2189E+02,  2.5170E+00,  1.1518E+02,  9.7612E-01,  1.5569E+01,  2.1004E+00,  3.8348E+01,  3.6424E-02,  2.0328E+00,  2.6543E-01,  1.2669E+01,  6.2796E+00,  7.7557E+02,  2.0635E+00,  3.5377E+01,  4.1605E-01,  6.5870E-01,  2.0070E-02,  7.0571E-02,  3.4733E-03,  4.0454E-02,  3.9544E-03,  1.9560E-02,  1.1361E-02,  2.6824E-02,  4.8803E-03,  1.1067E-02,  7.2281E-04,  2.2560E-03,  0.0000E+00,  1.9037E-03,  3.5884E-04,  1.2561E-03,  2.4759E-04,  1.2297E-03,  1.3425E-03,  3.0465E-03,  2.4969E-04,  3.9744E-03,  4.1854E-04,  1.5578E-03,  4.1890E-04,  4.3015E-03,  4.6847E-04,  1.1762E-03,  1.5544E-04,  9.7137E-04,  0.0000E+00,  3.1707E-04,  1.0082E-04,  4.1100E-04,  2.5664E-05,  4.3343E-04,  5.8544E-05,  2.8190E-04,  3.2233E-05,  3.9351E-04,  3.6933E-05,  2.4145E-04,  2.4126E-05,  4.1924E-04,  6.1587E-05,  7.4397E-04,  5.0364E-04,  1.4824E-03,  2.1803E-04,  1.9092E-04,  2.7160E-04,  2.9560E-03,  1.7108E-04,  0.0000E+00,  0.0000E+00,  0.0000E+00,  0.0000E+00,  0.0000E+00,  0.0000E+00,  4.2375E-05,  0.0000E+00,  1.1073E-05,  5.9132E+05,  3.6672E+03,  2.6160E-06,  3.1219E-06,  2.5483E-04,  6.5815E+01,  4.0419E+01,  8.0164E+01,  9.5874E-03,  2.6985E+01,  1.8364E+00,  3.0849E+01,  2.3773E+00,  2.0160E+01,  7.1646E-02,  3.1887E+00,  2.8041E-02,  4.7661E-01,  5.9280E-02,  1.0595E+00,  6.2689E-04,  3.5687E-02,  4.7666E-03,  2.2109E-01,  1.1154E-01,  1.3377E+01,  3.6263E-02,  5.9057E-01,  7.3692E-03,  1.1581E-02,  3.6654E-04,  1.3019E-03,  6.4117E-05,  7.6390E-04,  7.3446E-05,  3.7009E-04,  2.1366E-04,  5.0278E-04,  9.0564E-05,  2.0534E-04,  1.3330E-05,  4.1899E-05,  0.0000E+00,  3.5540E-05,  6.6669E-06,  2.3632E-05,  4.6169E-06,  2.3408E-05,  2.5545E-05,  5.8727E-05,  4.8301E-06,  7.8488E-05,  8.1001E-06,  3.0547E-05,  8.1706E-06,  8.4759E-05,  9.1995E-06,  2.2945E-05,  3.0095E-06,  1.8885E-05,  0.0000E+00,  6.2165E-06,  1.9656E-06,  8.1100E-06,  5.0517E-07,  8.5643E-06,  1.1578E-06,  5.5641E-06,  6.3592E-07,  7.7981E-06,  7.3264E-07,  4.7958E-06,  4.7906E-07,  8.3335E-06,  1.2256E-06,  1.4872E-05,  1.0055E-05,  2.9639E-05,  4.3520E-06,  3.8191E-06,  5.4561E-06,  5.9344E-05,  3.4356E-06,  0.0000E+00,  0.0000E+00,  0.0000E+00,  0.0000E+00,  0.0000E+00,  0.0000E+00,  8.6079E-07,  0.0000E+00,  2.2547E-07
  8.0000E+01,  2.0652E+07,  6.6483E+04,  4.1037E-05,  4.9856E-05,  4.5771E-03,  1.2839E+03,  7.5209E+02,  1.1052E+03,  2.0794E-01,  6.1563E+02,  3.9730E+01,  6.9244E+02,  6.3514E+01,  5.6187E+02,  1.9515E+00,  8.9976E+01,  7.5510E-01,  1.1863E+01,  1.6320E+00,  2.9966E+01,  3.1308E-02,  1.7423E+00,  2.2682E-01,  1.0868E+01,  5.3737E+00,  6.6640E+02,  1.7683E+00,  3.0531E+01,  3.5617E-01,  5.6446E-01,  1.7109E-02,  6.0075E-02,  2.9567E-03,  3.4326E-02,  3.3628E-03,  1.6591E-02,  9.6456E-03,  2.2783E-02,  4.1511E-03,  9.4134E-03,  6.1531E-04,  1.9187E-03,  0.0000E+00,  1.6178E-03,  3.0518E-04,  1.0664E-03,  2.1043E-04,  1.0421E-03,  1.1377E-03,  2.5772E-03,  2.1111E-04,  3.3495E-03,  3.5385E-04,  1.3144E-03,  3.5376E-04,  3.6270E-03,  3.9518E-04,  9.9326E-04,  1.3140E-04,  8.2066E-04,  0.0000E+00,  2.6756E-04,  8.5141E-05,  3.4648E-04,  2.1642E-05,  3.6531E-04,  4.9335E-05,  2.3760E-04,  2.7173E-05,  3.3150E-04,  3.1107E-05,  2.0333E-04,  2.0318E-05,  3.5302E-04,  5.1850E-05,  6.2588E-04,  4.2379E-04,  1.2470E-03,  1.8345E-04,  1.6060E-04,  2.2832E-04,  2.4850E-03,  1.4382E-04,  0.0000E+00,  0.0000E+00,  0.0000E+00,  0.0000E+00,  0.0000E+00,  0.0000E+00,  3.5556E-05,  0.0000E+00,  9.2876E-06,  4.2432E+05,  2.5342E+03,  1.7085E-06,  2.0569E-06,  1.7721E-04,  4.6969E+01,  2.8940E+01,  4.8004E+01,  7.0057E-03,  2.0012E+01,  1.3421E+00,  2.2757E+01,  1.8061E+00,  1.5400E+01,  5.4018E-02,  2.4127E+00,  2.1073E-02,  3.4702E-01,  4.4821E-02,  8.0306E-01,  5.0988E-04,  2.8851E-02,  3.8147E-03,  1.7904E-01,  8.9772E-02,  1.0882E+01,  2.9319E-02,  4.8625E-01,  5.9387E-03,  9.3605E-03,  2.9133E-04,  1.0305E-03,  5.0683E-05,  5.9789E-04,  5.8026E-05,  2.8974E-04,  1.6754E-04,  3.9538E-04,  7.1492E-05,  1.6202E-04,  1.0559E-05,  3.3060E-05,  0.0000E+00,  2.7993E-05,  5.2575E-06,  1.8537E-05,  3.6394E-06,  1.8278E-05,  1.9956E-05,  4.5576E-05,  3.7432E-06,  6.0384E-05,  6.2745E-06,  2.3550E-05,  6.3046E-06,  6.5125E-05,  7.0870E-06,  1.7718E-05,  2.3329E-06,  1.4608E-05,  0.0000E+00,  4.7873E-06,  1.5195E-06,  6.2293E-06,  3.8850E-07,  6.5734E-06,  8.8846E-07,  4.2790E-06,  4.8847E-07,  5.9834E-06,  5.6205E-07,  3.6763E-06,  3.6728E-07,  6.3828E-06,  9.3821E-07,  1.1369E-05,  7.6893E-06,  2.2677E-05,  3.3318E-06,  2.9187E-06,  4.1625E-06,  4.5329E-05,  2.6226E-06,  0.0000E+00,  0.0000E+00,  0.0000E+00,  0.0000E+00,  0.0000E+00,  0.0000E+00,  6.5449E-07,  0.0000E+00,  1.7133E-07
  9.0000E+01,  1.7024E+07,  4.5386E+04,  2.7150E-05,  3.3089E-05,  3.1086E-03,  8.8899E+02,  5.0962E+02,  7.2560E+02,  1.4855E-01,  4.4441E+02,  2.8356E+01,  4.9830E+02,  4.7902E+01,  4.2769E+02,  1.4851E+00,  6.8994E+01,  5.7346E-01,  8.9032E+00,  1.2439E+00,  2.2982E+01,  2.6733E-02,  1.4844E+00,  1.9280E-01,  9.2657E+00,  4.5728E+00,  5.6881E+02,  1.5062E+00,  2.6152E+01,  3.0314E-01,  4.8070E-01,  1.4518E-02,  5.0924E-02,  2.5063E-03,  2.9027E-02,  2.8482E-03,  1.4026E-02,  8.1614E-03,  1.9278E-02,  3.5166E-03,  7.9758E-03,  5.2157E-04,  1.6253E-03,  0.0000E+00,  1.3696E-03,  2.5851E-04,  9.0220E-04,  1.7817E-04,  8.8036E-04,  9.6108E-04,  2.1745E-03,  1.7805E-04,  2.8176E-03,  2.9841E-04,  1.1066E-03,  2.9808E-04,  3.0524E-03,  3.3269E-04,  8.3691E-04,  1.1081E-04,  6.9169E-04,  0.0000E+00,  2.2532E-04,  7.1730E-05,  2.9155E-04,  1.8216E-05,  3.0733E-04,  4.1506E-05,  1.9990E-04,  2.2867E-05,  2.7876E-04,  2.6157E-05,  1.7094E-04,  1.7082E-05,  2.9678E-04,  4.3586E-05,  5.2575E-04,  3.5610E-04,  1.0474E-03,  1.5412E-04,  1.3490E-04,  1.9169E-04,  2.0863E-03,  1.2075E-04,  0.0000E+00,  0.0000E+00,  0.0000E+00,  0.0000E+00,  0.0000E+00,  0.0000E+00,  2.9801E-05,  0.0000E+00,  7.7816E-06,  3.0133E+05,  1.6852E+03,  1.0689E-06,  1.2966E-06,  1.1647E-04,  3.2018E+01,  1.9556E+01,  2.7910E+01,  4.8726E-03,  1.4231E+01,  9.3269E-01,  1.6071E+01,  1.3163E+00,  1.1437E+01,  3.9264E-02,  1.7836E+00,  1.5256E-02,  2.4485E-01,  3.2786E-02,  5.9380E-01,  4.0506E-04,  2.2743E-02,  2.9882E-03,  1.4147E-01,  7.0417E-02,  8.6374E+00,  2.3103E-02,  3.8962E-01,  4.6659E-03,  7.3907E-03,  2.2699E-04,  7.9982E-04,  3.9386E-05,  4.6182E-04,  4.4901E-05,  2.2324E-04,  1.2930E-04,  3.0551E-04,  5.5408E-05,  1.2550E-04,  8.1892E-06,  2.5617E-05,  0.0000E+00,  2.1643E-05,  4.0765E-06,  1.4302E-05,  2.8131E-06,  1.4068E-05,  1.5367E-05,  3.4963E-05,  2.8691E-06,  4.5998E-05,  4.8148E-06,  1.8011E-05,  4.8306E-06,  4.9794E-05,  5.4103E-06,  1.3551E-05,  1.7857E-06,  1.1185E-05,  0.0000E+00,  3.6590E-06,  1.1627E-06,  4.7569E-06,  2.9662E-07,  5.0223E-06,  6.7740E-07,  3.2605E-06,  3.7285E-07,  4.5639E-06,  4.2793E-07,  2.8003E-06,  2.7978E-07,  4.8651E-06,  7.1473E-07,  8.6584E-06,  5.8483E-06,  1.7238E-05,  2.5341E-06,  2.2215E-06,  3.1634E-06,  3.4412E-05,  1.9916E-06,  0.0000E+00,  0.0000E+00,  0.0000E+00,  0.0000E+00,  0.0000E+00,  0.0000E+00,  4.9662E-07,  0.0000E+00,  1.2986E-07
  1.0000E+02,  1.4436E+07,  3.1137E+04,  1.8257E-05,  2.2293E-05,  2.1277E-03,  6.1630E+02,  3.4394E+02,  4.9368E+02,  1.0668E-01,  3.2141E+02,  2.0342E+01,  3.5956E+02,  3.6387E+01,  3.2698E+02,  1.1410E+00,  5.3291E+01,  4.4001E-01,  6.7769E+00,  9.5643E-01,  1.7756E+01,  2.3057E-02,  1.2783E+00,  1.6577E-01,  7.9823E+00,  3.9353E+00,  4.9045E+02,  1.2969E+00,  2.2605E+01,  2.6089E-01,  4.1375E-01,  1.2467E-02,  4.3711E-02,  2.1508E-03,  2.4865E-02,  2.4431E-03,  1.2015E-02,  6.9953E-03,  1.6523E-02,  3.0165E-03,  6.8432E-03,  4.4767E-04,  1.3941E-03,  0.0000E+00,  1.1745E-03,  2.2174E-04,  7.7324E-04,  1.5279E-04,  7.5375E-04,  8.2275E-04,  1.8596E-03,  1.5223E-04,  2.4043E-03,  2.5509E-04,  9.4474E-04,  2.5463E-04,  2.6049E-03,  2.8406E-04,  7.1507E-04,  9.4744E-05,  5.9110E-04,  0.0000E+00,  1.9241E-04,  6.1278E-05,  2.4881E-04,  1.5549E-05,  2.6220E-04,  3.5418E-05,  1.7060E-04,  1.9514E-05,  2.3776E-04,  2.2312E-05,  1.4579E-04,  1.4569E-05,  2.5309E-04,  3.7164E-05,  4.4803E-04,  3.0358E-04,  8.9268E-04,  1.3138E-04,  1.1495E-04,  1.6328E-04,  1.7773E-03,  1.0287E-04,  0.0000E+00,  0.0000E+00,  0.0000E+00,  0.0000E+00,  0.0000E+00,  0.0000E+00,  2.5349E-05,  0.0000E+00,  6.6182E-06,  2.1627E+05,  1.1646E+03,  7.0978E-07,  8.6260E-07,  7.9723E-05,  2.2520E+01,  1.3579E+01,  1.8475E+01,  3.5014E-03,  1.0370E+01,  6.7014E-01,  1.1678E+01,  9.8654E-01,  8.7039E+00,  2.9558E-02,  1.3571E+00,  1.1433E-02,  1.8042E-01,  2.4714E-02,  4.5130E-01,  3.3012E-04,  1.8471E-02,  2.4191E-03,  1.1521E-01,  5.7071E-02,  7.0339E+00,  1.8767E-02,  3.1985E-01,  3.7846E-03,  6.0001E-03,  1.8306E-04,  6.4279E-04,  3.1723E-05,  3.7069E-04,  3.6111E-05,  1.7896E-04,  1.0392E-04,  2.4550E-04,  4.4605E-05,  1.0104E-04,  6.5892E-06,  2.0629E-05,  0.0000E+00,  1.7386E-05,  3.2770E-06,  1.1490E-05,  2.2623E-06,  1.1255E-05,  1.2298E-05,  2.8005E-05,  2.2954E-06,  3.6658E-05,  3.8496E-06,  1.4362E-05,  3.8592E-06,  3.9711E-05,  4.3160E-06,  1.0817E-05,  1.4273E-06,  8.9323E-06,  0.0000E+00,  2.9237E-06,  9.2770E-07,  3.7909E-06,  2.3686E-07,  4.0037E-06,  5.4018E-07,  2.6004E-06,  2.9759E-07,  3.6358E-06,  3.4110E-07,  2.2311E-06,  2.2292E-07,  3.8723E-06,  5.6958E-07,  6.8846E-06,  4.6549E-06,  1.3709E-05,  2.0145E-06,  1.7688E-06,  2.5180E-06,  2.7370E-05,  1.5829E-06,  0.0000E+00,  0.0000E+00,  0.0000E+00,  0.0000E+00,  0.0000E+00,  0.0000E+00,  3.9366E-07,  0.0000E+00,  1.0283E-07
  1.1000E+02,  1.2569E+07,  2.1526E+04,  1.2452E-05,  1.5231E-05,  1.4698E-03,  4.2939E+02,  2.3218E+02,  3.4255E+02,  7.7217E-02,  2.3377E+02,  1.4708E+01,  2.6099E+02,  2.7903E+01,  2.5183E+02,  8.8626E-01,  4.1557E+01,  3.4144E-01,  5.2307E+00,  7.4327E-01,  1.3849E+01,  2.0088E-02,  1.1122E+00,  1.4405E-01,  6.9464E+00,  3.4228E+00,  4.2719E+02,  1.1282E+00,  1.9722E+01,  2.2689E-01,  3.5990E-01,  1.0826E-02,  3.7941E-02,  1.8663E-03,  2.1544E-02,  2.1192E-03,  1.0412E-02,  6.0641E-03,  1.4325E-02,  2.6167E-03,  5.9372E-03,  3.8856E-04,  1.2092E-03,  0.0000E+00,  1.0187E-03,  1.9237E-04,  6.7022E-04,  1.3250E-04,  6.5299E-04,  7.1271E-04,  1.6091E-03,  1.3170E-04,  2.0767E-03,  2.2066E-04,  8.1652E-04,  2.2013E-04,  2.2501E-03,  2.4550E-04,  6.1829E-04,  8.1973E-05,  5.1120E-04,  0.0000E+00,  1.6628E-04,  5.2981E-05,  2.1494E-04,  1.3433E-05,  2.2644E-04,  3.0592E-05,  1.4735E-04,  1.6856E-05,  2.0530E-04,  1.9264E-05,  1.2587E-04,  1.2578E-05,  2.1852E-04,  3.2078E-05,  3.8657E-04,  2.6202E-04,  7.7031E-04,  1.1340E-04,  9.9174E-05,  1.4083E-04,  1.5330E-03,  8.8749E-05,  0.0000E+00,  0.0000E+00,  0.0000E+00,  0.0000E+00,  0.0000E+00,  0.0000E+00,  2.1842E-05,  0.0000E+00,  5.7016E-06,  1.5713E+05,  7.5769E+02,  4.5113E-07,  5.4979E-07,  5.1848E-05,  1.4861E+01,  8.7729E+00,  1.1751E+01,  2.3918E-03,  7.1573E+00,  4.5659E-01,  8.0357E+00,  7.1026E-01,  6.3269E+00,  2.1392E-02,  9.8956E-01,  8.2819E-03,  1.2882E-01,  1.7918E-02,  3.3014E-01,  2.6369E-04,  1.4742E-02,  1.9232E-03,  9.1976E-02,  4.5437E-02,  5.6186E+00,  1.4961E-02,  2.5656E-01,  3.0157E-03,  4.7708E-03,  1.4529E-04,  5.1104E-04,  2.5170E-05,  2.9348E-04,  2.8668E-05,  1.4157E-04,  8.2332E-05,  1.9419E-04,  3.5349E-05,  8.0157E-05,  5.2328E-06,  1.6339E-05,  0.0000E+00,  1.3773E-05,  2.5975E-06,  9.1137E-06,  1.7958E-06,  8.8965E-06,  9.7100E-06,  2.2104E-05,  1.8111E-06,  2.8855E-05,  3.0364E-06,  1.1283E-05,  3.0415E-06,  3.1242E-05,  3.3966E-06,  8.5388E-06,  1.1270E-06,  7.0490E-06,  0.0000E+00,  2.3025E-06,  7.3172E-07,  2.9822E-06,  1.8629E-07,  3.1484E-06,  4.2498E-07,  2.0492E-06,  2.3412E-07,  2.8560E-06,  2.6839E-07,  1.7529E-06,  1.7515E-07,  3.0431E-06,  4.4769E-07,  5.4076E-06,  3.6582E-06,  1.0766E-05,  1.5814E-06,  1.3855E-06,  1.9730E-06,  2.1501E-05,  1.2421E-06,  0.0000E+00,  0.0000E+00,  0.0000E+00,  0.0000E+00,  0.0000E+00,  0.0000E+00,  3.0776E-07,  0.0000E+00,  8.0477E-08
  1.2000E+02,  1.1181E+07,  1.4964E+04,  8.5697E-06,  1.0496E-05,  1.0209E-03,  3.0021E+02,  1.5654E+02,  2.4131E+02,  5.6193E-02,  1.7071E+02,  1.0697E+01,  1.9026E+02,  2.1554E+01,  1.9513E+02,  6.9456E-01,  3.2670E+01,  2.6725E-01,  4.0800E+00,  5.8266E-01,  1.0883E+01,  1.7645E-02,  9.7579E-01,  1.2627E-01,  6.0950E+00,  3.0023E+00,  3.7515E+02,  9.8978E-01,  1.7344E+01,  1.9898E-01,  3.1575E-01,  9.4828E-03,  3.3218E-02,  1.6338E-03,  1.8836E-02,  1.8544E-03,  9.1054E-03,  5.3039E-03,  1.2532E-02,  2.2901E-03,  5.1966E-03,  3.4021E-04,  1.0583E-03,  0.0000E+00,  8.9145E-04,  1.6837E-04,  5.8607E-04,  1.1592E-04,  5.7089E-04,  6.2312E-04,  1.4053E-03,  1.1500E-04,  1.8111E-03,  1.9268E-04,  7.1262E-04,  1.9211E-04,  1.9625E-03,  2.1422E-04,  5.3963E-04,  7.1584E-05,  4.4624E-04,  0.0000E+00,  1.4508E-04,  4.6240E-05,  1.8748E-04,  1.1718E-05,  1.9745E-04,  2.6680E-05,  1.2849E-04,  1.4701E-05,  1.7901E-04,  1.6795E-05,  1.0974E-04,  1.0967E-05,  1.9051E-04,  2.7958E-05,  3.3684E-04,  2.2837E-04,  6.7128E-04,  9.8849E-05,  8.6434E-05,  1.2269E-04,  1.3353E-03,  7.7326E-05,  0.0000E+00,  0.0000E+00,  0.0000E+00,  0.0000E+00,  0.0000E+00,  0.0000E+00,  1.9014E-05,  0.0000E+00,  4.9623E-06,  1.2044E+05,  5.5460E+02,  3.2536E-07,  3.9721E-07,  3.7940E-05,  1.0976E+01,  6.3548E+00,  8.4971E+00,  1.8130E-03,  5.4552E+00,  3.4559E-01,  6.1109E+00,  5.5966E-01,  5.0133E+00,  1.6948E-02,  7.8790E-01,  6.5561E-03,  1.0132E-01,  1.4204E-02,  2.6301E-01,  2.2494E-04,  1.2547E-02,  1.6334E-03,  7.8301E-02,  3.8650E-02,  4.7894E+00,  1.2729E-02,  2.1920E-01,  2.5654E-03,  4.0574E-03,  1.2329E-04,  4.3355E-04,  2.1341E-05,  2.4819E-04,  2.4300E-05,  1.1979E-04,  6.9695E-05,  1.6442E-04,  2.9967E-05,  6.7956E-05,  4.4376E-06,  1.3847E-05,  0.0000E+00,  1.1672E-05,  2.2022E-06,  7.7154E-06,  1.5216E-06,  7.5227E-06,  8.2085E-06,  1.8647E-05,  1.5275E-06,  2.4274E-05,  2.5591E-06,  9.4971E-06,  2.5627E-06,  2.6290E-05,  2.8589E-06,  7.1947E-06,  9.5076E-07,  5.9417E-06,  0.0000E+00,  1.9378E-06,  6.1663E-07,  2.5094E-06,  1.5674E-07,  2.6483E-06,  3.5747E-07,  1.7240E-06,  1.9687E-07,  2.4013E-06,  2.2555E-07,  1.4731E-06,  1.4720E-07,  2.5576E-06,  3.7617E-07,  4.5389E-06,  3.0709E-06,  9.0391E-06,  1.3282E-06,  1.1626E-06,  1.6551E-06,  1.8043E-05,  1.0425E-06,  0.0000E+00,  0.0000E+00,  0.0000E+00,  0.0000E+00,  0.0000E+00,  0.0000E+00,  2.5781E-07,  0.0000E+00,  6.7381E-08
  1.4000E+02,  9.2138E+06,  7.1084E+03,  3.9901E-06,  4.9015E-06,  4.8236E-04,  1.4366E+02,  6.8081E+01,  1.2157E+02,  2.9564E-02,  9.0419E+01,  5.6274E+00,  1.0050E+02,  1.2995E+01,  1.1828E+02,  4.3352E-01,  2.0499E+01,  1.6644E-01,  2.5244E+00,  3.6392E-01,  6.8249E+00,  1.3890E-02,  7.6694E-01,  9.9113E-02,  4.7912E+00,  2.3586E+00,  2.9529E+02,  7.7786E-01,  1.3682E+01,  1.5627E-01,  2.4815E-01,  7.4327E-03,  2.6019E-02,  1.2794E-03,  1.4723E-02,  1.4512E-03,  7.1176E-03,  4.1480E-03,  9.8020E-03,  1.7925E-03,  4.0684E-03,  2.6653E-04,  8.2840E-04,  0.0000E+00,  6.9759E-04,  1.3180E-04,  4.5816E-04,  9.0678E-05,  4.4608E-04,  4.8691E-04,  1.0968E-03,  8.9719E-05,  1.4100E-03,  1.5035E-04,  5.5545E-04,  1.4970E-04,  1.5278E-03,  1.6695E-04,  4.2065E-04,  5.5844E-05,  3.4794E-04,  0.0000E+00,  1.1306E-04,  3.6037E-05,  1.4599E-04,  9.1270E-06,  1.5368E-04,  2.0772E-05,  1.0001E-04,  1.1449E-05,  1.3931E-04,  1.3072E-05,  8.5394E-05,  8.5342E-06,  1.4825E-04,  2.1746E-05,  2.6194E-04,  1.7770E-04,  5.2204E-04,  7.6905E-05,  6.7228E-05,  9.5369E-05,  1.0377E-03,  6.0119E-05,  0.0000E+00,  0.0000E+00,  0.0000E+00,  0.0000E+00,  0.0000E+00,  0.0000E+00,  1.4761E-05,  0.0000E+00,  3.8519E-06,  7.6275E+04,  2.3099E+02,  1.3259E-07,  1.6224E-07,  1.5910E-05,  4.6787E+00,  2.4915E+00,  3.4770E+00,  8.4991E-04,  2.5741E+00,  1.6140E-01,  2.8649E+00,  2.9625E-01,  2.6716E+00,  9.1562E-03,  4.2923E-01,  3.5245E-03,  5.4241E-02,  7.6705E-03,  1.4283E-01,  1.5056E-04,  8.3393E-03,  1.0824E-03,  5.2076E-02,  2.5723E-02,  3.1961E+00,  8.4634E-03,  1.4695E-01,  1.7056E-03,  2.7028E-03,  8.1721E-05,  2.8639E-04,  1.4095E-05,  1.6313E-04,  1.6015E-05,  7.8996E-05,  4.5901E-05,  1.0856E-04,  1.9801E-05,  4.4864E-05,  2.9309E-06,  9.1440E-06,  0.0000E+00,  7.7143E-06,  1.4556E-06,  5.0761E-06,  1.0023E-06,  4.9584E-06,  5.4127E-06,  1.2206E-05,  1.0011E-06,  1.5832E-05,  1.6741E-06,  6.2197E-06,  1.6780E-06,  1.7178E-05,  1.8687E-06,  4.7033E-06,  6.2323E-07,  3.8882E-06,  0.0000E+00,  1.2642E-06,  4.0362E-07,  1.6399E-06,  1.0239E-07,  1.7294E-06,  2.3332E-07,  1.1233E-06,  1.2827E-07,  1.5690E-06,  1.4671E-07,  9.6113E-07,  9.6046E-08,  1.6689E-06,  2.4508E-07,  2.9509E-06,  1.9960E-06,  5.8853E-06,  8.6614E-07,  7.5794E-07,  1.0765E-06,  1.1715E-05,  6.7824E-07,  0.0000E+00,  0.0000E+00,  0.0000E+00,  0.0000E+00,  0.0000E+00,  0.0000E+00,  1.6755E-07,  0.0000E+00,  4.3663E-08
  1.6000E+02,  7.9227E+06,  3.6787E+03,  2.0333E-06,  2.5042E-06,  2.4646E-04,  7.4013E+01,  3.1938E+01,  6.9220E+01,  1.6580E-02,  5.0992E+01,  3.1615E+00,  5.6659E+01,  8.2834E+00,  7.5714E+01,  2.8668E-01,  1.3598E+01,  1.0994E-01,  1.6582E+00,  2.4078E-01,  4.5292E+00,  1.1300E-02,  6.2347E-01,  8.0503E-02,  3.8956E+00,  1.9163E+00,  2.4030E+02,  6.3230E-01,  1.1148E+01,  1.2697E-01,  2.0164E-01,  6.0304E-03,  2.1100E-02,  1.0376E-03,  1.1925E-02,  1.1765E-03,  5.7641E-03,  3.3606E-03,  7.9410E-03,  1.4531E-03,  3.2983E-03,  2.1623E-04,  6.7157E-04,  0.0000E+00,  5.6532E-04,  1.0685E-04,  3.7113E-04,  7.3498E-05,  3.6112E-04,  3.9418E-04,  8.8766E-04,  7.2590E-05,  1.1393E-03,  1.2167E-04,  4.4901E-04,  1.2101E-04,  1.2342E-03,  1.3495E-04,  3.4012E-04,  4.5179E-05,  2.8143E-04,  0.0000E+00,  9.1419E-05,  2.9132E-05,  1.1797E-04,  7.3762E-06,  1.2412E-04,  1.6782E-05,  8.0816E-05,  9.2546E-06,  1.1251E-04,  1.0562E-05,  6.8972E-05,  6.8932E-06,  1.1975E-04,  1.7562E-05,  2.1150E-04,  1.4353E-04,  4.2148E-04,  6.2105E-05,  5.4277E-05,  7.6980E-05,  8.3764E-04,  4.8534E-05,  0.0000E+00,  0.0000E+00,  0.0000E+00,  0.0000E+00,  0.0000E+00,  0.0000E+00,  1.1902E-05,  0.0000E+00,  3.1069E-06,  5.2836E+04,  1.1199E+02,  6.3089E-08,  7.7489E-08,  7.6802E-06,  2.2863E+00,  1.1227E+00,  1.7577E+00,  4.4849E-04,  1.3686E+00,  8.5193E-02,  1.5192E+00,  1.7487E-01,  1.5850E+00,  5.5278E-03,  2.6087E-01,  2.1255E-03,  3.2378E-02,  4.6434E-03,  8.6743E-02,  1.0847E-04,  6.0072E-03,  7.7860E-04,  3.7487E-02,  1.8502E-02,  2.3029E+00,  6.0929E-03,  1.0646E-01,  1.2244E-03,  1.9480E-03,  5.8506E-05,  2.0554E-04,  1.0089E-05,  1.1660E-04,  1.1458E-05,  5.6352E-05,  3.2837E-05,  7.7548E-05,  1.4132E-05,  3.2143E-05,  2.0986E-06,  6.5397E-06,  0.0000E+00,  5.5122E-06,  1.0391E-06,  3.6267E-06,  7.1573E-07,  3.5375E-06,  3.8601E-06,  8.7061E-06,  7.1187E-07,  1.1243E-05,  1.1935E-06,  4.4242E-06,  1.1916E-06,  1.2180E-05,  1.3313E-06,  3.3496E-06,  4.4329E-07,  2.7627E-06,  0.0000E+00,  8.9984E-07,  2.8688E-07,  1.1618E-06,  7.2691E-08,  1.2259E-06,  1.6569E-07,  7.9643E-07,  9.1216E-08,  1.1116E-06,  1.0427E-07,  6.8102E-07,  6.8058E-08,  1.1814E-06,  1.7335E-07,  2.0932E-06,  1.4208E-06,  4.1702E-06,  6.1388E-07,  5.3716E-07,  7.6248E-07,  8.2893E-06,  4.8023E-07,  0.0000E+00,  0.0000E+00,  0.0000E+00,  0.0000E+00,  0.0000E+00,  0.0000E+00,  1.1832E-07,  0.0000E+00,  3.0840E-08
  1.8000E+02,  6.9468E+06,  1.9659E+03,  1.0740E-06,  1.3248E-06,  1.2945E-04,  3.9090E+01,  1.5239E+01,  4.1731E+01,  9.5530E-03,  2.9501E+01,  1.8258E+00,  3.2815E+01,  5.4348E+00,  4.9845E+01,  1.9564E-01,  9.2997E+00,  7.4969E-02,  1.1264E+00,  1.6430E-01,  3.0985E+00,  9.3939E-03,  5.1795E-01,  6.6833E-02,  3.2372E+00,  1.5914E+00,  1.9984E+02,  5.2526E-01,  9.2755E+00,  1.0547E-01,  1.6748E-01,  5.0042E-03,  1.7499E-02,  8.6061E-04,  9.8823E-03,  9.7554E-04,  4.7770E-03,  2.7853E-03,  6.5816E-03,  1.2053E-03,  2.7349E-03,  1.7942E-04,  5.5695E-04,  0.0000E+00,  4.6874E-04,  8.8634E-05,  3.0762E-04,  6.0948E-05,  2.9919E-04,  3.2660E-04,  7.3515E-04,  6.0120E-05,  9.4256E-04,  1.0077E-04,  3.7162E-04,  1.0015E-04,  1.0211E-03,  1.1166E-04,  2.8150E-04,  3.7415E-05,  2.3309E-04,  0.0000E+00,  7.5664E-05,  2.4115E-05,  9.7649E-05,  6.1045E-06,  1.0268E-04,  1.3884E-05,  6.6876E-05,  7.6579E-06,  9.3066E-05,  8.7375E-06,  5.7061E-05,  5.7028E-06,  9.9084E-05,  1.4528E-05,  1.7489E-04,  1.1870E-04,  3.4857E-04,  5.1367E-05,  4.4882E-05,  6.3653E-05,  6.9266E-04,  4.0135E-05,  0.0000E+00,  0.0000E+00,  0.0000E+00,  0.0000E+00,  0.0000E+00,  0.0000E+00,  9.8350E-06,  0.0000E+00,  2.5681E-06,  4.4747E+04,  5.9284E+01,  3.2841E-08,  4.0447E-08,  4.0209E-06,  1.2060E+00,  5.4722E-01,  9.9113E-01,  2.5422E-04,  7.8058E-01,  4.8373E-02,  8.6528E-01,  1.0999E-01,  1.0020E+00,  3.5755E-03,  1.6895E-01,  1.3720E-03,  2.0804E-02,  3.0041E-03,  5.6323E-02,  8.2129E-05,  4.5449E-03,  5.8844E-04,  2.8351E-02,  1.3992E-02,  1.7436E+00,  4.6110E-03,  8.0810E-02,  9.2614E-04,  1.4679E-03,  4.4118E-05,  1.5458E-04,  7.6056E-06,  8.7713E-05,  8.6358E-06,  4.2355E-05,  2.4695E-05,  5.8388E-05,  1.0655E-05,  2.4198E-05,  1.5826E-06,  4.9220E-06,  0.0000E+00,  4.1465E-06,  7.8227E-07,  2.7248E-06,  5.3928E-07,  2.6556E-06,  2.8977E-06,  6.5452E-06,  5.3511E-07,  8.4297E-06,  8.9670E-07,  3.3146E-06,  8.9357E-07,  9.1274E-06,  9.9758E-07,  2.5120E-06,  3.3313E-07,  2.0722E-06,  0.0000E+00,  6.7562E-07,  2.1487E-07,  8.7071E-07,  5.4478E-08,  9.1832E-07,  1.2409E-07,  5.9756E-07,  6.8455E-08,  8.3244E-07,  7.8199E-08,  5.1009E-07,  5.0977E-08,  8.8469E-07,  1.3001E-07,  1.5675E-06,  1.0627E-06,  3.1206E-06,  4.5998E-07,  4.0237E-07,  5.7023E-07,  6.2089E-06,  3.5973E-07,  0.0000E+00,  0.0000E+00,  0.0000E+00,  0.0000E+00,  0.0000E+00,  0.0000E+00,  8.8388E-08,  0.0000E+00,  2.3032E-08
  2.0000E+02,  6.1132E+06,  1.0686E+03,  5.7895E-07,  7.1486E-07,  6.8906E-05,  2.0898E+01,  7.2538E+00,  2.6221E+01,  5.6019E-03,  1.7349E+01,  1.0737E+00,  1.9343E+01,  3.6483E+00,  3.3541E+01,  1.3680E-01,  6.5182E+00,  5.2407E-02,  7.8476E-01,  1.1491E-01,  2.1710E+00,  7.9453E-03,  4.3781E-01,  5.6461E-02,  2.7370E+00,  1.3448E+00,  1.6907E+02,  4.4398E-01,  7.8492E+00,  8.9134E-02,  1.4161E-01,  4.2268E-03,  1.4776E-02,  7.2666E-04,  8.3380E-03,  8.2343E-04,  4.0313E-03,  2.3505E-03,  5.5535E-03,  1.0175E-03,  2.3088E-03,  1.5153E-04,  4.7022E-04,  0.0000E+00,  3.9570E-04,  7.4851E-05,  2.5967E-04,  5.1447E-05,  2.5246E-04,  2.7557E-04,  6.1998E-04,  5.0704E-05,  7.9432E-04,  8.4991E-05,  3.1334E-04,  8.4436E-05,  8.6061E-04,  9.4128E-05,  2.3731E-04,  3.1556E-05,  1.9662E-04,  0.0000E+00,  6.3782E-05,  2.0335E-05,  8.2334E-05,  5.1462E-06,  8.6534E-05,  1.1703E-05,  5.6366E-05,  6.4542E-06,  7.8432E-05,  7.3624E-06,  4.8094E-05,  4.8067E-06,  8.3527E-05,  1.2241E-05,  1.4734E-04,  1.0002E-04,  2.9372E-04,  4.3283E-05,  3.7810E-05,  5.3629E-05,  5.8353E-04,  3.3815E-05,  0.0000E+00,  0.0000E+00,  0.0000E+00,  0.0000E+00,  0.0000E+00,  0.0000E+00,  8.2825E-06,  0.0000E+00,  2.1635E-06,  3.8617E+04,  3.0453E+01,  1.6663E-08,  2.0551E-08,  2.0336E-06,  6.1321E-01,  2.5128E-01,  5.5987E-01,  1.4089E-04,  4.3459E-01,  2.6836E-02,  4.8189E-01,  6.8662E-02,  6.2838E-01,  2.3089E-03,  1.0920E-01,  8.8424E-04,  1.3359E-02,  1.9353E-03,  3.6433E-02,  6.2727E-05,  3.4694E-03,  4.4872E-04,  2.1670E-02,  1.0669E-02,  1.3331E+00,  3.5167E-03,  6.1818E-02,  7.0739E-04,  1.1197E-03,  3.3613E-05,  1.1764E-04,  5.7899E-06,  6.6724E-05,  6.5758E-06,  3.2223E-05,  1.8777E-05,  4.4424E-05,  8.1245E-06,  1.8413E-05,  1.2064E-06,  3.7505E-06,  0.0000E+00,  3.1575E-06,  5.9604E-07,  2.0697E-06,  4.1081E-07,  2.0174E-06,  2.2051E-06,  4.9714E-06,  4.0651E-07,  6.3940E-06,  6.8091E-07,  2.5133E-06,  6.7828E-07,  6.9230E-06,  7.5558E-07,  1.9072E-06,  2.5280E-07,  1.5742E-06,  0.0000E+00,  5.1258E-07,  1.6311E-07,  6.6078E-07,  4.1355E-08,  6.9639E-07,  9.4059E-08,  4.5343E-07,  5.1913E-08,  6.3094E-07,  5.9304E-08,  3.8662E-07,  3.8639E-08,  6.7101E-07,  9.8640E-08,  1.1880E-06,  8.0471E-07,  2.3651E-06,  3.4837E-07,  3.0478E-07,  4.3214E-07,  4.7046E-06,  2.7222E-07,  0.0000E+00,  0.0000E+00,  0.0000E+00,  0.0000E+00,  0.0000E+00,  0.0000E+00,  6.6854E-08,  0.0000E+00,  1.7433E-08
  2.2000E+02,  5.3976E+06,  6.0715E+02,  3.2712E-07,  4.0416E-07,  3.8285E-05,  1.1649E+01,  3.6070E+00,  1.7364E+01,  3.4084E-03,  1.0575E+01,  6.5576E-01,  1.1826E+01,  2.5273E+00,  2.3271E+01,  9.8589E-02,  4.7086E+00,  3.7778E-02,  5.6418E-01,  8.2905E-02,  1.5676E+00,  6.8306E-03,  3.7620E-01,  4.8492E-02,  2.3517E+00,  1.1554E+00,  1.4537E+02,  3.8156E-01,  6.7502E+00,  7.6569E-02,  1.2169E-01,  3.6301E-03,  1.2687E-02,  6.2394E-04,  7.1544E-03,  7.0677E-04,  3.4596E-03,  2.0174E-03,  4.7657E-03,  8.7323E-04,  1.9821E-03,  1.3011E-04,  4.0361E-04,  0.0000E+00,  3.3967E-04,  6.4269E-05,  2.2296E-04,  4.4158E-05,  2.1667E-04,  2.3643E-04,  5.3182E-04,  4.3499E-05,  6.8102E-04,  7.2924E-05,  2.6879E-04,  7.2412E-05,  7.3791E-04,  8.0741E-05,  2.0349E-04,  2.7076E-05,  1.6870E-04,  0.0000E+00,  5.4697E-05,  1.7442E-05,  7.0619E-05,  4.4127E-06,  7.4193E-05,  1.0036E-05,  4.8331E-05,  5.5342E-06,  6.7252E-05,  6.3115E-06,  4.1243E-05,  4.1220E-06,  7.1632E-05,  1.0494E-05,  1.2629E-04,  8.5767E-05,  2.5180E-04,  3.7113E-05,  3.2413E-05,  4.5968E-05,  5.0019E-04,  2.8995E-05,  0.0000E+00,  0.0000E+00,  0.0000E+00,  0.0000E+00,  0.0000E+00,  0.0000E+00,  7.0986E-06,  0.0000E+00,  1.8546E-06,  3.2938E+04,  1.5688E+01,  8.5206E-09,  1.0519E-08,  1.0285E-06,  3.1167E-01,  1.1340E-01,  3.2592E-01,  7.8460E-05,  2.4280E-01,  1.4959E-02,  2.6975E-01,  4.3440E-02,  3.9862E-01,  1.5120E-03,  7.1760E-02,  5.7861E-04,  8.6991E-03,  1.2650E-03,  2.3906E-02,  4.8744E-05,  2.6914E-03,  3.4814E-04,  1.6858E-02,  8.2709E-03,  1.0372E+00,  2.7260E-03,  4.8081E-02,  5.4910E-04,  8.7174E-04,  2.6062E-05,  9.1272E-05,  4.4824E-06,  5.1632E-05,  5.0896E-06,  2.4939E-05,  1.4534E-05,  3.4352E-05,  6.2991E-06,  1.4262E-05,  9.3546E-07,  2.9105E-06,  0.0000E+00,  2.4454E-06,  4.6219E-07,  1.6021E-06,  3.1813E-07,  1.5618E-06,  1.7094E-06,  3.8441E-06,  3.1398E-07,  4.9360E-06,  5.2584E-07,  1.9424E-06,  5.2411E-07,  5.3465E-06,  5.8309E-07,  1.4743E-06,  1.9516E-07,  1.2180E-06,  0.0000E+00,  3.9596E-07,  1.2621E-07,  5.1073E-07,  3.1993E-08,  5.3772E-07,  7.2625E-08,  3.5007E-07,  4.0088E-08,  4.8708E-07,  4.5789E-08,  2.9847E-07,  2.9830E-08,  5.1846E-07,  7.6145E-08,  9.1677E-07,  6.2106E-07,  1.8267E-06,  2.6861E-07,  2.3489E-07,  3.3398E-07,  3.6292E-06,  2.0977E-07,  0.0000E+00,  0.0000E+00,  0.0000E+00,  0.0000E+00,  0.0000E+00,  0.0000E+00,  5.1543E-08,  0.0000E+00,  1.3454E-08
  2.5000E+02,  4.5071E+06,  2.7483E+02,  1.4702E-07,  1.8180E-07,  1.6681E-05,  5.0961E+00,  1.3231E+00,  1.0024E+01,  1.6957E-03,  5.2706E+00,  3.2860E-01,  5.9288E+00,  1.5217E+00,  1.4038E+01,  6.2989E-02,  3.0163E+00,  2.4150E-02,  3.5955E-01,  5.3052E-02,  1.0036E+00,  5.5722E-03,  3.0681E-01,  3.9518E-02,  1.9172E+00,  9.4212E-01,  1.1861E+02,  3.1124E-01,  5.5095E+00,  6.2416E-02,  9.9218E-02,  2.9579E-03,  1.0336E-02,  5.0844E-04,  5.8258E-03,  5.7573E-04,  2.8180E-03,  1.6432E-03,  3.8813E-03,  7.1101E-04,  1.6148E-03,  1.0601E-04,  3.2862E-04,  0.0000E+00,  2.7673E-04,  5.2365E-05,  1.8166E-04,  3.5967E-05,  1.7645E-04,  1.9246E-04,  4.3289E-04,  3.5423E-05,  5.5406E-04,  5.9393E-05,  2.1881E-04,  5.8928E-05,  6.0041E-04,  6.5741E-05,  1.6558E-04,  2.2049E-05,  1.3736E-04,  0.0000E+00,  4.4511E-05,  1.4195E-05,  5.7484E-05,  3.5895E-06,  6.0365E-05,  8.1686E-06,  3.9330E-05,  4.5031E-06,  5.4722E-05,  5.1344E-06,  3.3561E-05,  3.3542E-06,  5.8302E-05,  8.5355E-06,  1.0272E-04,  6.9810E-05,  2.0484E-04,  3.0203E-05,  2.6378E-05,  3.7381E-05,  4.0693E-04,  2.3599E-05,  0.0000E+00,  0.0000E+00,  0.0000E+00,  0.0000E+00,  0.0000E+00,  0.0000E+00,  5.7739E-06,  0.0000E+00,  1.5090E-06,  2.6429E+04,  6.4664E+00,  3.4856E-09,  4.3049E-09,  4.1177E-07,  1.2518E-01,  3.8857E-02,  1.6336E-01,  3.5720E-05,  1.1086E-01,  6.8520E-03,  1.2342E-01,  2.3600E-02,  2.1690E-01,  8.6136E-04,  4.1061E-02,  3.2996E-04,  4.9427E-03,  7.2526E-04,  1.3697E-02,  3.5150E-05,  1.9345E-03,  2.5013E-04,  1.2108E-02,  5.9472E-03,  7.4663E-01,  1.9619E-03,  3.4636E-02,  3.9442E-04,  6.2657E-04,  1.8749E-05,  6.5491E-05,  3.2176E-06,  3.6944E-05,  3.6465E-06,  1.7836E-05,  1.0414E-05,  2.4610E-05,  4.5152E-06,  1.0226E-05,  6.7098E-07,  2.0888E-06,  0.0000E+00,  1.7502E-06,  3.3138E-07,  1.1507E-06,  2.2796E-07,  1.1192E-06,  1.2216E-06,  2.7515E-06,  2.2442E-07,  3.5284E-06,  3.7620E-07,  1.3892E-06,  3.7480E-07,  3.8203E-06,  4.1693E-07,  1.0530E-06,  1.3995E-07,  8.7139E-07,  0.0000E+00,  2.8314E-07,  9.0229E-08,  3.6491E-07,  2.2886E-08,  3.8414E-07,  5.1862E-08,  2.5000E-07,  2.8653E-08,  3.4821E-07,  3.2681E-08,  2.1368E-07,  2.1355E-08,  3.7020E-07,  5.4397E-08,  6.5422E-07,  4.4268E-07,  1.3039E-06,  1.9206E-07,  1.6746E-07,  2.3850E-07,  2.5881E-06,  1.4999E-07,  0.0000E+00,  0.0000E+00,  0.0000E+00,  0.0000E+00,  0.0000E+00,  0.0000E+00,  3.6766E-08,  0.0000E+00,  9.5879E-09
  2.8000E+02,  3.7733E+06,  1.3663E+02,  7.2702E-08,  8.9974E-08,  7.9836E-06,  2.4480E+00,  5.4083E-01,  6.2717E+00,  9.1006E-04,  2.8324E+00,  1.7763E-01,  3.2080E+00,  9.6961E-01,  8.9562E+00,  4.2433E-02,  2.0349E+00,  1.6269E-02,  2.4180E-01,  3.5748E-02,  6.7665E-01,  4.6551E-03,  2.5627E-01,  3.2993E-02,  1.6010E+00,  7.8685E-01,  9.9106E+01,  2.6000E-01,  4.6046E+00,  5.2113E-02,  8.2852E-02,  2.4687E-03,  8.6264E-03,  4.2438E-04,  4.8616E-03,  4.8064E-04,  2.3525E-03,  1.3715E-03,  3.2389E-03,  5.9326E-04,  1.3479E-03,  8.8514E-05,  2.7417E-04,  0.0000E+00,  2.3104E-04,  4.3721E-05,  1.5165E-04,  3.0021E-05,  1.4727E-04,  1.6060E-04,  3.6121E-04,  2.9572E-05,  4.6211E-04,  4.9578E-05,  1.8262E-04,  4.9169E-05,  5.0096E-04,  5.4876E-05,  1.3814E-04,  1.8402E-05,  1.1464E-04,  0.0000E+00,  3.7137E-05,  1.1844E-05,  4.7978E-05,  2.9937E-06,  5.0365E-05,  6.8166E-06,  3.2817E-05,  3.7570E-06,  4.5656E-05,  4.2837E-06,  2.7995E-05,  2.7979E-06,  4.8659E-05,  7.1193E-06,  8.5684E-05,  5.8283E-05,  1.7087E-04,  2.5201E-05,  2.2014E-05,  3.1173E-05,  3.3952E-04,  1.9692E-05,  0.0000E+00,  0.0000E+00,  0.0000E+00,  0.0000E+00,  0.0000E+00,  0.0000E+00,  4.8168E-06,  0.0000E+00,  1.2593E-06,  2.2496E+04,  2.7468E+00,  1.4692E-09,  1.8168E-09,  1.6806E-07,  5.1361E-02,  1.3294E-02,  8.6819E-02,  1.6655E-05,  5.1686E-02,  3.2131E-03,  5.7968E-02,  1.3206E-02,  1.2188E-01,  5.0903E-04,  2.4363E-02,  1.9541E-04,  2.9078E-03,  4.2829E-04,  8.0967E-03,  2.5994E-05,  1.4349E-03,  1.8489E-04,  8.9731E-03,  4.4044E-03,  5.5355E-01,  1.4538E-03,  2.5690E-02,  2.9248E-04,  4.6448E-04,  1.3866E-05,  4.8476E-05,  2.3859E-06,  2.7337E-05,  2.6934E-06,  1.3198E-05,  7.6977E-06,  1.8213E-05,  3.3349E-06,  7.5633E-06,  4.9570E-07,  1.5412E-06,  0.0000E+00,  1.2960E-06,  2.4490E-07,  8.5050E-07,  1.6844E-07,  8.2660E-07,  9.0236E-07,  2.0275E-06,  1.6563E-07,  2.6013E-06,  2.7814E-07,  1.0236E-06,  2.7581E-07,  2.8101E-06,  3.0735E-07,  7.7651E-07,  1.0323E-07,  6.4275E-07,  0.0000E+00,  2.0844E-07,  6.6480E-08,  2.6884E-07,  1.6835E-08,  2.8253E-07,  3.8271E-08,  1.8418E-07,  2.1087E-08,  2.5622E-07,  2.4032E-08,  1.5737E-07,  1.5728E-08,  2.7267E-07,  4.0021E-08,  4.8176E-07,  3.2583E-07,  9.6035E-07,  1.4145E-07,  1.2348E-07,  1.7534E-07,  1.9058E-06,  1.1047E-07,  0.0000E+00,  0.0000E+00,  0.0000E+00,  0.0000E+00,  0.0000E+00,  0.0000E+00,  2.7039E-08,  0.0000E+00,  7.0621E-09
  3.2000E+02,  2.9721E+06,  5.6364E+01,  2.9873E-08,  3.6992E-08,  3.1242E-06,  9.6113E-01,  1.7083E-01,  3.5645E+00,  4.1335E-04,  1.2893E+00,  8.1553E-02,  1.4744E+00,  5.5408E-01,  5.1219E+00,  2.6129E-02,  1.2538E+00,  1.0010E-02,  1.4876E-01,  2.2028E-02,  4.1713E-01,  3.7492E-03,  2.0629E-01,  2.6552E-02,  1.2884E+00,  6.3349E-01,  7.9807E+01,  2.0935E-01,  3.7084E+00,  4.1924E-02,  6.6662E-02,  1.9863E-03,  6.9397E-03,  3.4136E-04,  3.9104E-03,  3.8687E-04,  1.8932E-03,  1.1037E-03,  2.6052E-03,  4.7719E-04,  1.0847E-03,  7.1255E-05,  2.2056E-04,  0.0000E+00,  1.8593E-04,  3.5199E-05,  1.2205E-04,  2.4159E-05,  1.1850E-04,  1.2921E-04,  2.9064E-04,  2.3808E-05,  3.7166E-04,  3.9904E-05,  1.4702E-04,  3.9575E-05,  4.0321E-04,  4.4183E-05,  1.1113E-04,  1.4809E-05,  9.2276E-05,  0.0000E+00,  2.9883E-05,  9.5308E-06,  3.8627E-05,  2.4084E-06,  4.0538E-05,  5.4855E-06,  2.6411E-05,  3.0231E-06,  3.6746E-05,  3.4473E-06,  2.2524E-05,  2.2512E-06,  3.9176E-05,  5.7277E-06,  6.8938E-05,  4.6948E-05,  1.3747E-04,  2.0281E-05,  1.7720E-05,  2.5079E-05,  2.7324E-04,  1.5848E-05,  0.0000E+00,  0.0000E+00,  0.0000E+00,  0.0000E+00,  0.0000E+00,  0.0000E+00,  3.8768E-06,  0.0000E+00,  1.0136E-06,  1.7563E+04,  1.2666E+00,  6.7225E-10,  8.3229E-10,  7.4913E-08,  2.2982E-02,  5.2057E-03,  4.8543E-02,  8.1808E-06,  2.5470E-02,  1.5906E-03,  2.8713E-02,  7.5705E-03,  6.9840E-02,  3.0616E-04,  1.4692E-02,  1.1757E-04,  1.7441E-03,  2.5774E-04,  4.8796E-03,  1.9297E-05,  1.0638E-03,  1.3719E-04,  6.6560E-03,  3.2634E-03,  4.1139E-01,  1.0787E-03,  1.9120E-02,  2.1695E-04,  3.4505E-04,  1.0255E-05,  3.5859E-05,  1.7655E-06,  2.0221E-05,  1.9950E-06,  9.7670E-06,  5.6943E-06,  1.3474E-05,  2.4686E-06,  5.5973E-06,  3.6726E-07,  1.1392E-06,  0.0000E+00,  9.5936E-07,  1.8122E-07,  6.2924E-07,  1.2464E-07,  6.1161E-07,  6.6726E-07,  1.5009E-06,  1.2260E-07,  1.9213E-06,  2.0560E-07,  7.5663E-07,  2.0391E-07,  2.0773E-06,  2.2733E-07,  5.7383E-07,  7.6399E-08,  4.7569E-07,  0.0000E+00,  1.5427E-07,  4.9194E-08,  1.9870E-07,  1.2429E-08,  2.0884E-07,  2.8287E-08,  1.3615E-07,  1.5606E-08,  1.8930E-07,  1.7790E-08,  1.1617E-07,  1.1611E-08,  2.0150E-07,  2.9555E-08,  3.5554E-07,  2.4089E-07,  7.0966E-07,  1.0454E-07,  9.1244E-08,  1.2937E-07,  1.4081E-06,  8.1707E-08,  0.0000E+00,  0.0000E+00,  0.0000E+00,  0.0000E+00,  0.0000E+00,  0.0000E+00,  1.9961E-08,  0.0000E+00,  5.2207E-09
  3.5000E+02,  2.4910E+06,  3.0560E+01,  1.6180E-08,  2.0041E-08,  1.6235E-06,  5.0032E-01,  7.3692E-02,  2.4583E+00,  2.4059E-04,  7.5107E-01,  4.7834E-02,  8.6541E-01,  3.8005E-01,  3.5161E+00,  1.8894E-02,  9.0661E-01,  7.2328E-03,  1.0754E-01,  1.5934E-02,  3.0181E-01,  3.2415E-03,  1.7832E-01,  2.2944E-02,  1.1135E+00,  5.4776E-01,  6.8985E+01,  1.8099E-01,  3.2053E+00,  3.6221E-02,  5.7588E-02,  1.7167E-03,  5.9975E-03,  2.9498E-04,  3.3791E-03,  3.3438E-04,  1.6364E-03,  9.5405E-04,  2.2511E-03,  4.1229E-04,  9.3764E-04,  6.1591E-05,  1.9062E-04,  0.0000E+00,  1.6071E-04,  3.0436E-05,  1.0551E-04,  2.0883E-05,  1.0243E-04,  1.1168E-04,  2.5119E-04,  2.0585E-05,  3.2117E-04,  3.4503E-05,  1.2713E-04,  3.4211E-05,  3.4857E-04,  3.8208E-05,  9.6057E-05,  1.2800E-05,  7.9768E-05,  0.0000E+00,  2.5828E-05,  8.2370E-06,  3.3407E-05,  2.0818E-06,  3.5045E-05,  4.7426E-06,  2.2834E-05,  2.6130E-06,  3.1770E-05,  2.9795E-06,  1.9472E-05,  1.9461E-06,  3.3883E-05,  4.9514E-06,  5.9602E-05,  4.0616E-05,  1.1883E-04,  1.7534E-05,  1.5322E-05,  2.1680E-05,  2.3626E-04,  1.3701E-05,  0.0000E+00,  0.0000E+00,  0.0000E+00,  0.0000E+00,  0.0000E+00,  0.0000E+00,  3.3523E-06,  0.0000E+00,  8.7641E-07,  1.4509E+04,  4.5358E-01,  2.4064E-10,  2.9782E-10,  2.5133E-08,  7.7383E-03,  1.2702E-03,  2.5204E-02,  3.3362E-06,  1.0413E-02,  6.5736E-04,  1.1885E-02,  4.0316E-03,  3.7213E-02,  1.7618E-04,  8.4567E-03,  6.7539E-05,  1.0040E-03,  1.4853E-04,  2.8078E-03,  1.4553E-05,  8.0093E-04,  1.0329E-04,  5.0080E-03,  2.4523E-03,  3.1010E-01,  8.1233E-04,  1.4419E-02,  1.6325E-04,  2.5987E-04,  7.7190E-06,  2.6952E-05,  1.3265E-06,  1.5199E-05,  1.5040E-06,  7.3510E-06,  4.2805E-06,  1.0132E-05,  1.8581E-06,  4.2078E-06,  2.7698E-07,  8.5713E-07,  0.0000E+00,  7.2211E-07,  1.3631E-07,  4.7326E-07,  9.3746E-08,  4.6007E-07,  5.0167E-07,  1.1294E-06,  9.2210E-08,  1.4443E-06,  1.5447E-07,  5.6895E-07,  1.5369E-07,  1.5652E-06,  1.7095E-07,  4.3127E-07,  5.7524E-08,  3.5815E-07,  0.0000E+00,  1.1605E-07,  3.7062E-08,  1.4932E-07,  9.3442E-09,  1.5734E-07,  2.1239E-08,  1.0231E-07,  1.1737E-08,  1.4240E-07,  1.3401E-08,  8.7327E-08,  8.7280E-09,  1.5138E-07,  2.2203E-08,  2.6687E-07,  1.8128E-07,  5.3339E-07,  7.8586E-08,  6.8562E-08,  9.7204E-08,  1.0576E-06,  6.1464E-08,  0.0000E+00,  0.0000E+00,  0.0000E+00,  0.0000E+00,  0.0000E+00,  0.0000E+00,  1.5006E-08,  0.0000E+00,  3.9257E-09
  4.0000E+02,  1.8590E+06,  1.2583E+01,  6.6522E-09,  8.2449E-09,  6.3262E-07,  1.9509E-01,  2.4236E-02,  1.4180E+00,  1.0733E-04,  3.3504E-01,  2.1548E-02,  3.9004E-01,  2.1404E-01,  1.9830E+00,  1.1541E-02,  5.5362E-01,  4.4147E-03,  6.5651E-02,  9.7336E-03,  1.8458E-01,  2.5933E-03,  1.4265E-01,  1.8343E-02,  8.9023E-01,  4.3851E-01,  5.5173E+01,  1.4481E-01,  2.5628E+00,  2.8949E-02,  4.6015E-02,  1.3728E-03,  4.7973E-03,  2.3592E-04,  2.7025E-03,  2.6741E-04,  1.3092E-03,  7.6346E-04,  1.8001E-03,  3.2954E-04,  7.5026E-04,  4.9262E-05,  1.5244E-04,  0.0000E+00,  1.2856E-04,  2.4368E-05,  8.4446E-05,  1.6710E-05,  8.1950E-05,  8.9343E-05,  2.0092E-04,  1.6483E-05,  2.5688E-04,  2.7629E-05,  1.0182E-04,  2.7372E-05,  2.7892E-04,  3.0600E-05,  7.6862E-05,  1.0241E-05,  6.3834E-05,  0.0000E+00,  2.0663E-05,  6.5881E-06,  2.6763E-05,  1.6659E-06,  2.8044E-05,  3.7975E-06,  1.8282E-05,  2.0906E-06,  2.5433E-05,  2.3830E-06,  1.5585E-05,  1.5576E-06,  2.7146E-05,  3.9630E-06,  4.7720E-05,  3.2549E-05,  9.5080E-05,  1.4036E-05,  1.2271E-05,  1.7352E-05,  1.8919E-04,  1.0965E-05,  0.0000E+00,  0.0000E+00,  0.0000E+00,  0.0000E+00,  0.0000E+00,  0.0000E+00,  2.6840E-06,  0.0000E+00,  7.0160E-07,  1.0772E+04,  2.6552E-01,  1.4047E-10,  1.7402E-10,  1.4503E-08,  4.4709E-03,  7.0802E-04,  1.6408E-02,  1.9945E-06,  6.2289E-03,  3.9409E-04,  7.1301E-03,  2.6086E-03,  2.4113E-02,  1.1793E-04,  5.6629E-03,  4.5188E-05,  6.7153E-04,  9.9468E-05,  1.8814E-03,  1.1376E-05,  6.2580E-04,  8.0752E-05,  3.9213E-03,  1.9179E-03,  2.4235E-01,  6.3457E-04,  1.1280E-02,  1.2763E-04,  2.0304E-04,  6.0336E-06,  2.1057E-05,  1.0359E-06,  1.1865E-05,  1.1750E-06,  5.7382E-06,  3.3429E-06,  7.9102E-06,  1.4518E-06,  3.2875E-06,  2.1619E-07,  6.6990E-07,  0.0000E+00,  5.6392E-07,  1.0642E-07,  3.6944E-07,  7.3175E-08,  3.5906E-07,  3.9167E-07,  8.8147E-07,  7.1868E-08,  1.1274E-06,  1.2048E-07,  4.4336E-07,  1.1987E-07,  1.2207E-06,  1.3339E-07,  3.3653E-07,  4.4860E-08,  2.7923E-07,  0.0000E+00,  9.0552E-08,  2.8893E-08,  1.1644E-07,  7.2934E-09,  1.2272E-07,  1.6563E-08,  7.9770E-08,  9.1583E-09,  1.1109E-07,  1.0456E-08,  6.8158E-08,  6.8120E-09,  1.1808E-07,  1.7332E-08,  2.0841E-07,  1.4141E-07,  4.1654E-07,  6.1317E-08,  5.3491E-08,  7.5925E-08,  8.2519E-07,  4.7954E-08,  0.0000E+00,  0.0000E+00,  0.0000E+00,  0.0000E+00,  0.0000E+00,  0.0000E+00,  1.1725E-08,  0.0000E+00,  3.0668E-09
  4.5000E+02,  1.3907E+06,  4.7878E+00,  2.5297E-09,  3.1358E-09,  2.1592E-07,  6.6629E-02,  5.1328E-03,  8.5736E-01,  4.6699E-05,  1.4573E-01,  9.5196E-03,  1.7237E-01,  1.2553E-01,  1.1641E+00,  7.3698E-03,  3.5337E-01,  2.8167E-03,  4.1897E-02,  6.2134E-03,  1.1801E-01,  2.1218E-03,  1.1672E-01,  1.4995E-02,  7.2746E-01,  3.5897E-01,  4.5130E+01,  1.1853E-01,  2.0950E+00,  2.3658E-02,  3.7603E-02,  1.1227E-03,  3.9245E-03,  1.9299E-04,  2.2107E-03,  2.1870E-04,  1.0713E-03,  6.2487E-04,  1.4722E-03,  2.6935E-04,  6.1398E-04,  4.0309E-05,  1.2466E-04,  0.0000E+00,  1.0519E-04,  1.9958E-05,  6.9135E-05,  1.3678E-05,  6.7065E-05,  7.3100E-05,  1.6436E-04,  1.3506E-05,  2.1007E-04,  2.2633E-05,  8.3445E-05,  2.2400E-05,  2.2827E-04,  2.5063E-05,  6.2898E-05,  8.3811E-06,  5.2258E-05,  0.0000E+00,  1.6905E-05,  5.3902E-06,  2.1932E-05,  1.3631E-06,  2.2951E-05,  3.1103E-06,  1.4973E-05,  1.7104E-06,  2.0823E-05,  1.9490E-06,  1.2755E-05,  1.2748E-06,  2.2246E-05,  3.2433E-06,  3.9062E-05,  2.6680E-05,  7.7777E-05,  1.1491E-05,  1.0051E-05,  1.4198E-05,  1.5494E-04,  8.9748E-06,  0.0000E+00,  0.0000E+00,  0.0000E+00,  0.0000E+00,  0.0000E+00,  0.0000E+00,  2.1972E-06,  0.0000E+00,  5.7431E-07,  7.9596E+03,  4.6285E-02,  2.4425E-11,  3.0346E-11,  2.1655E-09,  6.6750E-04,  5.6118E-05,  6.0167E-03,  4.3064E-07,  1.3434E-03,  8.7043E-05,  1.5769E-03,  9.3197E-04,  8.6412E-03,  4.8930E-05,  2.3472E-03,  1.8731E-05,  2.7860E-04,  4.1339E-05,  7.8174E-04,  7.4832E-06,  4.1136E-04,  5.3168E-05,  2.5893E-03,  1.2634E-03,  1.5938E-01,  4.1693E-04,  7.4341E-03,  8.3998E-05,  1.3343E-04,  3.9719E-06,  1.3856E-05,  6.8111E-07,  7.8083E-06,  7.7332E-07,  3.7766E-06,  2.2008E-06,  5.2029E-06,  9.5576E-07,  2.1639E-06,  1.4194E-07,  4.4132E-07,  0.0000E+00,  3.7104E-07,  6.9968E-08,  2.4303E-07,  4.8098E-08,  2.3633E-07,  2.5803E-07,  5.8089E-07,  4.7247E-08,  7.4496E-07,  7.9350E-08,  2.9182E-07,  7.9001E-08,  8.0530E-07,  8.8061E-08,  2.2204E-07,  2.9526E-08,  1.8381E-07,  0.0000E+00,  5.9752E-08,  1.9021E-08,  7.6795E-08,  4.8185E-09,  8.0976E-08,  1.0925E-08,  5.2599E-08,  6.0468E-09,  7.3324E-08,  6.9046E-09,  4.5038E-08,  4.5012E-09,  7.7920E-08,  1.1456E-08,  1.3789E-07,  9.3342E-08,  2.7558E-07,  4.0494E-08,  3.5316E-08,  5.0242E-08,  5.4481E-07,  3.1658E-08,  0.0000E+00,  0.0000E+00,  0.0000E+00,  0.0000E+00,  0.0000E+00,  0.0000E+00,  7.7491E-09,  0.0000E+00,  2.0246E-09
  5.0000E+02,  1.0594E+06,  2.9419E+00,  1.5550E-09,  1.9256E-09,  1.3017E-07,  4.0188E-02,  2.9479E-03,  6.0439E-01,  2.9380E-05,  9.1685E-02,  6.0137E-03,  1.0885E-01,  8.6678E-02,  8.0381E-01,  5.2968E-03,  2.5391E-01,  2.0234E-03,  3.0094E-02,  4.4625E-03,  8.4869E-02,  1.7825E-03,  9.8069E-02,  1.2585E-02,  6.1014E-01,  3.0167E-01,  3.7905E+01,  9.9616E-02,  1.7581E+00,  1.9851E-02,  3.1556E-02,  9.4257E-04,  3.2958E-03,  1.6209E-04,  1.8562E-03,  1.8361E-04,  8.9986E-04,  5.2496E-04,  1.2361E-03,  2.2600E-04,  5.1577E-04,  3.3868E-05,  1.0464E-04,  0.0000E+00,  8.8347E-05,  1.6781E-05,  5.8100E-05,  1.1495E-05,  5.6334E-05,  6.1386E-05,  1.3798E-04,  1.1358E-05,  1.7626E-04,  1.9028E-05,  7.0184E-05,  1.8813E-05,  1.9171E-04,  2.1063E-05,  5.2815E-05,  7.0401E-06,  4.3908E-05,  0.0000E+00,  1.4192E-05,  4.5265E-06,  1.8443E-05,  1.1443E-06,  1.9275E-05,  2.6140E-06,  1.2584E-05,  1.4359E-06,  1.7493E-05,  1.6356E-06,  1.0710E-05,  1.0704E-06,  1.8707E-05,  2.7232E-06,  3.2803E-05,  2.2440E-05,  6.5272E-05,  9.6523E-06,  8.4474E-06,  1.1918E-05,  1.3021E-04,  7.5378E-06,  0.0000E+00,  0.0000E+00,  0.0000E+00,  0.0000E+00,  0.0000E+00,  0.0000E+00,  1.8456E-06,  0.0000E+00,  4.8244E-07,  5.2916E+03,  2.7548E-02,  1.4566E-11,  1.8061E-11,  1.2645E-09,  3.9015E-04,  3.1278E-05,  4.1018E-03,  2.6211E-07,  8.1818E-04,  5.3193E-05,  9.6382E-04,  6.2199E-04,  5.7705E-03,  3.3990E-05,  1.6311E-03,  1.3003E-05,  1.9353E-04,  2.8699E-05,  5.4372E-04,  6.0882E-06,  3.3480E-04,  4.3244E-05,  2.1034E-03,  1.0287E-03,  1.2964E-01,  3.3946E-04,  6.0408E-03,  6.8282E-05,  1.0847E-04,  3.2338E-06,  1.1290E-05,  5.5504E-07,  6.3691E-06,  6.3016E-07,  3.0819E-06,  1.7957E-06,  4.2421E-06,  7.7827E-07,  1.7642E-06,  1.1570E-07,  3.5955E-07,  0.0000E+00,  3.0257E-07,  5.7108E-08,  1.9837E-07,  3.9244E-08,  1.9291E-07,  2.1056E-07,  4.7412E-07,  3.8637E-08,  6.0750E-07,  6.4865E-08,  2.3861E-07,  6.4506E-08,  6.5733E-07,  7.1941E-08,  1.8127E-07,  2.4115E-08,  1.5017E-07,  0.0000E+00,  4.8766E-08,  1.5530E-08,  6.2765E-08,  3.9319E-09,  6.6089E-08,  8.9240E-09,  4.2963E-08,  4.9340E-09,  5.9858E-08,  5.6309E-09,  3.6745E-08,  3.6725E-09,  6.3662E-08,  9.3457E-09,  1.1248E-07,  7.6266E-08,  2.2464E-07,  3.3044E-08,  2.8828E-08,  4.0950E-08,  4.4454E-07,  2.5820E-08,  0.0000E+00,  0.0000E+00,  0.0000E+00,  0.0000E+00,  0.0000E+00,  0.0000E+00,  6.3152E-09,  0.0000E+00,  1.6500E-09
'End of File'
